loc,date,fc,obs,lat,lon,ls,anom,ltype,RAW,QM_GLOBAL,QM_REGIME,ML_REGIME,ML_REGIME_QM,PROB_WARN,P_ML,P_RAW
agartala,2026-06-05,0.2,0.32516780495643616,23.83,91.29,Normal,-0.42578306451251235,Inland,0.2,0.0,0.00425116578117013,5.239860045598952,6.105754535892815,5.239860045598952,0.00021214322053672048,0.0
ahmedabad,2026-06-05,0.0,0.0,23.02,72.57,Normal,-0.42578306451251235,Inland,0.0,0.0,0.0,0.09725371695468232,0.0,0.09725371695468232,0.00036747084067095527,0.0
amritsar,2026-06-05,2.6,0.47381168603897095,31.63,74.87,Normal,-0.42578306451251235,Inland,2.6,2.20241522550583,2.0185022163391104,1.0803891594776551,0.003041599255103237,1.0803891594776551,0.0006472025256645916,0.0
bengaluru,2026-06-05,1.4000000000000001,0.2562004625797272,12.97,77.59,Normal,-0.42578306451251235,Inland,1.4000000000000001,0.8981545841693876,0.910614907741547,0.642886198325648,0.0,0.642886198325648,0.000681791606792924,0.0
bhopal,2026-06-05,9.8,5.917975902557373,23.26,77.41,Normal,-0.42578306451251235,Inland,9.8,10.664995688029707,9.452847175598148,3.0698937849627654,2.253183612903664,3.0698937849627654,0.009352128879711822,0.0
bhubaneswar,2026-06-05,0.2,0.0,20.3,85.82,Normal,-0.42578306451251235,East coast,0.2,0.0,0.07073260098695755,1.4134742822115973,0.006868334011012549,1.4134742822115973,0.0003369531815205662,0.0
chandigarh,2026-06-05,0.4,5.595516204833984,30.73,76.78,Normal,-0.42578306451251235,Inland,0.4,0.08329286038875576,0.09238068372011184,0.8940314625443124,0.0,0.8940314625443124,0.012300101815346066,0.0
chennai,2026-06-05,0.0,0.0,13.08,80.27,Normal,-0.42578306451251235,East coast,0.0,0.0,0.0,0.02907099590284513,0.0,0.02907099590284513,0.0002768367010017162,0.0
dehradun,2026-06-05,1.7,1.1075376272201538,30.32,78.03,Normal,-0.42578306451251235,Hill / Himalayan orographic,1.7,1.2441833508114808,0.21728697284948925,1.4945448598894127,0.15361078020430904,1.4945448598894127,0.007530302293931028,0.0
delhi,2026-06-05,0.2,11.959850311279297,28.61,77.21,Normal,-0.42578306451251235,Inland,0.2,0.0,0.00425116578117013,0.144364423321975,0.0,0.144364423321975,0.0003823911443579078,0.0
gangtok,2026-06-05,14.8,25.241361618041992,27.33,88.61,Normal,-0.42578306451251235,Hill / Himalayan orographic,14.8,19.093633487061695,17.31182340630738,17.818348885589835,34.79015809301945,17.818348885589835,0.004899872589164448,0.0
guwahati,2026-06-05,5.6000000000000005,12.466423988342285,26.14,91.74,Normal,-0.42578306451251235,Inland,5.6000000000000005,5.411364748641475,4.929689165751149,1.8722142348140467,0.6232325654933475,1.8722142348140467,0.00034024437139963844,0.0
hyderabad,2026-06-05,0.0,0.8143084645271301,17.39,78.49,Normal,-0.42578306451251235,Inland,0.0,0.0,0.0,0.2516854307018948,0.0,0.2516854307018948,0.00030022263378736856,0.0
jabalpur,2026-06-05,0.0,0.26326295733451843,23.18,79.95,Normal,-0.42578306451251235,Inland,0.0,0.0,0.0,0.5510857025137496,0.0,0.5510857025137496,0.00029778928589748404,0.0
jaipur,2026-06-05,4.9,2.363612651824951,26.91,75.79,Normal,-0.42578306451251235,Inland,4.9,4.69225088119507,4.1964901867132,0.8839788787077811,0.0,0.8839788787077811,0.0013842648326164184,0.0
jodhpur,2026-06-05,0.0,1.5393738746643066,26.24,73.02,Normal,-0.42578306451251235,Inland,0.0,0.0,0.0,0.07905872446213962,0.0,0.07905872446213962,0.0001780088259790471,0.0
kochi,2026-06-05,16.6,64.08123016357422,9.93,76.27,Normal,-0.42578306451251235,West-coast orographic,16.6,20.676050015646837,23.59279005224054,8.695955228489927,8.169390196564944,8.695955228489927,0.0023596066200246004,0.0
kolkata,2026-06-05,0.0,0.7210891842842102,22.57,88.36,Normal,-0.42578306451251235,East coast,0.0,0.0,0.0,1.192290881338996,0.0,1.192290881338996,0.0002944470105425696,0.0
lucknow,2026-06-05,0.0,0.4161112308502197,26.85,80.95,Normal,-0.42578306451251235,Inland,0.0,0.0,0.0,0.1187620924932374,0.0,0.1187620924932374,0.00018760287914342628,0.0
madurai,2026-06-05,0.0,0.0,9.93,78.12,Normal,-0.42578306451251235,Inland,0.0,0.0,0.0,0.020590108272036122,0.0,0.020590108272036122,0.00027470693717314665,0.0
mangaluru,2026-06-05,10.3,22.278793334960938,12.91,74.86,Normal,-0.42578306451251235,West-coast orographic,10.3,11.328932818984134,15.815334110260011,8.726149916149572,8.185062805558248,8.726149916149572,0.012519545147930881,0.0
mumbai,2026-06-05,0.9,0.0,19.08,72.88,Normal,-0.42578306451251235,West-coast orographic,0.9,0.4494320735335352,0.8764800047874451,0.8749926821372896,0.0,0.8749926821372896,0.00358128881524514,0.0
nagpur,2026-06-05,2.5,0.0,21.15,79.09,Normal,-0.42578306451251235,Inland,2.5,2.106227631568909,1.9241668391227724,1.2453683524373687,0.06643353287395214,1.2453683524373687,0.0011274413882944854,0.0
panaji,2026-06-05,11.4,2.2982003688812256,15.49,73.83,Normal,-0.42578306451251235,West-coast orographic,11.4,13.128645515441908,18.1315020566145,15.732095626941229,18.74168879122733,15.732095626941229,0.041062568193884395,0.0
patna,2026-06-05,0.0,0.8606483936309814,25.59,85.14,Normal,-0.42578306451251235,Inland,0.0,0.0,0.0,0.2677299696502337,0.0,0.2677299696502337,0.00015140481574744136,0.0
pune,2026-06-05,0.0,0.03027249500155449,18.52,73.86,Normal,-0.42578306451251235,Inland,0.0,0.0,0.0,0.1938504162195401,0.0,0.1938504162195401,0.0002876589555028398,0.0
raipur,2026-06-05,0.4,0.0,21.25,81.63,Normal,-0.42578306451251235,Inland,0.4,0.08329286038875576,0.09238068372011184,1.5547652790500708,0.2450007760887649,1.5547652790500708,0.0044704331017964135,0.0
ranchi,2026-06-05,0.0,0.23257865011692047,23.34,85.31,Normal,-0.42578306451251235,Inland,0.0,0.0,0.0,1.093329479343064,0.004119256336141409,1.093329479343064,0.0002114012587928746,0.0
shillong,2026-06-05,11.1,4.624168395996094,25.58,91.89,Normal,-0.42578306451251235,Hill / Himalayan orographic,11.1,12.706670093536381,9.162743564811914,3.9671926993560698,2.1419350280291427,3.9671926993560698,0.0012310489481623535,0.0
shimla,2026-06-05,3.2,9.47036075592041,31.1,77.17,Normal,-0.42578306451251235,Hill / Himalayan orographic,3.2,2.857688770294188,0.973604333400727,2.2285384114771967,0.588139577895142,2.2285384114771967,0.0008896416135020762,0.0
srinagar,2026-06-05,1.5999999999999999,2.604656457901001,34.08,74.8,Normal,-0.42578306451251235,Hill / Himalayan orographic,1.5999999999999999,1.145229005813598,0.20471336252826589,0.7334693481277305,0.0,0.7334693481277305,0.00037949211040901997,0.0
surat,2026-06-05,0.0,0.0,21.17,72.83,Normal,-0.42578306451251235,West-coast orographic,0.0,0.0,0.0,0.02087628701524762,0.0,0.02087628701524762,0.00035743271918718027,0.0
thiruvananthapuram,2026-06-05,19.1,32.28325653076172,8.52,76.94,Normal,-0.42578306451251235,West-coast orographic,19.1,25.099926306406672,26.481982798538418,5.543659044251419,5.212787450313718,5.543659044251419,0.0047353266538775795,0.0
varanasi,2026-06-05,1.0,0.0,25.32,82.97,Normal,-0.42578306451251235,Inland,1.0,0.528213769197464,0.5730794692039499,0.04047103565232183,0.0,0.04047103565232183,0.0012644687271148132,0.0
vijayawada,2026-06-05,1.3,0.3138890564441681,16.51,80.65,Normal,-0.42578306451251235,Inland,1.3,0.8064413905143739,0.8128116559982299,1.3392118944223508,0.10378977152796998,1.3392118944223508,0.0008639496753883364,0.0
visakhapatnam,2026-06-05,0.39999999999999997,0.6185067296028137,17.69,83.22,Normal,-0.42578306451251235,East coast,0.39999999999999997,0.05624496936798094,0.1510312631726265,1.5064500751444716,0.019087077171963604,1.5064500751444716,0.001798182035562082,0.0
agartala,2026-06-06,8.5,14.651121139526367,23.83,91.29,Normal,1.0456917328095896,Inland,8.5,9.200512170791626,8.06673378119308,9.054363172402335,14.760784835746321,9.054363172402335,0.0021913879664341896,0.0
ahmedabad,2026-06-06,0.0,0.0,23.02,72.57,Normal,1.0456917328095896,Inland,0.0,0.0,0.0,0.3871634859409382,0.0,0.3871634859409382,0.00036747087491779013,0.0
amritsar,2026-06-06,5.2,0.0,31.63,74.87,Normal,1.0456917328095896,Inland,5.2,4.979183775583905,4.4649599905936865,4.499556915922908,4.844944253397144,4.499556915922908,0.006661227489594551,0.0
bengaluru,2026-06-06,0.0,0.0,12.97,77.59,Normal,1.0456917328095896,Inland,0.0,0.0,0.0,0.04681036040195914,0.0,0.04681036040195914,0.0003010992633167311,0.0
bhopal,2026-06-06,2.6,2.5285513401031494,23.26,77.41,Normal,1.0456917328095896,Inland,2.6,2.20241522550583,2.0185022163391104,1.812637452737463,0.5539144003143721,1.812637452737463,0.003389878809012548,0.0
bhubaneswar,2026-06-06,0.0,0.0,20.3,85.82,Normal,1.0456917328095896,East coast,0.0,0.0,0.0,1.7409105522879276,0.08191920730819376,1.7409105522879276,0.00036202990521322137,0.0
chandigarh,2026-06-06,0.0,0.0,30.73,76.78,Normal,1.0456917328095896,Inland,0.0,0.0,0.0,0.08246247465308806,0.0,0.08246247465308806,0.00028323970259184046,0.0
chennai,2026-06-06,0.0,0.7089607119560242,13.08,80.27,Normal,1.0456917328095896,East coast,0.0,0.0,0.0,0.06834661368007272,0.0,0.06834661368007272,0.0002881078632383395,0.0
dehradun,2026-06-06,0.0,6.695068359375,30.32,78.03,Normal,1.0456917328095896,Hill / Himalayan orographic,0.0,0.0,0.0,0.431167982014228,0.0,0.431167982014228,0.0003815174132781589,0.0
delhi,2026-06-06,2.6,0.0,28.61,77.21,Normal,1.0456917328095896,Inland,2.6,2.20241522550583,2.0185022163391104,0.38663706477295184,0.0,0.38663706477295184,0.0024231734690820196,0.0
gangtok,2026-06-06,12.9,22.936561584472656,27.33,88.61,Normal,1.0456917328095896,Hill / Himalayan orographic,12.9,16.26851583480835,12.814569897050617,17.229119647349396,32.75104314896273,17.229119647349396,0.00441868123577114,0.0
guwahati,2026-06-06,8.1,0.0,26.14,91.74,Normal,1.0456917328095896,Inland,8.1,8.760261653264363,7.659070877252621,0.9677596431042623,0.0,0.9677596431042623,0.0005485745359353687,0.0
hyderabad,2026-06-06,1.8,0.0,17.39,78.49,Normal,1.0456917328095896,Inland,1.8,1.3322944970420685,1.3578037001689247,1.9488702563575255,0.6955862343134968,1.9488702563575255,0.011929186978889127,0.0
jabalpur,2026-06-06,0.1,0.0,23.18,79.95,Normal,1.0456917328095896,Inland,0.1,0.0,0.0,0.8293930242603578,0.0,0.8293930242603578,0.000408127593463505,0.0
jaipur,2026-06-06,6.9,0.0,26.91,75.79,Normal,1.0456917328095896,Inland,6.9,7.156880607604981,6.181711330413818,0.9912914530375494,0.0,0.9912914530375494,0.0013999457713876578,0.0
jodhpur,2026-06-06,0.0,0.0,26.24,73.02,Normal,1.0456917328095896,Inland,0.0,0.0,0.0,0.12603818752554832,0.0,0.12603818752554832,0.00015994714235096548,0.0
kochi,2026-06-06,17.1,50.275787353515625,9.93,76.27,Normal,1.0456917328095896,West-coast orographic,17.1,21.577682232116825,24.08673527772875,16.931059758341558,19.553222393116222,16.931059758341558,0.005704861561333277,0.0
kolkata,2026-06-06,1.4,0.002423967234790325,22.57,88.36,Normal,1.0456917328095896,East coast,1.4,0.8981545841693874,1.3840250968933137,4.47880813078304,4.334200161538503,4.47880813078304,0.002270394208779005,0.0
lucknow,2026-06-06,0.6,0.0,26.85,80.95,Normal,1.0456917328095896,Inland,0.6,0.13805948615074107,0.17769542336463934,0.2757139829719875,0.0,0.2757139829719875,0.0017100204432293114,0.0
madurai,2026-06-06,0.4,0.0,9.93,78.12,Normal,1.0456917328095896,Inland,0.4,0.08329286038875576,0.09238068372011184,0.7411899413668047,0.0,0.7411899413668047,0.011544998135343203,0.0
mangaluru,2026-06-06,39.3,82.06427001953125,12.91,74.86,Normal,1.0456917328095896,West-coast orographic,39.3,55.53935349502528,69.78762418346243,37.89221874841066,48.145256848268176,37.89221874841066,0.027398116250741865,0.0
mumbai,2026-06-06,1.1,0.584871232509613,19.08,72.88,Normal,1.0456917328095896,West-coast orographic,1.1,0.6252902382612222,1.2204605770111088,2.2652819456707176,1.2043143338515818,2.2652819456707176,0.009168759972293593,0.0
nagpur,2026-06-06,0.7999999999999999,0.05490860715508461,21.15,79.09,Normal,1.0456917328095896,Inland,0.7999999999999999,0.37145344018936177,0.3598930251598358,1.2158922855271368,0.059339506979854795,1.2158922855271368,0.0034923599854371325,0.0
panaji,2026-06-06,14.5,8.552362442016602,15.49,73.83,Normal,1.0456917328095896,West-coast orographic,14.5,18.720985366394807,21.01094231221686,22.282748045331008,27.134064863157274,22.282748045331008,0.02321541101023455,0.0
patna,2026-06-06,0.0,0.0,25.59,85.14,Normal,1.0456917328095896,Inland,0.0,0.0,0.0,0.294696438523613,0.0,0.294696438523613,0.0001619334324625203,0.0
pune,2026-06-06,0.0,0.0,18.52,73.86,Normal,1.0456917328095896,Inland,0.0,0.0,0.0,0.3176609006698063,0.0,0.3176609006698063,0.00034033620440547226,0.0
raipur,2026-06-06,1.6,0.0,21.25,81.63,Normal,1.0456917328095896,Inland,1.6,1.1452290058135983,1.1295937871932984,2.2919752332702146,1.112142759170941,2.2919752332702146,0.005655633625943588,0.0
ranchi,2026-06-06,0.0,0.1323167234659195,23.34,85.31,Normal,1.0456917328095896,Inland,0.0,0.0,0.0,1.154187904720203,0.03981518225249335,1.154187904720203,0.00022610105530124254,0.0
shillong,2026-06-06,18.1,1.350035309791565,25.58,91.89,Normal,1.0456917328095896,Hill / Himalayan orographic,18.1,23.491820778630895,22.16615834859213,5.599050350159659,4.597106302811036,5.599050350159659,0.0011417098696478248,0.0
shimla,2026-06-06,0.6000000000000001,1.166989803314209,31.1,77.17,Normal,1.0456917328095896,Hill / Himalayan orographic,0.6000000000000001,0.1813431052863598,0.0,1.0107687343280782,0.0,1.0107687343280782,0.001000680756570834,0.0
srinagar,2026-06-06,1.2,2.8743703365325928,34.08,74.8,Normal,1.0456917328095896,Hill / Himalayan orographic,1.2,0.7064967751502991,0.06680078059434898,0.5213650882267887,0.0,0.5213650882267887,0.00042723858037573925,0.0
surat,2026-06-06,0.2,0.0,21.17,72.83,Normal,1.0456917328095896,West-coast orographic,0.2,0.0,0.0,0.7034405705617396,0.0,0.7034405705617396,0.0003518544203124738,0.0
thiruvananthapuram,2026-06-06,5.5,4.9169111251831055,8.52,76.94,Normal,1.0456917328095896,West-coast orographic,5.5,5.2792215455396105,9.300947285711237,1.0893975036502395,0.3249172625661701,1.0893975036502395,0.0041140710168500495,0.0
varanasi,2026-06-06,0.1,1.7898889780044556,25.32,82.97,Normal,1.0456917328095896,Inland,0.1,0.0,0.0,0.028495365686618847,0.0,0.028495365686618847,0.0002877816339858863,0.0
vijayawada,2026-06-06,2.8,0.0,16.51,80.65,Normal,1.0456917328095896,Inland,2.8,2.515254888534545,2.1755157845360893,1.8448442700767205,0.58772018885058,1.8448442700767205,0.014149319062190456,0.0
visakhapatnam,2026-06-06,1.0,2.9894495010375977,17.69,83.22,Normal,1.0456917328095896,East coast,1.0,0.528213769197464,0.9036579132080078,1.9612506215317802,0.14031819572090962,1.9612506215317802,0.003821228636206114,0.0
agartala,2026-06-07,17.4,2.338111400604248,23.83,91.29,Normal,-0.5081305705833984,Inland,17.4,22.129002152902093,20.054357746669222,9.149111794779266,15.035581665153142,9.149111794779266,0.002727655756540822,0.0
ahmedabad,2026-06-07,0.0,0.0,23.02,72.57,Normal,-0.5081305705833984,Inland,0.0,0.0,0.0,0.05071059795154615,0.0,0.05071059795154615,0.00034185509570578126,0.0
amritsar,2026-06-07,0.4,0.0,31.63,74.87,Normal,-0.5081305705833984,Inland,0.4,0.08329286038875576,0.09238068372011184,1.1561306316035183,0.04054785230368636,1.1561306316035183,0.0016910080694288066,0.0
bengaluru,2026-06-07,1.6,0.8089657425880432,12.97,77.59,Normal,-0.5081305705833984,Inland,1.6,1.1452290058135983,1.1295937871932984,0.5935668665267015,0.0,0.5935668665267015,0.0006477966584216075,0.0
bhopal,2026-06-07,2.8,7.2677106857299805,23.26,77.41,Normal,-0.5081305705833984,Inland,2.8,2.515254888534545,2.1755157845360893,2.640213333795699,1.7385607651321262,2.640213333795699,0.0030728792184142864,0.0
bhubaneswar,2026-06-07,0.30000000000000004,6.216013431549072,20.3,85.82,Normal,-0.5081305705833984,East coast,0.30000000000000004,0.039606787413358754,0.12086979299783707,1.4399878993748034,0.012245620718008141,1.4399878993748034,0.000307269967208233,0.0
chandigarh,2026-06-07,0.1,0.0,30.73,76.78,Normal,-0.5081305705833984,Inland,0.1,0.0,0.0,0.13375963418558465,0.0,0.13375963418558465,0.00032980276988954087,0.0
chennai,2026-06-07,0.1,0.0,13.08,80.27,Normal,-0.5081305705833984,East coast,0.1,0.0,0.035819534212350845,0.14740879901651124,0.0,0.14740879901651124,0.00024553182539800136,0.0
dehradun,2026-06-07,0.0,0.0,30.32,78.03,Normal,-0.5081305705833984,Hill / Himalayan orographic,0.0,0.0,0.0,0.31811549195713723,0.0,0.31811549195713723,0.0004231577277887337,0.0
delhi,2026-06-07,0.9,0.0,28.61,77.21,Normal,-0.5081305705833984,Inland,0.9,0.4494320735335352,0.5175003290176392,0.31851833125664125,0.0,0.31851833125664125,0.0016827649718266179,0.0
gangtok,2026-06-07,12.2,4.236844062805176,27.33,88.61,Normal,-0.5081305705833984,Hill / Himalayan orographic,12.2,14.94146669705709,10.586142646289261,17.554938655997802,33.836397227425806,17.554938655997802,0.007053901071622859,0.0
guwahati,2026-06-07,13.6,0.0,26.14,91.74,Normal,-0.5081305705833984,Inland,13.6,17.502034516334533,15.447817320390179,0.8469461452462541,0.0,0.8469461452462541,0.0007562986618136315,0.0
hyderabad,2026-06-07,2.4,7.322762966156006,17.39,78.49,Normal,-0.5081305705833984,Inland,2.4,2.022101327776909,1.8298314619064344,1.1935470229673124,0.053961656817804425,1.1935470229673124,0.0009575027019313152,0.0
jabalpur,2026-06-07,0.0,0.0,23.18,79.95,Normal,-0.5081305705833984,Inland,0.0,0.0,0.0,0.5676871752916559,0.0,0.5676871752916559,0.00024902425196606453,0.0
jaipur,2026-06-07,3.9,0.004296774975955486,26.91,75.79,Normal,-0.5081305705833984,Inland,3.9,3.7020267128944386,3.2849266147613454,0.9630858285423926,0.0,0.9630858285423926,0.0014799993280876713,0.0
jodhpur,2026-06-07,0.0,0.0,26.24,73.02,Normal,-0.5081305705833984,Inland,0.0,0.0,0.0,0.09206427524363325,0.0,0.09206427524363325,0.00017437172387264524,0.0
kochi,2026-06-07,6.0,25.31049156188965,9.93,76.27,Normal,-0.5081305705833984,West-coast orographic,6.0,5.844391498565673,9.873141578499597,2.8968880112114883,1.7923426289636446,2.8968880112114883,0.0011535146844742267,0.0
kolkata,2026-06-07,0.4,0.27029529213905334,22.57,88.36,Normal,-0.5081305705833984,East coast,0.4,0.08329286038875576,0.22467496991157532,2.4635372490989416,0.4732361316949426,2.4635372490989416,0.003026311757586253,0.0
lucknow,2026-06-07,0.1,0.0,26.85,80.95,Normal,-0.5081305705833984,Inland,0.1,0.0,0.0,0.29137020907713507,0.0,0.29137020907713507,0.00015687879201386763,0.0
madurai,2026-06-07,0.0,0.0,9.93,78.12,Normal,-0.5081305705833984,Inland,0.0,0.0,0.0,0.020299539622144026,0.0,0.020299539622144026,0.0002561765160563789,0.0
mangaluru,2026-06-07,39.4,37.74465560913086,12.91,74.86,Normal,-0.5081305705833984,West-coast orographic,39.4,55.77685619333619,70.3040199927322,23.683648628395716,28.601697386777108,23.683648628395716,0.014058596390957771,0.0
mumbai,2026-06-07,0.2,0.7798282504081726,19.08,72.88,Normal,-0.5081305705833984,West-coast orographic,0.2,0.0,0.0,0.640650785105873,0.0,0.640650785105873,0.0004503032979782346,0.0
nagpur,2026-06-07,1.2,0.0,21.15,79.09,Normal,-0.5081305705833984,Inland,1.2,0.7064967751502991,0.7394018721580504,1.4278066537359824,0.16258940778661968,1.4278066537359824,0.0012501149025982944,0.0
panaji,2026-06-07,43.5,24.82895851135254,15.49,73.83,Normal,-0.5081305705833984,West-coast orographic,43.5,65.5144668240831,73.41222891571324,25.633237215434875,30.24898256029277,25.633237215434875,0.044324569755568345,0.0
patna,2026-06-07,0.2,0.0,25.59,85.14,Normal,-0.5081305705833984,Inland,0.2,0.0,0.00425116578117013,0.4772719182179704,0.0,0.4772719182179704,0.00013017495346722202,0.0
pune,2026-06-07,0.4,0.0,18.52,73.86,Normal,-0.5081305705833984,Inland,0.4,0.08329286038875576,0.09238068372011184,0.9284203199892813,0.0,0.9284203199892813,0.001993409351222032,0.0
raipur,2026-06-07,0.1,0.0,21.25,81.63,Normal,-0.5081305705833984,Inland,0.1,0.0,0.0,0.794842191668862,0.0,0.794842191668862,0.00027099771741298707,0.0
ranchi,2026-06-07,1.2,4.313887596130371,23.34,85.31,Normal,-0.5081305705833984,Inland,1.2,0.7064967751502991,0.7394018721580504,1.779062388316295,0.5231602482651152,1.779062388316295,0.0007252358047868735,0.0
shillong,2026-06-07,23.2,3.440509796142578,25.58,91.89,Normal,-0.5081305705833984,Hill / Himalayan orographic,23.2,31.23857011780258,30.813124666213977,4.9867292029833985,3.6885040938329157,4.9867292029833985,0.0009356189477465148,0.0
shimla,2026-06-07,0.9,0.0,31.1,77.17,Normal,-0.5081305705833984,Hill / Himalayan orographic,0.9,0.4494320735335352,0.0,0.7819553311802182,0.0,0.7819553311802182,0.0005032558797076194,0.0
srinagar,2026-06-07,0.2,0.0,34.08,74.8,Normal,-0.5081305705833984,Hill / Himalayan orographic,0.2,0.0,0.0,0.14371893799915536,0.0,0.14371893799915536,0.00015932491751163817,0.0
surat,2026-06-07,0.0,0.0,21.17,72.83,Normal,-0.5081305705833984,West-coast orographic,0.0,0.0,0.0,0.028356148850887376,0.0,0.028356148850887376,0.00036913581406505103,0.0
thiruvananthapuram,2026-06-07,0.0,9.598837852478027,8.52,76.94,Normal,-0.5081305705833984,West-coast orographic,0.0,0.0,0.0,0.16448461977162163,0.0,0.16448461977162163,0.0002515230260388052,0.0
varanasi,2026-06-07,0.0,0.0,25.32,82.97,Normal,-0.5081305705833984,Inland,0.0,0.0,0.0,0.0016871100041068144,0.0,0.0016871100041068144,0.00021904390555094156,0.0
vijayawada,2026-06-07,2.6,0.0,16.51,80.65,Normal,-0.5081305705833984,Inland,2.6,2.20241522550583,2.0185022163391104,1.528991859559027,0.22023294552841063,1.528991859559027,0.0008580381156824285,0.0
visakhapatnam,2026-06-07,6.5,0.7041534781455994,17.69,83.22,Normal,-0.5081305705833984,East coast,6.5,6.559198973973593,13.118493169546129,2.349806644382204,0.3721151644580356,2.349806644382204,0.0018505234778317347,0.0
agartala,2026-06-08,30.900000000000002,1.5888314247131348,23.83,91.29,Normal,-0.3817976214454973,Inland,30.900000000000002,41.14966014228998,37.969831959991076,9.656016333422736,16.31255006604419,9.656016333422736,0.002693141867068128,0.0
ahmedabad,2026-06-08,0.0,0.0,23.02,72.57,Normal,-0.3817976214454973,Inland,0.0,0.0,0.0,0.4153889198190406,0.0,0.4153889198190406,0.00036747084067095527,0.0
amritsar,2026-06-08,0.0,0.0,31.63,74.87,Normal,-0.3817976214454973,Inland,0.0,0.0,0.0,0.3124019196639298,0.0,0.3124019196639298,0.00024073689115725036,0.0
bengaluru,2026-06-08,0.0,4.7009735107421875,12.97,77.59,Normal,-0.3817976214454973,Inland,0.0,0.0,0.0,0.06734812016623762,0.0,0.06734812016623762,0.0002663280455530356,0.0
bhopal,2026-06-08,0.0,0.0,23.26,77.41,Normal,-0.3817976214454973,Inland,0.0,0.0,0.0,0.374993685513668,0.0,0.374993685513668,0.00029013080598207924,0.0
bhubaneswar,2026-06-08,0.6,18.526308059692383,20.3,85.82,Normal,-0.3817976214454973,East coast,0.6,0.13805948615074107,0.3320377543568611,2.7975327095865268,0.7909290942660597,2.7975327095865268,0.002437733900552968,0.0
chandigarh,2026-06-08,0.0,0.0,30.73,76.78,Normal,-0.3817976214454973,Inland,0.0,0.0,0.0,0.031309126651350216,0.0,0.031309126651350216,0.0003366808115657483,0.0
chennai,2026-06-08,1.6,0.0,13.08,80.27,Normal,-0.3817976214454973,East coast,1.6,1.1452290058135983,1.697903633117676,0.7231349568345751,0.0,0.7231349568345751,0.00085257462693954,0.0
dehradun,2026-06-08,0.0,0.0,30.32,78.03,Normal,-0.3817976214454973,Hill / Himalayan orographic,0.0,0.0,0.0,0.3192627027826575,0.0,0.3192627027826575,0.00043198184719066583,0.0
delhi,2026-06-08,0.0,0.0,28.61,77.21,Normal,-0.3817976214454973,Inland,0.0,0.0,0.0,0.03615676032571038,0.0,0.03615676032571038,0.0003823911443579078,0.0
gangtok,2026-06-08,16.0,12.921259880065918,27.33,88.61,Normal,-0.3817976214454973,Hill / Himalayan orographic,16.0,20.01819216023213,19.52551993569494,19.194166511990506,36.46813059205928,19.194166511990506,0.004899872589164448,0.0
guwahati,2026-06-08,14.6,2.484438896179199,26.14,91.74,Normal,-0.3817976214454973,Inland,14.6,18.845201406617104,16.57606671410045,1.5505420675288213,0.23980319609146986,1.5505420675288213,0.0008967681998474632,0.0
hyderabad,2026-06-08,3.4,1.3161906003952026,17.39,78.49,Normal,-0.3817976214454973,Inland,3.4,3.051003607114155,2.6211685657501222,1.3172613283717902,0.09070992728174976,1.3172613283717902,0.0012932526948806176,0.0
jabalpur,2026-06-08,0.3,0.0,23.18,79.95,Normal,-0.3817976214454973,Inland,0.3,0.012050310615450149,0.030053106173872978,0.8221892213679867,0.0,0.8221892213679867,0.00029778928589748404,0.0
jaipur,2026-06-08,0.0,0.0,26.91,75.79,Normal,-0.3817976214454973,Inland,0.0,0.0,0.0,0.04733669592202661,0.0,0.04733669592202661,0.00015940560510844907,0.0
jodhpur,2026-06-08,0.0,0.0,26.24,73.02,Normal,-0.3817976214454973,Inland,0.0,0.0,0.0,0.07905872446213962,0.0,0.07905872446213962,0.0001780088259790471,0.0
kochi,2026-06-08,26.7,38.742706298828125,9.93,76.27,Normal,-0.3817976214454973,West-coast orographic,26.7,36.61168316666738,37.93895714606991,8.198196298990377,7.860344372434521,8.198196298990377,0.002689615912241073,0.0
kolkata,2026-06-08,3.1,0.25620734691619873,22.57,88.36,Normal,-0.3817976214454973,East coast,3.1,2.7611684489250194,4.952700436115265,4.016760268237883,2.5670257035852457,4.016760268237883,0.0016977445913835781,0.0
lucknow,2026-06-08,0.0,0.0,26.85,80.95,Normal,-0.3817976214454973,Inland,0.0,0.0,0.0,0.1187620924932374,0.0,0.1187620924932374,0.00018760287914342628,0.0
madurai,2026-06-08,0.1,0.0,9.93,78.12,Normal,-0.3817976214454973,Inland,0.1,0.0,0.0,0.15988396807715588,0.0,0.15988396807715588,0.00027470693717314665,0.0
mangaluru,2026-06-08,25.1,3.1191656589508057,12.91,74.86,Normal,-0.3817976214454973,West-coast orographic,25.1,34.40974916944088,36.610839318402576,23.812620468883317,28.736317567733572,23.812620468883317,0.040022976610297155,0.0
mumbai,2026-06-08,0.0,0.0,19.08,72.88,Normal,-0.3817976214454973,West-coast orographic,0.0,0.0,0.0,0.46891517158542956,0.0,0.46891517158542956,0.00043343140576262724,0.0
nagpur,2026-06-08,0.30000000000000004,0.0,21.15,79.09,Normal,-0.3817976214454973,Inland,0.30000000000000004,0.039606787413358754,0.06922886431217169,0.5888683401889442,0.0,0.5888683401889442,0.0003255236911758508,0.0
panaji,2026-06-08,73.0,12.236678123474121,15.49,73.83,Normal,-0.3817976214454973,West-coast orographic,73.0,107.25586243704996,182.6752950845204,49.89874382080702,60.46264266838307,49.89874382080702,0.12709680475041515,1.0
patna,2026-06-08,0.0,0.0,25.59,85.14,Normal,-0.3817976214454973,Inland,0.0,0.0,0.0,0.2677299696502337,0.0,0.2677299696502337,0.00015140481574744136,0.0
pune,2026-06-08,1.2,0.0,18.52,73.86,Normal,-0.3817976214454973,Inland,1.2,0.7064967751502991,0.7394018721580504,0.6784500571899627,0.0,0.6784500571899627,0.0009789526876535937,0.0
raipur,2026-06-08,0.2,0.0,21.25,81.63,Normal,-0.3817976214454973,Inland,0.2,0.0,0.00425116578117013,0.7949754577133084,0.0,0.7949754577133084,0.00032406429806662915,0.0
ranchi,2026-06-08,0.0,0.0,23.34,85.31,Normal,-0.3817976214454973,Inland,0.0,0.0,0.0,1.093329479343064,0.004119256336141409,1.093329479343064,0.0002114012587928746,0.0
shillong,2026-06-08,11.8,37.796329498291016,25.58,91.89,Normal,-0.3817976214454973,Hill / Himalayan orographic,11.8,14.010487670898451,9.689123502270924,4.115577487562787,2.456801217322228,4.115577487562787,0.0019448195391290354,0.0
shimla,2026-06-08,0.0,0.0,31.1,77.17,Normal,-0.3817976214454973,Hill / Himalayan orographic,0.0,0.0,0.0,0.20840601805396441,0.0,0.20840601805396441,0.00018391335113806468,0.0
srinagar,2026-06-08,0.7,0.0,34.08,74.8,Normal,-0.3817976214454973,Hill / Himalayan orographic,0.7,0.23232279747724532,0.0,0.2959316472914681,0.0,0.2959316472914681,0.0005854615178755998,0.0
surat,2026-06-08,0.0,0.0,21.17,72.83,Normal,-0.3817976214454973,West-coast orographic,0.0,0.0,0.0,0.22766041386529043,0.0,0.22766041386529043,0.00035743271918718027,0.0
thiruvananthapuram,2026-06-08,6.2,37.35289001464844,8.52,76.94,Normal,-0.3817976214454973,West-coast orographic,6.2,6.1278112864494325,9.983315437258655,0.8815448620651885,0.0,0.8815448620651885,0.0013231012715287712,0.0
varanasi,2026-06-08,0.0,0.0,25.32,82.97,Normal,-0.3817976214454973,Inland,0.0,0.0,0.0,0.0008985445058964388,0.0,0.0008985445058964388,0.00026193959322579513,0.0
vijayawada,2026-06-08,0.0,0.6973838806152344,16.51,80.65,Normal,-0.3817976214454973,Inland,0.0,0.0,0.0,0.37791207836723006,0.0,0.37791207836723006,0.00028018386301131376,0.0
visakhapatnam,2026-06-08,1.1,0.0,17.69,83.22,Normal,-0.3817976214454973,East coast,1.1,0.6252902382612222,1.1971356868743896,1.288241066831772,0.0,1.288241066831772,0.0011901393159937802,0.0
agartala,2026-06-09,17.700000000000003,0.40258869528770447,23.83,91.29,Normal,0.447947255500236,Inland,17.700000000000003,22.713067278214442,20.714853627741558,9.729212217056846,16.457796609544367,9.729212217056846,0.0052150650616139445,0.0
ahmedabad,2026-06-09,0.0,0.0,23.02,72.57,Normal,0.447947255500236,Inland,0.0,0.0,0.0,0.33110313294172333,0.0,0.33110313294172333,0.00032774266456959256,0.0
amritsar,2026-06-09,0.0,0.0,31.63,74.87,Normal,0.447947255500236,Inland,0.0,0.0,0.0,0.3331622952703398,0.0,0.3331622952703398,0.00020676522663192823,0.0
bengaluru,2026-06-09,0.0,2.0694000720977783,12.97,77.59,Normal,0.447947255500236,Inland,0.0,0.0,0.0,0.06385886666322528,0.0,0.06385886666322528,0.00026713116914070696,0.0
bhopal,2026-06-09,0.0,0.7361522316932678,23.26,77.41,Normal,0.447947255500236,Inland,0.0,0.0,0.0,0.5154074193942187,0.0,0.5154074193942187,0.0003445121260831935,0.0
bhubaneswar,2026-06-09,0.0,9.880963325500488,20.3,85.82,Normal,0.447947255500236,East coast,0.0,0.0,0.0,1.9258815336010933,0.1313219507782491,1.9258815336010933,0.00045689683620773797,0.0
chandigarh,2026-06-09,0.0,0.0,30.73,76.78,Normal,0.447947255500236,Inland,0.0,0.0,0.0,0.03810956651675962,0.0,0.03810956651675962,0.000275358741219413,0.0
chennai,2026-06-09,0.0,0.0,13.08,80.27,Normal,0.447947255500236,East coast,0.0,0.0,0.0,0.10874000686079517,0.0,0.10874000686079517,0.00028144426718449924,0.0
dehradun,2026-06-09,0.0,0.0,30.32,78.03,Normal,0.447947255500236,Hill / Himalayan orographic,0.0,0.0,0.0,0.3188722454852964,0.0,0.3188722454852964,0.00035608645703204695,0.0
delhi,2026-06-09,0.0,0.0,28.61,77.21,Normal,0.447947255500236,Inland,0.0,0.0,0.0,0.04401961125935934,0.0,0.04401961125935934,0.00034146364036273936,0.0
gangtok,2026-06-09,13.0,6.188802719116211,27.33,88.61,Normal,0.447947255500236,Hill / Himalayan orographic,13.0,16.49056300163269,13.005434019265055,17.720903212794084,34.43732491194682,17.720903212794084,0.008862566884912175,0.0
guwahati,2026-06-09,5.6,0.8550050258636475,26.14,91.74,Normal,0.447947255500236,Inland,5.6,5.411364748641474,4.929689165751148,1.7542893599206126,0.4877790628638617,1.7542893599206126,0.00043505350372572386,0.0
hyderabad,2026-06-09,3.4,0.0,17.39,78.49,Normal,0.447947255500236,Inland,3.4,3.051003607114155,2.6211685657501222,1.7657959773649645,0.5061716659427935,1.7657959773649645,0.0033016243132336226,0.0
jabalpur,2026-06-09,0.0,0.0,23.18,79.95,Normal,0.447947255500236,Inland,0.0,0.0,0.0,0.6723347916198561,0.0,0.6723347916198561,0.00036208962051371247,0.0
jaipur,2026-06-09,0.0,0.0,26.91,75.79,Normal,0.447947255500236,Inland,0.0,0.0,0.0,0.05983195368771793,0.0,0.05983195368771793,0.0001392453699438469,0.0
jodhpur,2026-06-09,0.0,0.0,26.24,73.02,Normal,0.447947255500236,Inland,0.0,0.0,0.0,0.09499313562926648,0.0,0.09499313562926648,0.00015549618306878415,0.0
kochi,2026-06-09,40.2,56.298667907714844,9.93,76.27,Normal,0.447947255500236,West-coast orographic,40.2,57.6768777798234,71.27398309690143,26.837770624654947,31.179897009402666,26.837770624654947,0.007137025501738789,0.0
kolkata,2026-06-09,0.0,0.0424194298684597,22.57,88.36,Normal,0.447947255500236,East coast,0.0,0.0,0.0,1.7241791301201175,0.07018807792151907,1.7241791301201175,0.0003413257713293635,0.0
lucknow,2026-06-09,0.0,0.4161112308502197,26.85,80.95,Normal,0.447947255500236,Inland,0.0,0.0,0.0,0.11813775579103625,0.0,0.11813775579103625,0.00020037725191538757,0.0
madurai,2026-06-09,0.1,0.0,9.93,78.12,Normal,0.447947255500236,Inland,0.1,0.0,0.0,0.09320610037979853,0.0,0.09320610037979853,0.0003149694591773738,0.0
mangaluru,2026-06-09,38.2,25.733444213867188,12.91,74.86,Normal,0.447947255500236,West-coast orographic,38.2,52.99258063450495,63.77799792948418,40.24506565367211,50.05573303682597,40.24506565367211,0.02323632446341558,0.0
mumbai,2026-06-09,0.4,0.0,19.08,72.88,Normal,0.447947255500236,West-coast orographic,0.4,0.08329286038875576,0.32551043927669526,1.9589267826326568,1.0717875804850032,1.9589267826326568,0.008301928204160565,0.0
nagpur,2026-06-09,0.4,0.0,21.15,79.09,Normal,0.447947255500236,Inland,0.4,0.08329286038875576,0.09238068372011184,1.7938588846072576,0.5367135713807556,1.7938588846072576,0.022101943298315305,0.0
panaji,2026-06-09,310.8,7.772320747375488,15.49,73.83,Normal,0.447947255500236,West-coast orographic,310.8,396.9100564097444,595.4037109375,69.60629531234082,69.92269898766459,64.0,0.1225027276791011,1.0
patna,2026-06-09,0.0,0.0,25.59,85.14,Normal,0.447947255500236,Inland,0.0,0.0,0.0,0.2964388969098811,0.0,0.2964388969098811,0.00016009291782296666,0.0
pune,2026-06-09,0.2,0.0,18.52,73.86,Normal,0.447947255500236,Inland,0.2,0.0,0.00425116578117013,0.4718975259710397,0.0,0.4718975259710397,0.00028821281472890824,0.0
raipur,2026-06-09,1.0,2.1745474338531494,21.25,81.63,Normal,0.447947255500236,Inland,1.0,0.528213769197464,0.5730794692039499,1.2057092055679852,0.05688873791585837,1.2057092055679852,0.004026498213769174,0.0
ranchi,2026-06-09,0.0,0.0,23.34,85.31,Normal,0.447947255500236,Inland,0.0,0.0,0.0,1.3252050265916147,0.09453224851771254,1.3252050265916147,0.0002235313827369262,0.0
shillong,2026-06-09,21.9,1.4075685739517212,25.58,91.89,Normal,0.447947255500236,Hill / Himalayan orographic,21.9,28.986870239553927,27.827412689208995,4.228616666637865,2.774556963688504,4.228616666637865,0.0017083608256696899,0.0
shimla,2026-06-09,0.0,0.0,31.1,77.17,Normal,0.447947255500236,Hill / Himalayan orographic,0.0,0.0,0.0,0.22542359259512984,0.0,0.22542359259512984,0.0001514645074268478,0.0
srinagar,2026-06-09,0.1,0.0,34.08,74.8,Normal,0.447947255500236,Hill / Himalayan orographic,0.1,0.0,0.0,0.14294596030677914,0.0,0.14294596030677914,0.00013877500660058984,0.0
surat,2026-06-09,0.0,0.0,21.17,72.83,Normal,0.447947255500236,West-coast orographic,0.0,0.0,0.0,0.2935006069889799,0.0,0.2935006069889799,0.0003012773687733577,0.0
thiruvananthapuram,2026-06-09,26.7,18.773712158203125,8.52,76.94,Normal,0.447947255500236,West-coast orographic,26.7,36.61168316666738,37.93895714606991,7.248481917978825,7.369254842508596,7.248481917978825,0.004187332111294544,0.0
varanasi,2026-06-09,0.0,0.0,25.32,82.97,Normal,0.447947255500236,Inland,0.0,0.0,0.0,0.0009620198251492526,0.0,0.0009620198251492526,0.0002797743316794536,0.0
vijayawada,2026-06-09,0.9,0.0,16.51,80.65,Normal,0.447947255500236,Inland,0.9,0.4494320735335352,0.5175003290176392,1.0705845720976879,0.0022250828840571463,1.0705845720976879,0.00230718720289997,0.0
visakhapatnam,2026-06-09,0.0,0.0,17.69,83.22,Normal,0.447947255500236,East coast,0.0,0.0,0.0,0.734358853012981,0.0,0.734358853012981,0.00029394325355720183,0.0
agartala,2026-06-11,27.4,5.1946611404418945,23.83,91.29,Normal,-0.1374470919824313,Inland,27.4,37.43662206645525,34.625856173917086,9.755915379952276,16.510785137293706,9.755915379952276,0.003163045264980126,0.0
ahmedabad,2026-06-11,0.0,0.0,23.02,72.57,Normal,-0.1374470919824313,Inland,0.0,0.0,0.0,0.4153889198190406,0.0,0.4153889198190406,0.0003389833624154415,0.0
amritsar,2026-06-11,0.0,7.427511692047119,31.63,74.87,Normal,-0.1374470919824313,Inland,0.0,0.0,0.0,0.3319619754368572,0.0,0.3319619754368572,0.00021750610123630036,0.0
bengaluru,2026-06-11,4.800000000000001,0.6842714548110962,12.97,77.59,Normal,-0.1374470919824313,Inland,4.800000000000001,4.590758075714113,4.084774086173916,0.09171864296131389,0.0,0.09171864296131389,0.0024250974457051097,0.0
bhopal,2026-06-11,0.0,0.0,23.26,77.41,Normal,-0.1374470919824313,Inland,0.0,0.0,0.0,0.37818869721980963,0.0,0.37818869721980963,0.0003551513671622534,0.0
bhubaneswar,2026-06-11,0.0,0.0,20.3,85.82,Normal,-0.1374470919824313,East coast,0.0,0.0,0.0,1.7768016245577094,0.08489883904145404,1.7768016245577094,0.0005114890842527743,0.0
chandigarh,2026-06-11,0.0,0.7298277616500854,30.73,76.78,Normal,-0.1374470919824313,Inland,0.0,0.0,0.0,0.03770432065156747,0.0,0.03770432065156747,0.00029505884994470116,0.0
chennai,2026-06-11,1.0,0.0,13.08,80.27,Normal,-0.1374470919824313,East coast,1.0,0.528213769197464,0.9036579132080078,0.5656571650361327,0.0,0.5656571650361327,0.0013918280976115962,0.0
dehradun,2026-06-11,0.4,2.555210828781128,30.32,78.03,Normal,-0.1374470919824313,Hill / Himalayan orographic,0.4,0.08329286038875576,0.0,1.7748515535172509,0.33834261474218824,1.7748515535172509,0.013911947201462481,0.0
delhi,2026-06-11,0.1,0.0,28.61,77.21,Normal,-0.1374470919824313,Inland,0.1,0.0,0.0,0.15885937894613147,0.0,0.15885937894613147,0.00033512016487491066,0.0
gangtok,2026-06-11,10.0,19.478593826293945,27.33,88.61,Normal,-0.1374470919824313,Hill / Himalayan orographic,10.0,10.902983029229313,7.777602530086742,16.395747604940997,28.878365724851253,16.395747604940997,0.002379357979330345,0.0
guwahati,2026-06-11,14.1,0.6576041579246521,26.14,91.74,Normal,-0.1374470919824313,Inland,14.1,18.224121205505625,16.071575165671863,0.9188803589535031,0.0,0.9188803589535031,0.0010236052786227305,0.0
hyderabad,2026-06-11,2.4,0.30023953318595886,17.39,78.49,Normal,-0.1374470919824313,Inland,2.4,2.022101327776909,1.8298314619064344,1.2655093240625537,0.07226731142519198,1.2655093240625537,0.0013515297715348206,0.0
jabalpur,2026-06-11,4.0,0.0,23.18,79.95,Normal,-0.1374470919824313,Inland,4.0,3.8546701538562766,3.3905957984924284,3.6593065425836295,3.4460912220768667,3.6593065425836295,0.006670165959476126,0.0
jaipur,2026-06-11,0.0,0.0,26.91,75.79,Normal,-0.1374470919824313,Inland,0.0,0.0,0.0,0.04733669592202661,0.0,0.04733669592202661,0.00014402204554666802,0.0
jodhpur,2026-06-11,0.0,0.0,26.24,73.02,Normal,-0.1374470919824313,Inland,0.0,0.0,0.0,0.07905872446213962,0.0,0.07905872446213962,0.0001608302371786796,0.0
kochi,2026-06-11,5.0,12.231358528137207,9.93,76.27,Normal,-0.1374470919824313,West-coast orographic,5.0,4.793743686676026,8.358859162547736,3.035402961898109,2.2453845861419532,3.035402961898109,0.002002729026275651,0.0
kolkata,2026-06-11,0.0,0.5135133266448975,22.57,88.36,Normal,-0.1374470919824313,East coast,0.0,0.0,0.0,1.7892029367965647,0.08524937980458482,1.7892029367965647,0.00044363349994632796,0.0
lucknow,2026-06-11,0.0,1.7763179540634155,26.85,80.95,Normal,-0.1374470919824313,Inland,0.0,0.0,0.0,0.10028369041578263,0.0,0.10028369041578263,0.00016949858144683046,0.0
madurai,2026-06-11,0.1,0.0,9.93,78.12,Normal,-0.1374470919824313,Inland,0.1,0.0,0.0,0.15988396807715588,0.0,0.15988396807715588,0.00031393612490256036,0.0
mangaluru,2026-06-11,11.0,38.94773483276367,12.91,74.86,Normal,-0.1374470919824313,West-coast orographic,11.0,12.566011619567874,17.416487511763954,11.27599953573281,12.010935336964746,11.27599953573281,0.020067000697729542,0.0
mumbai,2026-06-11,1.4000000000000001,0.0,19.08,72.88,Normal,-0.1374470919824313,West-coast orographic,1.4000000000000001,0.8981545841693876,1.8410826027393332,2.1592761249570955,1.1659973443793559,2.1592761249570955,0.004610570101433578,0.0
nagpur,2026-06-11,0.4,2.2686474323272705,21.15,79.09,Normal,-0.1374470919824313,Inland,0.4,0.08329286038875576,0.09238068372011184,1.812152713267799,0.5534703877231433,1.812152713267799,0.015012334980869235,0.0
panaji,2026-06-11,37.6,18.837482452392578,15.49,73.83,Normal,-0.1374470919824313,West-coast orographic,37.6,51.75816392550782,60.1119121221226,34.86297416217533,45.672834152487596,34.86297416217533,0.05516231508831205,0.0
patna,2026-06-11,3.8,24.440889358520508,25.59,85.14,Normal,-0.1374470919824313,Inland,3.8,3.5325694620609274,3.1278436279296837,1.5464775124075807,0.23480087728982646,1.5464775124075807,0.0008346945016389476,0.0
pune,2026-06-11,0.1,0.0,18.52,73.86,Normal,-0.1374470919824313,Inland,0.1,0.0,0.0,0.4813029696865756,0.0,0.4813029696865756,0.000303412991740079,0.0
raipur,2026-06-11,0.1,0.3066963255405426,21.25,81.63,Normal,-0.1374470919824313,Inland,0.1,0.0,0.0,0.7267524166032435,0.0,0.7267524166032435,0.0003874669743192479,0.0
ranchi,2026-06-11,0.0,5.644804954528809,23.34,85.31,Normal,-0.1374470919824313,Inland,0.0,0.0,0.0,1.0987802029244262,0.007239229545463835,1.0987802029244262,0.00019986904114238104,0.0
shillong,2026-06-11,38.6,0.8652005195617676,25.58,91.89,Normal,-0.1374470919824313,Hill / Himalayan orographic,38.6,53.876834606848995,43.55526363292731,7.658787730908415,8.089447885749589,7.658787730908415,0.0017604114375126116,0.0
shimla,2026-06-11,0.0,0.0,31.1,77.17,Normal,-0.1374470919824313,Hill / Himalayan orographic,0.0,0.0,0.0,0.22443644019670403,0.0,0.22443644019670403,0.0001623022367690987,0.0
srinagar,2026-06-11,0.2,0.0,34.08,74.8,Normal,-0.1374470919824313,Hill / Himalayan orographic,0.2,0.0,0.0,0.14216009418188955,0.0,0.14216009418188955,0.0001435355491673872,0.0
surat,2026-06-11,0.2,0.0,21.17,72.83,Normal,-0.1374470919824313,West-coast orographic,0.2,0.0,0.0,0.35690519287381417,0.0,0.35690519287381417,0.0003563846351418864,0.0
thiruvananthapuram,2026-06-11,0.6000000000000001,15.549378395080566,8.52,76.94,Normal,-0.1374470919824313,West-coast orographic,0.6000000000000001,0.1813431052863598,0.5819218039512633,0.26929098799625023,0.0,0.26929098799625023,0.001475150841149287,0.0
varanasi,2026-06-11,0.0,0.8567332625389099,25.32,82.97,Normal,-0.1374470919824313,Inland,0.0,0.0,0.0,0.0008985445058964388,0.0,0.0008985445058964388,0.00023666325508295752,0.0
vijayawada,2026-06-11,6.1,16.204015731811523,16.51,80.65,Normal,-0.1374470919824313,Inland,6.1,5.986101392507552,5.419752650260924,0.5061932833814171,0.0,0.5061932833814171,0.0026675828351946014,0.0
visakhapatnam,2026-06-11,4.0,1.8367550373077393,17.69,83.22,Normal,-0.1374470919824313,East coast,4.0,3.8546701538562766,6.945834716161092,6.59476771171908,9.381779855993184,6.59476771171908,0.005952091830567965,0.0
agartala,2026-06-12,33.2,22.797359466552734,23.83,91.29,Normal,-0.4787416332836503,Inland,33.2,43.29960509682137,39.502462943862106,14.254303767534802,26.83321300107226,14.254303767534802,0.016345453881487976,0.0
ahmedabad,2026-06-12,0.0,0.0,23.02,72.57,Normal,-0.4787416332836503,Inland,0.0,0.0,0.0,0.0,0.0,0.0,0.00025608112700789765,0.0
amritsar,2026-06-12,2.1,30.822298049926758,31.63,74.87,Normal,-0.4787416332836503,Inland,2.1,1.6645610600709921,1.5390866398811343,0.28660273654181095,0.0,0.28660273654181095,0.0007093062023268909,0.0
bengaluru,2026-06-12,2.8000000000000003,0.0,12.97,77.59,Normal,-0.4787416332836503,Inland,2.8000000000000003,2.4915132904052744,2.1471823596954347,1.3276973573166377,0.10689211440841416,1.3276973573166377,0.0016041650896230816,0.0
bhopal,2026-06-12,0.0,0.0,23.26,77.41,Normal,-0.4787416332836503,Inland,0.0,0.0,0.0,0.1589940770259507,0.0,0.1589940770259507,0.00022549667062285496,0.0
bhubaneswar,2026-06-12,0.0,0.0,20.3,85.82,Normal,-0.4787416332836503,East coast,0.0,0.0,0.0,0.6939195515166519,0.0,0.6939195515166519,0.00041026923440203375,0.0
chandigarh,2026-06-12,12.8,27.424163818359375,30.73,76.78,Normal,-0.4787416332836503,Inland,12.8,15.766733858585356,13.861077079772947,4.699726015871345,4.864434806858382,4.699726015871345,0.024782349875302746,0.0
chennai,2026-06-12,2.6,0.0,13.08,80.27,Normal,-0.4787416332836503,East coast,2.6,2.1981707823276535,3.960118007393949,0.4812677743351084,0.0,0.4812677743351084,0.0008132400012319244,0.0
dehradun,2026-06-12,4.2,45.93534469604492,30.32,78.03,Normal,-0.4787416332836503,Hill / Himalayan orographic,4.2,3.99269175807865,1.6092590414109784,8.988498058672103,9.320719356683536,8.988498058672103,0.006526714883260621,0.0
delhi,2026-06-12,5.300000000000001,1.1752468347549438,28.61,77.21,Normal,-0.4787416332836503,Inland,5.300000000000001,5.014016106923424,4.524127327148879,5.516460035941837,6.510076927370511,5.516460035941837,0.016822343027852252,0.0
gangtok,2026-06-12,6.0,24.115795135498047,27.33,88.61,Normal,-0.4787416332836503,Hill / Himalayan orographic,6.0,5.812743816375732,2.80396616026319,18.206133529192485,37.62127323290395,18.206133529192485,0.002121677650913154,0.0
guwahati,2026-06-12,9.8,13.748117446899414,26.14,91.74,Normal,-0.4787416332836503,Inland,9.8,10.515353431701676,9.333972222384286,0.30327285612325383,0.0,0.30327285612325383,0.0007280472973430087,0.0
hyderabad,2026-06-12,0.7000000000000001,0.0,17.39,78.49,Normal,-0.4787416332836503,Inland,0.7000000000000001,0.2270985621213915,0.2538826507329942,0.6893469621615099,0.0,0.6893469621615099,0.0007123480036128994,0.0
jabalpur,2026-06-12,0.2,0.0,23.18,79.95,Normal,-0.4787416332836503,Inland,0.2,0.0,0.0,0.36980545280569804,0.0,0.36980545280569804,0.0002608282523445689,0.0
jaipur,2026-06-12,1.5,0.0,26.91,75.79,Normal,-0.4787416332836503,Inland,1.5,1.036447640657425,0.9640131032466889,0.23381679316013093,0.0,0.23381679316013093,0.00042953364809649683,0.0
jodhpur,2026-06-12,0.0,0.0,26.24,73.02,Normal,-0.4787416332836503,Inland,0.0,0.0,0.0,0.037574458667490075,0.0,0.037574458667490075,0.0001923959600967675,0.0
kochi,2026-06-12,4.2,11.260770797729492,9.93,76.27,Normal,-0.4787416332836503,West-coast orographic,4.2,3.99269175807865,7.451627069531066,13.019000962541675,12.741992713941189,13.019000962541675,0.0015095574035456874,0.0
kolkata,2026-06-12,4.2,9.967584609985352,22.57,88.36,Normal,-0.4787416332836503,East coast,4.2,3.99269175807865,7.029474478744144,1.8566903550874467,0.2500513801922215,1.8566903550874467,0.004254779912886743,0.0
lucknow,2026-06-12,0.6,0.0,26.85,80.95,Normal,-0.4787416332836503,Inland,0.6,0.13510031223297098,0.1677656978368761,0.2549359322764784,0.0,0.2549359322764784,0.0009493177635715429,0.0
madurai,2026-06-12,0.2,18.917593002319336,9.93,78.12,Normal,-0.4787416332836503,Inland,0.2,0.0,0.0,0.6649664924408839,0.0,0.6649664924408839,0.00018545883375892404,0.0
mangaluru,2026-06-12,9.7,14.058730125427246,12.91,74.86,Normal,-0.4787416332836503,West-coast orographic,9.7,10.387660627365127,15.439800126429098,16.851341381783513,19.00833066436868,16.851341381783513,0.011753297520380184,0.0
mumbai,2026-06-12,1.1,0.0,19.08,72.88,Normal,-0.4787416332836503,West-coast orographic,1.1,0.6123113644123075,1.3476214826107027,1.7456216439118217,0.8927294073604015,1.7456216439118217,0.0027603626215641592,0.0
nagpur,2026-06-12,2.0999999999999996,0.45627352595329285,21.15,79.09,Normal,-0.4787416332836503,Inland,2.0999999999999996,1.6645610600709917,1.5390866398811338,0.7273624985444888,0.0,0.7273624985444888,0.0016015586445484605,0.0
panaji,2026-06-12,2.5,0.0,15.49,73.83,Normal,-0.4787416332836503,West-coast orographic,2.5,2.100222554206849,4.919939002990723,1.3738781183162194,0.5605985874970616,1.3738781183162194,0.0008362097453551962,0.0
patna,2026-06-12,1.5,0.0,25.59,85.14,Normal,-0.4787416332836503,Inland,1.5,1.036447640657425,0.9640131032466889,0.2314047090902461,0.0,0.2314047090902461,0.00029760282871920177,0.0
pune,2026-06-12,0.0,0.0,18.52,73.86,Normal,-0.4787416332836503,Inland,0.0,0.0,0.0,0.13392347693171777,0.0,0.13392347693171777,0.000268760219908271,0.0
raipur,2026-06-12,2.0,0.5489600896835327,21.25,81.63,Normal,-0.4787416332836503,Inland,2.0,1.5980701839923863,1.4303396987915042,0.6824922731405522,0.0,0.6824922731405522,0.0013717460564269554,0.0
ranchi,2026-06-12,0.0,11.760111808776855,23.34,85.31,Normal,-0.4787416332836503,Inland,0.0,0.0,0.0,0.06946872632703913,0.0,0.06946872632703913,0.00014879630641426414,0.0
shillong,2026-06-12,54.0,0.16150280833244324,25.58,91.89,Normal,-0.4787416332836503,Hill / Himalayan orographic,54.0,83.01074501066425,53.949869463005726,9.161611459900664,9.425075466131641,9.161611459900664,0.0023571848367956874,0.0
shimla,2026-06-12,4.2,16.429115295410156,31.1,77.17,Normal,-0.4787416332836503,Hill / Himalayan orographic,4.2,3.99269175807865,1.6092590414109784,6.390100613354855,4.609665424483409,6.390100613354855,0.0030095908187857613,0.0
srinagar,2026-06-12,0.3,1.2066330909729004,34.08,74.8,Normal,-0.4787416332836503,Hill / Himalayan orographic,0.3,0.0,0.0,0.0972835424934151,0.0,0.0972835424934151,0.00018956989784759356,0.0
surat,2026-06-12,0.0,0.0,21.17,72.83,Normal,-0.4787416332836503,West-coast orographic,0.0,0.0,0.0,0.0,0.0,0.0,0.0003495152009924066,0.0
thiruvananthapuram,2026-06-12,1.7000000000000002,50.43071746826172,8.52,76.94,Normal,-0.4787416332836503,West-coast orographic,1.7000000000000002,1.2022118393319574,2.996524066925049,2.4258932640401247,1.3504712857246628,2.4258932640401247,0.002955798500584268,0.0
varanasi,2026-06-12,1.5,0.0,25.32,82.97,Normal,-0.4787416332836503,Inland,1.5,1.036447640657425,0.9640131032466889,0.12369423501547837,0.0,0.12369423501547837,0.0008764306870255216,0.0
vijayawada,2026-06-12,1.7,0.0,16.51,80.65,Normal,-0.4787416332836503,Inland,1.7,1.2022118393319572,1.1976986968517305,0.42947209837899,0.0,0.42947209837899,0.0018524005079304888,0.0
visakhapatnam,2026-06-12,0.1,0.0,17.69,83.22,Normal,-0.4787416332836503,East coast,0.1,0.0,0.023863134533166918,0.16700520225573448,0.0,0.16700520225573448,0.00020714769523238967,0.0
agartala,2026-06-15,10.4,7.951452255249023,23.83,91.29,Normal,-0.3988125604786659,Inland,10.4,11.380783047676102,9.835521614742916,3.4020815608043553,2.621498082053476,3.4020815608043553,0.0026829773982057874,0.0
ahmedabad,2026-06-15,0.0,0.0,23.02,72.57,Normal,-0.3988125604786659,Inland,0.0,0.0,0.0,0.0,0.0,0.0,0.00028687570555915355,0.0
amritsar,2026-06-15,1.2,0.0,31.63,74.87,Normal,-0.3988125604786659,Inland,1.2,0.6933981156349183,0.6906141591072082,0.5368949887671005,0.0,0.5368949887671005,0.0006591808075102271,0.0
bengaluru,2026-06-15,12.6,8.105762481689453,12.97,77.59,Normal,-0.3988125604786659,Inland,12.6,15.44978251457214,13.378841629028313,4.146630156791388,3.799993967879824,4.146630156791388,0.0032442548614503353,0.0
bhopal,2026-06-15,0.0,1.9808237552642822,23.26,77.41,Normal,-0.3988125604786659,Inland,0.0,0.0,0.0,0.1589940770259507,0.0,0.1589940770259507,0.00023764625358339646,0.0
bhubaneswar,2026-06-15,9.0,2.7542812824249268,20.3,85.82,Normal,-0.3988125604786659,East coast,9.0,9.664948242505394,16.394307346203302,4.537156762347192,3.34532000194538,4.537156762347192,0.010834065113965704,0.0
chandigarh,2026-06-15,1.7,0.0,30.73,76.78,Normal,-0.3988125604786659,Inland,1.7,1.2022118393319572,1.1976986968517305,0.33089303783580204,0.0,0.33089303783580204,0.001657060782665817,0.0
chennai,2026-06-15,8.2,0.0,13.08,80.27,Normal,-0.3988125604786659,East coast,8.2,8.725189481925106,14.759428381670512,2.126846882251269,0.41158226952723853,2.126846882251269,0.0033021526835374806,0.0
dehradun,2026-06-15,0.0,0.0,30.32,78.03,Normal,-0.3988125604786659,Hill / Himalayan orographic,0.0,0.0,0.0,0.23101058609777006,0.0,0.23101058609777006,0.00023144503986545666,0.0
delhi,2026-06-15,3.8,0.0,28.61,77.21,Normal,-0.3988125604786659,Inland,3.8,3.5131446993350965,3.064368924066479,1.305103387617551,0.09348779889638817,1.305103387617551,0.004138579478938758,0.0
gangtok,2026-06-15,12.0,8.621548652648926,27.33,88.61,Normal,-0.3988125604786659,Hill / Himalayan orographic,12.0,14.262329592704774,9.789847714067937,13.30320339823961,19.611617010811244,13.30320339823961,0.006203805212013651,0.0
guwahati,2026-06-15,21.5,0.7441086769104004,26.14,91.74,Normal,-0.3988125604786659,Inland,21.5,28.196788739090625,27.313162990873987,3.6617458239570677,2.983673709719301,3.6617458239570677,0.002924010587675083,0.0
hyderabad,2026-06-15,0.0,0.0,17.39,78.49,Normal,-0.3988125604786659,Inland,0.0,0.0,0.0,0.08420152955747477,0.0,0.08420152955747477,0.0001864926065822409,0.0
jabalpur,2026-06-15,0.3,0.2937154173851013,23.18,79.95,Normal,-0.3988125604786659,Inland,0.3,0.0,0.011698017269372986,0.36980545280569804,0.0,0.36980545280569804,0.0002711446014247613,0.0
jaipur,2026-06-15,7.9,0.06671828031539917,26.91,75.79,Normal,-0.3988125604786659,Inland,7.9,8.28148674943594,7.336611026128127,0.18265462868699558,0.0,0.18265462868699558,0.004769720577677225,0.0
jodhpur,2026-06-15,0.0,0.0,26.24,73.02,Normal,-0.3988125604786659,Inland,0.0,0.0,0.0,0.030562596471715914,0.0,0.030562596471715914,0.00021041497702327332,0.0
kochi,2026-06-15,12.9,1.1161365509033203,9.93,76.27,Normal,-0.3988125604786659,West-coast orographic,12.9,15.925209530591962,19.617044444126915,18.89826477808041,21.711545453024048,18.89826477808041,0.007155909059066519,0.0
kolkata,2026-06-15,0.1,0.0,22.57,88.36,Normal,-0.3988125604786659,East coast,0.1,0.0,0.023863134533166918,0.2465752747418055,0.0,0.2465752747418055,0.00027511642582994764,0.0
lucknow,2026-06-15,0.4,0.0,26.85,80.95,Normal,-0.3988125604786659,Inland,0.4,0.08173146635293957,0.1116199938952923,0.3163165305607064,0.0,0.3163165305607064,0.0012291452140004593,0.0
madurai,2026-06-15,0.8,0.0,9.93,78.12,Normal,-0.3988125604786659,Inland,0.8,0.35709251761436467,0.4013074362277985,0.785284594380588,0.0,0.785284594380588,0.0005632459656446198,0.0
mangaluru,2026-06-15,13.4,5.887582302093506,12.91,74.86,Normal,-0.3988125604786659,West-coast orographic,13.4,16.717587890624994,19.936001091283224,22.05144043270634,25.290739269307885,22.05144043270634,0.0047031168307624886,0.0
mumbai,2026-06-15,0.2,0.0,19.08,72.88,Normal,-0.3988125604786659,West-coast orographic,0.2,0.0,0.0,0.9270290585423279,0.0,0.9270290585423279,0.000441524367093992,0.0
nagpur,2026-06-15,0.0,0.8679724335670471,21.15,79.09,Normal,-0.3988125604786659,Inland,0.0,0.0,0.0,0.21947527335744077,0.0,0.21947527335744077,0.00038486011112026923,0.0
panaji,2026-06-15,1.4000000000000001,1.7419847249984741,15.49,73.83,Normal,-0.3988125604786659,West-coast orographic,1.4000000000000001,0.8849704444408417,2.0565460306406025,0.790246348152531,0.0,0.790246348152531,0.0006673336861683408,0.0
patna,2026-06-15,0.0,0.0,25.59,85.14,Normal,-0.3988125604786659,Inland,0.0,0.0,0.0,0.01124475374804549,0.0,0.01124475374804549,0.0001234734027803788,0.0
pune,2026-06-15,0.0,0.0,18.52,73.86,Normal,-0.3988125604786659,Inland,0.0,0.0,0.0,0.13392347693171777,0.0,0.13392347693171777,0.0002771326513023873,0.0
raipur,2026-06-15,0.6000000000000001,0.4318348467350006,21.25,81.63,Normal,-0.3988125604786659,Inland,0.6000000000000001,0.17843014448881145,0.1966334845125681,0.6371390068126025,0.0,0.6371390068126025,0.0023592508125199127,0.0
ranchi,2026-06-15,0.0,15.771299362182617,23.34,85.31,Normal,-0.3988125604786659,Inland,0.0,0.0,0.0,0.06946872632703913,0.0,0.06946872632703913,0.00015703683999652236,0.0
shillong,2026-06-15,11.2,8.540002822875977,25.58,91.89,Normal,-0.3988125604786659,Hill / Himalayan orographic,11.2,12.666485532124852,9.172061433792113,6.00126060278322,4.4000258437707584,6.00126060278322,0.0033758071346620382,0.0
shimla,2026-06-15,0.0,0.0,31.1,77.17,Normal,-0.3988125604786659,Hill / Himalayan orographic,0.0,0.0,0.0,0.24740981472538343,0.0,0.24740981472538343,0.00018642421703189438,0.0
srinagar,2026-06-15,0.2,5.387645721435547,34.08,74.8,Normal,-0.3988125604786659,Hill / Himalayan orographic,0.2,0.0,0.0,0.09690795013397208,0.0,0.09690795013397208,0.0002073242922534423,0.0
surat,2026-06-15,0.0,0.0,21.17,72.83,Normal,-0.3988125604786659,West-coast orographic,0.0,0.0,0.0,0.0,0.0,0.0,0.0003915411268473414,0.0
thiruvananthapuram,2026-06-15,0.2,0.893973171710968,8.52,76.94,Normal,-0.3988125604786659,West-coast orographic,0.2,0.0,0.0,1.5325024926722919,0.6217493004675363,1.5325024926722919,0.00018452826705045732,0.0
varanasi,2026-06-15,0.2,0.0,25.32,82.97,Normal,-0.3988125604786659,Inland,0.2,0.0,0.0,0.02294564291920788,0.0,0.02294564291920788,0.0002560812076002486,0.0
vijayawada,2026-06-15,0.1,0.0,16.51,80.65,Normal,-0.3988125604786659,Inland,0.1,0.0,0.0,0.28003051163864834,0.0,0.28003051163864834,0.0002212268171049118,0.0
visakhapatnam,2026-06-15,1.5999999999999999,14.891555786132812,17.69,83.22,Normal,-0.3988125604786659,East coast,1.5999999999999999,1.1357832717895493,1.75888872176786,0.2703247929630811,0.0,0.2703247929630811,0.0010017290114341273,0.0
agartala,2026-06-18,7.300000000000001,19.79201889038086,23.83,91.29,Normal,-0.7751462089317295,Inland,7.300000000000001,7.68274539375305,6.696111875534059,2.5091563813028577,1.6076195620701972,2.5091563813028577,0.001086382042749289,0.0
ahmedabad,2026-06-18,0.0,0.0,23.02,72.57,Normal,-0.7751462089317295,Inland,0.0,0.0,0.0,0.036652124344247736,0.0,0.036652124344247736,0.00026632769844059525,0.0
amritsar,2026-06-18,1.6,16.56609535217285,31.63,74.87,Normal,-0.7751462089317295,Inland,1.6,1.1357832717895495,1.0684638023376465,1.148203784698575,0.028900549133296212,1.148203784698575,0.0009715137368560741,0.0
bengaluru,2026-06-18,0.0,0.0,12.97,77.59,Normal,-0.7751462089317295,Inland,0.0,0.0,0.0,0.08287387132062667,0.0,0.08287387132062667,0.00019722996153537036,0.0
bhopal,2026-06-18,0.0,6.771956443786621,23.26,77.41,Normal,-0.7751462089317295,Inland,0.0,0.0,0.0,0.4241423132011523,0.0,0.4241423132011523,0.00023451975359800744,0.0
bhubaneswar,2026-06-18,0.0,0.0,20.3,85.82,Normal,-0.7751462089317295,East coast,0.0,0.0,0.0,1.3043590437585806,0.061872461147455926,1.3043590437585806,0.000226565891925786,0.0
chandigarh,2026-06-18,0.0,0.0,30.73,76.78,Normal,-0.7751462089317295,Inland,0.0,0.0,0.0,0.13387138822186023,0.0,0.13387138822186023,0.00021788841952939453,0.0
chennai,2026-06-18,2.9,0.0,13.08,80.27,Normal,-0.7751462089317295,East coast,2.9,2.5607138872146615,4.683672072468693,1.1936891705506278,0.04189359412816115,1.1936891705506278,0.0026516782071387226,0.0
dehradun,2026-06-18,0.0,0.0,30.32,78.03,Normal,-0.7751462089317295,Hill / Himalayan orographic,0.0,0.0,0.0,0.35799007076919726,0.0,0.35799007076919726,0.00024680604712465283,0.0
delhi,2026-06-18,0.7,0.0,28.61,77.21,Normal,-0.7751462089317295,Inland,0.7,0.22709856212139146,0.25388265073299415,0.614923944184572,0.0,0.614923944184572,0.002368513949627407,0.0
gangtok,2026-06-18,5.1,25.000829696655273,27.33,88.61,Normal,-0.7751462089317295,Hill / Himalayan orographic,5.1,4.848209095001221,2.2809313475380057,18.42318533091919,38.13340001765419,18.42318533091919,0.0014962328528245533,0.0
guwahati,2026-06-18,11.1,0.0,26.14,91.74,Normal,-0.7751462089317295,Inland,11.1,12.528511428833028,11.171051908201399,0.6951125050633458,0.0,0.6951125050633458,0.0007866482162423525,0.0
hyderabad,2026-06-18,0.0,0.0,17.39,78.49,Normal,-0.7751462089317295,Inland,0.0,0.0,0.0,0.24816656413900015,0.0,0.24816656413900015,0.00019424371880492883,0.0
jabalpur,2026-06-18,1.7999999999999998,0.0,23.18,79.95,Normal,-0.7751462089317295,Inland,1.7999999999999998,1.2794717132535833,1.2596457272768022,0.985498872438014,0.0,0.985498872438014,0.0033080850606345843,0.0
jaipur,2026-06-18,1.7999999999999998,0.0,26.91,75.79,Normal,-0.7751462089317295,Inland,1.7999999999999998,1.2794717132535833,1.2596457272768022,0.5675548034589221,0.0,0.5675548034589221,0.0015160140440910223,0.0
jodhpur,2026-06-18,0.0,0.0,26.24,73.02,Normal,-0.7751462089317295,Inland,0.0,0.0,0.0,0.2691165541561098,0.0,0.2691165541561098,0.00022322779583053848,0.0
kochi,2026-06-18,6.7,0.733742356300354,9.93,76.27,Normal,-0.7751462089317295,West-coast orographic,6.7,6.818555402755738,10.924859007097817,9.1069682329467,8.383167212900888,9.1069682329467,0.0020040810739305435,0.0
kolkata,2026-06-18,0.0,0.0,22.57,88.36,Normal,-0.7751462089317295,East coast,0.0,0.0,0.0,0.15255023671616455,0.0,0.15255023671616455,0.00014938133848843457,0.0
lucknow,2026-06-18,0.0,0.0,26.85,80.95,Normal,-0.7751462089317295,Inland,0.0,0.0,0.0,0.2197844178250074,0.0,0.2197844178250074,0.00019763597328506305,0.0
madurai,2026-06-18,23.8,9.433577537536621,9.93,78.12,Normal,-0.7751462089317295,Inland,23.8,32.10725142914874,29.977754491573002,5.481691767243647,6.440128112366904,5.481691767243647,0.005180408109260029,0.0
mangaluru,2026-06-18,0.4,20.584320068359375,12.91,74.86,Normal,-0.7751462089317295,West-coast orographic,0.4,0.08173146635293957,0.2930723589658736,3.1035447974292505,2.318268594055008,3.1035447974292505,0.0022893719350227013,0.0
mumbai,2026-06-18,0.30000000000000004,0.0,19.08,72.88,Normal,-0.7751462089317295,West-coast orographic,0.30000000000000004,0.03213667258620266,0.12358600527048114,1.6684257908522542,0.8349512167050173,1.6684257908522542,0.00045717587772326217,0.0
nagpur,2026-06-18,0.0,0.0,21.15,79.09,Normal,-0.7751462089317295,Inland,0.0,0.0,0.0,0.9163450934856063,0.0,0.9163450934856063,0.00038185956373454073,0.0
panaji,2026-06-18,0.2,0.0,15.49,73.83,Normal,-0.7751462089317295,West-coast orographic,0.2,0.0,0.0,1.0407413901309839,0.01729778879713561,1.0407413901309839,0.00022080814130712054,0.0
patna,2026-06-18,0.0,4.104630947113037,25.59,85.14,Normal,-0.7751462089317295,Inland,0.0,0.0,0.0,0.07779719725054379,0.0,0.07779719725054379,0.00012051704716139434,0.0
pune,2026-06-18,0.0,0.0,18.52,73.86,Normal,-0.7751462089317295,Inland,0.0,0.0,0.0,0.6166196707955394,0.0,0.6166196707955394,0.00028695834524987017,0.0
raipur,2026-06-18,0.5,0.009823993779718876,21.25,81.63,Normal,-0.7751462089317295,Inland,0.5,0.10948855392634871,0.1374292317032814,1.4321095043985528,0.16764335167168093,1.4321095043985528,0.0070925595086720325,0.0
ranchi,2026-06-18,0.1,0.0,23.34,85.31,Normal,-0.7751462089317295,Inland,0.1,0.0,0.0,0.6910811833564035,0.0,0.6910811833564035,0.00013739197327009242,0.0
shillong,2026-06-18,15.5,0.48171466588974,25.58,91.89,Normal,-0.7751462089317295,Hill / Himalayan orographic,15.5,19.41586558532716,18.231778993571112,6.648637185281763,4.931816703823775,6.648637185281763,0.0010306547139948543,0.0
shimla,2026-06-18,0.7,0.6508412957191467,31.1,77.17,Normal,-0.7751462089317295,Hill / Himalayan orographic,0.7,0.22709856212139146,0.0,1.1339129675030521,0.009550035685486666,1.1339129675030521,0.0016320235297028593,0.0
srinagar,2026-06-18,0.0,5.0679426193237305,34.08,74.8,Normal,-0.7751462089317295,Hill / Himalayan orographic,0.0,0.0,0.0,0.11337220074223556,0.0,0.11337220074223556,0.00021994895110835898,0.0
surat,2026-06-18,0.0,0.0,21.17,72.83,Normal,-0.7751462089317295,West-coast orographic,0.0,0.0,0.0,0.12084465482940462,0.0,0.12084465482940462,0.00037317931642910797,0.0
thiruvananthapuram,2026-06-18,0.1,10.028807640075684,8.52,76.94,Normal,-0.7751462089317295,West-coast orographic,0.1,0.0,0.0,0.981262221498292,0.006262847835854543,0.981262221498292,0.00019340679332449293,0.0
varanasi,2026-06-18,0.0,0.0,25.32,82.97,Normal,-0.7751462089317295,Inland,0.0,0.0,0.0,0.021893277992334138,0.0,0.021893277992334138,0.00025909131085378464,0.0
vijayawada,2026-06-18,2.4000000000000004,0.7607181668281555,16.51,80.65,Normal,-0.7751462089317295,Inland,2.4000000000000004,1.9971894240379338,1.7864297771453863,0.7594237081938341,0.0,0.7594237081938341,0.0014067805392429917,0.0
visakhapatnam,2026-06-18,3.0,23.24974822998047,17.69,83.22,Normal,-0.7751462089317295,East coast,3.0,2.6299144840240487,4.8414658900230165,1.6799245703872443,0.14382947216113406,1.6799245703872443,0.0032530570536004628,0.0
agartala,2026-06-19,0.5,2.0199084281921387,23.83,91.29,Normal,-0.8420683221214957,Inland,0.5,0.1092366721481085,0.15767186880111697,3.8436710209866414,3.5646625120071747,3.8436710209866414,0.002331367925127577,0.0
ahmedabad,2026-06-19,0.0,0.695507824420929,23.02,72.57,Normal,-0.8420683221214957,Inland,0.0,0.0,0.0,0.0,0.0,0.0,0.0002468202025839238,0.0
amritsar,2026-06-19,0.0,0.10495828837156296,31.63,74.87,Normal,-0.8420683221214957,Inland,0.0,0.0,0.0,0.3954081818722903,0.0,0.3954081818722903,0.00023479603038725508,0.0
bengaluru,2026-06-19,0.30000000000000004,0.0,12.97,77.59,Normal,-0.8420683221214957,Inland,0.30000000000000004,0.03125810571014881,0.053256335854530344,0.0007814379897434707,0.0,0.0007814379897434707,0.00027550957398936337,0.0
bhopal,2026-06-19,0.0,0.0,23.26,77.41,Normal,-0.8420683221214957,Inland,0.0,0.0,0.0,0.15599620136663203,0.0,0.15599620136663203,0.00032786510812041507,0.0
bhubaneswar,2026-06-19,0.0,0.0,20.3,85.82,Normal,-0.8420683221214957,East coast,0.0,0.0,0.0,0.8173030827679405,0.0,0.8173030827679405,0.00016951471578214713,0.0
chandigarh,2026-06-19,0.2,0.0,30.73,76.78,Normal,-0.8420683221214957,Inland,0.2,0.0,0.0,0.456235552066453,0.0,0.456235552066453,0.0002653530179539276,0.0
chennai,2026-06-19,4.3,0.6132528781890869,13.08,80.27,Normal,-0.8420683221214957,East coast,4.3,4.043958994033946,6.971029458283152,1.542639865887281,0.07856027565069248,1.542639865887281,0.0024797555357700665,0.0
dehradun,2026-06-19,0.0,0.0,30.32,78.03,Normal,-0.8420683221214957,Hill / Himalayan orographic,0.0,0.0,0.0,1.3522551082930891,0.05566893995860842,1.3522551082930891,0.0003696975543619663,0.0
delhi,2026-06-19,1.6,0.0,28.61,77.21,Normal,-0.8420683221214957,Inland,1.6,1.0106154119968416,1.0162750959396363,0.2669135691483566,0.0,0.2669135691483566,0.0009752912550857171,0.0
gangtok,2026-06-19,8.7,58.666683197021484,27.33,88.61,Normal,-0.8420683221214957,Hill / Himalayan orographic,8.7,9.345324066162108,4.944197527307374,20.463736419725503,39.87000638840267,20.463736419725503,0.0014182894595499778,0.0
guwahati,2026-06-19,9.3,0.36057335138320923,26.14,91.74,Normal,-0.8420683221214957,Inland,9.3,9.824220740000408,8.93516302108765,1.1190000728244331,0.022127766466678488,1.1190000728244331,0.0004172476074981331,0.0
hyderabad,2026-06-19,1.6,2.9698307514190674,17.39,78.49,Normal,-0.8420683221214957,Inland,1.6,1.0106154119968416,1.0162750959396363,0.16032219444269344,0.0,0.16032219444269344,0.001131663908200188,0.0
jabalpur,2026-06-19,0.0,1.9395346641540527,23.18,79.95,Normal,-0.8420683221214957,Inland,0.0,0.0,0.0,0.35957875325885164,0.0,0.35957875325885164,0.0002811509019971912,0.0
jaipur,2026-06-19,0.1,0.00143225840292871,26.91,75.79,Normal,-0.8420683221214957,Inland,0.1,0.0,0.0,0.024616567502865703,0.0,0.024616567502865703,0.00019203916159865237,0.0
jodhpur,2026-06-19,0.0,0.0,26.24,73.02,Normal,-0.8420683221214957,Inland,0.0,0.0,0.0,0.0016056746474110038,0.0,0.0016056746474110038,0.00016140732386282577,0.0
kochi,2026-06-19,4.1,10.874527931213379,9.93,76.27,Normal,-0.8420683221214957,West-coast orographic,4.1,3.820227816733282,7.752568457994593,8.923472344494968,8.579704135982825,8.923472344494968,0.0015566307659897354,0.0
kolkata,2026-06-19,0.0,50.551612854003906,22.57,88.36,Normal,-0.8420683221214957,East coast,0.0,0.0,0.0,0.052569037999841334,0.0,0.052569037999841334,0.00015603868266404929,0.0
lucknow,2026-06-19,0.0,0.0,26.85,80.95,Normal,-0.8420683221214957,Inland,0.0,0.0,0.0,0.18657327787726447,0.0,0.18657327787726447,0.00020179970422348647,0.0
madurai,2026-06-19,0.7,0.0,9.93,78.12,Normal,-0.8420683221214957,Inland,0.7,0.23251545488834383,0.3051076370477674,1.444542584532689,0.18884556197883134,1.444542584532689,0.0022757983087167075,0.0
mangaluru,2026-06-19,0.30000000000000004,0.8772410750389099,12.91,74.86,Normal,-0.8420683221214957,West-coast orographic,0.30000000000000004,0.03125810571014881,0.11395927518606186,1.0834745102161774,0.22500255181867146,1.0834745102161774,0.00026970067523122423,0.0
mumbai,2026-06-19,0.9000000000000001,0.0,19.08,72.88,Normal,-0.8420683221214957,West-coast orographic,0.9000000000000001,0.4323659044504168,0.8809762322902683,0.23824722218747524,0.0,0.23824722218747524,0.002082538459947348,0.0
nagpur,2026-06-19,0.0,0.026706842705607414,21.15,79.09,Normal,-0.8420683221214957,Inland,0.0,0.0,0.0,0.3663649339426898,0.0,0.3663649339426898,0.00036034866068140317,0.0
panaji,2026-06-19,0.6,0.0,15.49,73.83,Normal,-0.8420683221214957,West-coast orographic,0.6,0.13692622900009155,0.5056427669525143,0.4919089610258474,0.0,0.4919089610258474,0.0016690666179216772,0.0
patna,2026-06-19,0.4,1.6739100217819214,25.59,85.14,Normal,-0.8420683221214957,Inland,0.4,0.07821357220411322,0.10197935894131664,0.39763518197821657,0.0,0.39763518197821657,0.000766053803827752,0.0
pune,2026-06-19,0.0,0.0,18.52,73.86,Normal,-0.8420683221214957,Inland,0.0,0.0,0.0,0.08409183462180822,0.0,0.08409183462180822,0.00021291697979869856,0.0
raipur,2026-06-19,0.0,1.0370985269546509,21.25,81.63,Normal,-0.8420683221214957,Inland,0.0,0.0,0.0,0.3663649339426898,0.0,0.3663649339426898,0.0003007046941707157,0.0
ranchi,2026-06-19,1.8,25.729293823242188,23.34,85.31,Normal,-0.8420683221214957,Inland,1.8,1.2262191164493563,1.1747668731212624,0.967348273221224,0.0,0.967348273221224,0.0008939627500032092,0.0
shillong,2026-06-19,2.6,3.5049428939819336,25.58,91.89,Normal,-0.8420683221214957,Hill / Himalayan orographic,2.6,2.0680174970626846,0.6458277523517608,4.671388762324953,3.250180451975157,4.671388762324953,0.0004516430886091435,0.0
shimla,2026-06-19,0.7,3.6133172512054443,31.1,77.17,Normal,-0.8420683221214957,Hill / Himalayan orographic,0.7,0.23251545488834383,0.0,2.307599330234916,0.5391820013793712,2.307599330234916,0.00230102473013604,0.0
srinagar,2026-06-19,0.1,0.0,34.08,74.8,Normal,-0.8420683221214957,Hill / Himalayan orographic,0.1,0.0,0.0,0.019415923078583343,0.0,0.019415923078583343,0.00020019504619396488,0.0
surat,2026-06-19,0.7000000000000001,0.5405504703521729,21.17,72.83,Normal,-0.8420683221214957,West-coast orographic,0.7000000000000001,0.23251545488834388,0.636349884271621,0.4347194854910224,0.0,0.4347194854910224,0.0023600547069072037,0.0
thiruvananthapuram,2026-06-19,1.2,0.8373622298240662,8.52,76.94,Normal,-0.8420683221214957,West-coast orographic,1.2,0.6930414438247678,1.3658237516880036,1.8912808961235898,0.9497514600206662,1.8912808961235898,0.0012265221495006517,0.0
varanasi,2026-06-19,0.2,0.0,25.32,82.97,Normal,-0.8420683221214957,Inland,0.2,0.0,0.0,0.09467662913065779,0.0,0.09467662913065779,0.0004098902090961545,0.0
vijayawada,2026-06-19,8.0,0.0,16.51,80.65,Normal,-0.8420683221214957,Inland,8.0,8.359794898033142,7.421832255515947,2.6753669660931885,1.7103750988526616,2.6753669660931885,0.006782226660135223,0.0
visakhapatnam,2026-06-19,0.0,21.359251022338867,17.69,83.22,Normal,-0.8420683221214957,East coast,0.0,0.0,0.0,0.0388622823899692,0.0,0.0388622823899692,0.0003361851804758044,0.0
agartala,2026-06-22,15.9,5.733531951904297,23.83,91.29,Normal,-1.0411805484196865,Inland,15.9,19.80034400067711,18.300414836220742,4.887260934161435,5.333118825930373,4.887260934161435,0.0016585682981406092,0.0
ahmedabad,2026-06-22,0.0,0.0,23.02,72.57,Normal,-1.0411805484196865,Inland,0.0,0.0,0.0,0.03028872627566222,0.0,0.03028872627566222,0.00023763792188854203,0.0
amritsar,2026-06-22,1.6,8.715869903564453,31.63,74.87,Normal,-1.0411805484196865,Inland,1.6,1.0106154119968416,1.0162750959396363,1.108734218657704,0.015136313072931512,1.108734218657704,0.0009310331279653142,0.0
bengaluru,2026-06-22,9.8,0.0,12.97,77.59,Normal,-1.0411805484196865,Inland,9.8,10.367647239140101,9.375205046289107,2.5039290316738096,1.4393351281624376,2.5039290316738096,0.013052341534591751,0.0
bhopal,2026-06-22,0.0,0.0,23.26,77.41,Normal,-1.0411805484196865,Inland,0.0,0.0,0.0,0.5125899753588373,0.0,0.5125899753588373,0.0003156687220464721,0.0
bhubaneswar,2026-06-22,0.0,1.5676805973052979,20.3,85.82,Normal,-1.0411805484196865,East coast,0.0,0.0,0.0,1.519116383655792,0.07351321840360843,1.519116383655792,0.00016320790796728015,0.0
chandigarh,2026-06-22,0.2,2.632953405380249,30.73,76.78,Normal,-1.0411805484196865,Inland,0.2,0.0,0.0,0.8937840052068203,0.0,0.8937840052068203,0.0002653530179539276,0.0
chennai,2026-06-22,2.4,0.48815038800239563,13.08,80.27,Normal,-1.0411805484196865,East coast,2.4,1.8679850602149963,3.0480027690800746,0.5053733158193329,0.0,0.5053733158193329,0.0012963801915700877,0.0
dehradun,2026-06-22,0.1,0.12449616938829422,30.32,78.03,Normal,-1.0411805484196865,Hill / Himalayan orographic,0.1,0.0,0.0,2.6656554179670566,0.8901494605046183,2.6656554179670566,0.0003696975543619663,0.0
delhi,2026-06-22,0.6000000000000001,0.0,28.61,77.21,Normal,-1.0411805484196865,Inland,0.6000000000000001,0.18414509892463657,0.2494652566313744,0.8480172688398404,0.0,0.8480172688398404,0.0025988755011144235,0.0
gangtok,2026-06-22,12.5,24.047243118286133,27.33,88.61,Normal,-1.0411805484196865,Hill / Himalayan orographic,12.5,15.03670233949437,10.438740577697754,21.339859634637925,42.01778207179531,21.339859634637925,0.0029552988719822306,0.0
guwahati,2026-06-22,39.2,11.31120777130127,26.14,91.74,Normal,-1.0411805484196865,Inland,39.2,55.20173660699939,43.46675653595555,1.2171395509472214,0.07048705680584329,1.2171395509472214,0.0006841657915348726,0.0
hyderabad,2026-06-22,1.2,0.0,17.39,78.49,Normal,-1.0411805484196865,Inland,1.2,0.6930414438247678,0.6981889640270392,0.44201197541925424,0.0,0.44201197541925424,0.0014257780428552152,0.0
jabalpur,2026-06-22,0.0,0.0,23.18,79.95,Normal,-1.0411805484196865,Inland,0.0,0.0,0.0,0.9294652073861318,0.0,0.9294652073861318,0.00027069178592598135,0.0
jaipur,2026-06-22,0.0,0.011119713075459003,26.91,75.79,Normal,-1.0411805484196865,Inland,0.0,0.0,0.0,0.12740005472726484,0.0,0.12740005472726484,0.00019203916159865237,0.0
jodhpur,2026-06-22,0.0,0.0,26.24,73.02,Normal,-1.0411805484196865,Inland,0.0,0.0,0.0,0.04275406050372339,0.0,0.04275406050372339,0.000205285026890478,0.0
kochi,2026-06-22,6.8,30.932146072387695,9.93,76.27,Normal,-1.0411805484196865,West-coast orographic,6.8,6.9156195640563976,11.843319741015163,12.41744727202106,13.109245100130172,12.41744727202106,0.004461312809984826,0.0
kolkata,2026-06-22,0.0,12.894621849060059,22.57,88.36,Normal,-1.0411805484196865,East coast,0.0,0.0,0.0,0.26141517282570015,0.0,0.26141517282570015,0.00015023317634383572,0.0
lucknow,2026-06-22,0.0,0.0,26.85,80.95,Normal,-1.0411805484196865,Inland,0.0,0.0,0.0,0.5768651434817047,0.0,0.5768651434817047,0.00020179970422348647,0.0
madurai,2026-06-22,0.6,1.5606611967086792,9.93,78.12,Normal,-1.0411805484196865,Inland,0.6,0.13692622900009155,0.19213748842477799,2.526536125951968,1.4925306208667317,2.526536125951968,0.0033539102319648027,0.0
mangaluru,2026-06-22,8.8,8.492852210998535,12.91,74.86,Normal,-1.0411805484196865,West-coast orographic,8.8,9.412966066360475,14.85627454333373,20.514976664888742,25.190208850228274,20.514976664888742,0.03986158538217865,0.0
mumbai,2026-06-22,8.700000000000001,11.782967567443848,19.08,72.88,Normal,-1.0411805484196865,West-coast orographic,8.700000000000001,9.34532406616211,14.77692674462122,62.415159959087305,67.17338273171993,62.415159959087305,0.10767703759525223,0.0
nagpur,2026-06-22,0.0,0.0,21.15,79.09,Normal,-1.0411805484196865,Inland,0.0,0.0,0.0,0.9403564377960635,0.0,0.9403564377960635,0.0003469443252401186,0.0
panaji,2026-06-22,8.7,15.764620780944824,15.49,73.83,Normal,-1.0411805484196865,West-coast orographic,8.7,9.345324066162108,14.776926744621218,10.18650324183778,10.988329316503103,10.18650324183778,0.02679605906122951,0.0
patna,2026-06-22,1.1,0.1007075309753418,25.59,85.14,Normal,-1.0411805484196865,Inland,1.1,0.6023186302185058,0.5560124206542973,0.7944024555925925,0.0,0.7944024555925925,0.00027354358398957974,0.0
pune,2026-06-22,0.0,18.208250045776367,18.52,73.86,Normal,-1.0411805484196865,Inland,0.0,0.0,0.0,0.24359101450116363,0.0,0.24359101450116363,0.00026071959974229936,0.0
raipur,2026-06-22,0.7,0.0,21.25,81.63,Normal,-1.0411805484196865,Inland,0.7,0.23251545488834383,0.3051076370477674,2.585952554928966,1.6149069856794107,2.585952554928966,0.0035607705321973027,0.0
ranchi,2026-06-22,0.9,17.246461868286133,23.34,85.31,Normal,-1.0411805484196865,Inland,0.9,0.4323659044504167,0.4318348467350006,0.868858571461588,0.0,0.868858571461588,0.00044500488719274596,0.0
shillong,2026-06-22,129.4,13.618049621582031,25.58,91.89,Normal,-1.0411805484196865,Hill / Himalayan orographic,129.4,143.17754915428586,199.43555297851563,11.770706165296824,15.517998643051348,11.770706165296824,0.0025627605575501873,1.0
shimla,2026-06-22,0.7999999999999999,1.145555019378662,31.1,77.17,Normal,-1.0411805484196865,Hill / Himalayan orographic,0.7999999999999999,0.2884980109333991,0.0,3.3475264571743226,1.5779454322620634,3.3475264571743226,0.0009136999925604796,0.0
srinagar,2026-06-22,0.6,0.0,34.08,74.8,Normal,-1.0411805484196865,Hill / Himalayan orographic,0.6,0.13692622900009155,0.0,0.34397478588974784,0.0,0.34397478588974784,0.0017570186284623544,0.0
surat,2026-06-22,1.0,1.387267827987671,21.17,72.83,Normal,-1.0411805484196865,West-coast orographic,1.0,0.4755570355057717,1.0464674258232118,0.36436606910181807,0.0,0.36436606910181807,0.0010144714940907428,0.0
thiruvananthapuram,2026-06-22,4.8999999999999995,0.3911132514476776,8.52,76.94,Normal,-1.0411805484196865,West-coast orographic,4.8999999999999995,4.614287548065184,8.744554862976075,17.049689978047248,19.39798704783942,17.049689978047248,0.0033144904413693835,0.0
varanasi,2026-06-22,0.0,0.25395697355270386,25.32,82.97,Normal,-1.0411805484196865,Inland,0.0,0.0,0.0,1.7427480289087938,0.48418456175209595,1.7427480289087938,0.0004598489939596618,0.0
vijayawada,2026-06-22,6.3,0.6558148860931396,16.51,80.65,Normal,-1.0411805484196865,Inland,6.3,6.1707676857693805,5.557315502166747,1.5695981682214537,0.3063022201870525,1.5695981682214537,0.004268163256923566,0.0
visakhapatnam,2026-06-22,0.6000000000000001,0.0,17.69,83.22,Normal,-1.0411805484196865,East coast,0.6000000000000001,0.18414509892463657,0.34146166205406175,1.2577424464891973,0.04209086862887896,1.2577424464891973,0.004000119526024646,0.0
agartala,2026-06-23,2.2,0.6397023797035217,23.83,91.29,Normal,-0.9628452727831571,Inland,2.2,1.732802815437317,1.600689454078675,4.914503815926527,5.394518802291281,4.914503815926527,0.0015364232255773705,0.0
ahmedabad,2026-06-23,0.0,0.0,23.02,72.57,Normal,-0.9628452727831571,Inland,0.0,0.0,0.0,0.014144608880392866,0.0,0.014144608880392866,0.00036565369794083134,0.0
amritsar,2026-06-23,0.5,0.0,31.63,74.87,Normal,-0.9628452727831571,Inland,0.5,0.1092366721481085,0.15767186880111697,2.3969989524736106,1.1946149093652882,2.3969989524736106,0.016510508800677698,0.0
bengaluru,2026-06-23,7.6,0.019935233518481255,12.97,77.59,Normal,-0.9628452727831571,Inland,7.6,7.899233288764953,7.047452017931427,3.8323872172100337,3.5428726655401555,3.8323872172100337,0.04322840321369526,0.0
bhopal,2026-06-23,0.0,2.2404959201812744,23.26,77.41,Normal,-0.9628452727831571,Inland,0.0,0.0,0.0,0.5755828868183912,0.0,0.5755828868183912,0.000486786994817512,0.0
bhubaneswar,2026-06-23,0.2,5.339478969573975,20.3,85.82,Normal,-0.9628452727831571,East coast,0.2,0.0,0.05624496936798096,6.119136964767242,7.35165578664408,6.119136964767242,0.0002244849355357999,0.0
chandigarh,2026-06-23,0.0,0.0,30.73,76.78,Normal,-0.9628452727831571,Inland,0.0,0.0,0.0,0.9065052978584144,0.0,0.9065052978584144,0.0004092072274340092,0.0
chennai,2026-06-23,1.4000000000000001,0.0,13.08,80.27,Normal,-0.9628452727831571,East coast,1.4000000000000001,0.7814504057168962,1.2238916325569158,0.6442043807637274,0.0,0.6442043807637274,0.003227095295793035,0.0
dehradun,2026-06-23,0.0,0.0,30.32,78.03,Normal,-0.9628452727831571,Hill / Himalayan orographic,0.0,0.0,0.0,2.697844080265865,1.0120887269286913,2.697844080265865,0.0005700871724308781,0.0
delhi,2026-06-23,0.1,0.0,28.61,77.21,Normal,-0.9628452727831571,Inland,0.1,0.0,0.0,0.7857169599814806,0.0,0.7857169599814806,0.00044150276018974446,0.0
gangtok,2026-06-23,14.0,14.667546272277832,27.33,88.61,Normal,-0.9628452727831571,Hill / Himalayan orographic,14.0,18.09167753161597,15.15735924720765,22.07242194236336,44.481866416260516,22.07242194236336,0.002707811612812646,0.0
guwahati,2026-06-23,41.3,1.9866694211959839,26.14,91.74,Normal,-0.9628452727831571,Inland,41.3,60.36731881874458,44.79831751025585,1.4489876487399214,0.1911392488846118,1.4489876487399214,0.0007402359089031895,0.0
hyderabad,2026-06-23,22.0,10.819999694824219,17.39,78.49,Normal,-0.9628452727831571,Inland,22.0,29.108278067739388,28.090626005944074,8.727486048684609,14.129351821043052,8.727486048684609,0.03720976131928309,0.0
jabalpur,2026-06-23,0.0,2.267261028289795,23.18,79.95,Normal,-0.9628452727831571,Inland,0.0,0.0,0.0,1.043320401870398,0.0,1.043320401870398,0.00035283527859586135,0.0
jaipur,2026-06-23,0.0,0.014322582632303238,26.91,75.79,Normal,-0.9628452727831571,Inland,0.0,0.0,0.0,0.14514072010896012,0.0,0.14514072010896012,0.0002961599523702602,0.0
jodhpur,2026-06-23,0.8,0.0,26.24,73.02,Normal,-0.9628452727831571,Inland,0.8,0.28849801093339916,0.3634728753566743,0.3145868383984371,0.0,0.3145868383984371,0.001334283311036983,0.0
kochi,2026-06-23,7.3,9.336620330810547,9.93,76.27,Normal,-0.9628452727831571,West-coast orographic,7.3,7.6140862953662864,12.668043814358647,17.610519721125403,20.61213537639281,17.610519721125403,0.039461356855146096,0.0
kolkata,2026-06-23,0.0,0.023542355746030807,22.57,88.36,Normal,-0.9628452727831571,East coast,0.0,0.0,0.0,0.41622457324706474,0.0,0.41622457324706474,0.0001958297429930999,0.0
lucknow,2026-06-23,0.0,0.6366869807243347,26.85,80.95,Normal,-0.9628452727831571,Inland,0.0,0.0,0.0,0.6435798515749734,0.0,0.6435798515749734,0.00026304286843744685,0.0
madurai,2026-06-23,0.0,0.0,9.93,78.12,Normal,-0.9628452727831571,Inland,0.0,0.0,0.0,0.02116647873232869,0.0,0.02116647873232869,0.0005471458846721121,0.0
mangaluru,2026-06-23,93.6,36.823184967041016,12.91,74.86,Normal,-0.9628452727831571,West-coast orographic,93.6,116.21384137127005,143.02197572816107,50.74226743159925,60.14272045301649,70.0,0.3117694736461865,1.0
mumbai,2026-06-23,10.2,6.827450752258301,19.08,72.88,Normal,-0.9628452727831571,West-coast orographic,10.2,10.874723851340155,15.72712407911283,72.15221019972172,72.75018632601356,72.15221019972172,0.30525924362476803,0.0
nagpur,2026-06-23,0.3,14.418035507202148,21.15,79.09,Normal,-0.9628452727831571,Inland,0.3,0.004983808379620311,0.02981908591464165,4.546714573666445,4.689640018670283,4.546714573666445,0.0005645299935391657,0.0
panaji,2026-06-23,34.4,66.74803161621094,15.49,73.83,Normal,-0.9628452727831571,West-coast orographic,34.4,45.078241722400385,49.32574513113171,37.340081053541404,47.696662373889986,37.340081053541404,0.2942771213247377,0.0
patna,2026-06-23,0.3,3.3478200435638428,25.59,85.14,Normal,-0.9628452727831571,Inland,0.3,0.004983808379620311,0.02981908591464165,1.1181843881511537,0.02157225288888881,1.1181843881511537,0.00015135360592233104,0.0
pune,2026-06-23,0.0,0.0,18.52,73.86,Normal,-0.9628452727831571,Inland,0.0,0.0,0.0,1.471433304754461,0.21646939396671294,1.471433304754461,0.0004242524968003622,0.0
raipur,2026-06-23,1.1,1.557940125465393,21.25,81.63,Normal,-0.9628452727831571,Inland,1.1,0.6023186302185058,0.5560124206542973,3.5424388566985625,2.9837967131169045,3.5424388566985625,0.0038091282515924168,0.0
ranchi,2026-06-23,0.2,1.667786955833435,23.34,85.31,Normal,-0.9628452727831571,Inland,0.2,0.0,0.0,1.1605062838273397,0.04960374717802095,1.1605062838273397,0.00020302747113703582,0.0
shillong,2026-06-23,99.9,30.940319061279297,25.58,91.89,Normal,-0.9628452727831571,Hill / Himalayan orographic,99.9,120.9588514001248,155.18555297851563,11.709162963007746,15.387216990001,11.709162963007746,0.002766424170731096,1.0
shimla,2026-06-23,0.0,0.0,31.1,77.17,Normal,-0.9628452727831571,Hill / Himalayan orographic,0.0,0.0,0.0,1.9535984051024495,0.29547492622338856,1.9535984051024495,0.0004268348828515031,0.0
srinagar,2026-06-23,0.2,4.538349151611328,34.08,74.8,Normal,-0.9628452727831571,Hill / Himalayan orographic,0.2,0.0,0.0,0.17818193961931791,0.0,0.17818193961931791,0.00039264907338161905,0.0
surat,2026-06-23,0.4,8.176440238952637,21.17,72.83,Normal,-0.9628452727831571,West-coast orographic,0.4,0.07821357220411322,0.25055862456560185,1.4901839137398545,0.6429462826872899,1.4901839137398545,0.011301165932392684,0.0
thiruvananthapuram,2026-06-23,1.5,2.9407670497894287,8.52,76.94,Normal,-0.9628452727831571,West-coast orographic,1.5,0.876258157491684,2.4943481445312514,2.8645306028688897,1.5327640913111238,2.8645306028688897,0.0058731341421712335,0.0
varanasi,2026-06-23,0.2,0.0,25.32,82.97,Normal,-0.9628452727831571,Inland,0.2,0.0,0.0,2.2319110753958924,0.9743970806194969,2.2319110753958924,0.0005993592748097631,0.0
vijayawada,2026-06-23,8.3,0.4444099962711334,16.51,80.65,Normal,-0.9628452727831571,Inland,8.3,8.779084079265596,7.718376779766208,3.2167012964283486,2.459665798777936,3.2167012964283486,0.01990955317392996,0.0
visakhapatnam,2026-06-23,0.7999999999999999,0.0,17.69,83.22,Normal,-0.9628452727831571,East coast,0.7999999999999999,0.2884980109333991,0.4740716069936751,1.2294434722333614,0.03664586596476361,1.2294434722333614,0.005887916464843426,0.0
agartala,2026-06-24,3.8,4.676222801208496,23.83,91.29,Break,-1.030849336606672,Inland,3.8,3.3477231979370106,6.448932608594101,6.1701618281203,7.70676815347351,6.1701618281203,0.0030149565495114984,0.0
ahmedabad,2026-06-24,0.0,0.0,23.02,72.57,Break,-1.030849336606672,Inland,0.0,0.0,0.12361978471279149,0.036823720213490105,0.0,0.036823720213490105,0.0005938953643385949,0.0
amritsar,2026-06-24,0.0,0.0,31.63,74.87,Break,-1.030849336606672,Inland,0.0,0.0,0.12361978471279149,0.6558403614555767,0.06529648339677008,0.6558403614555767,0.0004059095351251581,0.0
bengaluru,2026-06-24,0.5,0.0,12.97,77.59,Break,-1.030849336606672,Inland,0.5,0.1092366721481085,1.5288556102605975,1.6843328378806712,1.0488999973122262,1.6843328378806712,0.05252024561143277,0.0
bhopal,2026-06-24,0.0,0.0,23.26,77.41,Break,-1.030849336606672,Inland,0.0,0.0,0.12361978471279149,0.7885159708786342,0.12879193007173437,0.7885159708786342,0.0005456880628674213,0.0
bhubaneswar,2026-06-24,0.5,0.09843718260526657,20.3,85.82,Break,-1.030849336606672,East coast,0.5,0.1092366721481085,0.7282527452707289,16.073240594304725,21.96960128740477,16.073240594304725,0.013121278673987501,0.0
chandigarh,2026-06-24,0.2,0.0,30.73,76.78,Break,-1.030849336606672,Inland,0.2,0.0,0.8570411181449901,1.1269022194096274,0.2481827877218128,1.1269022194096274,0.00045872547707394203,0.0
chennai,2026-06-24,4.4,4.551860332489014,13.08,80.27,Break,-1.030849336606672,East coast,4.4,4.128542653724013,5.053038978713289,2.2153586030026218,1.093032493978371,2.2153586030026218,0.009087972805005578,0.0
dehradun,2026-06-24,0.0,1.493954062461853,30.32,78.03,Break,-1.030849336606672,Hill / Himalayan orographic,0.0,0.0,0.004096026089973784,3.1393600831537296,1.8365215431561774,3.1393600831537296,0.000639061090457455,0.0
delhi,2026-06-24,0.5,0.0,28.61,77.21,Break,-1.030849336606672,Inland,0.5,0.1092366721481085,1.5288556102605975,2.0873418290970855,1.941472680457741,2.0873418290970855,0.0485246163149613,0.0
gangtok,2026-06-24,11.7,16.24510955810547,27.33,88.61,Break,-1.030849336606672,Hill / Himalayan orographic,11.7,13.59084022521972,18.808058591642723,33.52198152105175,60.27715129612136,33.52198152105175,0.008753220486319083,0.0
guwahati,2026-06-24,28.099999999999998,4.293918609619141,26.14,91.74,Break,-1.030849336606672,Inland,28.099999999999998,38.22529761918719,26.53763493540324,0.3562365183765065,0.0,0.3562365183765065,0.0008299991270833652,0.0
hyderabad,2026-06-24,0.0,0.0,17.39,78.49,Break,-1.030849336606672,Inland,0.0,0.0,0.12361978471279149,0.02254265089508631,0.0,0.02254265089508631,0.0005922329485672,0.0
jabalpur,2026-06-24,0.0,0.0,23.18,79.95,Break,-1.030849336606672,Inland,0.0,0.0,0.12361978471279149,1.324209435497308,0.7444589630213825,1.324209435497308,0.00039553464654244774,0.0
jaipur,2026-06-24,0.0,0.0,26.91,75.79,Break,-1.030849336606672,Inland,0.0,0.0,0.12361978471279149,0.08728079282935305,0.0,0.08728079282935305,0.00033200287192854886,0.0
jodhpur,2026-06-24,0.0,0.0,26.24,73.02,Break,-1.030849336606672,Inland,0.0,0.0,0.12361978471279149,0.034399295160650725,0.0,0.034399295160650725,0.0003838070965102108,0.0
kochi,2026-06-24,4.1000000000000005,1.1006135940551758,9.93,76.27,Break,-1.030849336606672,West-coast orographic,4.1000000000000005,3.820227816733283,4.593676794292595,15.176612860541256,20.646078995956287,15.176612860541256,0.009449813355008066,0.0
kolkata,2026-06-24,0.0,0.3703574538230896,22.57,88.36,Break,-1.030849336606672,East coast,0.0,0.0,0.004096026089973784,0.817845908339116,0.09364859636163794,0.817845908339116,0.0002195328107810401,0.0
lucknow,2026-06-24,0.0,0.0,26.85,80.95,Break,-1.030849336606672,Inland,0.0,0.0,0.12361978471279149,0.867779279749071,0.15612265070678277,0.867779279749071,0.0002948789571022624,0.0
madurai,2026-06-24,0.0,0.0,9.93,78.12,Break,-1.030849336606672,Inland,0.0,0.0,0.12361978471279149,0.028275864333651143,0.0,0.028275864333651143,0.000613345877067637,0.0
mangaluru,2026-06-24,38.6,13.635209083557129,12.91,74.86,Break,-1.030849336606672,West-coast orographic,38.6,53.725855975072186,66.16631536310783,35.356139920744454,61.94091774886303,35.356139920744454,0.06751105976599284,0.0
mumbai,2026-06-24,4.1,145.76063537597656,19.08,72.88,Break,-1.030849336606672,West-coast orographic,4.1,3.820227816733282,4.593676794292594,12.791068970938724,16.89028761298206,12.791068970938724,0.059867549982405566,0.0
nagpur,2026-06-24,1.2,37.4354133605957,21.15,79.09,Break,-1.030849336606672,Inland,1.2,0.6930414438247678,3.044649988539675,7.625408842382567,13.062072717227856,7.625408842382567,0.006433381949167576,0.0
panaji,2026-06-24,79.2,49.78874206542969,15.49,73.83,Break,-1.030849336606672,West-coast orographic,79.2,105.36810416245923,186.72048645019532,39.64041936352149,64.93993738787441,39.64041936352149,0.20075312431402792,1.0
patna,2026-06-24,0.0,2.4613680839538574,25.59,85.14,Break,-1.030849336606672,Inland,0.0,0.0,0.12361978471279149,1.0704771795731658,0.2274599334058467,1.0704771795731658,0.0001696742329907613,0.0
pune,2026-06-24,5.8999999999999995,24.151643753051758,18.52,73.86,Break,-1.030849336606672,Inland,5.8999999999999995,5.730087878704074,8.65251762292324,8.598200299508933,15.886854135671483,8.598200299508933,0.03442049891823463,0.0
raipur,2026-06-24,0.2,2.7883689403533936,21.25,81.63,Break,-1.030849336606672,Inland,0.2,0.0,0.8570411181449901,3.848032261291665,3.896702281043195,3.848032261291665,0.000446387134958568,0.0
ranchi,2026-06-24,0.2,14.715734481811523,23.34,85.31,Break,-1.030849336606672,Inland,0.2,0.0,0.8570411181449901,1.4558362583180429,0.9558506276237342,1.4558362583180429,0.00022760154757362698,0.0
shillong,2026-06-24,16.8,15.999485969543457,25.58,91.89,Break,-1.030849336606672,Hill / Himalayan orographic,16.8,20.703222975730895,22.4211764755085,5.730380849363505,3.8261093182324264,5.730380849363505,0.0006364302086091813,0.0
shimla,2026-06-24,0.1,1.296655297279358,31.1,77.17,Break,-1.030849336606672,Hill / Himalayan orographic,0.1,0.0,0.13173311173915864,2.369282603499431,1.241413382136936,2.369282603499431,0.00047848523756380615,0.0
srinagar,2026-06-24,0.0,0.0,34.08,74.8,Break,-1.030849336606672,Hill / Himalayan orographic,0.0,0.0,0.004096026089973784,0.06177391187956825,0.0,0.06177391187956825,0.00047601416487438457,0.0
surat,2026-06-24,0.2,0.0,21.17,72.83,Break,-1.030849336606672,West-coast orographic,0.2,0.0,0.25763463616371163,1.7262927939613266,0.7144189834863461,1.7262927939613266,0.0007652407460471128,0.0
thiruvananthapuram,2026-06-24,0.2,0.0,8.52,76.94,Break,-1.030849336606672,West-coast orographic,0.2,0.0,0.25763463616371163,1.6616280877858929,0.6671401586674987,1.6616280877858929,0.0007190851002069679,0.0
varanasi,2026-06-24,0.0,0.0,25.32,82.97,Break,-1.030849336606672,Inland,0.0,0.0,0.12361978471279149,2.2265478768916953,2.410805846544185,2.2265478768916953,0.0006718723959540216,0.0
vijayawada,2026-06-24,4.8,0.0,16.51,80.65,Break,-1.030849336606672,Inland,4.8,4.507503677812984,7.0567618230275695,1.135014762146196,0.25116222808639577,1.135014762146196,0.006812626292266052,0.0
visakhapatnam,2026-06-24,5.8,0.0,17.69,83.22,Break,-1.030849336606672,East coast,5.8,5.650835009813312,8.00397918168015,3.7473349035914585,2.0154671660692407,3.7473349035914585,0.01677623430101799,0.0
agartala,2026-06-25,1.2000000000000002,3.422004222869873,23.83,91.29,Break,-1.3468484463590513,Inland,1.2000000000000002,0.6930414438247681,3.0446499885396756,5.991173205685626,7.452215290829354,5.991173205685626,0.0017001929559634804,0.0
ahmedabad,2026-06-25,0.0,0.0,23.02,72.57,Break,-1.3468484463590513,Inland,0.0,0.0,0.12361978471279149,0.11893314331664007,0.0,0.11893314331664007,0.0006307012482063279,0.0
amritsar,2026-06-25,0.2,36.13621520996094,31.63,74.87,Break,-1.3468484463590513,Inland,0.2,0.0,0.8570411181449901,1.0508512596404858,0.22025205050916627,1.0508512596404858,0.00043107026957238837,0.0
bengaluru,2026-06-25,1.0,0.0,12.97,77.59,Break,-1.3468484463590513,Inland,1.0,0.4755570355057717,2.7312474911029523,0.4178065430588866,0.0,0.4178065430588866,0.0050095577437652946,0.0
bhopal,2026-06-25,0.0,23.851228713989258,23.26,77.41,Break,-1.3468484463590513,Inland,0.0,0.0,0.12361978471279149,0.9575474899814407,0.1878769601842481,0.9575474899814407,0.0005795080950066889,0.0
bhubaneswar,2026-06-25,0.0,0.0,20.3,85.82,Break,-1.3468484463590513,East coast,0.0,0.0,0.004096026089973784,5.164727410742771,3.6196251939179906,5.164727410742771,0.0002672572230696933,0.0
chandigarh,2026-06-25,1.2,0.13370056450366974,30.73,76.78,Break,-1.3468484463590513,Inland,1.2,0.6930414438247678,3.044649988539675,1.866146921645197,1.3714708499565993,1.866146921645197,0.0032194584023216843,0.0
chennai,2026-06-25,2.0,0.0,13.08,80.27,Break,-1.3468484463590513,East coast,2.0,1.3895644545555115,2.547613171593087,0.6071085143446815,0.002037561577014754,0.6071085143446815,0.003865158411968971,0.0
dehradun,2026-06-25,0.0,1.2819846868515015,30.32,78.03,Break,-1.3468484463590513,Hill / Himalayan orographic,0.0,0.0,0.004096026089973784,3.246350616940462,1.8517125946326853,3.246350616940462,0.0006786641600122198,0.0
delhi,2026-06-25,1.2,0.0,28.61,77.21,Break,-1.3468484463590513,Inland,1.2,0.6930414438247678,3.044649988539675,0.9359072123686282,0.18022200002945907,0.9359072123686282,0.003472774581249562,0.0
gangtok,2026-06-25,6.5,25.06758689880371,27.33,88.61,Break,-1.3468484463590513,Hill / Himalayan orographic,6.5,6.45641617586547,10.309947035830954,22.6908196410294,33.60230827236496,22.6908196410294,0.0017825206471354816,0.0
guwahati,2026-06-25,27.5,0.8846006989479065,26.14,91.74,Break,-1.3468484463590513,Inland,27.5,37.77718846309969,26.28034701764835,0.27302800212047823,0.0,0.27302800212047823,0.0008304565718537583,0.0
hyderabad,2026-06-25,11.7,2.3544116020202637,17.39,78.49,Break,-1.3468484463590513,Inland,11.7,13.59084022521972,12.375939980331733,10.25914180596194,18.109621492085918,10.25914180596194,0.03524472755165209,0.0
jabalpur,2026-06-25,0.30000000000000004,11.169820785522461,23.18,79.95,Break,-1.3468484463590513,Inland,0.30000000000000004,0.03125810571014881,1.1316725254058835,2.1114554714782097,2.0377107783442026,2.1114554714782097,0.0004200525527262297,0.0
jaipur,2026-06-25,0.30000000000000004,1.3556705713272095,26.91,75.79,Break,-1.3468484463590513,Inland,0.30000000000000004,0.03125810571014881,1.1316725254058835,0.25232577920628574,0.0,0.25232577920628574,0.00035258403912431574,0.0
jodhpur,2026-06-25,0.0,0.0,26.24,73.02,Break,-1.3468484463590513,Inland,0.0,0.0,0.12361978471279149,0.1022314518384294,0.0,0.1022314518384294,0.0004075983464356472,0.0
kochi,2026-06-25,4.0,6.752403736114502,9.93,76.27,Break,-1.3468484463590513,West-coast orographic,4.0,3.7011100697517394,4.43066016703553,16.87737531920906,22.18139415327463,16.87737531920906,0.009815665011676725,0.0
kolkata,2026-06-25,0.0,0.0,22.57,88.36,Break,-1.3468484463590513,East coast,0.0,0.0,0.004096026089973784,0.865097845203946,0.10839213102283593,0.865097845203946,0.00023314348019791504,0.0
lucknow,2026-06-25,0.2,0.0,26.85,80.95,Break,-1.3468484463590513,Inland,0.2,0.0,0.8570411181449901,1.3321482925014705,0.7748478420394325,1.3321482925014705,0.0003131594991754562,0.0
madurai,2026-06-25,0.0,0.0,9.93,78.12,Break,-1.3468484463590513,Inland,0.0,0.0,0.12361978471279149,0.07131396938609486,0.0,0.07131396938609486,0.0006513563952478188,0.0
mangaluru,2026-06-25,17.6,19.567832946777344,12.91,74.86,Break,-1.3468484463590513,West-coast orographic,17.6,22.589666161007358,23.34592038307113,31.76994057625279,58.68787364797783,31.76994057625279,0.03490084609952937,0.0
mumbai,2026-06-25,7.2,5.7743000984191895,19.08,72.88,Break,-1.3468484463590513,West-coast orographic,7.2,7.536411058902739,11.942245283174277,67.08294985059743,153.11265319418524,64.0,0.10208685338812848,0.0
nagpur,2026-06-25,2.8,4.985291957855225,21.15,79.09,Break,-1.3468484463590513,Inland,2.8,2.384838514328003,5.841103394160632,9.713269426225564,16.884326796762217,9.713269426225564,0.015666888610309404,0.0
panaji,2026-06-25,24.8,64.78394317626953,15.49,73.83,Break,-1.3468484463590513,West-coast orographic,24.8,34.19947203346599,58.51996468082359,18.534330555558775,22.917014299931687,18.534330555558775,0.08080660268336211,0.0
patna,2026-06-25,0.0,0.0,25.59,85.14,Break,-1.3468484463590513,Inland,0.0,0.0,0.12361978471279149,1.2701132873857435,0.5743480940429253,1.2701132873857435,0.00018019431057663814,0.0
pune,2026-06-25,1.7000000000000002,4.666656017303467,18.52,73.86,Break,-1.3468484463590513,Inland,1.7000000000000002,1.1102892827987667,4.361003875732422,5.542199317228802,6.806586359126135,5.542199317228802,0.012148869010474826,0.0
raipur,2026-06-25,2.5,0.0,21.25,81.63,Break,-1.3468484463590513,Inland,2.5,1.9680012786388406,5.576451275883886,4.94979820772638,5.9449858360848715,4.94979820772638,0.004301188781943446,0.0
ranchi,2026-06-25,0.0,6.905876636505127,23.34,85.31,Break,-1.3468484463590513,Inland,0.0,0.0,0.12361978471279149,1.3062755650355629,0.7170516845507522,1.3062755650355629,0.000241712344319108,0.0
shillong,2026-06-25,13.1,2.0396809577941895,25.58,91.89,Break,-1.3468484463590513,Hill / Himalayan orographic,13.1,16.23861998273106,21.913770028991475,11.069156640291556,13.36916297168621,11.069156640291556,0.002670311371558071,0.0
shimla,2026-06-25,0.2,2.629201650619507,31.1,77.17,Break,-1.3468484463590513,Hill / Himalayan orographic,0.2,0.0,0.25763463616371163,2.4597669382898717,1.278777559554662,2.4597669382898717,0.0005081423672524025,0.0
srinagar,2026-06-25,4.3,2.123520851135254,34.08,74.8,Break,-1.3468484463590513,Hill / Himalayan orographic,4.3,4.043958994033946,4.899918250573057,4.102828731232536,2.6022170345072935,4.102828731232536,0.013506992063424796,0.0
surat,2026-06-25,7.0,0.0,21.17,72.83,Break,-1.3468484463590513,West-coast orographic,7.0,7.381060585975644,11.182758018438763,62.10997722298839,145.65319425277167,62.10997722298839,0.050314933568977684,0.0
thiruvananthapuram,2026-06-25,1.2,0.0,8.52,76.94,Break,-1.3468484463590513,West-coast orographic,1.2,0.6930414438247678,1.5013803611976537,3.5463496870020452,1.894307964100551,3.5463496870020452,0.006989754221459708,0.0
varanasi,2026-06-25,0.0,0.0,25.32,82.97,Break,-1.3468484463590513,Inland,0.0,0.0,0.12361978471279149,2.5106925587053204,2.630568841495037,2.5106925587053204,0.0007135073536780682,0.0
vijayawada,2026-06-25,0.1,32.84701156616211,16.51,80.65,Break,-1.3468484463590513,Inland,0.1,0.0,0.29599287629127474,0.18176966150818732,0.0,0.18176966150818732,0.0004436383852064656,0.0
visakhapatnam,2026-06-25,0.0,0.11011721193790436,17.69,83.22,Break,-1.3468484463590513,East coast,0.0,0.0,0.004096026089973784,0.0022350952123576465,0.0,0.0022350952123576465,0.0005672036405121414,0.0
agartala,2026-06-26,0.9,2.782186985015869,23.83,91.29,Break,-1.2153805705503016,Inland,0.9,0.4631640350818624,2.6782267992424242,6.658046788828285,10.893043473138958,6.658046788828285,0.0004949383454983312,0.0
ahmedabad,2026-06-26,0.0,0.0,23.02,72.57,Break,-1.2153805705503016,Inland,0.0,0.0,0.12361978471279149,0.3707023471147663,0.0,0.3707023471147663,0.00024462797957760585,0.0
amritsar,2026-06-26,0.7000000000000001,6.462249279022217,31.63,74.87,Break,-1.2153805705503016,Inland,0.7000000000000001,0.30749936699867253,2.601216156699441,1.1860685263193278,0.8240761167280706,1.1860685263193278,0.0013070930079002803,0.0
bengaluru,2026-06-26,1.2999999999999998,2.5564534664154053,12.97,77.59,Break,-1.2153805705503016,Inland,1.2999999999999998,0.7850009989738465,3.2466875991821285,0.2587284316898794,0.0,0.2587284316898794,0.00024328445161102958,0.0
bhopal,2026-06-26,2.3,0.0,23.26,77.41,Break,-1.2153805705503016,Inland,2.3,1.8577551126480132,5.363488302612304,1.6739981874800476,1.2400482755542146,1.6739981874800476,0.0005439789044908306,0.0
bhubaneswar,2026-06-26,2.0,1.648492455482483,20.3,85.82,Break,-1.2153805705503016,East coast,2.0,1.5731775283813474,2.547613171593087,7.358236671068884,7.715797444617574,7.358236671068884,0.0003118750367098907,0.0
chandigarh,2026-06-26,0.6000000000000001,0.0,30.73,76.78,Break,-1.2153805705503016,Inland,0.6000000000000001,0.2096040561795239,2.5305396938323974,0.9248429515787808,0.38046181396241785,0.9248429515787808,0.001875918187734619,0.0
chennai,2026-06-26,0.0,1.0482677221298218,13.08,80.27,Break,-1.2153805705503016,East coast,0.0,0.0,0.004096026089973784,0.007819925318876432,0.0,0.007819925318876432,0.0001277740089179435,0.0
dehradun,2026-06-26,0.6,0.0,30.32,78.03,Break,-1.2153805705503016,Hill / Himalayan orographic,0.6,0.20960405617952385,0.9002433294057849,1.278265416974223,0.4844909347172208,1.278265416974223,0.0016873092698684211,0.0
delhi,2026-06-26,3.9,0.0,28.61,77.21,Break,-1.2153805705503016,Inland,3.9,3.6818016433715814,6.509715530037448,3.937434144046815,4.291047225044438,3.937434144046815,0.002354222549489199,0.0
gangtok,2026-06-26,4.0,40.72620391845703,27.33,88.61,Break,-1.2153805705503016,Hill / Himalayan orographic,4.0,3.810744563341142,4.43066016703553,14.750617328086646,19.97247199147011,14.750617328086646,0.0009444919624222299,0.0
guwahati,2026-06-26,31.5,0.0,26.14,91.74,Break,-1.2153805705503016,Inland,31.5,40.452904196059244,27.995599802680978,2.2702315758065077,1.9627379663576354,2.2702315758065077,0.0018630392816145122,0.0
hyderabad,2026-06-26,6.4,0.0,17.39,78.49,Break,-1.2153805705503016,Inland,6.4,6.519334317445759,9.06433791233943,2.962859210223559,2.6976383353043607,2.962859210223559,0.0006374644677077504,0.0
jabalpur,2026-06-26,1.5,2.2843246459960938,23.18,79.95,Break,-1.2153805705503016,Inland,1.5,1.0143090963363648,3.770135034322739,1.2158609184725733,0.8381569760597329,1.2158609184725733,0.0002874079041791451,0.0
jaipur,2026-06-26,0.0,0.635200023651123,26.91,75.79,Break,-1.2153805705503016,Inland,0.0,0.0,0.12361978471279149,0.01570792171415512,0.0,0.01570792171415512,0.00012894618987195167,0.0
jodhpur,2026-06-26,0.0,0.0,26.24,73.02,Break,-1.2153805705503016,Inland,0.0,0.0,0.12361978471279149,0.04791878645799375,0.0,0.04791878645799375,0.00013288240815001844,0.0
kochi,2026-06-26,12.0,3.740809679031372,9.93,76.27,Break,-1.2153805705503016,West-coast orographic,12.0,14.300506892204286,19.43408018470802,9.001536382292104,10.37070235297305,9.001536382292104,0.00429627649222997,0.0
kolkata,2026-06-26,0.5,0.879045844078064,22.57,88.36,Break,-1.2153805705503016,East coast,0.5,0.15714814335107796,0.7282527452707289,4.722404888267098,2.7334166896430325,4.722404888267098,0.0006594542477824426,0.0
lucknow,2026-06-26,0.1,0.6677449345588684,26.85,80.95,Break,-1.2153805705503016,Inland,0.1,0.0,0.29599287629127474,0.6670396989632909,0.047157878225724086,0.6670396989632909,0.00015317810088975653,0.0
madurai,2026-06-26,0.0,0.0,9.93,78.12,Break,-1.2153805705503016,Inland,0.0,0.0,0.12361978471279149,0.0031944061869011433,0.0,0.0031944061869011433,0.00015312795655246354,0.0
mangaluru,2026-06-26,23.900000000000002,19.863727569580078,12.91,74.86,Break,-1.2153805705503016,West-coast orographic,23.900000000000002,31.44038963642937,53.881223605105056,12.63903458287047,17.895273987199843,12.63903458287047,0.01116735639478454,0.0
mumbai,2026-06-26,10.3,0.02307899482548237,19.08,72.88,Break,-1.2153805705503016,West-coast orographic,10.3,11.300415334701537,17.6646588587603,32.56630317301819,55.51538277250179,32.56630317301819,0.0136542682165514,0.0
nagpur,2026-06-26,1.2999999999999998,0.8236290812492371,21.15,79.09,Break,-1.2153805705503016,Inland,1.2999999999999998,0.7850009989738465,3.2466875991821285,1.1806496700481646,0.8215149879506207,1.1806496700481646,0.00018894471140330183,0.0
panaji,2026-06-26,42.2,19.760936737060547,15.49,73.83,Break,-1.2153805705503016,West-coast orographic,42.2,62.42527071105734,67.07846473774214,10.766665964133354,15.93915183600188,10.766665964133354,0.007975079145629997,0.0
patna,2026-06-26,0.4,4.6075286865234375,25.59,85.14,Break,-1.2153805705503016,Inland,0.4,0.08473654538393023,1.3075130939483648,1.7802208275043117,1.3138148016582534,1.7802208275043117,0.0004896682360066337,0.0
pune,2026-06-26,1.2999999999999998,0.0,18.52,73.86,Break,-1.2153805705503016,Inland,1.2999999999999998,0.7850009989738465,3.2466875991821285,0.6149457768435018,0.011037524814557132,0.6149457768435018,0.00027967532500862104,0.0
raipur,2026-06-26,1.8,7.4275593757629395,21.25,81.63,Break,-1.2153805705503016,Inland,1.8,1.3111827826499938,4.50524881774304,3.9860324746354117,4.4045797017202,3.9860324746354117,0.0012386740483447522,0.0
ranchi,2026-06-26,1.1,0.0,23.34,85.31,Break,-1.2153805705503016,Inland,1.1,0.6165620255470278,2.8488337050092976,3.869569905033505,4.008129039701814,3.869569905033505,0.0002696169379645184,0.0
shillong,2026-06-26,11.6,35.45536804199219,25.58,91.89,Break,-1.2153805705503016,Hill / Himalayan orographic,11.6,13.620351433477422,18.599384727287624,13.163018666177896,18.06587531110064,13.163018666177896,0.0029363949521349487,0.0
shimla,2026-06-26,3.3,1.1127173900604248,31.1,77.17,Break,-1.2153805705503016,Hill / Himalayan orographic,3.3,2.9805861425399773,3.6779378353209187,3.1649266995465375,1.6507979497142655,3.1649266995465375,0.0013368103412975032,0.0
srinagar,2026-06-26,0.6,0.0,34.08,74.8,Break,-1.2153805705503016,Hill / Himalayan orographic,0.6,0.20960405617952385,0.9002433294057849,0.30649855717915936,0.0,0.30649855717915936,0.0009030416780518317,0.0
surat,2026-06-26,3.1,0.0,21.17,72.83,Break,-1.2153805705503016,West-coast orographic,3.1,2.7380748844146723,3.5400971580257075,6.800237968796289,6.132791127385968,6.800237968796289,0.006097011008346833,0.0
thiruvananthapuram,2026-06-26,0.0,0.0,8.52,76.94,Break,-1.2153805705503016,West-coast orographic,0.0,0.0,0.004096026089973784,0.20796695764822154,0.0,0.20796695764822154,0.00021395914866527302,0.0
varanasi,2026-06-26,0.6,0.0520937405526638,25.32,82.97,Break,-1.2153805705503016,Inland,0.6,0.20960405617952385,2.283181524276737,2.085457316781625,1.672099343979383,2.085457316781625,0.0026424656692614324,0.0
vijayawada,2026-06-26,0.9,0.0,16.51,80.65,Break,-1.2153805705503016,Inland,0.9,0.4631640350818624,2.6782267992424242,0.3552564071558873,0.0,0.3552564071558873,0.00037260588154614584,0.0
visakhapatnam,2026-06-26,3.6,0.0,17.69,83.22,Break,-1.2153805705503016,East coast,3.6,3.2645305617650346,3.8945229109835378,4.118317114533644,2.51973912395394,4.118317114533644,0.00198200856250884,0.0
agartala,2026-06-27,0.8,1.3929941654205322,23.83,91.29,Normal,-0.587636223538943,Inland,0.8,0.3978929859399801,0.4318348467350006,5.738511130373419,6.90217579889229,5.738511130373419,0.0003509986348619039,0.0
ahmedabad,2026-06-27,0.0,0.0,23.02,72.57,Normal,-0.587636223538943,Inland,0.0,0.0,0.0,0.20562768044065985,0.0,0.20562768044065985,0.00018192517348909298,0.0
amritsar,2026-06-27,2.7,0.0,31.63,74.87,Normal,-0.587636223538943,Inland,2.7,2.3808333110809334,2.091672810588976,2.732269793172858,2.0302091788352468,2.732269793172858,0.0006764236313511892,0.0
bengaluru,2026-06-27,0.0,0.0,12.97,77.59,Normal,-0.587636223538943,Inland,0.0,0.0,0.0,0.04745854129975472,0.0,0.04745854129975472,0.00011293423773991761,0.0
bhopal,2026-06-27,7.6000000000000005,0.0,23.26,77.41,Normal,-0.587636223538943,Inland,7.6000000000000005,8.006303045749663,6.977057192325595,12.975974392904682,26.326559453111805,12.975974392904682,0.013914798435922146,0.0
bhubaneswar,2026-06-27,0.0,0.3937487304210663,20.3,85.82,Normal,-0.587636223538943,East coast,0.0,0.0,0.0,1.6550958214637688,0.1253802617692856,1.6550958214637688,0.00011316079795419177,0.0
chandigarh,2026-06-27,0.30000000000000004,0.0,30.73,76.78,Normal,-0.587636223538943,Inland,0.30000000000000004,0.03837151229381571,0.06651330053806304,0.4074464086032994,0.0,0.4074464086032994,0.00019388768742067432,0.0
chennai,2026-06-27,0.0,0.08436746150255203,13.08,80.27,Normal,-0.587636223538943,East coast,0.0,0.0,0.0,0.015509098957397743,0.0,0.015509098957397743,8.863581393730591e-05,0.0
dehradun,2026-06-27,0.0,1.056087851524353,30.32,78.03,Normal,-0.587636223538943,Hill / Himalayan orographic,0.0,0.0,0.0,0.4432117724471337,0.0,0.4432117724471337,0.00017413564745755823,0.0
delhi,2026-06-27,0.3,0.0,28.61,77.21,Normal,-0.587636223538943,Inland,0.3,0.009953574799001217,0.027037520930170946,0.45858280482334884,0.0,0.45858280482334884,0.00019388768742067432,0.0
gangtok,2026-06-27,7.8,5.914587497711182,27.33,88.61,Normal,-0.587636223538943,Hill / Himalayan orographic,7.8,8.255009019374846,4.21338062286377,22.456715040501496,45.187705446561665,22.456715040501496,0.0025817517209664816,0.0
guwahati,2026-06-27,22.4,0.0,26.14,91.74,Normal,-0.587636223538943,Inland,22.4,29.188636433007073,28.26826988546298,2.6535007533092485,1.8933535293827404,2.6535007533092485,0.0019072669352250752,0.0
hyderabad,2026-06-27,10.9,0.0,17.39,78.49,Normal,-0.587636223538943,Inland,10.9,12.462018042095643,10.789267429902184,3.7482101111154753,3.2815660129374082,3.7482101111154753,0.0012547629800738701,0.0
jabalpur,2026-06-27,1.7000000000000002,0.15385094285011292,23.18,79.95,Normal,-0.587636223538943,Inland,1.7000000000000002,1.2303739786148071,1.2442438840866095,1.6408795137001075,0.5000467185210148,1.6408795137001075,0.0005629636140855289,0.0
jaipur,2026-06-27,0.2,0.0,26.91,75.79,Normal,-0.587636223538943,Inland,0.2,0.0,0.0,0.04838732297968733,0.0,0.04838732297968733,0.00012140394163276749,0.0
jodhpur,2026-06-27,0.0,0.07658214122056961,26.24,73.02,Normal,-0.587636223538943,Inland,0.0,0.0,0.0,0.030043848973691605,0.0,0.030043848973691605,0.00012023834318635365,0.0
kochi,2026-06-27,16.3,13.319217681884766,9.93,76.27,Normal,-0.587636223538943,West-coast orographic,16.3,20.16057162216142,23.92899437715232,9.478799934690997,10.545902592096125,9.478799934690997,0.0015079576922309413,0.0
kolkata,2026-06-27,0.7,0.013489410281181335,22.57,88.36,Normal,-0.587636223538943,East coast,0.7,0.2523269239068034,0.6158798038959503,3.449042563183474,1.9206938068445334,3.449042563183474,0.0005076263756825784,0.0
lucknow,2026-06-27,0.0,2.2470006942749023,26.85,80.95,Normal,-0.587636223538943,Inland,0.0,0.0,0.0,0.4105024864195264,0.0,0.4105024864195264,0.0001442186977339842,0.0
madurai,2026-06-27,0.7000000000000001,1.0397955179214478,9.93,78.12,Normal,-0.587636223538943,Inland,0.7000000000000001,0.30749936699867253,0.3075807201862336,0.9679615126074831,0.0,0.9679615126074831,0.0004346786815309094,0.0
mangaluru,2026-06-27,25.3,11.474425315856934,12.91,74.86,Normal,-0.587636223538943,West-coast orographic,25.3,33.73326830603426,37.777580639366505,12.566449918994719,14.361304789865734,12.566449918994719,0.006555092987522697,0.0
mumbai,2026-06-27,8.6,0.007273946888744831,19.08,72.88,Normal,-0.587636223538943,West-coast orographic,8.6,9.322920951843267,14.420405310392383,37.10492017057988,52.272103827723704,37.10492017057988,0.010310691985097249,0.0
nagpur,2026-06-27,29.7,1.6889264583587646,21.15,79.09,Normal,-0.587636223538943,Inland,29.7,38.981782627991855,36.4574261071262,7.097356624904968,9.983159658758376,7.097356624904968,0.0029596252496556,0.0
panaji,2026-06-27,32.2,10.821514129638672,15.49,73.83,Normal,-0.587636223538943,West-coast orographic,32.2,41.025007028085454,47.839300602244336,5.491658694674514,5.0473391124687925,5.491658694674514,0.002533599669642576,0.0
patna,2026-06-27,0.0,0.0,25.59,85.14,Normal,-0.587636223538943,Inland,0.0,0.0,0.0,0.4627666242525328,0.0,0.4627666242525328,8.791033162779088e-05,0.0
pune,2026-06-27,1.5,0.18163497745990753,18.52,73.86,Normal,-0.587636223538943,Inland,1.5,1.0143090963363648,1.0128345966339114,0.5898648780958232,0.0,0.5898648780958232,0.0002040411658560001,0.0
raipur,2026-06-27,3.9,4.359984397888184,21.25,81.63,Normal,-0.587636223538943,Inland,3.9,3.6818016433715814,3.277247711817425,4.971028147044642,5.581761179985159,4.971028147044642,0.0031881753312645324,0.0
ranchi,2026-06-27,0.2,0.0,23.34,85.31,Normal,-0.587636223538943,Inland,0.2,0.0,0.0,1.6784271927701242,0.5333975521503533,1.6784271927701242,0.00011524129235834854,0.0
shillong,2026-06-27,10.0,0.5982871055603027,25.58,91.89,Normal,-0.587636223538943,Hill / Himalayan orographic,10.0,10.900878699166435,6.946028546310054,4.220640083297728,2.7703710895116016,4.220640083297728,0.0012281244157783316,0.0
shimla,2026-06-27,7.8999999999999995,17.791093826293945,31.1,77.17,Normal,-0.587636223538943,Hill / Himalayan orographic,7.8999999999999995,8.398262000083921,4.398938369750975,15.662491646798317,27.13855086611891,15.662491646798317,0.005711156859935709,0.0
srinagar,2026-06-27,0.2,0.11060003191232681,34.08,74.8,Normal,-0.587636223538943,Hill / Himalayan orographic,0.2,0.0,0.0,0.2884888229651131,0.0,0.2884888229651131,0.00015859042852553384,0.0
surat,2026-06-27,6.3,0.0,21.17,72.83,Normal,-0.587636223538943,West-coast orographic,6.3,6.40490694046021,11.255145811151575,25.914644907869025,34.061158292986086,25.914644907869025,0.014570912539412381,0.0
thiruvananthapuram,2026-06-27,1.2,3.190232753753662,8.52,76.94,Normal,-0.587636223538943,West-coast orographic,1.2,0.6972900778055192,1.392844927608968,1.4837961599215785,0.6211960976562828,1.4837961599215785,0.0003602753166862907,0.0
varanasi,2026-06-27,0.0,0.0,25.32,82.97,Normal,-0.587636223538943,Inland,0.0,0.0,0.0,0.23115609836994985,0.0,0.23115609836994985,0.00018839678000210822,0.0
vijayawada,2026-06-27,0.6,45.649017333984375,16.51,80.65,Normal,-0.587636223538943,Inland,0.6,0.20960405617952385,0.2596943497657778,0.4047574110662499,0.0,0.4047574110662499,0.000616806881426442,0.0
visakhapatnam,2026-06-27,1.4000000000000001,0.0,17.69,83.22,Normal,-0.587636223538943,East coast,1.4000000000000001,0.8759232437610629,1.5558733725547806,1.2016375213161723,0.014663138806739967,1.2016375213161723,0.0003495159301786249,0.0
agartala,2026-06-28,7.2,3.375445604324341,23.83,91.29,Normal,-0.15925127482255808,Inland,7.2,7.615986392498016,6.596164749145509,14.947980441022004,29.40449403768728,14.947980441022004,0.003325434736567531,0.0
ahmedabad,2026-06-28,0.0,0.0,23.02,72.57,Normal,-0.15925127482255808,Inland,0.0,0.0,0.0,0.3398666504347347,0.0,0.3398666504347347,0.00017110978197653224,0.0
amritsar,2026-06-28,0.7000000000000001,0.0,31.63,74.87,Normal,-0.15925127482255808,Inland,0.7000000000000001,0.30749936699867253,0.3075807201862336,2.137669018813522,1.0553343701040352,2.137669018813522,0.000465608418844367,0.0
bengaluru,2026-06-28,3.6,0.03987046703696251,12.97,77.59,Normal,-0.15925127482255808,Inland,3.6,3.2645305617650346,2.937669577598572,0.35005289812960827,0.0,0.35005289812960827,0.0006251751940775478,0.0
bhopal,2026-06-28,1.4,8.251567840576172,23.26,77.41,Normal,-0.15925127482255808,Inland,1.4,0.8759232437610627,0.8608864521980286,1.324424029360096,0.17046092440336713,1.324424029360096,0.000548842220193194,0.0
bhubaneswar,2026-06-28,0.7,0.0,20.3,85.82,Normal,-0.15925127482255808,East coast,0.7,0.2523269239068034,0.6158798038959503,3.838540413590625,2.422649455796355,3.838540413590625,0.00044304612144383437,0.0
chandigarh,2026-06-28,0.0,0.0,30.73,76.78,Normal,-0.15925127482255808,Inland,0.0,0.0,0.0,0.9121919574793892,0.0,0.9121919574793892,0.00022511393486606977,0.0
chennai,2026-06-28,0.0,4.890562057495117,13.08,80.27,Normal,-0.15925127482255808,East coast,0.0,0.0,0.0,0.021526529315438,0.0,0.021526529315438,9.711609323036962e-05,0.0
dehradun,2026-06-28,0.0,0.16599489748477936,30.32,78.03,Normal,-0.15925127482255808,Hill / Himalayan orographic,0.0,0.0,0.0,1.1346307915102412,0.08224809156745588,1.1346307915102412,0.00022192402967531594,0.0
delhi,2026-06-28,0.3,2.46307110786438,28.61,77.21,Normal,-0.15925127482255808,Inland,0.3,0.009953574799001217,0.027037520930170946,0.5832660741682161,0.0,0.5832660741682161,0.00022511393486606977,0.0
gangtok,2026-06-28,9.8,53.4678840637207,27.33,88.61,Normal,-0.15925127482255808,Hill / Himalayan orographic,9.8,10.634520942143036,6.653270974119833,15.078332040373652,25.329317805537183,15.078332040373652,0.006085076344376618,0.0
guwahati,2026-06-28,22.7,20.314159393310547,26.14,91.74,Normal,-0.15925127482255808,Inland,22.7,29.632682380952716,28.513940290382713,3.2170600952154706,2.557408250065623,3.2170600952154706,0.002915916441443301,0.0
hyderabad,2026-06-28,1.8,0.0,17.39,78.49,Normal,-0.15925127482255808,Inland,1.8,1.3111827826499938,1.3396156382560747,0.4329972441989332,0.0,0.4329972441989332,0.00034398071840291525,0.0
jabalpur,2026-06-28,3.8000000000000003,0.6519725918769836,23.18,79.95,Normal,-0.15925127482255808,Inland,3.8000000000000003,3.5092425048351283,3.190331495602927,4.268524763040468,4.355934108187456,4.268524763040468,0.0015738391906776788,0.0
jaipur,2026-06-28,0.0,0.0,26.91,75.79,Normal,-0.15925127482255808,Inland,0.0,0.0,0.0,0.035264689999530315,0.0,0.035264689999530315,0.00012025245688035916,0.0
jodhpur,2026-06-28,0.0,0.17869165539741516,26.24,73.02,Normal,-0.15925127482255808,Inland,0.0,0.0,0.0,0.12893703976824264,0.0,0.12893703976824264,0.00011435731767040393,0.0
kochi,2026-06-28,28.9,23.504642486572266,9.93,76.27,Normal,-0.15925127482255808,West-coast orographic,28.9,38.3279508199619,44.17107575701981,6.493848033674878,6.49794221020358,6.493848033674878,0.0019204969353899643,0.0
kolkata,2026-06-28,0.0,0.0005965555901639163,22.57,88.36,Normal,-0.15925127482255808,East coast,0.0,0.0,0.0,3.8586510945815107,2.4371660199629908,3.8586510945815107,0.0001660293658691013,0.0
lucknow,2026-06-28,4.0,7.374226093292236,26.85,80.95,Normal,-0.15925127482255808,Inland,4.0,3.810744563341142,3.3641639280319233,4.85390777775552,5.454830127209382,4.85390777775552,0.001903613591235026,0.0
madurai,2026-06-28,2.4000000000000004,0.708970308303833,9.93,78.12,Normal,-0.15925127482255808,Inland,2.4000000000000004,1.9588867127895386,1.8209930014610287,0.6617058656700332,0.0,0.6617058656700332,0.0003022446877710985,0.0
mangaluru,2026-06-28,29.0,7.455592632293701,12.91,74.86,Normal,-0.15925127482255808,West-coast orographic,29.0,38.409679795965644,44.28538142810715,9.60180097201667,10.911794611701351,9.60180097201667,0.005940319072542023,0.0
mumbai,2026-06-28,5.6,6.915813446044922,19.08,72.88,Normal,-0.15925127482255808,West-coast orographic,5.6,5.553199443817141,10.14663181756797,23.571750572525332,28.52383304048792,23.571750572525332,0.0052278719322190045,0.0
nagpur,2026-06-28,0.5,14.498929977416992,21.15,79.09,Normal,-0.15925127482255808,Inland,0.5,0.15714814335107796,0.203727039694786,0.8537172329193016,0.0,0.8537172329193016,0.00046794553989546296,0.0
panaji,2026-06-28,42.0,36.37287521362305,15.49,73.83,Normal,-0.15925127482255808,West-coast orographic,42.0,61.86512657146607,82.05254566090271,16.09341371874906,19.904539533092752,16.09341371874906,0.008847559029118766,0.0
patna,2026-06-28,1.3,6.850005149841309,25.59,85.14,Normal,-0.15925127482255808,Inland,1.3,0.7850009989738467,0.8031551063060761,1.511981490387758,0.34844416421519264,1.511981490387758,0.00024057755830366828,0.0
pune,2026-06-28,0.8,3.987196207046509,18.52,73.86,Normal,-0.15925127482255808,Inland,0.8,0.3978929859399801,0.4318348467350006,0.5284243061649067,0.0,0.5284243061649067,0.00020107301456785535,0.0
raipur,2026-06-28,3.0,1.9527639150619507,21.25,81.63,Normal,-0.15925127482255808,Inland,3.0,2.6352024364471434,2.330202827788234,3.866593448576976,3.569183360757244,3.866593448576976,0.0036945100683782733,0.0
ranchi,2026-06-28,0.6,0.04932054132223129,23.34,85.31,Normal,-0.15925127482255808,Inland,0.6,0.20960405617952385,0.2596943497657778,2.8863219304101926,2.1793469403100323,2.8863219304101926,0.0007229952321076222,0.0
shillong,2026-06-28,1.3,28.576635360717773,25.58,91.89,Normal,-0.15925127482255808,Hill / Himalayan orographic,1.3,0.7850009989738467,0.11886098057031644,6.583442540077824,5.783973429054899,6.583442540077824,0.00028311509531156893,0.0
shimla,2026-06-28,0.0,0.2593310475349426,31.1,77.17,Normal,-0.15925127482255808,Hill / Himalayan orographic,0.0,0.0,0.0,0.8927776738400772,0.0,0.8927776738400772,0.00017501353443445742,0.0
srinagar,2026-06-28,4.6,0.0,34.08,74.8,Normal,-0.15925127482255808,Hill / Himalayan orographic,4.6,4.387842885653179,1.701596388022105,1.5540898989336327,0.33592179493157553,1.5540898989336327,0.003327670515340922,0.0
surat,2026-06-28,0.0,0.0,21.17,72.83,Normal,-0.15925127482255808,West-coast orographic,0.0,0.0,0.0,0.1810780758789125,0.0,0.1810780758789125,0.0001660253724559663,0.0
thiruvananthapuram,2026-06-28,0.0,0.0,8.52,76.94,Normal,-0.15925127482255808,West-coast orographic,0.0,0.0,0.0,0.1967156945045448,0.0,0.1967156945045448,0.00016462950322806156,0.0
varanasi,2026-06-28,1.3,0.0,25.32,82.97,Normal,-0.15925127482255808,Inland,1.3,0.7850009989738467,0.8031551063060761,1.0462444172191092,0.018192405371814487,1.0462444172191092,0.0010395014899254379,0.0
vijayawada,2026-06-28,0.7999999999999999,7.851832866668701,16.51,80.65,Normal,-0.15925127482255808,Inland,0.7999999999999999,0.39789298593998,0.4318348467350004,0.5014194890533944,0.0,0.5014194890533944,0.00041538918071011246,0.0
visakhapatnam,2026-06-28,0.0,4.3154473304748535,17.69,83.22,Normal,-0.15925127482255808,East coast,0.0,0.0,0.0,0.459171028351528,0.0,0.459171028351528,0.00015769248773915619,0.0
agartala,2026-06-29,0.30000000000000004,19.342744827270508,23.83,91.29,Normal,-0.566309555946495,Inland,0.30000000000000004,0.03837151229381571,0.06651330053806304,5.3828895127268614,6.076537939280351,5.3828895127268614,0.00014287186727193876,0.0
ahmedabad,2026-06-29,0.0,0.0,23.02,72.57,Normal,-0.566309555946495,Inland,0.0,0.0,0.0,0.23457402995849183,0.0,0.23457402995849183,0.00018192517348909298,0.0
amritsar,2026-06-29,0.39999999999999997,0.0,31.63,74.87,Normal,-0.566309555946495,Inland,0.39999999999999997,0.05658722586929801,0.10105200275778772,1.343731827143428,0.18451530451549986,1.343731827143428,0.0024798734879267906,0.0
bengaluru,2026-06-29,1.6,0.0,12.97,77.59,Normal,-0.566309555946495,Inland,1.6,1.1160505616664886,1.1108233165740968,0.4129396832531633,0.0,0.4129396832531633,0.00018913867687624913,0.0
bhopal,2026-06-29,0.9,0.0,23.26,77.41,Normal,-0.566309555946495,Inland,0.9,0.4631640350818624,0.5155794560909275,1.2634427317879895,0.1349470832035487,1.2634427317879895,0.00046620179330027743,0.0
bhubaneswar,2026-06-29,0.0,0.0,20.3,85.82,Normal,-0.566309555946495,East coast,0.0,0.0,0.0,1.977326977776436,0.27033740203095163,1.977326977776436,0.00011364261875045499,0.0
chandigarh,2026-06-29,0.2,0.0,30.73,76.78,Normal,-0.566309555946495,Inland,0.2,0.0,0.0,0.6298895643951758,0.0,0.6298895643951758,0.00019388768742067432,0.0
chennai,2026-06-29,0.4,0.0,13.08,80.27,Normal,-0.566309555946495,East coast,0.4,0.08473654538393023,0.25990944147109996,0.33207781700327654,0.0,0.33207781700327654,0.00034770111408761453,0.0
dehradun,2026-06-29,0.0,0.5913944244384766,30.32,78.03,Normal,-0.566309555946495,Hill / Himalayan orographic,0.0,0.0,0.0,0.48526280101469843,0.0,0.48526280101469843,0.00017413564745755823,0.0
delhi,2026-06-29,0.2,0.0,28.61,77.21,Normal,-0.566309555946495,Inland,0.2,0.0,0.0,0.6931027963020266,0.0,0.6931027963020266,0.00019388768742067432,0.0
gangtok,2026-06-29,19.4,21.16242790222168,27.33,88.61,Normal,-0.566309555946495,Hill / Himalayan orographic,19.4,25.325493151294307,24.148106854504874,14.448194516572714,23.475419390828417,14.448194516572714,0.020825926785869003,0.0
guwahati,2026-06-29,7.1,0.0,26.14,91.74,Normal,-0.566309555946495,Inland,7.1,7.542028717994689,6.503909200668335,5.881619679839157,7.211894131254774,5.881619679839157,0.0008251194217928172,0.0
hyderabad,2026-06-29,0.0,0.10860848426818848,17.39,78.49,Normal,-0.566309555946495,Inland,0.0,0.0,0.0,0.22187457652848044,0.0,0.22187457652848044,9.50511968725142e-05,0.0
jabalpur,2026-06-29,1.9,0.0,23.18,79.95,Normal,-0.566309555946495,Inland,1.9,1.3919915866851806,1.4349873924255399,1.7209103891619517,0.5630362597177293,1.7209103891619517,0.00036636819076267324,0.0
jaipur,2026-06-29,0.0,0.13478997349739075,26.91,75.79,Normal,-0.566309555946495,Inland,0.0,0.0,0.0,0.025413927472762086,0.0,0.025413927472762086,0.00012140394163276749,0.0
jodhpur,2026-06-29,0.0,0.0,26.24,73.02,Normal,-0.566309555946495,Inland,0.0,0.0,0.0,0.04169688990021819,0.0,0.04169688990021819,0.00012023834318635365,0.0
kochi,2026-06-29,38.1,57.56112289428711,9.93,76.27,Normal,-0.566309555946495,West-coast orographic,38.1,50.942315849436525,57.08870948804073,11.051473418436627,12.768927356993975,11.051473418436627,0.010190650983977496,0.0
kolkata,2026-06-29,0.0,0.008519628085196018,22.57,88.36,Normal,-0.566309555946495,East coast,0.0,0.0,0.0,3.892838756171738,2.5789277460887945,3.892838756171738,0.00014337557639907127,0.0
lucknow,2026-06-29,4.7,0.3571658730506897,26.85,80.95,Normal,-0.566309555946495,Inland,4.7,4.477807315190635,4.075204133258494,4.597905879546734,5.021641025236135,4.597905879546734,0.0017245607767710463,0.0
madurai,2026-06-29,1.3,0.0,9.93,78.12,Normal,-0.566309555946495,Inland,1.3,0.7850009989738467,0.8031551063060761,1.0519343056832706,0.021499141715873513,1.0519343056832706,0.00019559860978938552,0.0
mangaluru,2026-06-29,22.0,32.499534606933594,12.91,74.86,Normal,-0.566309555946495,West-coast orographic,22.0,28.596575169079554,33.08793961363249,13.347636841096106,15.783022002166653,13.347636841096106,0.005948378513010827,0.0
mumbai,2026-06-29,7.800000000000001,118.46401977539062,19.08,72.88,Normal,-0.566309555946495,West-coast orographic,7.800000000000001,8.255009019374846,13.252349243164064,42.705380436357,56.589835599240715,42.705380436357,0.0100750928138917,0.0
nagpur,2026-06-29,1.4000000000000001,5.504584312438965,21.15,79.09,Normal,-0.566309555946495,Inland,1.4000000000000001,0.8759232437610629,0.860886452198029,0.878925152488134,0.0,0.878925152488134,0.00014984102274527477,0.0
panaji,2026-06-29,21.3,34.48929214477539,15.49,73.83,Normal,-0.566309555946495,West-coast orographic,21.3,27.64084035020378,32.17425087738847,7.242655240843674,7.712141776401684,7.242655240843674,0.0019223175424101383,0.0
patna,2026-06-29,0.9,9.166650772094727,25.59,85.14,Normal,-0.566309555946495,Inland,0.9,0.4631640350818624,0.5155794560909275,1.290557722543321,0.1492910463437002,1.290557722543321,0.00016756006522808913,0.0
pune,2026-06-29,0.30000000000000004,11.739520072937012,18.52,73.86,Normal,-0.566309555946495,Inland,0.30000000000000004,0.03837151229381571,0.06651330053806304,0.24494799926703476,0.0,0.24494799926703476,0.0001190485723286684,0.0
raipur,2026-06-29,4.2,0.4318348467350006,21.25,81.63,Normal,-0.566309555946495,Inland,4.2,4.0292352265119575,3.555867979526521,6.469869051622481,7.941063624257964,6.469869051622481,0.0023336155014096155,0.0
ranchi,2026-06-29,0.1,0.0,23.34,85.31,Normal,-0.566309555946495,Inland,0.1,0.0,0.0,2.002821012831714,0.8471691578638697,2.002821012831714,0.00011524129235834854,0.0
shillong,2026-06-29,2.9,50.98494338989258,25.58,91.89,Normal,-0.566309555946495,Hill / Himalayan orographic,2.9,2.5624240255355835,0.7938500116421625,7.6949323424599285,7.836778724591854,7.6949323424599285,0.0005127634794775913,0.0
shimla,2026-06-29,2.1,23.22050666809082,31.1,77.17,Normal,-0.566309555946495,Hill / Himalayan orographic,2.1,1.6449435740709302,0.3852919105273575,1.8904438241947663,0.6100951408595114,1.8904438241947663,0.0005086472345970294,0.0
srinagar,2026-06-29,0.8,0.0,34.08,74.8,Normal,-0.566309555946495,Hill / Himalayan orographic,0.8,0.3978929859399801,0.0,0.3815147876133176,0.0,0.3815147876133176,0.0003803980962033752,0.0
surat,2026-06-29,3.0,0.0,21.17,72.83,Normal,-0.566309555946495,West-coast orographic,3.0,2.6352024364471434,5.531429056765428,3.2609740507302765,2.2619012338418365,3.2609740507302765,0.002972026252749226,0.0
thiruvananthapuram,2026-06-29,2.2,10.765304565429688,8.52,76.94,Normal,-0.566309555946495,West-coast orographic,2.2,1.716709619760513,4.2426247521214835,1.5462336304326838,0.7083634858434321,1.5462336304326838,0.0004295982857492917,0.0
varanasi,2026-06-29,1.5999999999999999,0.01302343513816595,25.32,82.97,Normal,-0.566309555946495,Inland,1.5999999999999999,1.1160505616664884,1.1108233165740966,0.9035278320181823,0.0,0.9035278320181823,0.0006675787508351306,0.0
vijayawada,2026-06-29,0.7,14.035552024841309,16.51,80.65,Normal,-0.566309555946495,Inland,0.7,0.2523269239068034,0.3075807201862335,0.5239952389248524,0.0,0.5239952389248524,0.0006793560476116563,0.0
visakhapatnam,2026-06-29,0.9,0.0,17.69,83.22,Normal,-0.566309555946495,East coast,0.9,0.4631640350818624,0.7439046147332254,1.2122533189326268,0.01629068802212607,1.2122533189326268,0.0003495159301786249,0.0
agartala,2026-06-30,0.7,0.0,23.83,91.29,Normal,-0.9401070363488979,Inland,0.7,0.2523269239068034,0.3075807201862335,7.229248645896177,10.51483573305151,7.229248645896177,0.0010337786049839281,0.0
ahmedabad,2026-06-30,0.0,0.0,23.02,72.57,Normal,-0.9401070363488979,Inland,0.0,0.0,0.0,0.16311705494744747,0.0,0.16311705494744747,0.00018281790404280592,0.0
amritsar,2026-06-30,0.2,0.0,31.63,74.87,Normal,-0.9401070363488979,Inland,0.2,0.0,0.0,0.5399431991410445,0.0,0.5399431991410445,0.00019507383465828458,0.0
bengaluru,2026-06-30,0.7000000000000001,4.684471130371094,12.97,77.59,Normal,-0.9401070363488979,Inland,0.7000000000000001,0.30749936699867253,0.3075807201862336,0.36809153551801516,0.0,0.36809153551801516,0.0006849272156377067,0.0
bhopal,2026-06-30,2.2,0.0,23.26,77.41,Normal,-0.9401070363488979,Inland,2.2,1.716709619760513,1.6597907984256743,2.1327973301070613,1.048162058560124,2.1327973301070613,0.000591273412195786,0.0
bhubaneswar,2026-06-30,1.8,47.8052864074707,20.3,85.82,Normal,-0.9401070363488979,East coast,1.8,1.3111827826499938,2.320288259983063,6.2106731248579345,9.315462481282038,6.2106731248579345,0.00048130473541445465,0.0
chandigarh,2026-06-30,0.0,0.0,30.73,76.78,Normal,-0.9401070363488979,Inland,0.0,0.0,0.0,0.279720395619621,0.0,0.279720395619621,0.00018758850654557264,0.0
chennai,2026-06-30,0.0,0.12655118107795715,13.08,80.27,Normal,-0.9401070363488979,East coast,0.0,0.0,0.0,0.01333886141798578,0.0,0.01333886141798578,0.00011639162218990952,0.0
dehradun,2026-06-30,0.0,22.462753295898438,30.32,78.03,Normal,-0.9401070363488979,Hill / Himalayan orographic,0.0,0.0,0.0,0.4268254161000853,0.0,0.4268254161000853,0.0001684780787840635,0.0
delhi,2026-06-30,2.2,0.17344485223293304,28.61,77.21,Normal,-0.9401070363488979,Inland,2.2,1.716709619760513,1.6597907984256743,2.212910769084352,1.1537946001295558,2.212910769084352,0.0007784862444300398,0.0
gangtok,2026-06-30,15.799999999999999,27.27838897705078,27.33,88.61,Normal,-0.9401070363488979,Hill / Himalayan orographic,15.799999999999999,19.728240987684263,18.696460160442996,17.181492502785847,34.47665082710161,17.181492502785847,0.004081210581162566,0.0
guwahati,2026-06-30,11.7,0.9117521047592163,26.14,91.74,Normal,-0.9401070363488979,Inland,11.7,13.785882320404054,12.128421142406028,10.161725600526974,17.863419982261387,10.161725600526974,0.003865395083658561,0.0
hyderabad,2026-06-30,0.1,1.0337283611297607,17.39,78.49,Normal,-0.9401070363488979,Inland,0.1,0.0,0.0,0.3537795621418856,0.0,0.3537795621418856,0.00011723143235771978,0.0
jabalpur,2026-06-30,0.0,28.90941619873047,23.18,79.95,Normal,-0.9401070363488979,Inland,0.0,0.0,0.0,0.4409972100184215,0.0,0.4409972100184215,0.0001293117911343967,0.0
jaipur,2026-06-30,0.0,0.0,26.91,75.79,Normal,-0.9401070363488979,Inland,0.0,0.0,0.0,0.013134327109140864,0.0,0.013134327109140864,0.00011745939498080432,0.0
jodhpur,2026-06-30,0.0,0.0,26.24,73.02,Normal,-0.9401070363488979,Inland,0.0,0.0,0.0,0.028736130553379615,0.0,0.028736130553379615,0.00012104500919408576,0.0
kochi,2026-06-30,27.1,18.66654396057129,9.93,76.27,Normal,-0.9401070363488979,West-coast orographic,27.1,36.25059227534062,42.113573677447725,8.623473454674842,8.796009243643677,8.623473454674842,0.009502810457089263,0.0
kolkata,2026-06-30,0.0,0.0838254988193512,22.57,88.36,Normal,-0.9401070363488979,East coast,0.0,0.0,0.0,4.490241352773778,4.099690659269308,4.490241352773778,0.000138854790695851,0.0
lucknow,2026-06-30,1.5,0.7738714814186096,26.85,80.95,Normal,-0.9401070363488979,Inland,1.5,1.0143090963363648,1.0128345966339114,1.5090027432990634,0.3450577771777207,1.5090027432990634,0.0004250058664617945,0.0
madurai,2026-06-30,0.7000000000000001,0.0,9.93,78.12,Normal,-0.9401070363488979,Inland,0.7000000000000001,0.30749936699867253,0.3075807201862336,0.765703991444167,0.0,0.765703991444167,0.000913866572375567,0.0
mangaluru,2026-06-30,50.9,55.61941909790039,12.91,74.86,Normal,-0.9401070363488979,West-coast orographic,50.9,75.14253831576917,83.68092197289442,17.377352901999956,21.770507235172172,17.377352901999956,0.05528151928295535,0.0
mumbai,2026-06-30,14.7,52.07125473022461,19.08,72.88,Normal,-0.9401070363488979,West-coast orographic,14.7,18.716407186068018,22.287505858259692,35.318492472112425,49.97047088422057,35.318492472112425,0.04769243998609631,0.0
nagpur,2026-06-30,2.9,24.96728515625,21.15,79.09,Normal,-0.9401070363488979,Inland,2.9,2.5624240255355835,2.2480320161060217,2.9882852253183567,2.348448786554309,2.9882852253183567,0.00123036424528756,0.0
panaji,2026-06-30,36.3,70.77334594726562,15.49,73.83,Normal,-0.9401070363488979,West-coast orographic,36.3,47.1459553898493,53.027150671336166,13.809811899459872,16.39554908465861,13.809811899459872,0.01667836106840709,0.0
patna,2026-06-30,6.1000000000000005,0.9639148712158203,25.59,85.14,Normal,-0.9401070363488979,Inland,6.1000000000000005,6.130272040367133,5.515731401443481,12.528782169096901,25.40507834227474,12.528782169096901,0.0013745311294712376,0.0
pune,2026-06-30,1.9,0.6941363215446472,18.52,73.86,Normal,-0.9401070363488979,Inland,1.9,1.3919915866851806,1.4349873924255399,1.201709725902656,0.09172362147846942,1.201709725902656,0.0003807304330422341,0.0
raipur,2026-06-30,14.1,7.245226860046387,21.25,81.63,Normal,-0.9401070363488979,Inland,14.1,18.145576362609862,15.64967693328857,12.238945304207185,24.807842563114797,12.238945304207185,0.031959207682283025,0.0
ranchi,2026-06-30,12.6,1.9367984533309937,23.34,85.31,Normal,-0.9401070363488979,Inland,12.6,15.534187204837796,13.632360465492999,15.746585928364249,30.76207899899651,15.746585928364249,0.004288251145193512,0.0
shillong,2026-06-30,2.2,9.335004806518555,25.58,91.89,Normal,-0.9401070363488979,Hill / Himalayan orographic,2.2,1.716709619760513,0.4658435841994496,8.52263730391947,9.036217267353411,8.52263730391947,0.000297110041238655,0.0
shimla,2026-06-30,0.5,2.378340482711792,31.1,77.17,Normal,-0.9401070363488979,Hill / Himalayan orographic,0.5,0.15714814335107796,0.0,1.17741745781425,0.10258681218134078,1.17741745781425,0.004044003588056522,0.0
srinagar,2026-06-30,0.7,0.0,34.08,74.8,Normal,-0.9401070363488979,Hill / Himalayan orographic,0.7,0.2523269239068034,0.0,0.2622779078223193,0.0,0.2622779078223193,0.0006883485444364008,0.0
surat,2026-06-30,8.5,30.186260223388672,21.17,72.83,Normal,-0.9401070363488979,West-coast orographic,8.5,9.195290353775029,14.264717423915867,41.811642049519186,56.174411354513566,41.811642049519186,0.08146226103478325,0.0
thiruvananthapuram,2026-06-30,7.0,1.7976524829864502,8.52,76.94,Normal,-0.9401070363488979,West-coast orographic,7.0,7.468071043491362,12.443320085674603,6.892831493767745,7.185397028112689,6.892831493767745,0.005392591394438229,0.0
varanasi,2026-06-30,2.0,0.18477201461791992,25.32,82.97,Normal,-0.9401070363488979,Inland,2.0,1.5731775283813474,1.5262618386745466,5.012296048111359,5.62485686595163,5.012296048111359,0.0016975654239538298,0.0
vijayawada,2026-06-30,0.8999999999999999,0.0,16.51,80.65,Normal,-0.9401070363488979,Inland,0.8999999999999999,0.4631640350818623,0.5155794560909274,0.49703545525350445,0.0,0.49703545525350445,0.00036389574774395425,0.0
visakhapatnam,2026-06-30,0.1,0.0,17.69,83.22,Normal,-0.9401070363488979,East coast,0.1,0.0,0.04922121018171313,0.7867320700756045,0.0,0.7867320700756045,0.00018117758424454318,0.0
agartala,2026-07-02,5.3,7.0184326171875,23.83,91.29,Normal,-0.6757555045938877,Inland,5.3,5.194162464141845,4.646764068603516,16.881369520794223,33.10500723311473,16.881369520794223,0.0038066915627802196,0.0
ahmedabad,2026-07-02,0.1,0.051953379064798355,23.02,72.57,Normal,-0.6757555045938877,Inland,0.1,0.0,0.0,0.3138153750558204,0.0,0.3138153750558204,0.00018192517348909298,0.0
amritsar,2026-07-02,7.6000000000000005,32.87519073486328,31.63,74.87,Normal,-0.6757555045938877,Inland,7.6000000000000005,8.006303045749663,6.977057192325595,17.27178944258386,33.91108679227052,17.27178944258386,0.07018625644499212,0.0
bengaluru,2026-07-02,0.1,0.11228836327791214,12.97,77.59,Normal,-0.6757555045938877,Inland,0.1,0.0,0.0,0.14739087303076595,0.0,0.14739087303076595,0.00014490123913000214,0.0
bhopal,2026-07-02,4.4,1.0684638023376465,23.26,77.41,Normal,-0.6757555045938877,Inland,4.4,4.208330712914469,3.7475720310211185,7.677295953235903,11.990229066427549,7.677295953235903,0.006486572483136629,0.0
bhubaneswar,2026-07-02,11.9,39.21897506713867,20.3,85.82,Normal,-0.6757555045938877,East coast,11.9,14.128965368270878,24.66385654540092,14.905119482098687,38.06800628632222,14.905119482098687,0.00346056840743146,0.0
chandigarh,2026-07-02,1.0,14.809889793395996,30.73,76.78,Normal,-0.6757555045938877,Inland,1.0,0.5269611090421679,0.5595029401779175,1.3092739033261145,0.15943296396905457,1.3092739033261145,0.0006019995767371708,0.0
chennai,2026-07-02,1.9000000000000001,0.0,13.08,80.27,Normal,-0.6757555045938877,East coast,1.9000000000000001,1.391991586685181,2.486734347258298,0.2477470911761216,0.0,0.2477470911761216,0.00024169889120302052,0.0
dehradun,2026-07-02,13.1,85.40313720703125,30.32,78.03,Normal,-0.6757555045938877,Hill / Himalayan orographic,13.1,16.37226361274719,12.925337314605713,10.895204487497141,13.147698712675359,10.895204487497141,0.005089819721192768,0.0
delhi,2026-07-02,0.0,1.4597982168197632,28.61,77.21,Normal,-0.6757555045938877,Inland,0.0,0.0,0.0,0.3896837319401146,0.0,0.3896837319401146,0.00019388768742067432,0.0
gangtok,2026-07-02,9.7,18.239273071289062,27.33,88.61,Normal,-0.6757555045938877,Hill / Himalayan orographic,9.7,10.501342063631334,6.535584970426953,15.660214444860342,27.129031535819863,15.660214444860342,0.0030292732142304496,0.0
guwahati,2026-07-02,4.5,0.17100100219249725,26.14,91.74,Normal,-0.6757555045938877,Inland,4.5,4.297878456115724,3.85678273176691,7.297947426308558,10.791770589336833,7.297947426308558,0.0003491539517191525,0.0
hyderabad,2026-07-02,2.1,0.9257413148880005,17.39,78.49,Normal,-0.6757555045938877,Inland,2.1,1.6449435740709302,1.6175362849235535,0.5240590391828277,0.0,0.5240590391828277,0.00026679315182671584,0.0
jabalpur,2026-07-02,10.0,4.281711101531982,23.18,79.95,Normal,-0.6757555045938877,Inland,10.0,10.900878699166435,9.558361756269798,10.073877268524232,17.618551827062074,10.073877268524232,0.012949790222133604,0.0
jaipur,2026-07-02,0.1,1.2623426914215088,26.91,75.79,Normal,-0.6757555045938877,Inland,0.1,0.0,0.0,0.04920705224176855,0.0,0.04920705224176855,0.00012140394163276749,0.0
jodhpur,2026-07-02,0.0,0.0,26.24,73.02,Normal,-0.6757555045938877,Inland,0.0,0.0,0.0,0.030043848973691605,0.0,0.030043848973691605,0.00012023834318635365,0.0
kochi,2026-07-02,7.0,6.345250606536865,9.93,76.27,Normal,-0.6757555045938877,West-coast orographic,7.0,7.468071043491362,12.443320085674603,7.296972982898455,7.7713764794928055,7.296972982898455,0.007661814192587156,0.0
kolkata,2026-07-02,18.1,0.006267872639000416,22.57,88.36,Normal,-0.6757555045938877,East coast,18.1,23.24354580223013,37.18678430418121,16.60550772052233,38.28589615392155,16.60550772052233,0.024812079498576608,0.0
lucknow,2026-07-02,2.4,11.555926322937012,26.85,80.95,Normal,-0.6757555045938877,Inland,2.4,1.9588867127895382,1.8209930014610283,1.8624145355348212,0.72350133990785,1.8624145355348212,0.0005551096473568292,0.0
madurai,2026-07-02,0.30000000000000004,0.0,9.93,78.12,Normal,-0.6757555045938877,Inland,0.30000000000000004,0.03837151229381571,0.06651330053806304,0.17148199325258168,0.0,0.17148199325258168,0.00013433356656171761,0.0
mangaluru,2026-07-02,57.5,36.602352142333984,12.91,74.86,Normal,-0.6757555045938877,West-coast orographic,57.5,83.785118003268,84.88848193459616,30.801230140455345,44.27547405851025,30.801230140455345,0.11437585890118758,0.0
mumbai,2026-07-02,31.8,190.13381958007812,19.08,72.88,Normal,-0.6757555045938877,West-coast orographic,31.8,40.69809112407047,47.40046062597598,43.574650609349966,56.993886617298834,43.574650609349966,0.1061739948079495,0.0
nagpur,2026-07-02,0.5,71.49532318115234,21.15,79.09,Normal,-0.6757555045938877,Inland,0.5,0.15714814335107796,0.203727039694786,1.3123016465474302,0.16163689497101685,1.3123016465474302,0.0007309987632230247,0.0
panaji,2026-07-02,37.300000000000004,22.085535049438477,15.49,73.83,Normal,-0.6757555045938877,West-coast orographic,37.300000000000004,48.94833062129869,54.51951726664388,15.206234182654223,18.97493303268642,15.206234182654223,0.01203076603242649,0.0
patna,2026-07-02,6.699999999999999,2.025697708129883,25.59,85.14,Normal,-0.6757555045938877,Inland,6.699999999999999,6.862616448402405,5.820592584609985,10.008046011777905,17.417977965764614,10.008046011777905,0.001274758211292386,0.0
pune,2026-07-02,0.4,11.424583435058594,18.52,73.86,Normal,-0.6757555045938877,Inland,0.4,0.08473654538393023,0.12936294674873347,0.9035909350663424,0.0,0.9035909350663424,0.0009997668072493952,0.0
raipur,2026-07-02,39.5,2.1591742038726807,21.25,81.63,Normal,-0.6757555045938877,Inland,39.5,54.86332482657534,42.1269814942689,40.13158419933069,91.14133800838943,40.13158419933069,0.11228884496726163,0.0
ranchi,2026-07-02,27.2,0.0,23.34,85.31,Normal,-0.6757555045938877,Inland,27.2,36.371559890603514,33.97937369020596,13.419581733674683,27.240653579497874,13.419581733674683,0.005124553547316269,0.0
shillong,2026-07-02,6.1,0.6929284334182739,25.58,91.89,Normal,-0.6757555045938877,Hill / Himalayan orographic,6.1,6.1302720403671325,3.198773961160697,10.190001731023274,11.59148468768658,10.190001731023274,0.0009637407068640573,0.0
shimla,2026-07-02,1.1,14.00389575958252,31.1,77.17,Normal,-0.6757555045938877,Hill / Himalayan orographic,1.1,0.6165620255470278,0.02776962941836408,1.164597167577949,0.09649266361056014,1.164597167577949,0.00045648613526975723,0.0
srinagar,2026-07-02,4.8999999999999995,13.380179405212402,34.08,74.8,Normal,-0.6757555045938877,Hill / Himalayan orographic,4.8999999999999995,4.701915773054708,1.8854151439666735,2.7772983411106784,1.0081112018981806,2.7772983411106784,0.008903385579023598,0.0
surat,2026-07-02,15.8,47.09872817993164,21.17,72.83,Normal,-0.6757555045938877,West-coast orographic,15.8,19.728240987684263,23.183227389371854,30.096172147734823,43.28781998950742,30.096172147734823,0.046314752802563856,0.0
thiruvananthapuram,2026-07-02,0.0,0.0,8.52,76.94,Normal,-0.6757555045938877,West-coast orographic,0.0,0.0,0.0,0.2663178747190993,0.0,0.2663178747190993,0.0001876999524662302,0.0
varanasi,2026-07-02,44.2,1.119030237197876,25.32,82.97,Normal,-0.6757555045938877,Inland,44.2,66.0014231452947,47.39928786600471,10.870207617815025,19.717055499251263,10.870207617815025,0.020523951190303983,0.0
vijayawada,2026-07-02,6.6000000000000005,0.05148782208561897,16.51,80.65,Normal,-0.6757555045938877,Inland,6.6000000000000005,6.748189071416857,5.7529429244995125,5.035052469120245,5.644975803976309,5.035052469120245,0.007380452763745028,0.0
visakhapatnam,2026-07-02,6.4,0.0,17.69,83.22,Normal,-0.6757555045938877,East coast,6.4,6.519334317445759,13.946929440511347,8.354325622919678,19.04529948003029,8.354325622919678,0.0041767190838611435,0.0
agartala,2026-07-03,7.0,24.0028076171875,23.83,91.29,Normal,-0.46809445494575724,Inland,7.0,7.493223274548846,6.534015973409016,9.045289421881868,15.903927454952102,9.045289421881868,0.0010106303973861004,0.0
ahmedabad,2026-07-03,10.8,1.2055920362472534,23.02,72.57,Normal,-0.46809445494575724,Inland,10.8,12.49850926399231,10.751515371149239,22.503447372286768,40.610750371311795,70.0,0.5622149303464719,0.0
amritsar,2026-07-03,2.1999999999999997,0.0,31.63,74.87,Normal,-0.46809445494575724,Inland,2.1999999999999997,1.8696852564811768,1.6927746117115,2.725289495775957,2.1636832043254377,2.725289495775957,0.0009244710900749905,0.0
bengaluru,2026-07-03,0.4,0.0,12.97,77.59,Normal,-0.46809445494575724,Inland,0.4,0.08803347080945954,0.10911142081022263,0.8178686043427094,0.0,0.8178686043427094,0.00024118522590668118,0.0
bhopal,2026-07-03,7.9,32.7258415222168,23.26,77.41,Normal,-0.46809445494575724,Inland,7.9,8.620805015563965,7.482524538040164,12.539439728277303,26.5139195464165,12.539439728277303,0.2505903487268705,0.0
bhubaneswar,2026-07-03,28.6,4.855881690979004,20.3,85.82,Normal,-0.46809445494575724,East coast,28.6,38.565264594916144,76.11739080785948,11.400892646921667,28.260589305640853,11.400892646921667,0.030666422496635107,0.0
chandigarh,2026-07-03,3.3,0.0,30.73,76.78,Normal,-0.46809445494575724,Inland,3.3,3.067795164585113,2.5855557918548584,2.6141514868391287,1.9953324237903,2.6141514868391287,0.0023745302939607257,0.0
chennai,2026-07-03,0.0,0.0,13.08,80.27,Normal,-0.46809445494575724,East coast,0.0,0.0,0.0,0.3907515911700898,0.0,0.3907515911700898,0.00011105268356682465,0.0
dehradun,2026-07-03,24.0,2.691941738128662,30.32,78.03,Normal,-0.46809445494575724,Hill / Himalayan orographic,24.0,33.48062065491507,33.940175667968106,14.299090680970783,20.678803007289286,14.299090680970783,0.031386972900632755,0.0
delhi,2026-07-03,3.6,0.0,28.61,77.21,Normal,-0.46809445494575724,Inland,3.6,3.3910540914535523,2.976824545860291,1.4844962700323219,0.3062732892720605,1.4844962700323219,0.004101046180152405,0.0
gangtok,2026-07-03,8.4,8.257369041442871,27.33,88.61,Normal,-0.46809445494575724,Hill / Himalayan orographic,8.4,9.210735947291058,5.049817409672364,29.524323830336588,52.39797193148012,29.524323830336588,0.013837090314757713,0.0
guwahati,2026-07-03,29.5,14.631938934326172,26.14,91.74,Normal,-0.46809445494575724,Inland,29.5,39.13515474724047,34.870185300041555,5.353104443724037,6.374189605297693,5.353104443724037,0.0011859872126449632,0.0
hyderabad,2026-07-03,2.7,9.504170417785645,17.39,78.49,Normal,-0.46809445494575724,Inland,2.7,2.480764813423156,2.1386289702521446,0.705782818566195,0.0,0.705782818566195,0.0003318104702756852,0.0
jabalpur,2026-07-03,25.8,41.12580490112305,23.18,79.95,Normal,-0.46809445494575724,Inland,25.8,36.0828583614643,31.260987415449602,11.323811102973387,21.533315571996315,11.323811102973387,0.0338950215706377,0.0
jaipur,2026-07-03,4.5,11.67042064666748,26.91,75.79,Normal,-0.46809445494575724,Inland,4.5,4.413877868447693,3.944819339116415,2.0721791078459555,1.1523063794642048,2.0721791078459555,0.004285200747731,0.0
jodhpur,2026-07-03,0.0,0.0,26.24,73.02,Normal,-0.46809445494575724,Inland,0.0,0.0,0.0,0.09402734816959304,0.0,0.09402734816959304,0.00011108876368502134,0.0
kochi,2026-07-03,3.3000000000000003,37.807594299316406,9.93,76.27,Normal,-0.46809445494575724,West-coast orographic,3.3000000000000003,3.0677951645851134,5.986870318651201,13.276913026561846,15.186305453699713,13.276913026561846,0.008755717734624541,0.0
kolkata,2026-07-03,2.3000000000000003,0.13487589359283447,22.57,88.36,Normal,-0.46809445494575724,East coast,2.3000000000000003,1.9673700463771864,3.3102423677077635,2.2787331293208757,0.7190537290545147,2.2787331293208757,0.0008184797382130572,0.0
lucknow,2026-07-03,8.2,4.680112838745117,26.85,80.95,Normal,-0.46809445494575724,Inland,8.2,8.97476357460022,7.759505784511566,2.259899204450931,1.5503893338191592,2.259899204450931,0.02205711480412182,0.0
madurai,2026-07-03,0.0,0.0,9.93,78.12,Normal,-0.46809445494575724,Inland,0.0,0.0,0.0,0.3655113563551306,0.0,0.3655113563551306,0.00020188807408174286,0.0
mangaluru,2026-07-03,7.7,19.337383270263672,12.91,74.86,Normal,-0.46809445494575724,West-coast orographic,7.7,8.224999345143637,12.652041503361293,42.59391389559127,54.226149123914,42.59391389559127,0.17046069904085528,0.0
mumbai,2026-07-03,66.8,115.7308120727539,19.08,72.88,Normal,-0.46809445494575724,West-coast orographic,66.8,83.0765952094428,104.98717566116346,57.46800034587056,69.16954488649421,70.0,0.361492118901011,1.0
nagpur,2026-07-03,24.4,9.880842208862305,21.15,79.09,Normal,-0.46809445494575724,Inland,24.4,34.092828671382044,29.634987094906325,11.104039157880905,20.687902737182956,11.104039157880905,0.018641622639662753,0.0
panaji,2026-07-03,36.0,48.11589050292969,15.49,73.83,Normal,-0.46809445494575724,West-coast orographic,36.0,46.728934209255065,50.17893589813697,51.07743312110566,66.15930105460018,51.07743312110566,0.26816550822871643,0.0
patna,2026-07-03,6.7,4.609860420227051,25.59,85.14,Normal,-0.46809445494575724,Inland,6.7,7.054275574265885,6.050671374797822,3.2511582567602724,3.0115142005237345,3.2511582567602724,0.0014918846618533147,0.0
pune,2026-07-03,3.7,25.21837615966797,18.52,73.86,Normal,-0.46809445494575724,Inland,3.7,3.48983211040497,3.0622836589813236,2.960517602569168,2.5805371287512475,2.960517602569168,0.009050899161766811,0.0
raipur,2026-07-03,17.0,20.562177658081055,21.25,81.63,Normal,-0.46809445494575724,Inland,17.0,21.344363945397244,18.797858482183404,9.209399556124914,16.19674643975524,9.209399556124914,0.007525378745603528,0.0
ranchi,2026-07-03,15.0,7.3058600425720215,23.34,85.31,Normal,-0.46809445494575724,Inland,15.0,19.30164088046136,16.362361022404254,5.882103253227798,7.529475411212481,5.882103253227798,0.0086098994014253,0.0
shillong,2026-07-03,14.8,4.848049640655518,25.58,91.89,Normal,-0.46809445494575724,Hill / Himalayan orographic,14.8,19.1762160991415,18.298684798694048,10.146686016146976,10.203068126741853,10.146686016146976,0.004488945192800945,0.0
shimla,2026-07-03,40.4,7.839624404907227,31.1,77.17,Normal,-0.46809445494575724,Hill / Himalayan orographic,40.4,57.7775568050927,43.378785757714496,44.959057887442896,82.58704953456956,44.959057887442896,0.026366878430059346,0.0
srinagar,2026-07-03,1.9,2.5489397048950195,34.08,74.8,Normal,-0.46809445494575724,Hill / Himalayan orographic,1.9,1.6031396126747128,0.4051687909384906,1.1810455880105037,0.20220009554372573,1.1810455880105037,0.0007618982914783281,0.0
surat,2026-07-03,52.7,25.160768508911133,21.17,72.83,Normal,-0.46809445494575724,West-coast orographic,52.7,71.66868311166073,103.47050142381731,32.49823200878553,43.032254262644955,32.49823200878553,0.2779560668889291,0.0
thiruvananthapuram,2026-07-03,0.0,12.133848190307617,8.52,76.94,Normal,-0.46809445494575724,West-coast orographic,0.0,0.0,0.0,0.9406169637478417,0.04147654511322101,0.9406169637478417,0.0003244862532140336,0.0
varanasi,2026-07-03,8.9,2.56184983253479,25.32,82.97,Normal,-0.46809445494575724,Inland,8.9,9.778114558584802,8.480007634844103,1.7592114202547169,0.6521104466560796,1.7592114202547169,0.03987962043005657,0.0
vijayawada,2026-07-03,0.4,8.408077239990234,16.51,80.65,Normal,-0.46809445494575724,Inland,0.4,0.08803347080945954,0.10911142081022263,1.8708256656248876,0.759205640954451,1.8708256656248876,0.000282989928632621,0.0
visakhapatnam,2026-07-03,0.30000000000000004,0.8473111987113953,17.69,83.22,Normal,-0.46809445494575724,East coast,0.30000000000000004,0.061612057313323414,0.16866236358880987,0.6279726939467222,0.0,0.6279726939467222,0.00012646585647948947,0.0
agartala,2026-07-04,13.5,33.48734664916992,23.83,91.29,Normal,0.10503801191601109,Inland,13.5,17.26483985859859,14.608602559124977,6.39583981214471,8.640864080734616,6.39583981214471,0.0029794302073564614,0.0
ahmedabad,2026-07-04,5.2,12.276688575744629,23.02,72.57,Normal,0.10503801191601109,Inland,5.2,5.108036537170411,4.625434970855709,10.871345716483619,20.069223691787453,70.0,0.3120364974943224,0.0
amritsar,2026-07-04,0.0,0.0,31.63,74.87,Normal,0.10503801191601109,Inland,0.0,0.0,0.0,0.3375292815810068,0.0,0.3375292815810068,0.00015284160444621242,0.0
bengaluru,2026-07-04,0.0,0.09086419641971588,12.97,77.59,Normal,0.10503801191601109,Inland,0.0,0.0,0.0,0.35746550540905647,0.0,0.35746550540905647,0.00013702768184987478,0.0
bhopal,2026-07-04,8.2,6.91421365737915,23.26,77.41,Normal,0.10503801191601109,Inland,8.2,8.97476357460022,7.759505784511566,6.985259783472718,10.19738327037539,6.985259783472718,0.22324720087816788,0.0
bhubaneswar,2026-07-04,1.7,67.2408676147461,20.3,85.82,Normal,0.10503801191601109,East coast,1.7,1.4128218317031855,2.281521268637783,2.558021792621098,1.2457185852950718,2.558021792621098,0.00033774922333300344,0.0
chandigarh,2026-07-04,0.6,3.8917899131774902,30.73,76.78,Normal,0.10503801191601109,Inland,0.6,0.21205292522907307,0.21752419322729138,0.5537132888830048,0.0,0.5537132888830048,0.00020092900603268797,0.0
chennai,2026-07-04,0.0,0.0,13.08,80.27,Normal,0.10503801191601109,East coast,0.0,0.0,0.0,0.4176819825423709,0.0,0.4176819825423709,0.00016162230447990978,0.0
dehradun,2026-07-04,16.8,0.0,30.32,78.03,Normal,0.10503801191601109,Hill / Himalayan orographic,16.8,21.018915627398382,21.142405186809548,12.232289480728687,15.65250672070598,12.232289480728687,0.004397605269678079,0.0
delhi,2026-07-04,35.4,0.0,28.61,77.21,Normal,0.10503801191601109,Inland,35.4,45.521841308564674,38.539538599165,33.31372280475434,64.57774854425219,33.31372280475434,0.2112159398444146,0.0
gangtok,2026-07-04,11.799999999999999,28.8618106842041,27.33,88.61,Normal,0.10503801191601109,Hill / Himalayan orographic,11.799999999999999,14.31457623481751,9.709085607528685,29.153026682650705,51.62049400414368,29.153026682650705,0.00784201386847335,0.0
guwahati,2026-07-04,13.8,0.0,26.14,91.74,Normal,0.10503801191601109,Inland,13.8,17.96920081172305,14.987379957128448,2.7269845567571105,2.1662192672607965,2.7269845567571105,0.0016925911945875967,0.0
hyderabad,2026-07-04,1.1,2.621626615524292,17.39,78.49,Normal,0.10503801191601109,Inland,1.1,0.7004978954792025,0.669241726398468,1.0176327778974916,0.006248168733858162,1.0176327778974916,0.00020785975540200204,0.0
jabalpur,2026-07-04,11.3,65.27930450439453,23.18,79.95,Normal,0.10503801191601109,Inland,11.3,13.349606259663908,11.610381072422243,6.1602973172115885,8.025759448213208,6.1602973172115885,0.04416355450171049,0.0
jaipur,2026-07-04,22.4,0.09166453778743744,26.91,75.79,Normal,0.10503801191601109,Inland,22.4,30.508251328868347,27.57923706809243,6.489198870591545,8.884926869153638,6.489198870591545,0.015866796171729446,0.0
jodhpur,2026-07-04,0.0,8.166718482971191,26.24,73.02,Normal,0.10503801191601109,Inland,0.0,0.0,0.0,0.0527305569352229,0.0,0.0527305569352229,0.00013004527171473537,0.0
kochi,2026-07-04,6.3,46.420047760009766,9.93,76.27,Normal,0.10503801191601109,West-coast orographic,6.3,6.413667669808999,10.823776581708122,19.181153456472927,23.30460403855912,19.181153456472927,0.015040371160512017,0.0
kolkata,2026-07-04,0.30000000000000004,0.06690440326929092,22.57,88.36,Normal,0.10503801191601109,East coast,0.30000000000000004,0.061612057313323414,0.16866236358880987,1.4476678927834363,0.061709349848456975,1.4476678927834363,0.00015596890368666018,0.0
lucknow,2026-07-04,12.8,0.0,26.85,80.95,Normal,0.10503801191601109,Inland,12.8,16.488816347617323,13.638199294485696,1.9531295355812097,0.9048654735197953,1.9531295355812097,0.004263045648177041,0.0
madurai,2026-07-04,0.0,0.0,9.93,78.12,Normal,0.10503801191601109,Inland,0.0,0.0,0.0,0.26696337089721245,0.0,0.26696337089721245,0.00032743286633248557,0.0
mangaluru,2026-07-04,24.5,65.12860870361328,12.91,74.86,Normal,0.10503801191601109,West-coast orographic,24.5,34.23497364924506,34.30952329051738,27.850596639675867,37.68659294049475,27.850596639675867,0.0352428059506143,0.0
mumbai,2026-07-04,51.7,77.73084259033203,19.08,72.88,Normal,0.10503801191601109,West-coast orographic,51.7,70.53932324933811,103.36293587506937,24.51087950309562,34.74015872512192,24.51087950309562,0.14920726371569173,0.0
nagpur,2026-07-04,10.9,8.537175178527832,21.15,79.09,Normal,0.10503801191601109,Inland,10.9,12.666609172821046,10.921702159534803,3.350270081850203,3.1332313207443727,3.350270081850203,0.015729851050941667,0.0
panaji,2026-07-04,29.7,10.772080421447754,15.49,73.83,Normal,0.10503801191601109,West-coast orographic,29.7,39.261797003312545,43.93078325445002,17.601859456065075,21.055283141968886,17.601859456065075,0.007646894223888737,0.0
patna,2026-07-04,0.9,0.0,25.59,85.14,Normal,0.10503801191601109,Inland,0.9,0.5346793127059942,0.5197163224220276,0.9839841124748973,0.001103660653836294,0.9839841124748973,0.00015207750014269812,0.0
pune,2026-07-04,1.8,30.49721908569336,18.52,73.86,Normal,0.10503801191601109,Inland,1.8,1.5079807221889494,1.4170956432819373,1.7664803186486553,0.658532861572015,1.7664803186486553,0.0010836726657003637,0.0
raipur,2026-07-04,21.7,2.8961760997772217,21.25,81.63,Normal,0.10503801191601109,Inland,21.7,29.30422659576226,26.879555272532034,5.86468155013951,7.5029196224994985,5.86468155013951,0.020179232994570116,0.0
ranchi,2026-07-04,10.1,12.743487358093262,23.34,85.31,Normal,0.10503801191601109,Inland,10.1,11.335765647888186,9.540980410575866,5.1496195889557255,5.972793939459181,5.1496195889557255,0.007290402937348451,0.0
shillong,2026-07-04,30.3,0.0,25.58,91.89,Normal,0.10503801191601109,Hill / Himalayan orographic,30.3,39.64172377152877,38.24862739845559,6.5591800592382015,5.092625667785799,6.5591800592382015,0.0014828843641489188,0.0
shimla,2026-07-04,6.6,5.2446064949035645,31.1,77.17,Normal,0.10503801191601109,Hill / Himalayan orographic,6.6,6.832353366968962,3.4909509353637693,4.8086166328346165,3.4056674656964536,4.8086166328346165,0.003456482995834661,0.0
srinagar,2026-07-04,0.0,0.0,34.08,74.8,Normal,0.10503801191601109,Hill / Himalayan orographic,0.0,0.0,0.0,0.1372941524397594,0.0,0.1372941524397594,0.00011509751579575675,0.0
surat,2026-07-04,36.1,43.648895263671875,21.17,72.83,Normal,0.10503801191601109,West-coast orographic,36.1,46.987102856777774,50.23875716737079,46.90191540532552,62.3787702877604,70.0,0.6700256632209276,0.0
thiruvananthapuram,2026-07-04,0.0,5.057985305786133,8.52,76.94,Normal,0.10503801191601109,West-coast orographic,0.0,0.0,0.0,0.42965735256483306,0.0,0.42965735256483306,0.0004409612157509014,0.0
varanasi,2026-07-04,11.9,0.0,25.32,82.97,Normal,0.10503801191601109,Inland,11.9,14.585951671600347,12.628445927689706,2.759932711996083,2.2152724263173615,2.759932711996083,0.008586512519473434,0.0
vijayawada,2026-07-04,7.0,1.7078112363815308,16.51,80.65,Normal,0.10503801191601109,Inland,7.0,7.493223274548846,6.534015973409016,1.6484842884377662,0.502445346982,1.6484842884377662,0.008384664049221084,0.0
visakhapatnam,2026-07-04,5.5,18.612306594848633,17.69,83.22,Normal,0.10503801191601109,East coast,5.5,5.462818264961248,10.68653391312578,1.69859425865398,0.2504638471892464,1.69859425865398,0.021189577268029443,0.0
agartala,2026-07-05,8.2,15.828150749206543,23.83,91.29,Normal,0.43238905299533287,Inland,8.2,8.97476357460022,7.759505784511566,8.39389682368177,13.699132901444756,8.39389682368177,0.002487804688388179,0.0
ahmedabad,2026-07-05,4.7,24.592243194580078,23.02,72.57,Normal,0.43238905299533287,Inland,4.7,4.547239492367467,4.205831050872803,9.29749526736434,16.35393415305292,9.29749526736434,0.10727203323833559,0.0
amritsar,2026-07-05,0.2,0.0,31.63,74.87,Normal,0.43238905299533287,Inland,0.2,0.0,0.0,1.0415022470091089,0.021892236702692146,1.0415022470091089,0.00015284160444621242,0.0
bengaluru,2026-07-05,0.0,0.11143147945404053,12.97,77.59,Normal,0.43238905299533287,Inland,0.0,0.0,0.0,0.35746550540905647,0.0,0.35746550540905647,0.00013702768184987478,0.0
bhopal,2026-07-05,5.4,3.770632266998291,23.26,77.41,Normal,0.43238905299533287,Inland,5.4,5.344557689030969,4.920708164008884,5.29210811371797,6.222242925279411,5.29210811371797,0.20368190158869842,0.0
bhubaneswar,2026-07-05,13.1,105.27037048339844,20.3,85.82,Normal,0.43238905299533287,East coast,13.1,16.81381051664158,26.176297561645512,2.685972151236558,1.3835835796491334,2.685972151236558,0.013715565189590155,0.0
chandigarh,2026-07-05,0.0,1.3646411895751953,30.73,76.78,Normal,0.43238905299533287,Inland,0.0,0.0,0.0,0.2069187599958473,0.0,0.2069187599958473,0.0001374785473898651,0.0
chennai,2026-07-05,0.0,0.0,13.08,80.27,Normal,0.43238905299533287,East coast,0.0,0.0,0.0,0.3857015809436807,0.0,0.3857015809436807,0.00016162230447990978,0.0
dehradun,2026-07-05,23.6,0.07935666292905807,30.32,78.03,Normal,0.43238905299533287,Hill / Himalayan orographic,23.6,32.737528323403396,33.44164996531398,9.573691125484357,9.377289946681435,9.573691125484357,0.024523917944274616,0.0
delhi,2026-07-05,0.4,0.21860823035240173,28.61,77.21,Normal,0.43238905299533287,Inland,0.4,0.08803347080945954,0.10911142081022263,0.4217335273791863,0.0,0.4217335273791863,0.00038245349584745705,0.0
gangtok,2026-07-05,21.1,10.18986988067627,27.33,88.61,Normal,0.43238905299533287,Hill / Himalayan orographic,21.1,28.298911554493987,26.92489545240759,19.441248176497496,39.9503885092276,19.441248176497496,0.04134949041981307,0.0
guwahati,2026-07-05,9.9,0.0,26.14,91.74,Normal,0.43238905299533287,Inland,9.9,11.082087192535402,9.391650032997134,4.183379570167029,4.7288820859176806,4.183379570167029,0.0014254866138041992,0.0
hyderabad,2026-07-05,0.7000000000000001,2.0512967109680176,17.39,78.49,Normal,0.43238905299533287,Inland,0.7000000000000001,0.31847929567098665,0.3141087144613267,1.0315460222200616,0.015162805419268633,1.0315460222200616,0.00020785975540200204,0.0
jabalpur,2026-07-05,7.8999999999999995,4.07888650894165,23.18,79.95,Normal,0.43238905299533287,Inland,7.8999999999999995,8.620805015563963,7.482524538040163,11.247946447391012,21.241481445893253,11.247946447391012,0.032988454905915926,0.0
jaipur,2026-07-05,5.4,0.0,26.91,75.79,Normal,0.43238905299533287,Inland,5.4,5.344557689030969,4.920708164008884,1.3139392195497592,0.2018968347738624,1.3139392195497592,0.018208209635791485,0.0
jodhpur,2026-07-05,0.0,36.03166580200195,26.24,73.02,Normal,0.43238905299533287,Inland,0.0,0.0,0.0,0.0527305569352229,0.0,0.0527305569352229,0.00013004527171473537,0.0
kochi,2026-07-05,17.2,8.015628814697266,9.93,76.27,Normal,0.43238905299533287,West-coast orographic,17.2,21.86370942717232,23.910330690656387,24.8729367075824,35.07126155804738,24.8729367075824,0.009884468966252067,0.0
kolkata,2026-07-05,18.3,0.0450851246714592,22.57,88.36,Normal,0.43238905299533287,East coast,18.3,24.105844661167698,37.30297472881364,3.82184990651743,3.1665234282066197,3.82184990651743,0.032273176537464796,0.0
lucknow,2026-07-05,5.9,0.0,26.85,80.95,Normal,0.43238905299533287,Inland,5.9,5.91595729351044,5.393103081839434,2.2331569715945454,1.5102390438830997,2.2331569715945454,0.001975948097070951,0.0
madurai,2026-07-05,0.0,0.0,9.93,78.12,Normal,0.43238905299533287,Inland,0.0,0.0,0.0,0.26696337089721245,0.0,0.26696337089721245,0.00032743286633248557,0.0
mangaluru,2026-07-05,19.9,6.29337215423584,12.91,74.86,Normal,0.43238905299533287,West-coast orographic,19.9,26.380701704025277,26.77268413327775,27.093868221718147,37.10231274816569,27.093868221718147,0.036529444174712135,0.0
mumbai,2026-07-05,100.4,279.8037109375,19.08,72.88,Normal,0.43238905299533287,West-coast orographic,100.4,109.98988060017118,108.60137809909469,34.316422056602235,45.17680947720137,34.316422056602235,0.17024115159808537,1.0
nagpur,2026-07-05,1.7,8.755402565002441,21.15,79.09,Normal,0.43238905299533287,Inland,1.7,1.4128218317031855,1.3044436216354374,1.2144716824647888,0.12884936861764512,1.2144716824647888,0.00018942192477001165,0.0
panaji,2026-07-05,25.0,32.936370849609375,15.49,73.83,Normal,0.43238905299533287,West-coast orographic,25.0,34.94569853856015,35.36350003410789,18.724775637026678,22.503477279228576,18.724775637026678,0.03223904950824701,0.0
patna,2026-07-05,0.8,0.0,25.59,85.14,Normal,0.43238905299533287,Inland,0.8,0.4039362758398055,0.44485369622707377,0.9839841124748973,0.001103660653836294,0.9839841124748973,0.00015207750014269812,0.0
pune,2026-07-05,10.1,30.92608642578125,18.52,73.86,Normal,0.43238905299533287,Inland,10.1,11.335765647888186,9.540980410575866,6.292813942633178,8.371529948507929,6.292813942633178,0.0954513564041559,0.0
raipur,2026-07-05,8.5,46.88864517211914,21.25,81.63,Normal,0.43238905299533287,Inland,8.5,9.328722133636475,8.058256959915163,2.9561557480915934,2.573085836432077,2.9561557480915934,0.0205127548872931,0.0
ranchi,2026-07-05,17.2,5.793303966522217,23.34,85.31,Normal,0.43238905299533287,Inland,17.2,21.86370942717232,19.088156847093906,7.2469504409532215,11.06265180129735,7.2469504409532215,0.004986373904063939,0.0
shillong,2026-07-05,13.3,1.8098946809768677,25.58,91.89,Normal,0.43238905299533287,Hill / Himalayan orographic,13.3,17.03047329599109,14.85666600260036,6.135820272601793,4.615738287597408,6.135820272601793,0.002126704127487755,0.0
shimla,2026-07-05,10.9,1.883683204650879,31.1,77.17,Normal,0.43238905299533287,Hill / Himalayan orographic,10.9,12.666609172821046,8.592243309020997,4.636688512630798,3.298947006157354,4.636688512630798,0.008034084790396268,0.0
srinagar,2026-07-05,1.0,0.0,34.08,74.8,Normal,0.43238905299533287,Hill / Himalayan orographic,1.0,0.6223447859287262,0.0691770650446415,0.39037198598906386,0.0,0.39037198598906386,0.0001332298018928626,0.0
surat,2026-07-05,73.6,44.67294692993164,21.17,72.83,Normal,0.43238905299533287,West-coast orographic,73.6,88.52333153851879,105.71862139264954,29.559919934918565,39.14237300416901,29.559919934918565,0.16637020790529716,1.0
thiruvananthapuram,2026-07-05,4.0,7.179853916168213,8.52,76.94,Normal,0.43238905299533287,West-coast orographic,4.0,3.891270370483401,7.348986625671387,11.226933904478141,11.575660724491144,11.226933904478141,0.01809570514982409,0.0
varanasi,2026-07-05,2.1,0.0,25.32,82.97,Normal,0.43238905299533287,Inland,2.1,1.7738088599622968,1.6369821548461903,0.19709254988121422,0.0,0.19709254988121422,0.0005833470220639617,0.0
vijayawada,2026-07-05,5.8,2.7379250526428223,16.51,80.65,Normal,0.43238905299533287,Inland,5.8,5.793748378753665,5.305394336155486,1.5676434117368774,0.4203039920753191,1.5676434117368774,0.008384664049221084,0.0
visakhapatnam,2026-07-05,22.0,12.158670425415039,17.69,83.22,Normal,0.43238905299533287,East coast,22.0,29.8068841163964,48.92338637140223,4.079950769352931,3.475161240443242,4.079950769352931,0.058619701830045806,0.0
agartala,2026-07-06,1.8,3.744765520095825,23.83,91.29,Active,1.0688503069577453,Inland,1.8,1.5079807221889494,0.21800213555494946,6.434954403797466,15.760246125842725,6.434954403797466,0.0023570633009661617,0.0
ahmedabad,2026-07-06,9.0,3.0015687942504883,23.02,72.57,Active,1.0688503069577453,Inland,9.0,9.910883845792306,13.875528526306152,16.049229631624176,30.934093458140524,16.049229631624176,0.1968301212842094,0.0
amritsar,2026-07-06,0.2,8.746225357055664,31.63,74.87,Active,1.0688503069577453,Inland,0.2,0.0,0.0,1.1169500838083446,0.0,1.1169500838083446,0.00029470850762726956,0.0
bengaluru,2026-07-06,0.0,0.0,12.97,77.59,Active,1.0688503069577453,Inland,0.0,0.0,0.0,0.26238552658609465,0.0,0.26238552658609465,0.0002859157805374604,0.0
bhopal,2026-07-06,6.4,7.837124824523926,23.26,77.41,Active,1.0688503069577453,Inland,6.4,6.544751301837238,6.089545435118442,3.043986741616177,4.314267236150612,3.043986741616177,0.02610485995649476,0.0
bhubaneswar,2026-07-06,0.6000000000000001,11.373308181762695,20.3,85.82,Active,1.0688503069577453,East coast,0.6000000000000001,0.25650048255920416,0.011054112876893233,3.634326453827257,2.7820988980248567,3.634326453827257,0.006216644706953592,0.0
chandigarh,2026-07-06,0.2,0.0,30.73,76.78,Active,1.0688503069577453,Inland,0.2,0.0,0.0,0.660573490566569,0.0,0.660573490566569,0.000265089309496442,0.0
chennai,2026-07-06,0.0,0.0,13.08,80.27,Active,1.0688503069577453,East coast,0.0,0.0,0.0,0.5804682190347918,0.0,0.5804682190347918,0.0005039421264154172,0.0
dehradun,2026-07-06,33.5,1.2944092750549316,30.32,78.03,Active,1.0688503069577453,Hill / Himalayan orographic,33.5,43.31226385396226,73.31259590519826,52.777001922477325,78.01022378470329,70.0,0.4918064848475332,0.0
delhi,2026-07-06,6.7,8.187396049499512,28.61,77.21,Active,1.0688503069577453,Inland,6.7,7.054275574265885,7.079213232840262,2.5929115379029395,2.3151853803758065,2.5929115379029395,0.0039724583426869785,0.0
gangtok,2026-07-06,6.9,24.81777572631836,27.33,88.61,Active,1.0688503069577453,Hill / Himalayan orographic,6.9,7.384710528055827,6.722855663829382,24.115350389572747,26.57136321969244,24.115350389572747,0.0037233765180224978,0.0
guwahati,2026-07-06,7.9,3.4688775539398193,26.14,91.74,Active,1.0688503069577453,Inland,7.9,8.620805015563965,11.54831269831091,4.5527098551505,5.918431492532651,4.5527098551505,0.0015244734111638796,0.0
hyderabad,2026-07-06,0.1,1.4726663827896118,17.39,78.49,Active,1.0688503069577453,Inland,0.1,0.0,0.0,1.3682624356370119,0.0,1.3682624356370119,0.00031129344131167007,0.0
jabalpur,2026-07-06,12.4,31.05483055114746,23.18,79.95,Active,1.0688503069577453,Inland,12.4,15.814773159027094,16.525898933410645,1.594127965132622,0.07798717735776127,1.594127965132622,0.01004215153759518,0.0
jaipur,2026-07-06,21.6,13.077812194824219,26.91,75.79,Active,1.0688503069577453,Inland,21.6,29.136674088884217,22.187586983969048,7.384816879536686,18.295372151817833,7.384816879536686,0.009833032580001488,0.0
jodhpur,2026-07-06,0.0,11.959752082824707,26.24,73.02,Active,1.0688503069577453,Inland,0.0,0.0,0.0,0.13572724938731043,0.0,0.13572724938731043,0.0002412471719956121,0.0
kochi,2026-07-06,13.0,0.7295737266540527,9.93,76.27,Active,1.0688503069577453,West-coast orographic,13.0,16.70547912696683,15.724553916442414,32.57325753172458,32.62080720753598,32.57325753172458,0.08033705460844058,0.0
kolkata,2026-07-06,5.6,36.100093841552734,22.57,88.36,Active,1.0688503069577453,East coast,5.6,5.573128302892053,4.762774487789349,1.7246233893342036,0.0678019844624764,1.7246233893342036,0.018457089222788995,0.0
lucknow,2026-07-06,10.5,2.9143121242523193,26.85,80.95,Active,1.0688503069577453,Inland,10.5,11.997000686645505,14.09055447462129,1.8696353545001776,0.2447385026583734,1.8696353545001776,0.0036062714898648703,0.0
madurai,2026-07-06,0.0,0.0,9.93,78.12,Active,1.0688503069577453,Inland,0.0,0.0,0.0,0.10517822688211735,0.0,0.10517822688211735,0.0006011801263457447,0.0
mangaluru,2026-07-06,16.8,26.8802490234375,12.91,74.86,Active,1.0688503069577453,West-coast orographic,16.8,21.018915627398382,17.698202332206396,47.345079425053825,70.11528154633149,47.345079425053825,0.14471385448389842,0.0
mumbai,2026-07-06,124.2,224.44537353515625,19.08,72.88,Active,1.0688503069577453,West-coast orographic,124.2,129.05345775193712,226.8276397705078,42.21648280798689,60.15721397294253,70.0,0.5609904344907306,1.0
nagpur,2026-07-06,7.2,3.3707809448242188,21.15,79.09,Active,1.0688503069577453,Inland,7.2,7.686808118820188,9.657734870910645,2.754190534629614,2.6898218174349737,2.754190534629614,0.004378523088680854,0.0
panaji,2026-07-06,41.9,14.59585952758789,15.49,73.83,Active,1.0688503069577453,West-coast orographic,41.9,59.47159659857661,104.10824252204526,27.569060777011178,30.727819246308897,27.569060777011178,0.12552917228902857,0.0
patna,2026-07-06,0.5,8.327768325805664,25.59,85.14,Active,1.0688503069577453,Inland,0.5,0.1585172209143639,0.0,1.3472485771639107,0.0,1.3472485771639107,0.0006146017136276894,0.0
pune,2026-07-06,65.8,107.51600646972656,18.52,73.86,Active,1.0688503069577453,Inland,65.8,82.27560457281399,31.16728515412482,24.695536089756843,31.159791466016543,24.695536089756843,0.09510908891792653,1.0
raipur,2026-07-06,31.6,81.1670913696289,21.25,81.63,Active,1.0688503069577453,Inland,31.6,41.10268639935984,30.06628646850585,7.465581154298154,18.32412251458767,7.465581154298154,0.003150271864391931,0.0
ranchi,2026-07-06,1.9000000000000001,18.790367126464844,23.34,85.31,Active,1.0688503069577453,Inland,1.9000000000000001,1.603139612674713,0.2186881524760549,1.8208979982514348,0.22825332671452586,1.8208979982514348,0.0026659749285880318,0.0
shillong,2026-07-06,11.2,8.386576652526855,25.58,91.89,Active,1.0688503069577453,Hill / Himalayan orographic,11.2,13.17620762507121,12.919284583839351,7.930660422794888,13.299719375679182,7.930660422794888,0.004898701804257936,0.0
shimla,2026-07-06,30.5,0.9396337270736694,31.1,77.17,Active,1.0688503069577453,Hill / Himalayan orographic,30.5,39.82345734669528,50.81948435550167,9.519722197632788,16.075350032682493,9.519722197632788,0.015828818256668223,0.0
srinagar,2026-07-06,0.0,0.0,34.08,74.8,Active,1.0688503069577453,Hill / Himalayan orographic,0.0,0.0,0.0,0.37772344670533536,0.0,0.37772344670533536,0.0003101708978164896,0.0
surat,2026-07-06,26.4,15.444587707519531,21.17,72.83,Active,1.0688503069577453,West-coast orographic,26.4,36.9357282286424,30.782102266985845,31.06080201888628,31.09558997997483,70.0,0.4043022602772016,0.0
thiruvananthapuram,2026-07-06,3.2,0.0,8.52,76.94,Active,1.0688503069577453,West-coast orographic,3.2,2.931542817354202,2.7479468858421754,21.12880894088856,25.89026484640872,70.0,0.3757284054421795,0.0
varanasi,2026-07-06,2.1,0.0,25.32,82.97,Active,1.0688503069577453,Inland,2.1,1.7738088599622968,0.7355861020088195,0.2626708949724666,0.0,0.2626708949724666,0.0027168668265148068,0.0
vijayawada,2026-07-06,0.0,0.20831531286239624,16.51,80.65,Active,1.0688503069577453,Inland,0.0,0.0,0.0,1.2978779244267666,0.0,1.2978779244267666,0.00031889522939732555,0.0
visakhapatnam,2026-07-06,0.30000000000000004,0.0,17.69,83.22,Active,1.0688503069577453,East coast,0.30000000000000004,0.061612057313323414,0.0,0.8655312029856755,0.0,0.8655312029856755,0.0006059754921789567,0.0
agartala,2026-07-07,1.2000000000000002,44.33161926269531,23.83,91.29,Active,1.4021194786097175,Inland,1.2000000000000002,0.7934835296869281,0.06295532940310383,5.809380145359593,9.601411536559223,5.809380145359593,0.0009632289151741089,0.0
ahmedabad,2026-07-07,1.4000000000000001,8.57674789428711,23.02,72.57,Active,1.4021194786097175,Inland,1.4000000000000001,1.033853328227997,0.09540331471521972,0.3098139640115017,0.0,0.3098139640115017,0.000781246091058245,0.0
amritsar,2026-07-07,1.9,0.0,31.63,74.87,Active,1.4021194786097175,Inland,1.9,1.6031396126747128,0.21868815247605486,0.4051094576097713,0.0,0.4051094576097713,0.0020000537336172662,0.0
bengaluru,2026-07-07,0.7000000000000001,0.0,12.97,77.59,Active,1.4021194786097175,Inland,0.7000000000000001,0.31847929567098665,0.0,0.13220484846119204,0.0,0.13220484846119204,0.0008309189065290665,0.0
bhopal,2026-07-07,61.1,23.84457778930664,23.26,77.41,Active,1.4021194786097175,Inland,61.1,78.51094858065854,31.141560424337147,9.843321336432966,19.988551124910444,9.843321336432966,0.02527942047592643,0.0
bhubaneswar,2026-07-07,2.9,1.0263705253601074,20.3,85.82,Active,1.4021194786097175,East coast,2.9,2.628149173259735,1.7593776631355267,13.819116888722464,24.564378637683028,13.819116888722464,0.22883024344790204,0.0
chandigarh,2026-07-07,8.3,3.8874194622039795,30.73,76.78,Active,1.4021194786097175,Inland,8.3,9.092749760945638,12.722537812928909,1.1825093518404142,0.0,1.1825093518404142,0.01282792078978182,0.0
chennai,2026-07-07,0.0,0.0,13.08,80.27,Active,1.4021194786097175,East coast,0.0,0.0,0.0,0.2058123567181076,0.0,0.2058123567181076,0.00047566897349475725,0.0
dehradun,2026-07-07,14.0,1.2097418308258057,30.32,78.03,Active,1.4021194786097175,Hill / Himalayan orographic,14.0,18.438774780472684,16.69751343898471,3.0797742457635477,1.453986473785873,3.0797742457635477,0.007930187753914285,0.0
delhi,2026-07-07,2.2,3.8314437866210938,28.61,77.21,Active,1.4021194786097175,Inland,2.2,1.8696852564811772,1.06037014245987,0.0,0.0,0.0,0.0020693812429802907,0.0
gangtok,2026-07-07,7.4,43.831398010253906,27.33,88.61,Active,1.4021194786097175,Hill / Himalayan orographic,7.4,7.85695231437683,7.05834830125173,17.21768501909301,25.145853751994025,17.21768501909301,0.004175929499268817,0.0
guwahati,2026-07-07,14.9,3.7597126960754395,26.14,91.74,Active,1.4021194786097175,Inland,14.9,19.23892848980143,17.317509651184082,2.795920047636762,3.0821513741271613,2.795920047636762,0.0014679290090697356,0.0
hyderabad,2026-07-07,0.2,0.0,17.39,78.49,Active,1.4021194786097175,Inland,0.2,0.0,0.0,0.607091873150582,0.0,0.607091873150582,0.00031129344131167007,0.0
jabalpur,2026-07-07,18.4,21.08730125427246,23.18,79.95,Active,1.4021194786097175,Inland,18.4,24.24266441890172,18.429524739583332,0.2599659822262891,0.0,0.2599659822262891,0.011885411904024644,0.0
jaipur,2026-07-07,10.3,0.0,26.91,75.79,Active,1.4021194786097175,Inland,10.3,11.666383167266847,13.942547616726022,0.04140495259329867,0.0,0.04140495259329867,0.007694623062068807,0.0
jodhpur,2026-07-07,2.9000000000000004,20.079835891723633,26.24,73.02,Active,1.4021194786097175,Inland,2.9000000000000004,2.6281491732597355,2.330488684869582,0.5436455362119028,0.0,0.5436455362119028,0.00545091980230154,0.0
kochi,2026-07-07,15.700000000000001,0.47519829869270325,9.93,76.27,Active,1.4021194786097175,West-coast orographic,15.700000000000001,19.740627615080868,17.093167365389565,32.11175017658097,32.10871702005928,32.11175017658097,0.06087281338523182,0.0
kolkata,2026-07-07,0.0,20.408246994018555,22.57,88.36,Active,1.4021194786097175,East coast,0.0,0.0,0.0,0.39835955245923504,0.0,0.39835955245923504,0.0004634361627562862,0.0
lucknow,2026-07-07,0.6,0.0,26.85,80.95,Active,1.4021194786097175,Inland,0.6,0.21205292522907307,0.0,0.0725941127109101,0.0,0.0725941127109101,0.0006208855476182827,0.0
madurai,2026-07-07,0.0,0.0,9.93,78.12,Active,1.4021194786097175,Inland,0.0,0.0,0.0,0.0007907941911249769,0.0,0.0007907941911249769,0.0006011801263457447,0.0
mangaluru,2026-07-07,34.4,29.28797149658203,12.91,74.86,Active,1.4021194786097175,West-coast orographic,34.4,44.358905806142346,81.05113010566772,43.36093401801317,62.7587135382042,70.0,0.4598007944041496,0.0
mumbai,2026-07-07,219.1,74.6938705444336,19.08,72.88,Active,1.4021194786097175,West-coast orographic,219.1,205.06746916801217,369.17763977050777,34.95998962723087,35.26913355081635,70.0,0.5163469688020359,1.0
nagpur,2026-07-07,9.3,2.6193816661834717,21.15,79.09,Active,1.4021194786097175,Inland,9.3,10.309191707414824,13.882732696533203,0.21445895970876186,0.0,0.21445895970876186,0.013821229767261096,0.0
panaji,2026-07-07,48.2,12.469501495361328,15.49,73.83,Active,1.4021194786097175,West-coast orographic,48.2,66.58656373120901,113.39385690294934,17.074905393124077,25.1214249937209,17.074905393124077,0.10708655478071899,0.0
patna,2026-07-07,1.4,9.43343734741211,25.59,85.14,Active,1.4021194786097175,Inland,1.4,1.0338533282279965,0.09540331471521968,0.5583108088012706,0.0,0.5583108088012706,0.0006418597404236308,0.0
pune,2026-07-07,73.3,98.3946304321289,18.52,73.86,Active,1.4021194786097175,Inland,73.3,88.28303434753013,32.70682269957273,19.405744467514886,31.097450012767236,19.405744467514886,0.08511510192065773,1.0
raipur,2026-07-07,0.7000000000000001,69.33342742919922,21.25,81.63,Active,1.4021194786097175,Inland,0.7000000000000001,0.31847929567098665,0.0,0.2013098361571036,0.0,0.2013098361571036,0.0008900154748849188,0.0
ranchi,2026-07-07,1.9000000000000001,33.06145477294922,23.34,85.31,Active,1.4021194786097175,Inland,1.9000000000000001,1.603139612674713,0.2186881524760549,0.6894057455458082,0.0,0.6894057455458082,0.002855702776208958,0.0
shillong,2026-07-07,5.6,12.454581260681152,25.58,91.89,Active,1.4021194786097175,Hill / Himalayan orographic,5.6,5.573128302892053,4.762774487789349,5.046060814392049,4.824978983394854,5.046060814392049,0.003588767483173184,0.0
shimla,2026-07-07,10.4,5.094241619110107,31.1,77.17,Active,1.4021194786097175,Hill / Himalayan orographic,10.4,11.831691926956177,9.892845532735196,1.2668352193907382,0.0,1.2668352193907382,0.008038610890280894,0.0
srinagar,2026-07-07,0.0,0.2525847554206848,34.08,74.8,Active,1.4021194786097175,Hill / Himalayan orographic,0.0,0.0,0.0,0.022338112855817476,0.0,0.022338112855817476,0.00029276589533843345,0.0
surat,2026-07-07,22.4,100.14783477783203,21.17,72.83,Active,1.4021194786097175,West-coast orographic,22.4,30.508251328868347,26.16250547480583,17.96470047475206,25.27366372396127,70.0,0.4340398560795335,0.0
thiruvananthapuram,2026-07-07,4.1,0.0,8.52,76.94,Active,1.4021194786097175,West-coast orographic,4.1,4.077210078239443,3.707817198560374,22.93390135474459,26.30030208754264,70.0,0.3068885353952701,0.0
varanasi,2026-07-07,1.9,6.351717948913574,25.32,82.97,Active,1.4021194786097175,Inland,1.9,1.6031396126747128,0.21868815247605486,0.0,0.0,0.0,0.0027868860524943363,0.0
vijayawada,2026-07-07,0.2,0.0,16.51,80.65,Active,1.4021194786097175,Inland,0.2,0.0,0.0,1.217101097861423,0.0,1.217101097861423,0.00031889522939732555,0.0
visakhapatnam,2026-07-07,0.0,0.0,17.69,83.22,Active,1.4021194786097175,East coast,0.0,0.0,0.0,0.39434939208813524,0.0,0.39434939208813524,0.0005719811385168986,0.0
agartala,2026-07-08,10.4,55.625244140625,23.83,91.29,Active,1.5467701354487033,Inland,10.4,11.831691926956177,14.016551045673657,2.2958399679316126,0.5655326985781581,2.2958399679316126,0.0020423378133662164,0.0
ahmedabad,2026-07-08,4.5,20.025482177734375,23.02,72.57,Active,1.5467701354487033,Inland,4.5,4.413877868447693,4.8493594689802695,8.51375686129572,18.811743580647136,8.51375686129572,0.12414652273678453,0.0
amritsar,2026-07-08,2.0,0.0,31.63,74.87,Active,1.5467701354487033,Inland,2.0,1.6853253950701035,0.43669432401657104,0.4051094576097713,0.0,0.4051094576097713,0.0020000537336172662,0.0
bengaluru,2026-07-08,1.4000000000000001,0.0,12.97,77.59,Active,1.5467701354487033,Inland,1.4000000000000001,1.033853328227997,0.09540331471521972,0.09997246536140003,0.0,0.09997246536140003,0.0008309189065290665,0.0
bhopal,2026-07-08,16.7,10.550080299377441,23.26,77.41,Active,1.5467701354487033,Inland,16.7,20.89873724893979,17.769760635752736,1.2858375337840622,0.0,1.2858375337840622,0.043288581628559426,0.0
bhubaneswar,2026-07-08,0.6000000000000001,0.0,20.3,85.82,Active,1.5467701354487033,East coast,0.6000000000000001,0.25650048255920416,0.011054112876893233,4.6455443608280875,4.310891661483996,4.6455443608280875,0.006128646782134113,0.0
chandigarh,2026-07-08,0.0,1.0541670322418213,30.73,76.78,Active,1.5467701354487033,Inland,0.0,0.0,0.0,0.12499460495122584,0.0,0.12499460495122584,0.000265089309496442,0.0
chennai,2026-07-08,0.0,0.0,13.08,80.27,Active,1.5467701354487033,East coast,0.0,0.0,0.0,0.2058123567181076,0.0,0.2058123567181076,0.00047566897349475725,0.0
dehradun,2026-07-08,24.4,9.916584968566895,30.32,78.03,Active,1.5467701354487033,Hill / Himalayan orographic,24.4,34.092828671382044,29.59216711320188,4.193560488123825,3.3726376220485252,4.193560488123825,0.05903811713510688,0.0
delhi,2026-07-08,0.6,40.74845504760742,28.61,77.21,Active,1.5467701354487033,Inland,0.6,0.21205292522907307,0.0,0.010131036309903778,0.0,0.010131036309903778,0.0006411576286459496,0.0
gangtok,2026-07-08,12.9,18.21010398864746,27.33,88.61,Active,1.5467701354487033,Hill / Himalayan orographic,12.9,16.597147737292076,15.447805360334515,14.024705417649026,24.599553631613656,14.024705417649026,0.013618505022645847,0.0
guwahati,2026-07-08,20.0,2.3417019844055176,26.14,91.74,Active,1.5467701354487033,Inland,20.0,26.529770164489754,19.15974336459842,6.171453365311549,13.880690801009878,6.171453365311549,0.006757251372505675,0.0
hyderabad,2026-07-08,0.4,0.8947138786315918,17.39,78.49,Active,1.5467701354487033,Inland,0.4,0.08803347080945954,0.0,0.6059664699491776,0.0,0.6059664699491776,0.0013694306090551746,0.0
jabalpur,2026-07-08,7.1,7.968966484069824,23.18,79.95,Active,1.5467701354487033,Inland,7.1,7.601736021041867,9.561301231384277,0.032388012475972124,0.0,0.032388012475972124,0.005103012735883566,0.0
jaipur,2026-07-08,0.7000000000000001,0.4964376986026764,26.91,75.79,Active,1.5467701354487033,Inland,0.7000000000000001,0.31847929567098665,0.0,0.037684592328628884,0.0,0.037684592328628884,0.0006305113218296555,0.0
jodhpur,2026-07-08,32.9,0.027984824031591415,26.24,73.02,Active,1.5467701354487033,Inland,32.9,42.61450255250886,30.147454511868116,2.339265756059407,0.6983128912376316,2.339265756059407,0.004449198159405563,0.0
kochi,2026-07-08,48.9,23.762950897216797,9.93,76.27,Active,1.5467701354487033,West-coast orographic,48.9,67.37711563483482,114.42559183416088,24.626279419562614,27.010278068256497,24.626279419562614,0.04273587639354852,0.0
kolkata,2026-07-08,2.0,0.002423967234790325,22.57,88.36,Active,1.5467701354487033,East coast,2.0,1.6853253950701035,0.41158406704664185,1.1318973433842647,0.0,1.1318973433842647,0.015652613437919172,0.0
lucknow,2026-07-08,0.0,8.530146598815918,26.85,80.95,Active,1.5467701354487033,Inland,0.0,0.0,0.0,0.0393150937400251,0.0,0.0393150937400251,0.00025922211959898955,0.0
madurai,2026-07-08,0.0,0.0,9.93,78.12,Active,1.5467701354487033,Inland,0.0,0.0,0.0,0.0007907941911249769,0.0,0.0007907941911249769,0.0006011801263457447,0.0
mangaluru,2026-07-08,39.3,22.37748146057129,12.91,74.86,Active,1.5467701354487033,West-coast orographic,39.3,55.24849957750444,100.2760842061166,43.65233600367483,63.2967758592819,43.65233600367483,0.11768068119369636,0.0
mumbai,2026-07-08,70.1,181.87255859375,19.08,72.88,Active,1.5467701354487033,West-coast orographic,70.1,85.71986431031792,145.6776397705078,34.95998962723087,35.26913355081635,70.0,0.5163469688020359,1.0
nagpur,2026-07-08,4.2,15.774362564086914,21.15,79.09,Active,1.5467701354487033,Inland,4.2,4.263149785995487,4.775631947950884,0.2465050753440225,0.0,0.2465050753440225,0.015218749253926925,0.0
panaji,2026-07-08,67.6,13.393777847290039,15.49,73.83,Active,1.5467701354487033,West-coast orographic,67.6,83.71738771874585,141.9876535679555,26.41381053870429,28.87826696878654,26.41381053870429,0.13856119368098624,1.0
patna,2026-07-08,2.0,9.56016731262207,25.59,85.14,Active,1.5467701354487033,Inland,2.0,1.6853253950701035,0.43669432401657104,0.7272317377722051,0.0,0.7272317377722051,0.002229055032073668,0.0
pune,2026-07-08,34.3,84.62228393554688,18.52,73.86,Active,1.5467701354487033,Inland,34.3,44.24261225590011,30.23486625087363,27.467497613381592,31.45537399956237,27.467497613381592,0.26915158625381197,0.0
raipur,2026-07-08,0.5,0.08476722985506058,21.25,81.63,Active,1.5467701354487033,Inland,0.5,0.1585172209143639,0.0,0.2013098361571036,0.0,0.2013098361571036,0.0008900154748849188,0.0
ranchi,2026-07-08,0.2,0.0529266856610775,23.34,85.31,Active,1.5467701354487033,Inland,0.2,0.0,0.0,0.44358506327419084,0.0,0.44358506327419084,0.0003537983370656473,0.0
shillong,2026-07-08,29.099999999999998,13.752472877502441,25.58,91.89,Active,1.5467701354487033,Hill / Himalayan orographic,29.099999999999998,38.88187023509633,41.043574357936045,3.6023365635497466,2.7730310479837894,3.6023365635497466,0.002747436309111444,0.0
shimla,2026-07-08,3.9,2.569981575012207,31.1,77.17,Active,1.5467701354487033,Hill / Himalayan orographic,3.9,3.7399402499198944,3.4956295786110028,0.8400993033666997,0.0,0.8400993033666997,0.01051286402898278,0.0
srinagar,2026-07-08,0.4,0.0,34.08,74.8,Active,1.5467701354487033,Hill / Himalayan orographic,0.4,0.08803347080945954,0.0,0.06690772105489198,0.0,0.06690772105489198,0.0020838675992609058,0.0
surat,2026-07-08,74.5,188.0817413330078,21.17,72.83,Active,1.5467701354487033,West-coast orographic,74.5,89.24422311148473,152.2776397705078,21.785680605142776,26.039477065640465,21.785680605142776,0.19476611599191576,1.0
thiruvananthapuram,2026-07-08,15.1,0.0,8.52,76.94,Active,1.5467701354487033,West-coast orographic,15.1,19.36435327112129,16.88716216253492,21.14777210478532,25.89457243938718,21.14777210478532,0.06087281338523182,0.0
varanasi,2026-07-08,0.2,0.28459903597831726,25.32,82.97,Active,1.5467701354487033,Inland,0.2,0.0,0.0,0.0,0.0,0.0,0.00032701023222853965,0.0
vijayawada,2026-07-08,0.0,0.0,16.51,80.65,Active,1.5467701354487033,Inland,0.0,0.0,0.0,0.9143665848414965,0.0,0.9143665848414965,0.00031889522939732555,0.0
visakhapatnam,2026-07-08,1.2000000000000002,0.23246969282627106,17.69,83.22,Active,1.5467701354487033,East coast,1.2000000000000002,0.7934835296869281,0.11596051855219736,2.105086560694872,0.1818341480884824,2.105086560694872,0.005246497252598256,0.0
agartala,2026-07-09,7.7,93.04306030273438,23.83,91.29,Active,1.6729184991662882,Inland,7.7,8.224999345143637,10.880624188509854,3.429311314262413,4.7319357877183625,3.429311314262413,0.0022713812504549184,0.0
ahmedabad,2026-07-09,79.7,0.0,23.02,72.57,Active,1.6729184991662882,Inland,79.7,93.4093744219546,35.562534367748256,20.273585969275555,31.10767773141353,20.273585969275555,0.03273531893997118,1.0
amritsar,2026-07-09,2.0,0.32096749544143677,31.63,74.87,Active,1.6729184991662882,Inland,2.0,1.6853253950701035,0.43669432401657104,0.4051094576097713,0.0,0.4051094576097713,0.0020000537336172662,0.0
bengaluru,2026-07-09,0.0,0.0,12.97,77.59,Active,1.6729184991662882,Inland,0.0,0.0,0.0,0.04667541880304489,0.0,0.04667541880304489,0.0002859157805374604,0.0
bhopal,2026-07-09,5.6,1.8800252676010132,23.26,77.41,Active,1.6729184991662882,Inland,5.6,5.573128302892053,5.993190325223483,0.10817801023956596,0.0,0.10817801023956596,0.10153169433759819,0.0
bhubaneswar,2026-07-09,7.0,0.028124909847974777,20.3,85.82,Active,1.6729184991662882,East coast,7.0,7.493223274548846,6.789954191313851,7.291169142654181,11.353401496764771,7.291169142654181,0.04379099588381008,0.0
chandigarh,2026-07-09,0.8,4.848339557647705,30.73,76.78,Active,1.6729184991662882,Inland,0.8,0.4039362758398055,0.0,0.23156484692762042,0.0,0.23156484692762042,0.000631530730313193,0.0
chennai,2026-07-09,0.1,0.0,13.08,80.27,Active,1.6729184991662882,East coast,0.1,0.0,0.0,0.3887853600063588,0.0,0.3887853600063588,0.00047566897349475725,0.0
dehradun,2026-07-09,7.0,80.94876861572266,30.32,78.03,Active,1.6729184991662882,Hill / Himalayan orographic,7.0,7.493223274548846,6.789954191313851,5.230494182532586,4.941091114472925,5.230494182532586,0.00626653649088618,0.0
delhi,2026-07-09,0.5,65.7965316772461,28.61,77.21,Active,1.6729184991662882,Inland,0.5,0.1585172209143639,0.0,0.010131036309903778,0.0,0.010131036309903778,0.0006411576286459496,0.0
gangtok,2026-07-09,26.900000000000002,12.090680122375488,27.33,88.61,Active,1.6729184991662882,Hill / Himalayan orographic,26.900000000000002,37.48880541830353,30.936020859055986,15.19241364899285,24.799341675064916,15.19241364899285,0.015463899756184353,0.0
guwahati,2026-07-09,17.7,9.824134826660156,26.14,91.74,Active,1.6729184991662882,Inland,17.7,23.162073131610022,18.267970085144043,5.815651556332549,9.614693171858944,5.815651556332549,0.002403662119476078,0.0
hyderabad,2026-07-09,0.0,0.8431906700134277,17.39,78.49,Active,1.6729184991662882,Inland,0.0,0.0,0.0,0.3996302239012649,0.0,0.3996302239012649,0.00031129344131167007,0.0
jabalpur,2026-07-09,5.3,7.639697551727295,23.18,79.95,Active,1.6729184991662882,Inland,5.3,5.2262971131006895,5.751057418394372,0.07325067619902785,0.0,0.07325067619902785,0.018720378043938966,0.0
jaipur,2026-07-09,22.4,0.0,26.91,75.79,Active,1.6729184991662882,Inland,22.4,30.508251328868347,23.82672371975211,2.4212824537841025,1.4831048160278462,2.4212824537841025,0.012080746698535417,0.0
jodhpur,2026-07-09,1.6,0.0,26.24,73.02,Active,1.6729184991662882,Inland,1.6,1.2552670049667358,0.19028590666035475,0.0695014704858521,0.0,0.0695014704858521,0.00048786800155637257,0.0
kochi,2026-07-09,35.1,7.8145318031311035,9.93,76.27,Active,1.6729184991662882,West-coast orographic,35.1,45.172960657837976,87.49301745631112,50.01372614672807,74.84979565539984,50.01372614672807,0.29371848147125235,0.0
kolkata,2026-07-09,9.0,0.0723559707403183,22.57,88.36,Active,1.6729184991662882,East coast,9.0,9.910883845792306,7.565885105392912,0.12702330234665696,0.0,0.12702330234665696,0.031775500669696546,0.0
lucknow,2026-07-09,0.7,8.001133918762207,26.85,80.95,Active,1.6729184991662882,Inland,0.7,0.31847929567098654,0.0,0.0725941127109101,0.0,0.0725941127109101,0.0006208855476182827,0.0
madurai,2026-07-09,0.0,0.0,9.93,78.12,Active,1.6729184991662882,Inland,0.0,0.0,0.0,0.0007907941911249769,0.0,0.0007907941911249769,0.0006011801263457447,0.0
mangaluru,2026-07-09,35.4,7.657925128936768,12.91,74.86,Active,1.6729184991662882,West-coast orographic,35.4,45.521841308564674,90.25382632087255,50.712526386956725,75.64903109739397,70.0,0.5540552309596039,0.0
mumbai,2026-07-09,45.6,108.25971221923828,19.08,72.88,Active,1.6729184991662882,West-coast orographic,45.6,63.65022808917024,109.56169858702067,23.321803356750998,26.388416283531786,70.0,0.4432088601420469,0.0
nagpur,2026-07-09,0.8,14.64494514465332,21.15,79.09,Active,1.6729184991662882,Inland,0.8,0.4039362758398055,0.0,0.059263106659367216,0.0,0.059263106659367216,0.0007367215431517135,0.0
panaji,2026-07-09,32.9,2.384279727935791,15.49,73.83,Active,1.6729184991662882,West-coast orographic,32.9,42.61450255250886,69.4906419048718,21.390014883877598,25.949599295663987,21.390014883877598,0.04492724233553989,0.0
patna,2026-07-09,13.3,6.818983554840088,25.59,85.14,Active,1.6729184991662882,Inland,13.3,17.03047329599109,16.974492658670975,0.2604900887580875,0.0,0.2604900887580875,0.002971483814789424,0.0
pune,2026-07-09,5.9,15.35200309753418,18.52,73.86,Active,1.6729184991662882,Inland,5.9,5.91595729351044,6.0033752368046684,5.745830239962946,9.466825130015332,5.745830239962946,0.055174146164707366,0.0
raipur,2026-07-09,4.4,0.07072243839502335,21.25,81.63,Active,1.6729184991662882,Inland,4.4,4.363635174296958,4.824783628637141,0.31143188413905826,0.0,0.31143188413905826,0.020698247328274993,0.0
ranchi,2026-07-09,1.2,0.0,23.34,85.31,Active,1.6729184991662882,Inland,1.2,0.7934835296869279,0.06295532940310379,0.6247673559636359,0.0,0.6247673559636359,0.0008226717975927426,0.0
shillong,2026-07-09,2.6,48.85114288330078,25.58,91.89,Active,1.6729184991662882,Hill / Himalayan orographic,2.6,2.268756530284882,0.7247882286656624,7.50051207024456,11.99575325653115,7.50051207024456,0.006207062450410067,0.0
shimla,2026-07-09,13.700000000000001,9.305025100708008,31.1,77.17,Active,1.6729184991662882,Hill / Himalayan orographic,13.700000000000001,17.73441382734823,16.645791059834654,0.45410301657680435,0.0,0.45410301657680435,0.00617277835506537,0.0
srinagar,2026-07-09,0.5,0.6714110374450684,34.08,74.8,Active,1.6729184991662882,Hill / Himalayan orographic,0.5,0.1585172209143639,0.0010670626859798566,0.06690772105489198,0.0,0.06690772105489198,0.0011123779263016824,0.0
surat,2026-07-09,28.6,0.0,21.17,72.83,Active,1.6729184991662882,West-coast orographic,28.6,38.565264594916144,37.552177930234066,16.11976711073971,24.958006424303637,16.11976711073971,0.09945908443902116,0.0
thiruvananthapuram,2026-07-09,5.6,0.0,8.52,76.94,Active,1.6729184991662882,West-coast orographic,5.6,5.573128302892053,4.762774487789349,23.4562733800395,26.418961931467145,23.4562733800395,0.21315607395506897,0.0
varanasi,2026-07-09,2.3,0.006511717569082975,25.32,82.97,Active,1.6729184991662882,Inland,2.3,1.967370046377186,1.3542869533261945,0.0,0.0,0.0,0.0027868860524943363,0.0
vijayawada,2026-07-09,0.0,0.0,16.51,80.65,Active,1.6729184991662882,Inland,0.0,0.0,0.0,0.9143665848414965,0.0,0.9143665848414965,0.00031889522939732555,0.0
visakhapatnam,2026-07-09,0.0,0.6386931538581848,17.69,83.22,Active,1.6729184991662882,East coast,0.0,0.0,0.0,0.39434939208813524,0.0,0.39434939208813524,0.0005719811385168986,0.0
agartala,2026-07-10,2.8,18.856870651245117,23.83,91.29,Active,2.365458822164785,Inland,2.8,2.5352773129940043,3.3181257336398193,6.888826173601432,11.623336716429911,6.888826173601432,0.0018509287196864037,0.0
ahmedabad,2026-07-10,0.2,0.0,23.02,72.57,Active,2.365458822164785,Inland,0.2,0.0,0.0,2.628343176909843,2.870424158204797,2.628343176909843,0.00018028949350012687,0.0
amritsar,2026-07-10,4.1,0.0,31.63,74.87,Active,2.365458822164785,Inland,4.1,3.9935677289962768,4.751056107607754,6.712323527020353,11.054768245149978,6.712323527020353,0.006296440283192595,0.0
bengaluru,2026-07-10,0.0,0.0,12.97,77.59,Active,2.365458822164785,Inland,0.0,0.0,0.0,0.041662927690816504,0.0,0.041662927690816504,0.00028115888004798343,0.0
bhopal,2026-07-10,11.0,0.25261861085891724,23.26,77.41,Active,2.365458822164785,Inland,11.0,12.463676309585571,14.145259374471813,19.209961359664113,27.297070702864065,19.209961359664113,0.16414690708205568,0.0
bhubaneswar,2026-07-10,13.4,0.0,20.3,85.82,Active,2.365458822164785,East coast,13.4,16.7667848110199,15.815460968017579,44.06747039647812,69.61793076704444,44.06747039647812,0.27225005159112303,0.0
chandigarh,2026-07-10,8.3,86.47807312011719,30.73,76.78,Active,2.365458822164785,Inland,8.3,8.83633017539978,11.245523098995811,5.234686397729805,7.7122291730547206,5.234686397729805,0.005483736175195773,0.0
chennai,2026-07-10,0.7,5.805654525756836,13.08,80.27,Active,2.365458822164785,East coast,0.7,0.3001396879553796,0.06308625594609313,0.5922480777787225,0.0,0.5922480777787225,0.00264082978677502,0.0
dehradun,2026-07-10,23.5,22.782176971435547,30.32,78.03,Active,2.365458822164785,Hill / Himalayan orographic,23.5,31.54107146263124,26.346341182554095,2.827696822683404,0.956533237367827,2.827696822683404,0.009285803822246447,0.0
delhi,2026-07-10,1.5,30.075075149536133,28.61,77.21,Active,2.365458822164785,Inland,1.5,1.0560725301504137,0.22569595758944494,0.5674827993316512,0.0,0.5674827993316512,0.0005609606000987558,0.0
gangtok,2026-07-10,7.0,21.951217651367188,27.33,88.61,Active,2.365458822164785,Hill / Himalayan orographic,7.0,7.381012678146358,7.467905490197865,9.095524356897466,13.921720113206446,9.095524356897466,0.00029872299272188963,0.0
guwahati,2026-07-10,16.4,17.248029708862305,26.14,91.74,Active,2.365458822164785,Inland,16.4,20.535733587091617,18.16626058870607,3.1043221403453694,4.078708111310355,3.1043221403453694,0.0003941213273402623,0.0
hyderabad,2026-07-10,0.1,1.6898126602172852,17.39,78.49,Active,2.365458822164785,Inland,0.1,0.0,0.0,1.4131821345469198,0.026429649784662883,1.4131821345469198,0.00029766232493647657,0.0
jabalpur,2026-07-10,11.0,0.9963657855987549,23.18,79.95,Active,2.365458822164785,Inland,11.0,12.463676309585571,14.145259374471813,18.872683746188944,26.926462507301792,18.872683746188944,0.1345974902243955,0.0
jaipur,2026-07-10,28.3,0.0,26.91,75.79,Active,2.365458822164785,Inland,28.3,37.7394373639882,30.937574774760076,7.136788424508514,12.351411617546955,7.136788424508514,0.012230924428559763,0.0
jodhpur,2026-07-10,0.0,0.0,26.24,73.02,Active,2.365458822164785,Inland,0.0,0.0,0.0,3.270832856657299,4.276679094776639,3.270832856657299,0.0001379975733546159,0.0
kochi,2026-07-10,2.0,10.433661460876465,9.93,76.27,Active,2.365458822164785,West-coast orographic,2.0,1.625984901189804,0.650022280812264,15.245469191689773,18.281084713652366,15.245469191689773,0.04642466124275064,0.0
kolkata,2026-07-10,3.5,4.033361911773682,22.57,88.36,Active,2.365458822164785,East coast,3.5,3.1474586420281043,3.263970243590219,4.012673017154876,3.2703311719434054,4.012673017154876,0.017190693257225168,0.0
lucknow,2026-07-10,5.8,88.43318939208984,26.85,80.95,Active,2.365458822164785,Inland,5.8,5.66691431782462,6.015827989291735,1.716465820066734,0.21612699638343094,1.716465820066734,0.0011493615159201345,0.0
madurai,2026-07-10,0.0,0.0,9.93,78.12,Active,2.365458822164785,Inland,0.0,0.0,0.0,0.0,0.0,0.0,0.00044454469780060035,0.0
mangaluru,2026-07-10,28.2,6.506923675537109,12.91,74.86,Active,2.365458822164785,West-coast orographic,28.2,37.6676480684349,31.031841450006187,32.0294116521308,31.179415467291534,32.0294116521308,0.2006071347562799,0.0
mumbai,2026-07-10,3.5,0.6045691967010498,19.08,72.88,Active,2.365458822164785,West-coast orographic,3.5,3.1474586420281043,3.263970243590219,35.1106609833556,41.76772817088095,35.1106609833556,0.23860227753358576,0.0
nagpur,2026-07-10,6.3,0.1647908240556717,21.15,79.09,Active,2.365458822164785,Inland,6.3,6.2671353294424685,6.132482952914696,7.291438006127242,12.677969335325308,7.291438006127242,0.004014198488853301,0.0
panaji,2026-07-10,12.0,1.2222208976745605,15.49,73.83,Active,2.365458822164785,West-coast orographic,12.0,14.205417005221053,13.489845436691569,32.069636235463,31.182415411187836,32.069636235463,0.04194666188672556,0.0
patna,2026-07-10,2.6,5.2292375564575195,25.59,85.14,Active,2.365458822164785,Inland,2.6,2.2421221137046827,2.9778185567045505,0.8321639677397299,0.0,0.8321639677397299,0.0015646920100437678,0.0
pune,2026-07-10,0.2,0.1220024824142456,18.52,73.86,Active,2.365458822164785,Inland,0.2,0.0,0.0,7.929872737576994,13.836807904939025,7.929872737576994,0.00027040740962479276,0.0
raipur,2026-07-10,1.2,0.11867411434650421,21.25,81.63,Active,2.365458822164785,Inland,1.2,0.773294985294342,0.21924362547995505,2.4992424279920193,2.4431757384751576,2.4992424279920193,0.001497189395750623,0.0
ranchi,2026-07-10,3.8000000000000003,1.1706093549728394,23.34,85.31,Active,2.365458822164785,Inland,3.8000000000000003,3.5624232172965975,4.660664044664456,2.604857032443161,2.8244578107655816,2.604857032443161,0.0022126565524530975,0.0
shillong,2026-07-10,1.1,9.2066068649292,25.58,91.89,Active,2.365458822164785,Hill / Himalayan orographic,1.1,0.6919684410095213,0.19932781010866174,5.700157194380181,6.090277663858432,5.700157194380181,0.00033246590709195477,0.0
shimla,2026-07-10,17.5,53.697959899902344,31.1,77.17,Active,2.365458822164785,Hill / Himalayan orographic,17.5,22.8942370891571,18.117718517778464,3.0468564575309167,1.4254808260491831,3.0468564575309167,0.003353542985502,0.0
srinagar,2026-07-10,0.7,0.0,34.08,74.8,Active,2.365458822164785,Hill / Himalayan orographic,0.7,0.3001396879553796,0.06308625594609313,1.0012148631679514,0.0,1.0012148631679514,0.0002206100365355091,0.0
surat,2026-07-10,2.2,0.0,21.17,72.83,Active,2.365458822164785,West-coast orographic,2.2,1.8368670403957368,1.2713287200456789,2.3639583662615054,0.4466592878854054,2.3639583662615054,0.0017814900200174028,0.0
thiruvananthapuram,2026-07-10,0.0,1.0561866760253906,8.52,76.94,Active,2.365458822164785,West-coast orographic,0.0,0.0,0.0,0.0,0.0,0.0,0.0006965840050409393,0.0
varanasi,2026-07-10,4.0,88.96619415283203,25.32,82.97,Active,2.365458822164785,Inland,4.0,3.8711773633956907,4.726480267264626,0.5972507950844033,0.0,0.5972507950844033,0.0026507946509924303,0.0
vijayawada,2026-07-10,0.0,0.020579295232892036,16.51,80.65,Active,2.365458822164785,Inland,0.0,0.0,0.0,1.0470870676866784,0.0,1.0470870676866784,0.00030933137470797394,0.0
visakhapatnam,2026-07-10,0.0,0.0,17.69,83.22,Active,2.365458822164785,East coast,0.0,0.0,0.0,0.8706468658099331,0.0,0.8706468658099331,0.0004168137408464808,0.0
agartala,2026-07-11,0.0,18.27634620666504,23.83,91.29,Active,2.111952559888446,Inland,0.0,0.0,0.0,3.8255469450188877,4.966092481446003,3.8255469450188877,0.00024406097589007488,0.0
ahmedabad,2026-07-11,0.0,0.0,23.02,72.57,Active,2.111952559888446,Inland,0.0,0.0,0.0,1.5272620814000901,0.14899840770434275,1.5272620814000901,0.00018028949350012687,0.0
amritsar,2026-07-11,0.0,23.050254821777344,31.63,74.87,Active,2.111952559888446,Inland,0.0,0.0,0.0,1.5654262369822376,0.1870401074698599,1.5654262369822376,0.00018639778338598757,0.0
bengaluru,2026-07-11,0.0,0.052329983562231064,12.97,77.59,Active,2.111952559888446,Inland,0.0,0.0,0.0,0.041662927690816504,0.0,0.041662927690816504,0.00028115888004798343,0.0
bhopal,2026-07-11,11.9,0.0,23.26,77.41,Active,2.111952559888446,Inland,11.9,14.042505455017094,15.722008049416687,16.836528801564548,24.55537219249933,16.836528801564548,0.12319566168246017,0.0
bhubaneswar,2026-07-11,37.5,22.28608512878418,20.3,85.82,Active,2.111952559888446,East coast,37.5,48.57681881966684,83.59394901157155,75.59021536526629,111.24783552825491,75.59021536526629,0.8325461774193053,0.0
chandigarh,2026-07-11,4.5,11.346734046936035,30.73,76.78,Active,2.111952559888446,Inland,4.5,4.344335830211641,4.849359468980269,3.3023149914445074,4.312656880779011,3.3023149914445074,0.003419984357156663,0.0
chennai,2026-07-11,0.6,0.0,13.08,80.27,Active,2.111952559888446,East coast,0.6,0.1809724874794483,0.057331632301211334,0.5922480777787225,0.0,0.5922480777787225,0.00264082978677502,0.0
dehradun,2026-07-11,27.3,18.544578552246094,30.32,78.03,Active,2.111952559888446,Hill / Himalayan orographic,27.3,37.02154440845517,30.801199956161124,5.60311400104879,5.965307960335532,5.60311400104879,0.011531800329527815,0.0
delhi,2026-07-11,8.799999999999999,0.0,28.61,77.21,Active,2.111952559888446,Inland,8.799999999999999,9.510572066561867,12.570567039288969,4.286247860072032,5.371289173045589,4.286247860072032,0.007349094988506931,0.0
gangtok,2026-07-11,28.7,7.856900691986084,27.33,88.61,Active,2.111952559888446,Hill / Himalayan orographic,28.7,38.026594546201416,31.06612429551675,8.509425323586207,11.51076996711042,8.509425323586207,0.0007576905473054356,0.0
guwahati,2026-07-11,15.8,4.288941383361816,26.14,91.74,Active,2.111952559888446,Inland,15.8,19.762490844726567,18.05489073859321,2.8726688565229077,3.0958649912280714,2.8726688565229077,0.0003941213273402623,0.0
hyderabad,2026-07-11,0.0,0.0,17.39,78.49,Active,2.111952559888446,Inland,0.0,0.0,0.0,0.7934763549053844,0.0,0.7934763549053844,0.00029766232493647657,0.0
jabalpur,2026-07-11,38.5,3.7021167278289795,23.18,79.95,Active,2.111952559888446,Inland,38.5,51.32113066406271,39.200328476173645,23.325179088849556,30.80624909596425,23.325179088849556,0.15210103116098203,0.0
jaipur,2026-07-11,3.4,0.0,26.91,75.79,Active,2.111952559888446,Inland,3.4,3.015793739363215,4.42158048416887,1.1997686230511808,0.0,1.1997686230511808,0.0017766479068277736,0.0
jodhpur,2026-07-11,0.0,0.0,26.24,73.02,Active,2.111952559888446,Inland,0.0,0.0,0.0,3.270832856657299,4.276679094776639,3.270832856657299,0.0001379975733546159,0.0
kochi,2026-07-11,0.4,41.68895721435547,9.93,76.27,Active,2.111952559888446,West-coast orographic,0.4,0.07673798799514774,0.0019461768306791752,6.659839268732021,8.070077646276241,6.659839268732021,0.017587753918705137,0.0
kolkata,2026-07-11,1.8,6.505245208740234,22.57,88.36,Active,2.111952559888446,East coast,1.8,1.3901309967041016,0.23677136301447554,8.040319974851506,10.62956724867301,8.040319974851506,0.024114177891759903,0.0
lucknow,2026-07-11,0.1,39.648216247558594,26.85,80.95,Active,2.111952559888446,Inland,0.1,0.0,0.0,0.7642177813212739,0.0,0.7642177813212739,0.00022249797979081139,0.0
madurai,2026-07-11,0.0,0.0,9.93,78.12,Active,2.111952559888446,Inland,0.0,0.0,0.0,0.0,0.0,0.0,0.00044454469780060035,0.0
mangaluru,2026-07-11,13.0,17.916208267211914,12.91,74.86,Active,2.111952559888446,West-coast orographic,13.0,16.161720609664915,14.630298605309912,37.15866723511897,52.43529799609283,37.15866723511897,0.1519576680779349,0.0
mumbai,2026-07-11,1.9000000000000001,0.0,19.08,72.88,Active,2.111952559888446,West-coast orographic,1.9000000000000001,1.5597088217735293,0.47274628609418884,29.535783381720865,30.982601561623422,29.535783381720865,0.09224101119992131,0.0
nagpur,2026-07-11,4.6,0.00425116578117013,21.15,79.09,Active,2.111952559888446,Inland,4.6,4.397329515218736,4.8739353093233975,5.466082950793317,7.9477349769204295,5.466082950793317,0.0076883040064407195,0.0
panaji,2026-07-11,5.1000000000000005,1.868302345275879,15.49,73.83,Active,2.111952559888446,West-coast orographic,5.1000000000000005,4.855323277986968,4.1596969596058315,28.084921831920532,30.840188183479075,28.084921831920532,0.027204935913006947,0.0
patna,2026-07-11,30.6,34.53827667236328,25.59,85.14,Active,2.111952559888446,Inland,30.6,39.812557254068665,31.069786463096836,9.671543532368208,17.99888876227572,9.671543532368208,0.03499388497197019,0.0
pune,2026-07-11,0.1,0.0,18.52,73.86,Active,2.111952559888446,Inland,0.1,0.0,0.0,7.812628698655472,13.81116235161758,7.812628698655472,0.00027040740962479276,0.0
raipur,2026-07-11,26.7,0.0,21.25,81.63,Active,2.111952559888446,Inland,26.7,36.590808635135346,30.75776929517215,19.534899899932686,27.59996610059156,19.534899899932686,0.14801585939624035,0.0
ranchi,2026-07-11,16.8,12.209683418273926,23.34,85.31,Active,2.111952559888446,Inland,16.8,21.051228748668322,18.371237641411856,6.302080857744842,9.311635648922316,6.302080857744842,0.002678094068036603,0.0
shillong,2026-07-11,0.7000000000000001,4.709646701812744,25.58,91.89,Active,2.111952559888446,Hill / Himalayan orographic,0.7000000000000001,0.3001396879553797,0.06308625594609314,5.700157194380181,6.090277663858432,5.700157194380181,0.00033246590709195477,0.0
shimla,2026-07-11,14.2,28.624568939208984,31.1,77.17,Active,2.111952559888446,Hill / Himalayan orographic,14.2,18.173622965812687,16.14380866567469,2.817399075403198,0.9399387005619997,2.817399075403198,0.0017023624910483984,0.0
srinagar,2026-07-11,0.9,0.0,34.08,74.8,Active,2.111952559888446,Hill / Himalayan orographic,0.9,0.5249635875225066,0.12034232469288621,1.0012148631679514,0.0,1.0012148631679514,0.0002206100365355091,0.0
surat,2026-07-11,1.9000000000000001,1.387267827987671,21.17,72.83,Active,2.111952559888446,West-coast orographic,1.9000000000000001,1.5597088217735293,0.47274628609418884,2.999598677809172,1.3142062713417908,2.999598677809172,0.0017814900200174028,0.0
thiruvananthapuram,2026-07-11,0.0,0.9700886011123657,8.52,76.94,Active,2.111952559888446,West-coast orographic,0.0,0.0,0.0,0.0,0.0,0.0,0.0006965840050409393,0.0
varanasi,2026-07-11,1.2,0.12365645170211792,25.32,82.97,Active,2.111952559888446,Inland,1.2,0.773294985294342,0.21924362547995505,0.4024161586999112,0.0,0.4024161586999112,0.0007225044793618396,0.0
vijayawada,2026-07-11,0.0,0.0,16.51,80.65,Active,2.111952559888446,Inland,0.0,0.0,0.0,1.0470870676866784,0.0,1.0470870676866784,0.00030933137470797394,0.0
visakhapatnam,2026-07-11,0.30000000000000004,0.0,17.69,83.22,Active,2.111952559888446,East coast,0.30000000000000004,0.052086722478270536,0.0,1.6778048695841512,0.06564968869460307,1.6778048695841512,0.0004168137408464808,0.0
agartala,2026-07-12,1.7,10.346899032592773,23.83,91.29,Active,1.4050803220426669,Inland,1.7,1.3087068945169444,0.42334320448338986,6.015626694145408,8.358929825967923,6.015626694145408,0.0017228999450867814,0.0
ahmedabad,2026-07-12,0.1,0.0,23.02,72.57,Active,1.4050803220426669,Inland,0.1,0.0,0.0,2.6715024974331314,2.9138179700608884,2.6715024974331314,0.00018028949350012687,0.0
amritsar,2026-07-12,0.0,14.131348609924316,31.63,74.87,Active,1.4050803220426669,Inland,0.0,0.0,0.0,1.5654262369822376,0.1870401074698599,1.5654262369822376,0.00018639778338598757,0.0
bengaluru,2026-07-12,0.0,0.0,12.97,77.59,Active,1.4050803220426669,Inland,0.0,0.0,0.0,0.041662927690816504,0.0,0.041662927690816504,0.00028115888004798343,0.0
bhopal,2026-07-12,3.9,0.0,23.26,77.41,Active,1.4050803220426669,Inland,3.9,3.7168002903461437,4.697864537972669,3.2471611073567197,4.248534843204122,3.2471611073567197,0.015715830554483442,0.0
bhubaneswar,2026-07-12,2.7,2.1515555381774902,20.3,85.82,Active,1.4050803220426669,East coast,2.7,2.4583827495574955,1.4608008027076722,33.725880199115714,35.55173514608097,33.725880199115714,0.2125843372409266,0.0
chandigarh,2026-07-12,0.6,0.0,30.73,76.78,Active,1.4050803220426669,Inland,0.6,0.1809724874794483,0.0015207829879077665,0.8544786478915576,0.0,0.8544786478915576,0.00052061136713991,0.0
chennai,2026-07-12,0.0,0.0,13.08,80.27,Active,1.4050803220426669,East coast,0.0,0.0,0.0,0.1091271084448854,0.0,0.1091271084448854,0.0003220834921823159,0.0
dehradun,2026-07-12,39.4,7.084683895111084,30.32,78.03,Active,1.4050803220426669,Hill / Himalayan orographic,39.4,54.199834159633255,87.19450732604905,20.668666075875944,24.244417906700548,20.668666075875944,0.09484269808260279,0.0
delhi,2026-07-12,0.2,0.0,28.61,77.21,Active,1.4050803220426669,Inland,0.2,0.0,0.0,0.3659283061009241,0.0,0.3659283061009241,0.00018642400723544825,0.0
gangtok,2026-07-12,4.0,4.269769668579102,27.33,88.61,Active,1.4050803220426669,Hill / Himalayan orographic,4.0,3.8711773633956907,3.420225990203119,8.526645898867988,11.557127159069541,8.526645898867988,0.0005297978153217187,0.0
guwahati,2026-07-12,63.5,6.848470687866211,26.14,91.74,Active,1.4050803220426669,Inland,63.5,86.23638070540693,80.46860028465825,17.119492304389308,24.884881507476404,17.119492304389308,0.003155639147716733,0.0
hyderabad,2026-07-12,0.0,0.0,17.39,78.49,Active,1.4050803220426669,Inland,0.0,0.0,0.0,0.7934763549053844,0.0,0.7934763549053844,0.00029766232493647657,0.0
jabalpur,2026-07-12,4.0,0.0,23.18,79.95,Active,1.4050803220426669,Inland,4.0,3.8711773633956907,4.726480267264626,3.512281187879748,4.540659512414596,3.512281187879748,0.017135133136866983,0.0
jaipur,2026-07-12,0.0,0.0,26.91,75.79,Active,1.4050803220426669,Inland,0.0,0.0,0.0,0.1967469080427249,0.0,0.1967469080427249,0.00017693943760885338,0.0
jodhpur,2026-07-12,0.0,0.0,26.24,73.02,Active,1.4050803220426669,Inland,0.0,0.0,0.0,3.270832856657299,4.276679094776639,3.270832856657299,0.0001379975733546159,0.0
kochi,2026-07-12,1.5,9.340295791625977,9.93,76.27,Active,1.4050803220426669,West-coast orographic,1.5,1.0560725301504137,0.20862285643815998,9.787751204496347,14.591235059876619,9.787751204496347,0.007466995325621355,0.0
kolkata,2026-07-12,2.6,0.27348101139068604,22.57,88.36,Active,1.4050803220426669,East coast,2.6,2.2421221137046827,1.3977861364682513,6.900546777014089,8.274897299524284,6.900546777014089,0.008395092478321178,0.0
lucknow,2026-07-12,5.4,1.1969327926635742,26.85,80.95,Active,1.4050803220426669,Inland,5.4,5.177387054761252,5.7652832106388,1.829943605977566,0.2721695344588342,1.829943605977566,0.0021759900361135805,0.0
madurai,2026-07-12,0.0,0.0,9.93,78.12,Active,1.4050803220426669,Inland,0.0,0.0,0.0,0.0,0.0,0.0,0.00044454469780060035,0.0
mangaluru,2026-07-12,4.5,2.433096408843994,12.91,74.86,Active,1.4050803220426669,West-coast orographic,4.5,4.344335830211641,3.680804079854655,31.32076863294831,31.126564968319357,31.32076863294831,0.06934550079427716,0.0
mumbai,2026-07-12,1.5,0.0,19.08,72.88,Active,1.4050803220426669,West-coast orographic,1.5,1.0560725301504137,0.20862285643815998,21.314934114589246,24.630356063597677,21.314934114589246,0.008618835115218717,0.0
nagpur,2026-07-12,1.9000000000000001,0.0,21.15,79.09,Active,1.4050803220426669,Inland,1.9000000000000001,1.5597088217735293,0.6045183062553446,5.623529190809943,8.054557722479998,5.623529190809943,0.009585127430478046,0.0
panaji,2026-07-12,2.3000000000000003,1.3444278240203857,15.49,73.83,Active,1.4050803220426669,West-coast orographic,2.3000000000000003,1.9441248863935474,1.2931626490604735,14.868008106193253,18.20710333482795,14.868008106193253,0.007246065576853883,0.0
patna,2026-07-12,37.4,6.006288051605225,25.59,85.14,Active,1.4050803220426669,Inland,37.4,48.42837706255498,37.6350762844245,10.005206993966071,18.14060011180096,10.005206993966071,0.02628798598254384,0.0
pune,2026-07-12,0.0,0.0,18.52,73.86,Active,1.4050803220426669,Inland,0.0,0.0,0.0,5.189958739009419,7.666707219151266,5.189958739009419,0.00027040740962479276,0.0
raipur,2026-07-12,3.1,0.4318348467350006,21.25,81.63,Active,1.4050803220426669,Inland,3.1,2.718684510389964,3.93609125987593,4.685475838550923,5.9930648191297236,4.685475838550923,0.01372522996400339,0.0
ranchi,2026-07-12,2.6,0.21170674264431,23.34,85.31,Active,1.4050803220426669,Inland,2.6,2.2421221137046827,2.9778185567045505,2.5286190731696245,2.5506575901348336,2.5286190731696245,0.001998320136604472,0.0
shillong,2026-07-12,8.5,31.67928695678711,25.58,91.89,Active,1.4050803220426669,Hill / Himalayan orographic,8.5,9.138022589683533,8.066438990109488,2.8913608540701583,1.2502679575755486,2.8913608540701583,0.00040406860198100725,0.0
shimla,2026-07-12,15.4,5.049696445465088,31.1,77.17,Active,1.4050803220426669,Hill / Himalayan orographic,15.4,19.44955426729643,16.63633021216035,2.817399075403198,0.9399387005619997,2.817399075403198,0.0017023624910483984,0.0
srinagar,2026-07-12,9.7,0.7770425081253052,34.08,74.8,Active,1.4050803220426669,Hill / Himalayan orographic,9.7,10.603896489304104,8.798642255342923,8.08656734451892,10.71242209932269,8.08656734451892,0.0034065911159888314,0.0
surat,2026-07-12,2.1,0.0,21.17,72.83,Active,1.4050803220426669,West-coast orographic,2.1,1.6922609806060789,1.2494947910308842,2.3639583662615054,0.4466592878854054,2.3639583662615054,0.0017814900200174028,0.0
thiruvananthapuram,2026-07-12,0.0,0.0,8.52,76.94,Active,1.4050803220426669,West-coast orographic,0.0,0.0,0.0,0.0,0.0,0.0,0.0006965840050409393,0.0
varanasi,2026-07-12,1.2000000000000002,0.06392324715852737,25.32,82.97,Active,1.4050803220426669,Inland,1.2000000000000002,0.7732949852943423,0.21924362547995505,0.4736272258955373,0.0,0.4736272258955373,0.0007225044793618396,0.0
vijayawada,2026-07-12,0.0,0.0,16.51,80.65,Active,1.4050803220426669,Inland,0.0,0.0,0.0,1.0470870676866784,0.0,1.0470870676866784,0.00030933137470797394,0.0
visakhapatnam,2026-07-12,0.0,0.0,17.69,83.22,Active,1.4050803220426669,East coast,0.0,0.0,0.0,0.8706468658099331,0.0,0.8706468658099331,0.0004168137408464808,0.0
agartala,2026-07-13,2.4,26.885644912719727,23.83,91.29,Normal,-0.3063106090041085,Inland,2.4,2.0513827323913576,1.8557037967443448,7.516442493983816,11.469955273140986,7.516442493983816,0.0007963171421963394,0.0
ahmedabad,2026-07-13,0.0,0.0,23.02,72.57,Normal,-0.3063106090041085,Inland,0.0,0.0,0.0,2.782842713815143,2.1009136912947497,2.782842713815143,0.00041429464156311633,0.0
amritsar,2026-07-13,0.1,5.106414318084717,31.63,74.87,Normal,-0.3063106090041085,Inland,0.1,0.0,0.0,2.843844340514036,2.173312410517949,2.843844340514036,0.0004256101560261058,0.0
bengaluru,2026-07-13,0.0,0.0,12.97,77.59,Normal,-0.3063106090041085,Inland,0.0,0.0,0.0,0.13258552201012594,0.0,0.13258552201012594,0.0002152215222771107,0.0
bhopal,2026-07-13,0.0,0.0,23.26,77.41,Normal,-0.3063106090041085,Inland,0.0,0.0,0.0,1.085362399014131,0.025639599032248855,1.085362399014131,0.00041765900811633114,0.0
bhubaneswar,2026-07-13,0.8999999999999999,0.11249963939189911,20.3,85.82,Normal,-0.3063106090041085,East coast,0.8999999999999999,0.5249635875225065,0.7821692893379608,8.594506422923518,13.310946173434381,8.594506422923518,0.007286913062859921,0.0
chandigarh,2026-07-13,5.4,0.262224406003952,30.73,76.78,Normal,-0.3063106090041085,Inland,5.4,5.177387054761252,4.71102994918823,5.998146677139586,7.904745184634163,5.998146677139586,0.02513910800873407,0.0
chennai,2026-07-13,0.0,0.0,13.08,80.27,Normal,-0.3063106090041085,East coast,0.0,0.0,0.0,0.06164599191063209,0.0,0.06164599191063209,0.00023499473230921563,0.0
dehradun,2026-07-13,34.6,0.0,30.32,78.03,Normal,-0.3063106090041085,Hill / Himalayan orographic,34.6,44.27200786342287,39.73666121153722,39.62215478554513,70.20746567533155,70.0,0.371963095081996,0.0
delhi,2026-07-13,0.2,0.0,28.61,77.21,Normal,-0.3063106090041085,Inland,0.2,0.0,0.0,1.0322260010619444,0.005022089263599073,1.0322260010619444,0.00042567001975249983,0.0
gangtok,2026-07-13,20.5,66.90032958984375,27.33,88.61,Normal,-0.3063106090041085,Hill / Himalayan orographic,20.5,27.31693143267454,25.68628460120596,11.01678322814006,13.18082058480678,11.01678322814006,0.0004219323694299789,0.0
guwahati,2026-07-13,42.3,25.364429473876953,26.14,91.74,Normal,-0.3063106090041085,Inland,42.3,63.16283554586668,46.42048827234423,5.246772759667154,6.328829192027964,5.246772759667154,0.0004754184045149831,0.0
hyderabad,2026-07-13,0.0,0.0,17.39,78.49,Normal,-0.3063106090041085,Inland,0.0,0.0,0.0,0.8415770878417608,0.0,0.8415770878417608,0.00022785546274411555,0.0
jabalpur,2026-07-13,0.2,0.0,23.18,79.95,Normal,-0.3063106090041085,Inland,0.2,0.0,0.0,2.666680865159973,1.9584721728746692,2.666680865159973,0.0003897468872734292,0.0
jaipur,2026-07-13,0.0,0.0,26.91,75.79,Normal,-0.3063106090041085,Inland,0.0,0.0,0.0,0.5241768608117577,0.0,0.5241768608117577,0.00030485437181632043,0.0
jodhpur,2026-07-13,0.0,0.0,26.24,73.02,Normal,-0.3063106090041085,Inland,0.0,0.0,0.0,2.7171242544816128,2.021275568905593,2.7171242544816128,0.00023547890907337532,0.0
kochi,2026-07-13,1.7,2.9396162033081055,9.93,76.27,Normal,-0.3063106090041085,West-coast orographic,1.7,1.3087068945169444,3.0513171005249027,15.795543210032042,17.97895545850543,15.795543210032042,0.02314076677148821,0.0
kolkata,2026-07-13,8.2,0.0,22.57,88.36,Normal,-0.3063106090041085,East coast,8.2,8.699042284488675,16.572230554017853,5.3573360153828515,4.938300251248422,5.3573360153828515,0.039652295764011095,0.0
lucknow,2026-07-13,8.5,1.7858293056488037,26.85,80.95,Normal,-0.3063106090041085,Inland,8.5,9.138022589683533,8.126568934711782,5.573537640270575,7.1667575199555635,5.573537640270575,0.008228831678918542,0.0
madurai,2026-07-13,0.0,0.0,9.93,78.12,Normal,-0.3063106090041085,Inland,0.0,0.0,0.0,0.10975686924379072,0.0,0.10975686924379072,0.00032670988503561706,0.0
mangaluru,2026-07-13,1.5,1.317975401878357,12.91,74.86,Normal,-0.3063106090041085,West-coast orographic,1.5,1.0560725301504137,2.587119602602578,22.953233696738867,25.86428414904673,22.953233696738867,0.001466771098603699,0.0
mumbai,2026-07-13,0.4,0.0,19.08,72.88,Normal,-0.3063106090041085,West-coast orographic,0.4,0.07673798799514774,0.4874708652496338,11.688101849918214,11.684334743274814,11.688101849918214,0.007962565703258076,0.0
nagpur,2026-07-13,0.1,0.0,21.15,79.09,Normal,-0.3063106090041085,Inland,0.1,0.0,0.0,5.760345107267835,7.384838736577099,5.760345107267835,0.0006223891765404796,0.0
panaji,2026-07-13,2.3000000000000003,0.08892219513654709,15.49,73.83,Normal,-0.3063106090041085,West-coast orographic,2.3000000000000003,1.9441248863935474,4.500461189746858,11.34877054841756,11.39631201187175,11.34877054841756,0.0010764750004022272,0.0
patna,2026-07-13,23.7,1.5568221807479858,25.59,85.14,Normal,-0.3063106090041085,Inland,23.7,31.837886209487923,29.897577714768875,6.51402153489173,8.99161123793574,6.51402153489173,0.00369412580345451,0.0
pune,2026-07-13,0.0,0.0,18.52,73.86,Normal,-0.3063106090041085,Inland,0.0,0.0,0.0,4.3310526167273915,4.590182810478971,4.3310526167273915,0.00021805542270213158,0.0
raipur,2026-07-13,4.7,0.0,21.25,81.63,Normal,-0.3063106090041085,Inland,4.7,4.4503232002258315,4.051325114915342,8.079086690809547,12.695998024185345,8.079086690809547,0.0032159208632315415,0.0
ranchi,2026-07-13,2.3000000000000003,0.0,23.34,85.31,Normal,-0.3063106090041085,Inland,2.3000000000000003,1.9441248863935474,1.768301031589505,4.6233047284517514,5.2475832358688494,4.6233047284517514,0.0022938355876146424,0.0
shillong,2026-07-13,4.9,23.133634567260742,25.58,91.89,Normal,-0.3063106090041085,Hill / Himalayan orographic,4.9,4.650045160813766,2.119965209960937,6.52525199158575,5.1006640745753025,6.52525199158575,0.0003223586757231986,0.0
shimla,2026-07-13,24.099999999999998,3.3621294498443604,31.1,77.17,Normal,-0.3063106090041085,Hill / Himalayan orographic,24.099999999999998,32.461626874219185,32.979385100552186,7.327281482307215,6.9962928072475,7.327281482307215,0.005629712686565434,0.0
srinagar,2026-07-13,0.9,0.9774383902549744,34.08,74.8,Normal,-0.3063106090041085,Hill / Himalayan orographic,0.9,0.5249635875225066,0.009238035166636134,1.3041711011365171,0.09270216583867447,1.3041711011365171,0.0004362581598376251,0.0
surat,2026-07-13,1.1,0.0,21.17,72.83,Normal,-0.3063106090041085,West-coast orographic,1.1,0.6919684410095213,1.3167202413082129,3.239543815750336,2.3012223262779496,3.239543815750336,0.0013026603088514286,0.0
thiruvananthapuram,2026-07-13,0.0,0.2437354326248169,8.52,76.94,Normal,-0.3063106090041085,West-coast orographic,0.0,0.0,0.0,0.5136823544330081,0.0,0.5136823544330081,0.0004988545738888166,0.0
varanasi,2026-07-13,2.4,0.06392324715852737,25.32,82.97,Normal,-0.3063106090041085,Inland,2.4,2.0513827323913576,1.8557037967443448,1.4046677720286902,0.1881495959208203,1.4046677720286902,0.0023938677740579085,0.0
vijayawada,2026-07-13,0.0,0.0,16.51,80.65,Normal,-0.3063106090041085,Inland,0.0,0.0,0.0,0.8613085457539349,0.0,0.8613085457539349,0.00022785546274411555,0.0
visakhapatnam,2026-07-13,2.6,0.0,17.69,83.22,Normal,-0.3063106090041085,East coast,2.6,2.2421221137046827,4.32121024131775,2.857569661203748,1.2801071592763595,2.857569661203748,0.0039020497766031614,0.0
agartala,2026-07-14,0.1,2.0595245361328125,23.83,91.29,Normal,-0.827121377230841,Inland,0.1,0.0,0.0,5.85722094118946,7.55726055139032,5.85722094118946,0.0002720206188298856,0.0
ahmedabad,2026-07-14,0.0,0.0,23.02,72.57,Normal,-0.827121377230841,Inland,0.0,0.0,0.0,0.6938314690337954,0.0,0.6938314690337954,0.00036500573320431796,0.0
amritsar,2026-07-14,1.7999999999999998,0.0,31.63,74.87,Normal,-0.827121377230841,Inland,1.7999999999999998,1.3901309967041013,1.309727466106415,5.515160000609852,7.052644395196645,5.515160000609852,0.013017136585137899,0.0
bengaluru,2026-07-14,0.0,0.0,12.97,77.59,Normal,-0.827121377230841,Inland,0.0,0.0,0.0,0.10545862622865454,0.0,0.10545862622865454,0.00031779952981026365,0.0
bhopal,2026-07-14,0.0,0.0,23.26,77.41,Normal,-0.827121377230841,Inland,0.0,0.0,0.0,1.0252383050519938,0.0032215109575589283,1.0252383050519938,0.0004196022119018306,0.0
bhubaneswar,2026-07-14,5.1,1.775295615196228,20.3,85.82,Normal,-0.827121377230841,East coast,5.1,4.855323277986967,9.54598452681202,12.478485969937406,25.232811207076224,12.478485969937406,0.025551864451521522,0.0
chandigarh,2026-07-14,0.30000000000000004,0.07798382639884949,30.73,76.78,Normal,-0.827121377230841,Inland,0.30000000000000004,0.052086722478270536,0.05490860715508461,1.1986414917113728,0.05488936867615789,1.1986414917113728,0.0005071639848145348,0.0
chennai,2026-07-14,0.0,0.0,13.08,80.27,Normal,-0.827121377230841,East coast,0.0,0.0,0.0,0.025553025831026185,0.0,0.025553025831026185,0.0003639466905638727,0.0
dehradun,2026-07-14,0.3,0.0,30.32,78.03,Normal,-0.827121377230841,Hill / Himalayan orographic,0.3,0.0048763933358713886,0.0,1.5001119777116687,0.18295918340716041,1.5001119777116687,0.000285921040825941,0.0
delhi,2026-07-14,0.0,0.43721646070480347,28.61,77.21,Normal,-0.827121377230841,Inland,0.0,0.0,0.0,0.48223010366123514,0.0,0.48223010366123514,0.00047410434961845066,0.0
gangtok,2026-07-14,3.6,33.24650192260742,27.33,88.61,Normal,-0.827121377230841,Hill / Himalayan orographic,3.6,3.279123544692993,1.3492277716201486,8.600833661560218,9.369341882857112,8.600833661560218,0.00046334307071679707,0.0
guwahati,2026-07-14,5.0,5.704363822937012,26.14,91.74,Normal,-0.827121377230841,Inland,5.0,4.751017372424786,4.307064345418186,3.4298901594084326,2.9674039598690163,3.4298901594084326,0.000664149340107295,0.0
hyderabad,2026-07-14,0.0,0.0,17.39,78.49,Normal,-0.827121377230841,Inland,0.0,0.0,0.0,0.8131602703241286,0.0,0.8131602703241286,0.0003255971938976784,0.0
jabalpur,2026-07-14,0.0,0.0,23.18,79.95,Normal,-0.827121377230841,Inland,0.0,0.0,0.0,1.6027013435382818,0.3161764267575316,1.6027013435382818,0.0004483598244397,0.0
jaipur,2026-07-14,0.0,0.0,26.91,75.79,Normal,-0.827121377230841,Inland,0.0,0.0,0.0,0.46042740845864005,0.0,0.46042740845864005,0.0004631451220238694,0.0
jodhpur,2026-07-14,0.0,0.0,26.24,73.02,Normal,-0.827121377230841,Inland,0.0,0.0,0.0,1.342945534277184,0.15522766017547707,1.342945534277184,0.00039558657635290666,0.0
kochi,2026-07-14,1.1,0.0,9.93,76.27,Normal,-0.827121377230841,West-coast orographic,1.1,0.6919684410095213,1.3167202413082129,10.380038223504314,10.447233315966718,10.380038223504314,0.007896732248861161,0.0
kolkata,2026-07-14,24.1,0.41687384247779846,22.57,88.36,Normal,-0.827121377230841,East coast,24.1,32.46162687421919,64.42887571837989,14.804137595187266,31.482948136508387,14.804137595187266,0.051674788593094864,0.0
lucknow,2026-07-14,6.9,2.2982847690582275,26.85,80.95,Normal,-0.827121377230841,Inland,6.9,7.2633378982543935,6.384823970794678,9.875097806518294,18.114625811191576,9.875097806518294,0.006527135433886819,0.0
madurai,2026-07-14,0.0,0.0,9.93,78.12,Normal,-0.827121377230841,Inland,0.0,0.0,0.0,0.08521537919206612,0.0,0.08521537919206612,0.000500221724052746,0.0
mangaluru,2026-07-14,1.5,0.21412521600723267,12.91,74.86,Normal,-0.827121377230841,West-coast orographic,1.5,1.0560725301504137,2.587119602602578,21.152092489980152,24.983632087760572,21.152092489980152,0.002912918208116705,0.0
mumbai,2026-07-14,0.6000000000000001,0.0,19.08,72.88,Normal,-0.827121377230841,West-coast orographic,0.6000000000000001,0.2335934534668923,0.7266995131969456,9.670985310640072,9.537951579923966,9.670985310640072,0.007205029836856426,0.0
nagpur,2026-07-14,0.0,0.0,21.15,79.09,Normal,-0.827121377230841,Inland,0.0,0.0,0.0,4.217010392338556,4.327146039549756,4.217010392338556,0.0006678975494902419,0.0
panaji,2026-07-14,1.6,0.0,15.49,73.83,Normal,-0.827121377230841,West-coast orographic,1.6,1.2272827923297873,2.8658170628547692,7.392482528993436,6.91822705019635,7.392482528993436,0.0013833927274665037,0.0
patna,2026-07-14,4.5,3.2459020614624023,25.59,85.14,Normal,-0.827121377230841,Inland,4.5,4.344335830211641,3.8421526336669922,3.931679274273667,3.8302442801991576,3.931679274273667,0.003104990111290415,0.0
pune,2026-07-14,0.0,0.0,18.52,73.86,Normal,-0.827121377230841,Inland,0.0,0.0,0.0,3.397471662757895,2.9039101567682133,3.397471662757895,0.00038502789124126,0.0
raipur,2026-07-14,3.2,0.0,21.25,81.63,Normal,-0.827121377230841,Inland,3.2,2.7719408273696895,2.4964175746031896,6.67202880025172,9.567868978048523,6.67202880025172,0.004686182546581867,0.0
ranchi,2026-07-14,10.7,0.0,23.34,85.31,Normal,-0.827121377230841,Inland,10.7,11.882038354873654,10.473230713442375,18.00592940938159,36.284884944977605,18.00592940938159,0.01604204855243168,0.0
shillong,2026-07-14,2.7,1.6620429754257202,25.58,91.89,Normal,-0.827121377230841,Hill / Himalayan orographic,2.7,2.4583827495574955,0.7969894532971307,8.502831821809949,9.343345282965345,8.502831821809949,0.0005237245217728425,0.0
shimla,2026-07-14,1.1,0.0,31.1,77.17,Normal,-0.827121377230841,Hill / Himalayan orographic,1.1,0.6919684410095213,0.08513014164566998,2.027773700903771,0.6160815786520717,2.027773700903771,0.0007921452325968472,0.0
srinagar,2026-07-14,0.0,0.0,34.08,74.8,Normal,-0.827121377230841,Hill / Himalayan orographic,0.0,0.0,0.0,0.43926073931321746,0.0,0.43926073931321746,0.00025358537875617206,0.0
surat,2026-07-14,1.1,0.0,21.17,72.83,Normal,-0.827121377230841,West-coast orographic,1.1,0.6919684410095213,1.3167202413082129,1.1774027707256107,0.2978839296813207,1.1774027707256107,0.0012620080461562399,0.0
thiruvananthapuram,2026-07-14,0.0,0.2437354326248169,8.52,76.94,Normal,-0.827121377230841,West-coast orographic,0.0,0.0,0.0,0.44065956805300904,0.0,0.44065956805300904,0.0008928600705378065,0.0
varanasi,2026-07-14,1.8,0.06392324715852737,25.32,82.97,Normal,-0.827121377230841,Inland,1.8,1.3901309967041016,1.3097274661064153,2.031028495684936,0.7963023596520112,2.031028495684936,0.024402508901925867,0.0
vijayawada,2026-07-14,0.0,0.0,16.51,80.65,Normal,-0.827121377230841,Inland,0.0,0.0,0.0,0.8325576865728596,0.0,0.8325576865728596,0.0003255971938976784,0.0
visakhapatnam,2026-07-14,0.2,0.0,17.69,83.22,Normal,-0.827121377230841,East coast,0.2,0.0,0.0720837153494358,0.8794492361507247,0.0,0.8794492361507247,0.0005754365484717908,0.0
agartala,2026-07-15,0.0,5.360017776489258,23.83,91.29,Break,-1.1055749264503065,Inland,0.0,0.0,0.0,5.016775117750677,31.196166775558712,5.016775117750677,0.00027272853740975946,0.0
ahmedabad,2026-07-15,0.1,0.0,23.02,72.57,Break,-1.1055749264503065,Inland,0.1,0.0,0.0,1.9533972171106782,4.240695253462103,1.9533972171106782,0.0002881520664477349,0.0
amritsar,2026-07-15,1.7,6.963292121887207,31.63,74.87,Break,-1.1055749264503065,Inland,1.7,1.3087068945169444,4.603865772485733,5.46701987959282,33.52011042550224,5.46701987959282,0.008471122464298462,0.0
bengaluru,2026-07-15,0.0,0.0,12.97,77.59,Break,-1.1055749264503065,Inland,0.0,0.0,0.0,0.2911037019066326,0.0,0.2911037019066326,0.0002471128132527738,0.0
bhopal,2026-07-15,0.0,0.0,23.26,77.41,Break,-1.1055749264503065,Inland,0.0,0.0,0.0,1.3819198462480098,2.4109859080004266,1.3819198462480098,0.00029072135201689645,0.0
bhubaneswar,2026-07-15,5.7,30.727336883544922,20.3,85.82,Break,-1.1055749264503065,East coast,5.7,5.535602651942859,6.77695563171354,12.520319072329468,16.51094991092198,12.520319072329468,0.011096878988158261,0.0
chandigarh,2026-07-15,0.30000000000000004,0.0,30.73,76.78,Break,-1.1055749264503065,Inland,0.30000000000000004,0.052086722478270536,0.0,1.0837378246211942,0.6415050081796875,1.0837378246211942,0.00034965472320917795,0.0
chennai,2026-07-15,0.0,0.0,13.08,80.27,Break,-1.1055749264503065,East coast,0.0,0.0,0.0,0.10466586060890509,0.0,0.10466586060890509,0.0002829985748100934,0.0
dehradun,2026-07-15,0.1,0.2884540557861328,30.32,78.03,Break,-1.1055749264503065,Hill / Himalayan orographic,0.1,0.0,0.0,1.267410246237552,0.919303887482823,1.267410246237552,0.00021777670207901868,0.0
delhi,2026-07-15,0.0,0.13008363544940948,28.61,77.21,Break,-1.1055749264503065,Inland,0.0,0.0,0.0,0.6506701876782645,0.0,0.6506701876782645,0.0003268590184202871,0.0
gangtok,2026-07-15,6.3,10.204550743103027,27.33,88.61,Break,-1.1055749264503065,Hill / Himalayan orographic,6.3,6.2671353294424685,7.742187634282708,15.398505938520186,22.020092920730885,15.398505938520186,0.0003064183317428053,0.0
guwahati,2026-07-15,24.2,0.664082944393158,26.14,91.74,Break,-1.1055749264503065,Inland,24.2,32.640145418665426,31.262331458078307,13.61803053128591,44.602601694525454,13.61803053128591,0.0012467464533129284,0.0
hyderabad,2026-07-15,0.0,0.0,17.39,78.49,Break,-1.1055749264503065,Inland,0.0,0.0,0.0,1.2774965842032961,2.355007811602057,1.2774965842032961,0.00025317651732320053,0.0
jabalpur,2026-07-15,0.0,0.0,23.18,79.95,Break,-1.1055749264503065,Inland,0.0,0.0,0.0,2.124403897840851,4.5658854666507604,2.124403897840851,0.0003246994218463774,0.0
jaipur,2026-07-15,0.0,0.0,26.91,75.79,Break,-1.1055749264503065,Inland,0.0,0.0,0.0,0.6959531549360706,0.0,0.6959531549360706,0.0003552943759730286,0.0
jodhpur,2026-07-15,0.0,0.0,26.24,73.02,Break,-1.1055749264503065,Inland,0.0,0.0,0.0,1.4103123615508522,2.4248554938894915,1.4103123615508522,0.0003101441569147033,0.0
kochi,2026-07-15,1.4000000000000001,1.5681251287460327,9.93,76.27,Break,-1.1055749264503065,West-coast orographic,1.4000000000000001,1.0057975232601168,1.5885186220997969,11.181269420141826,15.559303733329454,11.181269420141826,0.004746023533185684,0.0
kolkata,2026-07-15,7.0,4.1593451499938965,22.57,88.36,Break,-1.1055749264503065,East coast,7.0,7.381012678146358,13.65672546157837,3.185201793996725,4.264043226080776,3.185201793996725,0.002001372650432769,0.0
lucknow,2026-07-15,0.0,0.0,26.85,80.95,Break,-1.1055749264503065,Inland,0.0,0.0,0.0,0.8115102284925039,0.0,0.8115102284925039,0.00035313026690565703,0.0
madurai,2026-07-15,0.0,0.0,9.93,78.12,Break,-1.1055749264503065,Inland,0.0,0.0,0.0,0.008985127373286493,0.0,0.008985127373286493,0.00035956303647512975,0.0
mangaluru,2026-07-15,1.0,0.3188898265361786,12.91,74.86,Break,-1.1055749264503065,West-coast orographic,1.0,0.6140544027090074,0.799629582823994,17.103318373535558,24.199953232831138,17.103318373535558,0.0019979239977666132,0.0
mumbai,2026-07-15,5.5,1.0189532041549683,19.08,72.88,Break,-1.1055749264503065,West-coast orographic,5.5,5.290839020411174,6.683213179422904,46.06143859153953,91.8255816262959,46.06143859153953,0.06492904710985341,0.0
nagpur,2026-07-15,0.0,0.0,21.15,79.09,Break,-1.1055749264503065,Inland,0.0,0.0,0.0,4.733235457159422,29.284259776136988,4.733235457159422,0.00045485264157766383,0.0
panaji,2026-07-15,2.2,0.5874671936035156,15.49,73.83,Break,-1.1055749264503065,West-coast orographic,2.2,1.8368670403957368,2.4266275306542715,11.817375595148652,15.850307478951983,11.817375595148652,0.005348385298008361,0.0
patna,2026-07-15,1.4,0.0,25.59,85.14,Break,-1.1055749264503065,Inland,1.4,1.0057975232601164,3.8579614162445064,2.2099757432338523,4.668258989179149,2.2099757432338523,0.0007219326962291856,0.0
pune,2026-07-15,0.0,0.0,18.52,73.86,Break,-1.1055749264503065,Inland,0.0,0.0,0.0,3.897830340240499,20.829101209958637,3.897830340240499,0.00032419915513672167,0.0
raipur,2026-07-15,0.0,11.117315292358398,21.25,81.63,Break,-1.1055749264503065,Inland,0.0,0.0,0.0,2.530089616687074,5.862978098218704,2.530089616687074,0.00035983233453814044,0.0
ranchi,2026-07-15,0.6000000000000001,2.674654483795166,23.34,85.31,Break,-1.1055749264503065,Inland,0.6000000000000001,0.2335934534668923,0.11085065379738857,3.793671259283605,12.319175742199898,3.793671259283605,0.0008374209827329267,0.0
shillong,2026-07-15,9.6,3.1769752502441406,25.58,91.89,Break,-1.1055749264503065,Hill / Himalayan orographic,9.6,10.400978308045454,15.693558802744564,9.045604547171894,13.897614089792807,9.045604547171894,0.0006855408375142809,0.0
shimla,2026-07-15,2.2,0.0,31.1,77.17,Break,-1.1055749264503065,Hill / Himalayan orographic,2.2,1.8368670403957368,2.4266275306542715,3.427338808560428,4.408109167032505,3.427338808560428,0.000935085287253048,0.0
srinagar,2026-07-15,0.0,0.0,34.08,74.8,Break,-1.1055749264503065,Hill / Himalayan orographic,0.0,0.0,0.0,0.2718942493904062,0.0,0.2718942493904062,0.00021856312417789061,0.0
surat,2026-07-15,1.3,2.774535655975342,21.17,72.83,Break,-1.1055749264503065,West-coast orographic,1.3,0.8602568805217746,1.3833272695541392,3.2778361805264224,4.347255367491108,3.2778361805264224,0.0011655992909312795,0.0
thiruvananthapuram,2026-07-15,0.0,0.0,8.52,76.94,Break,-1.1055749264503065,West-coast orographic,0.0,0.0,0.0,0.24932427492779882,0.0,0.24932427492779882,0.0007507211773236559,0.0
varanasi,2026-07-15,0.1,0.0769466757774353,25.32,82.97,Break,-1.1055749264503065,Inland,0.1,0.0,0.0,3.170644377781728,7.851935490072226,3.170644377781728,0.0006467752946147708,0.0
vijayawada,2026-07-15,0.0,0.0,16.51,80.65,Break,-1.1055749264503065,Inland,0.0,0.0,0.0,1.2774965842032961,2.355007811602057,1.2774965842032961,0.00025317651732320053,0.0
visakhapatnam,2026-07-15,0.0,0.0,17.69,83.22,Break,-1.1055749264503065,East coast,0.0,0.0,0.0,0.5016722174787133,0.0,0.5016722174787133,0.0004899465092745585,0.0
agartala,2026-07-16,6.2,25.31855583190918,23.83,91.29,Break,-1.9122740185606333,Inland,6.2,6.137777304362089,20.197031021118164,12.462136896125028,42.868761241784135,12.462136896125028,0.0011199736310192423,0.0
ahmedabad,2026-07-16,0.0,1.949620008468628,23.02,72.57,Break,-1.9122740185606333,Inland,0.0,0.0,0.0,3.568022799782904,9.857506045020475,3.568022799782904,0.0011741311109308703,0.0
amritsar,2026-07-16,0.2,0.0,31.63,74.87,Break,-1.9122740185606333,Inland,0.2,0.0,0.0,7.2449448471168125,36.01615843591453,7.2449448471168125,0.0014774073178728559,0.0
bengaluru,2026-07-16,0.0,0.0,12.97,77.59,Break,-1.9122740185606333,Inland,0.0,0.0,0.0,2.0163969719372274,4.391371036740529,2.0163969719372274,0.0010576731446814978,0.0
bhopal,2026-07-16,0.0,0.0,23.26,77.41,Break,-1.9122740185606333,Inland,0.0,0.0,0.0,4.23144748220543,24.53870217651338,4.23144748220543,0.0011845907993037748,0.0
bhubaneswar,2026-07-16,0.8,64.41754913330078,20.3,85.82,Break,-1.9122740185606333,East coast,0.8,0.44744667559862233,0.5027787387371063,13.4102756367871,18.556818982997203,13.4102756367871,0.02163572397263484,0.0
chandigarh,2026-07-16,0.30000000000000004,0.0,30.73,76.78,Break,-1.9122740185606333,Inland,0.30000000000000004,0.052086722478270536,0.0,3.619201011952205,10.151356681459392,3.619201011952205,0.0013190766358782905,0.0
chennai,2026-07-16,0.0,0.0,13.08,80.27,Break,-1.9122740185606333,East coast,0.0,0.0,0.0,1.4495671193476423,1.1050790040535994,1.4495671193476423,0.001289737380586886,0.0
dehradun,2026-07-16,0.0,18.236236572265625,30.32,78.03,Break,-1.9122740185606333,Hill / Himalayan orographic,0.0,0.0,0.0,2.1890032464207483,2.4406233349992097,2.1890032464207483,0.0008520773920081251,0.0
delhi,2026-07-16,0.1,0.0,28.61,77.21,Break,-1.9122740185606333,Inland,0.1,0.0,0.0,3.8617699209944867,16.818744955847972,3.8617699209944867,0.0012331575307275963,0.0
gangtok,2026-07-16,12.1,35.16140365600586,27.33,88.61,Break,-1.9122740185606333,Hill / Himalayan orographic,12.1,14.36832855542501,20.537086940704178,25.057455458595257,36.45540471833893,25.057455458595257,0.0016981737438264246,0.0
guwahati,2026-07-16,22.8,0.9522051215171814,26.14,91.74,Break,-1.9122740185606333,Inland,22.8,30.502219848632844,30.41622150964394,10.07403760031643,39.28661229807123,10.07403760031643,0.0012586608766338076,0.0
hyderabad,2026-07-16,0.0,0.0,17.39,78.49,Break,-1.9122740185606333,Inland,0.0,0.0,0.0,3.945646464641307,22.21758291086282,3.945646464641307,0.001083604983809954,0.0
jabalpur,2026-07-16,0.0,1.2264856100082397,23.18,79.95,Break,-1.9122740185606333,Inland,0.0,0.0,0.0,5.471065428267992,33.526382772204634,5.471065428267992,0.0013229016520180622,0.0
jaipur,2026-07-16,0.0,0.0,26.91,75.79,Break,-1.9122740185606333,Inland,0.0,0.0,0.0,2.310681439896002,4.80141052365362,2.310681439896002,0.0013403313287951002,0.0
jodhpur,2026-07-16,0.4,0.0,26.24,73.02,Break,-1.9122740185606333,Inland,0.4,0.07673798799514774,0.0,7.613990916472477,36.42804014116292,7.613990916472477,0.04132043791367093,0.0
kochi,2026-07-16,0.1,0.0,9.93,76.27,Break,-1.9122740185606333,West-coast orographic,0.1,0.0,0.0,11.21807326415482,15.576140633963178,11.21807326415482,0.004679981529080902,0.0
kolkata,2026-07-16,6.7,0.08599886298179626,22.57,88.36,Break,-1.9122740185606333,East coast,6.7,6.910417604446414,11.83318137923098,5.598810533032849,6.436453130833219,5.598810533032849,0.007392591977196969,0.0
lucknow,2026-07-16,0.0,3.700467348098755,26.85,80.95,Break,-1.9122740185606333,Inland,0.0,0.0,0.0,2.5175950973714367,5.790176138158168,2.5175950973714367,0.0013321753248335616,0.0
madurai,2026-07-16,0.0,0.0,9.93,78.12,Break,-1.9122740185606333,Inland,0.0,0.0,0.0,0.9511097860010813,0.019599288848966504,0.9511097860010813,0.0015384063078517426,0.0
mangaluru,2026-07-16,0.5,0.8790194988250732,12.91,74.86,Break,-1.9122740185606333,West-coast orographic,0.5,0.14296101927757196,0.00184631958603855,25.48180169655525,36.73977052577195,25.48180169655525,0.21069552814714854,0.0
mumbai,2026-07-16,3.6,6.202858924865723,19.08,72.88,Break,-1.9122740185606333,West-coast orographic,3.6,3.279123544692993,3.4182038491208786,32.860987127026505,51.79547408659566,32.860987127026505,0.2165528364143496,0.0
nagpur,2026-07-16,0.0,0.7774882912635803,21.15,79.09,Break,-1.9122740185606333,Inland,0.0,0.0,0.0,9.1912122670035,37.96237429810184,9.1912122670035,0.0017887492458855579,0.0
panaji,2026-07-16,2.5,0.9912660717964172,15.49,73.83,Break,-1.9122740185606333,West-coast orographic,2.5,2.14675242304802,2.54509918919925,17.89155584394532,24.394702512542636,17.89155584394532,0.028220613711809443,0.0
patna,2026-07-16,0.1,16.907764434814453,25.59,85.14,Break,-1.9122740185606333,Inland,0.1,0.0,0.0,4.96781979566163,30.866061199619825,4.96781979566163,0.001141419189909001,0.0
pune,2026-07-16,0.0,0.4508792459964752,18.52,73.86,Break,-1.9122740185606333,Inland,0.0,0.0,0.0,7.617027824179726,36.431429546521784,7.617027824179726,0.001323133975848216,0.0
raipur,2026-07-16,0.6000000000000001,3.4623708724975586,21.25,81.63,Break,-1.9122740185606333,Inland,0.6000000000000001,0.2335934534668923,0.11085065379738857,10.174349517557214,39.437080173932415,10.174349517557214,0.008500213624626992,0.0
ranchi,2026-07-16,0.2,3.8580567836761475,23.34,85.31,Break,-1.9122740185606333,Inland,0.2,0.0,0.0,7.835602868184576,36.66130938251804,7.835602868184576,0.0012448916150400423,0.0
shillong,2026-07-16,19.8,7.307717323303223,25.58,91.89,Break,-1.9122740185606333,Hill / Himalayan orographic,19.8,26.349310249207996,27.795355595075765,12.31662923970713,16.229127935520715,12.31662923970713,0.0015110210988035942,0.0
shimla,2026-07-16,18.6,0.0,31.1,77.17,Break,-1.9122740185606333,Hill / Himalayan orographic,18.6,24.682351112365723,26.326761852828117,15.623341772773255,22.607637402741148,15.623341772773255,0.030001222200291843,0.0
srinagar,2026-07-16,0.7,0.0,34.08,74.8,Break,-1.9122740185606333,Hill / Himalayan orographic,0.7,0.3001396879553796,0.3325139541345036,3.475039397296719,4.427525294381814,3.475039397296719,0.0037999086748107765,0.0
surat,2026-07-16,2.0,5.627997398376465,21.17,72.83,Break,-1.9122740185606333,West-coast orographic,2.0,1.625984901189804,2.322872471809387,7.484530585426874,7.141766327192262,7.484530585426874,0.023831916464958424,0.0
thiruvananthapuram,2026-07-16,0.0,0.0,8.52,76.94,Break,-1.9122740185606333,West-coast orographic,0.0,0.0,0.0,1.7886312828668696,1.801054377915158,1.7886312828668696,0.0034156510053583887,0.0
varanasi,2026-07-16,0.6,0.0,25.32,82.97,Break,-1.9122740185606333,Inland,0.6,0.1809724874794483,0.060254422947764515,9.29359622182043,38.115950230327236,9.29359622182043,0.03473933280389339,0.0
vijayawada,2026-07-16,1.3,0.0,16.51,80.65,Break,-1.9122740185606333,Inland,1.3,0.8602568805217746,3.1051865816116373,6.91003823147736,35.642378793201125,6.91003823147736,0.006382331888897988,0.0
visakhapatnam,2026-07-16,1.7000000000000002,0.0,17.69,83.22,Break,-1.9122740185606333,East coast,1.7000000000000002,1.3087068945169444,2.004720577187621,9.243337519077096,14.672745067293592,9.243337519077096,0.10888071013424115,0.0
agartala,2026-07-17,9.7,16.554645538330078,23.83,91.29,Break,-1.7723919026454453,Inland,9.7,10.239533639551945,24.038279587367796,8.80662031167018,39.03234952928285,8.80662031167018,0.014481374705415094,0.0
ahmedabad,2026-07-17,0.0,2.5055558681488037,23.02,72.57,Break,-1.7723919026454453,Inland,0.0,0.0,0.0,1.3656646867115685,2.339017516723364,1.3656646867115685,0.0012194257004909434,0.0
amritsar,2026-07-17,0.0,0.0,31.63,74.87,Break,-1.7723919026454453,Inland,0.0,0.0,0.0,1.8804818714781435,4.492821178578821,1.8804818714781435,0.0007870721639158987,0.0
bengaluru,2026-07-17,0.0,0.08200204372406006,12.97,77.59,Break,-1.7723919026454453,Inland,0.0,0.0,0.0,3.3913432212456316,8.070238300114246,3.3913432212456316,0.0019781204984932353,0.0
bhopal,2026-07-17,0.0,1.0684638023376465,23.26,77.41,Break,-1.7723919026454453,Inland,0.0,0.0,0.0,5.206701483548339,31.818800867950927,5.206701483548339,0.0027514398228203132,0.0
bhubaneswar,2026-07-17,6.9,63.904518127441406,20.3,85.82,Break,-1.7723919026454453,East coast,6.9,7.138207999865212,13.088332303032642,5.813626432172857,6.827532478319938,5.813626432172857,0.008364218663720729,0.0
chandigarh,2026-07-17,0.0,0.0,30.73,76.78,Break,-1.7723919026454453,Inland,0.0,0.0,0.0,1.7970837376980715,4.425555937634615,1.7970837376980715,0.0015292602148537402,0.0
chennai,2026-07-17,0.0,0.0,13.08,80.27,Break,-1.7723919026454453,East coast,0.0,0.0,0.0,2.899203751493308,3.294106646032717,2.899203751493308,0.0029899199486184353,0.0
dehradun,2026-07-17,0.0,0.0,30.32,78.03,Break,-1.7723919026454453,Hill / Himalayan orographic,0.0,0.0,0.0,2.507925720348331,2.8591987988776437,2.507925720348331,0.002017803418379118,0.0
delhi,2026-07-17,0.0,0.10930411517620087,28.61,77.21,Break,-1.7723919026454453,Inland,0.0,0.0,0.0,2.022330824661262,4.625529364262046,2.022330824661262,0.0030580499595405123,0.0
gangtok,2026-07-17,8.1,26.715269088745117,27.33,88.61,Break,-1.7723919026454453,Hill / Himalayan orographic,8.1,8.408248155117036,15.051328144541811,24.233423668699984,34.51948152346306,24.233423668699984,0.007674854269431825,0.0
guwahati,2026-07-17,10.4,10.819794654846191,26.14,91.74,Break,-1.7723919026454453,Inland,10.4,11.236214294433596,24.077957045357184,2.3069274575651497,5.05394334120715,2.3069274575651497,0.0024398896385380633,0.0
hyderabad,2026-07-17,0.0,0.19160199165344238,17.39,78.49,Break,-1.7723919026454453,Inland,0.0,0.0,0.0,5.310908186107586,33.3266529655504,5.310908186107586,0.0020794584750879284,0.0
jabalpur,2026-07-17,0.1,3.2435684204101562,23.18,79.95,Break,-1.7723919026454453,Inland,0.1,0.0,0.0,7.876342338119071,37.63693256895618,7.876342338119071,0.0029878821020248194,0.0
jaipur,2026-07-17,0.0,0.0,26.91,75.79,Break,-1.7723919026454453,Inland,0.0,0.0,0.0,1.7728208685691118,4.40440142000622,1.7728208685691118,0.000915776492925618,0.0
jodhpur,2026-07-17,0.0,0.0,26.24,73.02,Break,-1.7723919026454453,Inland,0.0,0.0,0.0,0.5974090895517752,0.0,0.5974090895517752,0.000885383388710012,0.0
kochi,2026-07-17,1.5,7.620799541473389,9.93,76.27,Break,-1.7723919026454453,West-coast orographic,1.5,0.9756744408607482,1.7033864341049556,16.182104840998974,20.344204042380927,16.182104840998974,0.07831718500720551,0.0
kolkata,2026-07-17,7.2,0.26036423444747925,22.57,88.36,Break,-1.7723919026454453,East coast,7.2,7.486439302395563,14.665989749620158,5.734567988876743,6.808025210763545,5.734567988876743,0.013071402393378184,0.0
lucknow,2026-07-17,0.2,0.2825244963169098,26.85,80.95,Break,-1.7723919026454453,Inland,0.2,0.0,0.0,3.692540336794024,14.465582935147347,3.692540336794024,0.0020887608191526214,0.0
madurai,2026-07-17,0.0,0.0,9.93,78.12,Break,-1.7723919026454453,Inland,0.0,0.0,0.0,3.3304583820116007,7.748769439146181,3.3304583820116007,0.0022120202392222586,0.0
mangaluru,2026-07-17,4.7,138.4204864501953,12.91,74.86,Break,-1.7723919026454453,West-coast orographic,4.7,4.461483153952171,6.19446358729135,15.9341152692301,20.241186366149343,15.9341152692301,0.04587908576168026,0.0
mumbai,2026-07-17,4.0,2.4893550872802734,19.08,72.88,Break,-1.7723919026454453,West-coast orographic,4.0,3.7512864196300515,4.56188063621521,19.41324618541561,24.478452234581734,19.41324618541561,0.11762532950626711,0.0
nagpur,2026-07-17,0.0,1.391861081123352,21.15,79.09,Break,-1.7723919026454453,Inland,0.0,0.0,0.0,4.737802449256613,24.106461077363058,4.737802449256613,0.00317595550879421,0.0
panaji,2026-07-17,2.3000000000000003,7.531929969787598,15.49,73.83,Break,-1.7723919026454453,West-coast orographic,2.3000000000000003,1.8256585621833812,2.468791172334126,4.874870930968564,5.994999557721334,4.874870930968564,0.061520640555747116,0.0
patna,2026-07-17,13.5,0.0,25.59,85.14,Break,-1.7723919026454453,Inland,13.5,16.63434514999389,25.334191358048546,9.74415037188983,40.438644619612326,9.74415037188983,0.004021855853452483,0.0
pune,2026-07-17,0.0,0.01565558649599552,18.52,73.86,Break,-1.7723919026454453,Inland,0.0,0.0,0.0,2.6350888057822157,6.60319124206921,2.6350888057822157,0.0016779937510881537,0.0
raipur,2026-07-17,1.1,34.463951110839844,21.25,81.63,Break,-1.7723919026454453,Inland,1.1,0.6103229975700377,1.4265223187784999,7.843550878820505,37.587745380008336,7.843550878820505,0.03127938435432028,0.0
ranchi,2026-07-17,24.5,1.0367088317871094,23.34,85.31,Break,-1.7723919026454453,Inland,24.5,31.595600287177852,31.443640732742814,18.774643623483385,53.98438449700265,18.774643623483385,0.018768915509343956,0.0
shillong,2026-07-17,5.1,10.395167350769043,25.58,91.89,Break,-1.7723919026454453,Hill / Himalayan orographic,5.1,4.848171405792236,6.446965510712055,14.590262941941361,19.768947735504593,14.590262941941361,0.0029166437368133226,0.0
shimla,2026-07-17,0.0,0.0,31.1,77.17,Break,-1.7723919026454453,Hill / Himalayan orographic,0.0,0.0,0.0,2.2580708227119186,2.6133259043326422,2.2580708227119186,0.0011822054017470395,0.0
srinagar,2026-07-17,0.0,0.0,34.08,74.8,Break,-1.7723919026454453,Hill / Himalayan orographic,0.0,0.0,0.0,0.9048569970199785,0.0,0.9048569970199785,0.0009699127003851353,0.0
surat,2026-07-17,0.9,2.0239381790161133,21.17,72.83,Break,-1.7723919026454453,West-coast orographic,0.9,0.4333441686630248,0.6537506228685379,3.6953521397649585,4.604960225143972,3.6953521397649585,0.027460084989184338,0.0
thiruvananthapuram,2026-07-17,0.0,0.0,8.52,76.94,Break,-1.7723919026454453,West-coast orographic,0.0,0.0,0.0,4.860076590263251,5.960555718434504,4.860076590263251,0.004094905144776084,0.0
varanasi,2026-07-17,0.9,0.13674604892730713,25.32,82.97,Break,-1.7723919026454453,Inland,0.9,0.4333441686630248,0.7955699348449707,5.976776116229493,34.78365395226269,5.976776116229493,0.039314956314366795,0.0
vijayawada,2026-07-17,2.1,0.0,16.51,80.65,Break,-1.7723919026454453,Inland,2.1,1.683624123334885,4.672396087646484,5.6186966117142125,34.000131923645554,5.6186966117142125,0.03637551150370287,0.0
visakhapatnam,2026-07-17,2.5,0.0,17.69,83.22,Break,-1.7723919026454453,East coast,2.5,2.1155507922172547,2.54509918919925,5.011712261052284,6.504478635617385,5.011712261052284,0.03574515587372463,0.0
agartala,2026-07-18,7.9,17.854822158813477,23.83,91.29,Break,-1.6329059391256981,Inland,7.9,8.140510704517366,23.936251838252232,9.699984040266662,40.37239512217757,9.699984040266662,0.012301643703163969,0.0
ahmedabad,2026-07-18,0.2,0.8200328946113586,23.02,72.57,Break,-1.6329059391256981,Inland,0.2,0.0,0.0,3.2172343090813973,7.186452766655603,3.2172343090813973,0.0012194257004909434,0.0
amritsar,2026-07-18,0.0,0.0,31.63,74.87,Break,-1.6329059391256981,Inland,0.0,0.0,0.0,1.8804818714781435,4.492821178578821,1.8804818714781435,0.0007870721639158987,0.0
bengaluru,2026-07-18,0.0,2.544593095779419,12.97,77.59,Break,-1.6329059391256981,Inland,0.0,0.0,0.0,3.3913432212456316,8.070238300114246,3.3913432212456316,0.0019781204984932353,0.0
bhopal,2026-07-18,0.0,1.364140510559082,23.26,77.41,Break,-1.6329059391256981,Inland,0.0,0.0,0.0,5.206701483548339,31.818800867950927,5.206701483548339,0.0027514398228203132,0.0
bhubaneswar,2026-07-18,11.9,60.9964599609375,20.3,85.82,Break,-1.6329059391256981,East coast,11.9,13.623883838653567,20.08239913879231,23.654977353418857,33.668124374217086,23.654977353418857,0.05684200384380584,0.0
chandigarh,2026-07-18,0.0,0.19210679829120636,30.73,76.78,Break,-1.6329059391256981,Inland,0.0,0.0,0.0,1.7970837376980715,4.425555937634615,1.7970837376980715,0.0015292602148537402,0.0
chennai,2026-07-18,3.0,1.816536545753479,13.08,80.27,Break,-1.6329059391256981,East coast,3.0,2.5665924644470204,2.7341314027911037,5.903309500661295,6.849661317939632,5.903309500661295,0.0566630270890043,0.0
dehradun,2026-07-18,5.9,62.543582916259766,30.32,78.03,Break,-1.6329059391256981,Hill / Himalayan orographic,5.9,5.732729072570805,6.89098941902369,21.160892286837385,28.10206163909333,21.160892286837385,0.04861983833895644,0.0
delhi,2026-07-18,0.0,0.0,28.61,77.21,Break,-1.6329059391256981,Inland,0.0,0.0,0.0,2.022330824661262,4.625529364262046,2.022330824661262,0.0030580499595405123,0.0
gangtok,2026-07-18,5.0,14.920111656188965,27.33,88.61,Break,-1.6329059391256981,Hill / Himalayan orographic,5.0,4.747374370892842,6.383840029856879,29.308529249237775,36.58543405585102,29.308529249237775,0.010450790658410671,0.0
guwahati,2026-07-18,11.7,15.249063491821289,26.14,91.74,Break,-1.6329059391256981,Inland,11.7,13.323517808914188,24.39742723958267,4.868235646902517,25.696471181913868,4.868235646902517,0.01260088057613956,0.0
hyderabad,2026-07-18,1.4,2.832547426223755,17.39,78.49,Break,-1.6329059391256981,Inland,1.4,0.8519397318363192,3.8579614162445064,6.545198157000659,35.84779097148794,6.545198157000659,0.01580260539010137,0.0
jabalpur,2026-07-18,12.6,5.619006156921387,23.18,79.95,Break,-1.6329059391256981,Inland,12.6,14.865494239807129,24.86580929881561,11.948611858380682,43.745336849348604,11.948611858380682,0.05601151977340581,0.0
jaipur,2026-07-18,0.0,0.0,26.91,75.79,Break,-1.6329059391256981,Inland,0.0,0.0,0.0,1.7728208685691118,4.40440142000622,1.7728208685691118,0.000915776492925618,0.0
jodhpur,2026-07-18,0.0,0.0,26.24,73.02,Break,-1.6329059391256981,Inland,0.0,0.0,0.0,0.5974090895517752,0.0,0.5974090895517752,0.000885383388710012,0.0
kochi,2026-07-18,4.2,21.06696128845215,9.93,76.27,Break,-1.6329059391256981,West-coast orographic,4.2,3.992849268006241,4.868976858400164,15.67297816648121,20.13270705667212,15.67297816648121,0.03438730434155277,0.0
kolkata,2026-07-18,7.6,0.006301578599959612,22.57,88.36,Break,-1.6329059391256981,East coast,7.6,7.8408658709027,14.837251258474225,8.264405750900655,12.248777272619742,8.264405750900655,0.07549317068964591,0.0
lucknow,2026-07-18,0.1,8.56371784210205,26.85,80.95,Break,-1.6329059391256981,Inland,0.1,0.0,0.0,3.950329666221533,22.663993351744015,3.950329666221533,0.0020887608191526214,0.0
madurai,2026-07-18,0.0,0.0,9.93,78.12,Break,-1.6329059391256981,Inland,0.0,0.0,0.0,3.3304583820116007,7.748769439146181,3.3304583820116007,0.0022120202392222586,0.0
mangaluru,2026-07-18,10.6,48.75755310058594,12.91,74.86,Break,-1.6329059391256981,West-coast orographic,10.6,11.525652984619141,16.119669840196476,18.32870882340816,23.63385183398784,18.32870882340816,0.023035164604303653,0.0
mumbai,2026-07-18,3.4000000000000004,3.8338193893432617,19.08,72.88,Break,-1.6329059391256981,West-coast orographic,3.4000000000000004,2.990104770660401,3.0251440899931725,12.295884814725321,19.62237726069624,12.295884814725321,0.1090319912739671,0.0
nagpur,2026-07-18,17.7,8.919989585876465,21.15,79.09,Break,-1.6329059391256981,Inland,17.7,22.914693248455336,27.519974301135594,13.604642856154019,46.2293833460086,13.604642856154019,0.021146343864620176,0.0
panaji,2026-07-18,3.9000000000000004,5.037822246551514,15.49,73.83,Break,-1.6329059391256981,West-coast orographic,3.9000000000000004,3.61161331176758,4.264788088932217,12.457484353140028,19.632700633636947,12.457484353140028,0.06478283771604207,0.0
patna,2026-07-18,21.2,0.0,25.59,85.14,Break,-1.6329059391256981,Inland,21.2,27.242046552385602,29.449238711433235,14.006351984947297,46.831947039198525,14.006351984947297,0.018240470862779825,0.0
pune,2026-07-18,0.2,0.12557192146778107,18.52,73.86,Break,-1.6329059391256981,Inland,0.2,0.0,0.0,4.932034489912511,27.08497600568094,4.932034489912511,0.0016779937510881537,0.0
raipur,2026-07-18,23.6,10.247393608093262,21.25,81.63,Break,-1.6329059391256981,Inland,23.6,30.322125167846696,30.899712908749294,18.68666844054271,53.85242172259164,18.68666844054271,0.04874067866963237,0.0
ranchi,2026-07-18,23.7,16.978116989135742,23.34,85.31,Break,-1.6329059391256981,Inland,23.7,30.463446350097673,30.96014933363746,18.477667733516743,53.53892066205269,18.477667733516743,0.018487820127559777,0.0
shillong,2026-07-18,7.6,12.30715560913086,25.58,91.89,Break,-1.6329059391256981,Hill / Himalayan orographic,7.6,7.8408658709027,14.837251258474225,9.940238978198208,14.630905265468181,9.940238978198208,0.005949136100486952,0.0
shimla,2026-07-18,0.1,0.4670123755931854,31.1,77.17,Break,-1.6329059391256981,Hill / Himalayan orographic,0.1,0.0,0.0,4.529931775149362,5.267168969561984,4.529931775149362,0.0011822054017470395,0.0
srinagar,2026-07-18,0.1,0.0,34.08,74.8,Break,-1.6329059391256981,Hill / Himalayan orographic,0.1,0.0,0.0,2.5816550117732198,2.9411493426176945,2.5816550117732198,0.0009699127003851353,0.0
surat,2026-07-18,0.5,19.809831619262695,21.17,72.83,Break,-1.6329059391256981,West-coast orographic,0.5,0.10103173971176141,0.00184631958603855,4.661985603995737,5.499364900196984,4.661985603995737,0.07848368171818694,0.0
thiruvananthapuram,2026-07-18,0.0,1.0761061906814575,8.52,76.94,Break,-1.6329059391256981,West-coast orographic,0.0,0.0,0.0,4.860076590263251,5.960555718434504,4.860076590263251,0.004094905144776084,0.0
varanasi,2026-07-18,2.3,45.985538482666016,25.32,82.97,Break,-1.6329059391256981,Inland,2.3,1.8256585621833803,4.741530486705691,6.712179327031966,36.11673119084295,6.712179327031966,0.07179663758252577,0.0
vijayawada,2026-07-18,0.7,0.04115859046578407,16.51,80.65,Break,-1.6329059391256981,Inland,0.7,0.22497657716274264,0.6164379128416383,6.8420037651956465,36.32582670065903,6.8420037651956465,0.05010405108474353,0.0
visakhapatnam,2026-07-18,6.7,0.24899090826511383,17.69,83.22,Break,-1.6329059391256981,East coast,6.7,6.833891921043396,11.83318137923098,4.741851331532055,5.685306425985883,4.741851331532055,0.013935344910432766,0.0
agartala,2026-07-19,4.9,22.484508514404297,23.83,91.29,Break,-1.6063620884828727,Inland,4.9,4.646577335993449,11.397328144738983,9.377474992812031,39.888631550995626,9.377474992812031,0.014286068195675709,0.0
ahmedabad,2026-07-19,1.0,0.7371389865875244,23.02,72.57,Break,-1.6063620884828727,Inland,1.0,0.5198786050081253,0.9068253785564061,3.0075067941756637,6.914332743172197,3.0075067941756637,0.012097203793203769,0.0
amritsar,2026-07-19,0.0,0.0,31.63,74.87,Break,-1.6063620884828727,Inland,0.0,0.0,0.0,1.8804818714781435,4.492821178578821,1.8804818714781435,0.0007870721639158987,0.0
bengaluru,2026-07-19,1.6,13.999746322631836,12.97,77.59,Break,-1.6063620884828727,Inland,1.6,1.0884034240245812,4.450723648071289,4.801946296213113,24.253763464123352,4.801946296213113,0.015042580062192883,0.0
bhopal,2026-07-19,0.39999999999999997,19.393815994262695,23.26,77.41,Break,-1.6063620884828727,Inland,0.39999999999999997,0.0512075748294592,0.0,10.363989398769782,41.36840315993225,10.363989398769782,0.17935042884984886,0.0
bhubaneswar,2026-07-19,29.4,0.7064967751502991,20.3,85.82,Break,-1.6063620884828727,East coast,29.4,37.62764654258255,38.59596094555177,23.217551071653965,32.69118376167057,23.217551071653965,0.03833801889547794,0.0
chandigarh,2026-07-19,0.0,18.058683395385742,30.73,76.78,Break,-1.6063620884828727,Inland,0.0,0.0,0.0,1.7970837376980715,4.425555937634615,1.7970837376980715,0.0015292602148537402,0.0
chennai,2026-07-19,0.3,0.13431306183338165,13.08,80.27,Break,-1.6063620884828727,East coast,0.3,0.0,0.0,5.1455731228840955,6.662693732413709,5.1455731228840955,0.0029899199486184353,0.0
dehradun,2026-07-19,8.5,21.84603500366211,30.32,78.03,Break,-1.6063620884828727,Hill / Himalayan orographic,8.5,8.942668018341065,15.222589653395879,21.278466534979657,28.363477317439834,21.278466534979657,0.05531225928317952,0.0
delhi,2026-07-19,0.0,0.0,28.61,77.21,Break,-1.6063620884828727,Inland,0.0,0.0,0.0,2.022330824661262,4.625529364262046,2.022330824661262,0.0030580499595405123,0.0
gangtok,2026-07-19,6.5,24.946456909179688,27.33,88.61,Break,-1.6063620884828727,Hill / Himalayan orographic,6.5,6.550281796455383,10.57803045542932,24.580477270194383,34.7256346483374,24.580477270194383,0.005177714519357093,0.0
guwahati,2026-07-19,21.1,2.609797477722168,26.14,91.74,Break,-1.6063620884828727,Inland,21.1,27.12669451668149,29.38880228654507,5.956717877332701,34.73976405677097,5.956717877332701,0.010084800541788242,0.0
hyderabad,2026-07-19,0.5,1.2552416324615479,17.39,78.49,Break,-1.6063620884828727,Inland,0.5,0.10103173971176141,0.0,10.9225418280878,42.206231803909276,10.9225418280878,0.16170017683434287,0.0
jabalpur,2026-07-19,5.8,22.454816818237305,23.18,79.95,Break,-1.6063620884828727,Inland,5.8,5.614727163314822,14.63944305721387,8.435991954629946,38.4764069937225,8.435991954629946,0.031676920307665446,0.0
jaipur,2026-07-19,0.0,0.0,26.91,75.79,Break,-1.6063620884828727,Inland,0.0,0.0,0.0,1.7728208685691118,4.40440142000622,1.7728208685691118,0.000915776492925618,0.0
jodhpur,2026-07-19,0.0,0.0,26.24,73.02,Break,-1.6063620884828727,Inland,0.0,0.0,0.0,0.5974090895517752,0.0,0.5974090895517752,0.000885383388710012,0.0
kochi,2026-07-19,4.4,19.4872989654541,9.93,76.27,Break,-1.6063620884828727,West-coast orographic,4.4,4.196628749033675,5.508749172167675,15.67297816648121,20.13270705667212,15.67297816648121,0.03438730434155277,0.0
kolkata,2026-07-19,10.299999999999999,0.08266758918762207,22.57,88.36,Break,-1.6063620884828727,East coast,10.299999999999999,11.088845186140327,15.993266443239182,5.840234767811422,6.834097949392873,5.840234767811422,0.029028398740521717,0.0
lucknow,2026-07-19,47.0,11.94206714630127,26.85,80.95,Break,-1.6063620884828727,Inland,47.0,66.683412537916,55.85601358565073,8.922286261431521,39.20584845392486,8.922286261431521,0.019302838127750743,0.0
madurai,2026-07-19,0.30000000000000004,0.0,9.93,78.12,Break,-1.6063620884828727,Inland,0.30000000000000004,0.025789141487330313,0.0,5.802277025519717,34.40182846428944,5.802277025519717,0.0022120202392222586,0.0
mangaluru,2026-07-19,12.6,10.693305969238281,12.91,74.86,Break,-1.6063620884828727,West-coast orographic,12.6,14.865494239807129,21.426340315285096,24.230041630600066,34.51747256081366,24.230041630600066,0.040817391635788146,0.0
mumbai,2026-07-19,19.2,34.62748336791992,19.08,72.88,Break,-1.6063620884828727,West-coast orographic,19.2,24.794654877526426,27.061058723951938,47.917755010374194,117.206538791504,47.917755010374194,0.12801109939105068,0.0
nagpur,2026-07-19,5.0,4.932419300079346,21.15,79.09,Break,-1.6063620884828727,Inland,5.0,4.747374370892842,11.74588515944199,11.758681091154637,43.46044069850953,11.758681091154637,0.025581342789104383,0.0
panaji,2026-07-19,13.0,1.8322579860687256,15.49,73.83,Break,-1.6063620884828727,West-coast orographic,13.0,15.742502784729004,21.969099429925492,29.58557160802887,36.65458200386035,29.58557160802887,0.14595032125689247,0.0
patna,2026-07-19,17.9,33.75634765625,25.59,85.14,Break,-1.6063620884828727,Inland,17.9,23.16396457965557,27.624059203187358,12.711500332631575,44.88966956072494,12.711500332631575,0.013565032231739119,0.0
pune,2026-07-19,0.0,2.7181625366210938,18.52,73.86,Break,-1.6063620884828727,Inland,0.0,0.0,0.0,2.6350888057822157,6.60319124206921,2.6350888057822157,0.0016779937510881537,0.0
raipur,2026-07-19,46.7,16.66946792602539,21.25,81.63,Break,-1.6063620884828727,Inland,46.7,66.30096731747065,55.49948583935935,38.753820342373,83.95314957533708,38.753820342373,0.20612024456437492,0.0
ranchi,2026-07-19,45.0,7.98815393447876,23.34,85.31,Break,-1.6063620884828727,Inland,45.0,64.13377773494706,53.47916194370815,20.666182110257697,56.82169222716412,20.666182110257697,0.017498006631101223,0.0
shillong,2026-07-19,4.5,2.933468818664551,25.58,91.89,Break,-1.6063620884828727,Hill / Himalayan orographic,4.5,4.292888859668405,5.805996338191787,16.60550875327126,20.520090821968193,16.60550875327126,0.0024309012926254153,0.0
shimla,2026-07-19,0.8,2.13338565826416,31.1,77.17,Break,-1.6063620884828727,Hill / Himalayan orographic,0.8,0.359846626520157,0.5027787387371063,5.592050143129935,6.77285965939883,5.592050143129935,0.003958093535360549,0.0
srinagar,2026-07-19,0.0,1.8393710851669312,34.08,74.8,Break,-1.6063620884828727,Hill / Himalayan orographic,0.0,0.0,0.0,0.9048569970199785,0.0,0.9048569970199785,0.0009699127003851353,0.0
surat,2026-07-19,3.5,80.89764404296875,21.17,72.83,Break,-1.6063620884828727,West-coast orographic,3.5,3.0877279639244075,3.2229718776377827,6.055351908516038,6.949163525143023,6.055351908516038,0.09682402800562966,0.0
thiruvananthapuram,2026-07-19,0.0,0.0,8.52,76.94,Break,-1.6063620884828727,West-coast orographic,0.0,0.0,0.0,4.860076590263251,5.960555718434504,4.860076590263251,0.004094905144776084,0.0
varanasi,2026-07-19,22.8,4.361003875732422,25.32,82.97,Break,-1.6063620884828727,Inland,22.8,29.191555709838873,30.41622150964394,14.282359913753838,47.245958932408335,14.282359913753838,0.05796115265571116,0.0
vijayawada,2026-07-19,2.4,0.03086894564330578,16.51,80.65,Break,-1.6063620884828727,Inland,2.4,2.0229470968246455,4.835670609040693,5.6186966117142125,34.000131923645554,5.6186966117142125,0.03637551150370287,0.0
visakhapatnam,2026-07-19,0.1,0.0,17.69,83.22,Break,-1.6063620884828727,East coast,0.1,0.0,0.0,6.143396634476578,7.013040917323592,6.143396634476578,0.0026990048363795356,0.0
agartala,2026-07-20,8.5,3.6143956184387207,23.83,91.29,Normal,-0.9600964845912642,Inland,8.5,8.942668018341065,7.971821526349599,5.65625764127058,7.575974321957776,5.65625764127058,0.0032613367834279836,0.0
ahmedabad,2026-07-20,0.9,4.940622329711914,23.02,72.57,Normal,-0.9600964845912642,Inland,0.9,0.4333441686630248,0.5111542940139766,0.06724917758696773,0.0,0.06724917758696773,0.0008483153578082904,0.0
amritsar,2026-07-20,0.0,0.0,31.63,74.87,Normal,-0.9600964845912642,Inland,0.0,0.0,0.0,0.312577072332644,0.0,0.312577072332644,0.00019204882437396655,0.0
bengaluru,2026-07-20,0.1,0.0,12.97,77.59,Normal,-0.9600964845912642,Inland,0.1,0.0,0.0,0.5907633910196809,0.0,0.5907633910196809,0.0003874154336308504,0.0
bhopal,2026-07-20,7.9,4.324378967285156,23.26,77.41,Normal,-0.9600964845912642,Inland,7.9,8.140510704517366,7.346280832988454,3.9919033958993064,4.274068894435166,3.9919033958993064,0.006120269355660294,0.0
bhubaneswar,2026-07-20,20.7,1.2971197366714478,20.3,85.82,Normal,-0.9600964845912642,East coast,20.7,26.665286373865037,56.200909825909406,15.662320475664949,30.892247613186797,15.662320475664949,0.07085492097035942,0.0
chandigarh,2026-07-20,1.0,2.4760022163391113,30.73,76.78,Normal,-0.9600964845912642,Inland,1.0,0.5198786050081253,0.5423385739326477,0.5678752183434651,0.0,0.5678752183434651,0.0015188398903705298,0.0
chennai,2026-07-20,0.0,0.0,13.08,80.27,Normal,-0.9600964845912642,East coast,0.0,0.0,0.0,0.08740425046431971,0.0,0.08740425046431971,0.0005860544104737373,0.0
dehradun,2026-07-20,32.5,19.190200805664062,30.32,78.03,Normal,-0.9600964845912642,Hill / Himalayan orographic,32.5,40.42985419337942,38.390430480265046,16.216383371574288,25.262781653976983,16.216383371574288,0.08292473488409623,0.0
delhi,2026-07-20,0.30000000000000004,0.0,28.61,77.21,Normal,-0.9600964845912642,Inland,0.30000000000000004,0.025789141487330313,0.052148040384054226,0.5535629907332811,0.0,0.5535629907332811,0.0006699816920307615,0.0
gangtok,2026-07-20,8.5,36.53110122680664,27.33,88.61,Normal,-0.9600964845912642,Hill / Himalayan orographic,8.5,8.942668018341065,4.739751896563871,19.649386424933116,37.555657758265795,19.649386424933116,0.005986597548440888,0.0
guwahati,2026-07-20,8.6,24.065628051757812,26.14,91.74,Normal,-0.9600964845912642,Inland,8.6,9.076185064315796,8.046913712711653,1.5520899841003852,0.32981677149627503,1.5520899841003852,0.0011620234514416274,0.0
hyderabad,2026-07-20,0.2,4.745110988616943,17.39,78.49,Normal,-0.9600964845912642,Inland,0.2,0.0,0.0,1.758046938740415,0.5628290599602533,1.758046938740415,0.00040729576038995294,0.0
jabalpur,2026-07-20,21.4,11.3387451171875,23.18,79.95,Normal,-0.9600964845912642,Inland,21.4,27.47275062379383,25.871802403376673,7.776309651593663,13.53764087918388,7.776309651593663,0.008992947764537075,0.0
jaipur,2026-07-20,0.0,0.0,26.91,75.79,Normal,-0.9600964845912642,Inland,0.0,0.0,0.0,0.24083381171305965,0.0,0.24083381171305965,0.00019170721032101508,0.0
jodhpur,2026-07-20,0.1,0.0,26.24,73.02,Normal,-0.9600964845912642,Inland,0.1,0.0,0.0,0.1613095533557456,0.0,0.1613095533557456,0.0001853403077669175,0.0
kochi,2026-07-20,2.7,18.143314361572266,9.93,76.27,Normal,-0.9600964845912642,West-coast orographic,2.7,2.2972094428539283,5.0495946407318115,6.721609586401241,5.795468344222869,6.721609586401241,0.0059848926669439665,0.0
kolkata,2026-07-20,21.2,0.2247772365808487,22.57,88.36,Normal,-0.9600964845912642,East coast,21.2,27.242046552385602,57.789332102347196,13.129438613289915,23.82445875640952,13.129438613289915,0.048901774918521025,0.0
lucknow,2026-07-20,48.4,9.616244316101074,26.85,80.95,Normal,-0.9600964845912642,Inland,48.4,68.46815689999424,52.90445584638397,5.972466025110513,7.991620499439246,5.972466025110513,0.0087250242437651,0.0
madurai,2026-07-20,0.2,5.579873085021973,9.93,78.12,Normal,-0.9600964845912642,Inland,0.2,0.0,0.0,0.6740422144180459,0.0,0.6740422144180459,0.0004333064233169193,0.0
mangaluru,2026-07-20,12.3,66.74468994140625,12.91,74.86,Normal,-0.9600964845912642,West-coast orographic,12.3,14.305456015268964,18.986263297853018,12.36423435020236,12.945376416556131,12.36423435020236,0.016483171201247728,0.0
mumbai,2026-07-20,26.0,109.23265838623047,19.08,72.88,Normal,-0.9600964845912642,West-coast orographic,26.0,33.73722277881902,36.47582353051029,42.43317381505268,54.54059515647961,42.43317381505268,0.03427868458925334,0.0
nagpur,2026-07-20,3.4,2.6506288051605225,21.15,79.09,Normal,-0.9600964845912642,Inland,3.4,2.9901047706604005,2.5929555892944336,3.7790651541686104,3.757525290010356,3.7790651541686104,0.0021727896213086175,0.0
panaji,2026-07-20,30.4,4.942143440246582,15.49,73.83,Normal,-0.9600964845912642,West-coast orographic,30.4,38.58674868669413,43.665150312943894,15.800129128577243,19.120234287739414,15.800129128577243,0.028299319381423448,0.0
patna,2026-07-20,47.6,37.80424499511719,25.59,85.14,Normal,-0.9600964845912642,Inland,47.6,67.44830297880668,51.98523663562054,6.531209250860652,9.342772032597885,6.531209250860652,0.0038269329673700885,0.0
pune,2026-07-20,0.9,1.2591179609298706,18.52,73.86,Normal,-0.9600964845912642,Inland,0.9,0.4333441686630248,0.5111542940139766,0.7377640283660097,0.0,0.7377640283660097,0.0008339104213860301,0.0
raipur,2026-07-20,3.0,9.822288513183594,21.25,81.63,Normal,-0.9600964845912642,Inland,3.0,2.5665924644470204,2.3182589371999107,4.194656222818789,4.7853834483196405,4.194656222818789,0.005211657688816702,0.0
ranchi,2026-07-20,75.3,18.123455047607422,23.34,85.31,Normal,-0.9600964845912642,Inland,75.3,94.936389702928,88.69394083202485,35.966847330090445,71.41481564029728,35.966847330090445,0.012463431682081517,1.0
shillong,2026-07-20,30.3,40.142539978027344,25.58,91.89,Normal,-0.9600964845912642,Hill / Himalayan orographic,30.3,38.49898175780436,37.47371059392565,3.6276358846834893,1.789916828476187,3.6276358846834893,0.002599811868972408,0.0
shimla,2026-07-20,0.6000000000000001,5.076064109802246,31.1,77.17,Normal,-0.9600964845912642,Hill / Himalayan orographic,0.6000000000000001,0.17396453499793996,0.0,1.1087783817650199,0.17816192879153003,1.1087783817650199,0.0008099248557061395,0.0
srinagar,2026-07-20,9.799999999999999,21.855127334594727,34.08,74.8,Normal,-0.9600964845912642,Hill / Himalayan orographic,9.799999999999999,10.35199964467399,6.488592851161956,1.7999763364311783,0.5655700158422092,1.7999763364311783,0.0040029804438500485,0.0
surat,2026-07-20,12.2,14.820507049560547,21.17,72.83,Normal,-0.9600964845912642,West-coast orographic,12.2,14.135062971115113,18.932619344620477,10.173872529769017,9.979689101728637,10.173872529769017,0.06274003535318065,0.0
thiruvananthapuram,2026-07-20,0.0,0.0,8.52,76.94,Normal,-0.9600964845912642,West-coast orographic,0.0,0.0,0.0,0.7326237774060506,0.0,0.7326237774060506,0.0008033584747301795,0.0
varanasi,2026-07-20,11.5,102.94842529296875,25.32,82.97,Normal,-0.9600964845912642,Inland,11.5,13.02315177917481,11.95011552174885,4.206322786352097,4.82113905928816,4.206322786352097,0.07418330533040822,0.0
vijayawada,2026-07-20,0.6000000000000001,0.0,16.51,80.65,Normal,-0.9600964845912642,Inland,0.6000000000000001,0.17396453499793996,0.18561875671148312,2.025430420721699,0.869591219299234,2.025430420721699,0.0043135604415972485,0.0
visakhapatnam,2026-07-20,0.0,0.1810842752456665,17.69,83.22,Normal,-0.9600964845912642,East coast,0.0,0.0,0.0,0.32571071591628936,0.0,0.32571071591628936,0.00048313396832361943,0.0
agartala,2026-07-22,8.6,5.634566307067871,23.83,91.29,Normal,-0.6830925122144682,Inland,8.6,9.076185064315796,8.046913712711653,7.07202861447441,11.605876734350325,7.07202861447441,0.001886860706560583,0.0
ahmedabad,2026-07-22,4.2,2.5150575637817383,23.02,72.57,Normal,-0.6830925122144682,Inland,4.2,3.992849268006241,3.5156122714281075,1.2220003460322146,0.11391370190568442,1.2220003460322146,0.007776280507679133,0.0
amritsar,2026-07-22,36.8,143.5140380859375,31.63,74.87,Normal,-0.6830925122144682,Inland,36.8,46.018596785020705,39.98670690118576,11.327060456376595,24.993789787518374,11.327060456376595,0.005616554993653282,0.0
bengaluru,2026-07-22,0.0,0.0,12.97,77.59,Normal,-0.6830925122144682,Inland,0.0,0.0,0.0,0.21360627763242948,0.0,0.21360627763242948,0.00032367880636794126,0.0
bhopal,2026-07-22,19.2,71.7742691040039,23.26,77.41,Normal,-0.6830925122144682,Inland,19.2,24.794654877526426,23.227581224943457,8.586657665094302,16.27663064408776,8.586657665094302,0.008513837684426321,0.0
bhubaneswar,2026-07-22,0.6,23.426921844482422,20.3,85.82,Normal,-0.6830925122144682,East coast,0.6,0.13257965326309212,0.4062034335732458,3.765352970541358,4.1618509743072485,3.765352970541358,0.0019239058024957928,0.0
chandigarh,2026-07-22,44.1,3.5462844371795654,30.73,76.78,Normal,-0.6830925122144682,Inland,44.1,62.95369254152343,47.96365258853051,8.96510045428635,17.438869085666454,8.96510045428635,0.029804936571867884,0.0
chennai,2026-07-22,0.0,0.0,13.08,80.27,Normal,-0.6830925122144682,East coast,0.0,0.0,0.0,0.20845508148664849,0.0,0.20845508148664849,0.00045905293316942557,0.0
dehradun,2026-07-22,18.4,2.3633739948272705,30.32,78.03,Normal,-0.6830925122144682,Hill / Himalayan orographic,18.4,23.787142907656158,23.20387035519203,16.281306513291177,25.325784573602984,16.281306513291177,0.07779938509031802,0.0
delhi,2026-07-22,19.5,4.378792762756348,28.61,77.21,Normal,-0.6830925122144682,Inland,19.5,25.178988519396107,23.59566979659231,8.865642772441902,17.193188768366056,8.865642772441902,0.051473173096219405,0.0
gangtok,2026-07-22,6.0,15.749579429626465,27.33,88.61,Normal,-0.6830925122144682,Hill / Himalayan orographic,6.0,5.850730981826788,2.8709095859527585,13.987729102553399,19.66626687003187,13.987729102553399,0.0027602301326204322,0.0
guwahati,2026-07-22,11.6,3.1240153312683105,26.14,91.74,Normal,-0.6830925122144682,Inland,11.6,13.1733347940445,12.075220789228153,2.84719944223344,2.074187527212152,2.84719944223344,0.00393686530821533,0.0
hyderabad,2026-07-22,0.0,7.566659927368164,17.39,78.49,Normal,-0.6830925122144682,Inland,0.0,0.0,0.0,1.752295729602367,0.5581667223032295,1.752295729602367,0.00034028958442863154,0.0
jabalpur,2026-07-22,7.4,37.2626838684082,23.18,79.95,Normal,-0.6830925122144682,Inland,7.4,7.675089762587872,6.958866882324219,6.900316108476827,10.866911159015093,6.900316108476827,0.032212242396298545,0.0
jaipur,2026-07-22,2.3,0.8931164741516113,26.91,75.79,Normal,-0.6830925122144682,Inland,2.3,1.8256585621833803,1.6869831442832945,1.2282452541656503,0.1167772689081682,1.2282452541656503,0.000641661839578768,0.0
jodhpur,2026-07-22,0.2,0.26481160521507263,26.24,73.02,Normal,-0.6830925122144682,Inland,0.2,0.0,0.0,0.36709946246460823,0.0,0.36709946246460823,0.00021889160178651556,0.0
kochi,2026-07-22,0.30000000000000004,0.7672231197357178,9.93,76.27,Normal,-0.6830925122144682,West-coast orographic,0.30000000000000004,0.025789141487330313,0.10494794696569443,3.6370040915737314,2.3056599105133224,3.6370040915737314,0.000802546204546073,0.0
kolkata,2026-07-22,4.9,0.0553564615547657,22.57,88.36,Normal,-0.6830925122144682,East coast,4.9,4.646577335993449,9.482521788279215,7.5398146581386385,10.84612968369283,7.5398146581386385,0.008318429268460978,0.0
lucknow,2026-07-22,6.800000000000001,1.0370516777038574,26.85,80.95,Normal,-0.6830925122144682,Inland,6.800000000000001,6.986049960454305,6.169653224945071,2.0804041957146975,1.0082035970429901,2.0804041957146975,0.0055538758265865976,0.0
madurai,2026-07-22,0.0,0.0,9.93,78.12,Normal,-0.6830925122144682,Inland,0.0,0.0,0.0,0.21841148933512364,0.0,0.21841148933512364,0.0003620226584164621,0.0
mangaluru,2026-07-22,0.9,15.445817947387695,12.91,74.86,Normal,-0.6830925122144682,West-coast orographic,0.9,0.4333441686630248,0.8764371275901794,6.2113721279146255,5.300015682838442,6.2113721279146255,0.002500404632273583,0.0
mumbai,2026-07-22,37.0,71.19963836669922,19.08,72.88,Normal,-0.6830925122144682,West-coast orographic,37.0,46.345361030248675,49.86304761322451,62.468472381341485,78.07050429045283,62.468472381341485,0.20999976024450717,0.0
nagpur,2026-07-22,11.5,46.04319381713867,21.15,79.09,Normal,-0.6830925122144682,Inland,11.5,13.02315177917481,11.95011552174885,8.428754939777708,15.69183885402797,8.428754939777708,0.011748961019990583,0.0
panaji,2026-07-22,21.1,16.044713973999023,15.49,73.83,Normal,-0.6830925122144682,West-coast orographic,21.1,27.12669451668149,29.79762172698975,14.278474813000702,16.963567020548915,14.278474813000702,0.010252878017048325,0.0
patna,2026-07-22,18.8,4.322704315185547,25.59,85.14,Normal,-0.6830925122144682,Inland,18.8,24.285685570056632,22.689809466946496,4.293586898068889,5.088585563235186,4.293586898068889,0.0028698648336525066,0.0
pune,2026-07-22,1.6,37.61082458496094,18.52,73.86,Normal,-0.6830925122144682,Inland,1.6,1.0884034240245812,1.0920291543006901,1.734136926560331,0.5434459098275946,1.734136926560331,0.0009052181371525208,0.0
raipur,2026-07-22,7.5,28.132116317749023,21.25,81.63,Normal,-0.6830925122144682,Inland,7.5,7.757977816745286,7.039756727218628,6.263910441851275,8.693130525903419,6.263910441851275,0.033337093535809235,0.0
ranchi,2026-07-22,23.0,27.33039665222168,23.34,85.31,Normal,-0.6830925122144682,Inland,23.0,29.47419807434083,27.52011280269414,7.733754099760587,13.375499491832754,7.733754099760587,0.0027052090553491026,0.0
shillong,2026-07-22,27.700000000000003,9.37523365020752,25.58,91.89,Normal,-0.6830925122144682,Hill / Himalayan orographic,27.700000000000003,35.85594035981295,36.486425759799765,3.6235769949893823,1.787784892235403,3.6235769949893823,0.0018060960636603546,0.0
shimla,2026-07-22,21.9,39.578853607177734,31.1,77.17,Normal,-0.6830925122144682,Hill / Himalayan orographic,21.9,28.049510802314394,27.490162209619445,7.519939434585378,7.317999457492946,7.519939434585378,0.004482680312125389,0.0
srinagar,2026-07-22,19.9,7.811014175415039,34.08,74.8,Normal,-0.6830925122144682,Hill / Himalayan orographic,19.9,25.691433375222342,25.491015888837225,4.234666764881856,2.570573062157309,4.234666764881856,0.00566263389414952,0.0
surat,2026-07-22,38.8,55.055519104003906,21.17,72.83,Normal,-0.6830925122144682,West-coast orographic,38.8,49.52129415732966,54.365110698499166,30.129686797112594,37.88042603563573,30.129686797112594,0.07877533950559167,0.0
thiruvananthapuram,2026-07-22,0.0,0.4874708652496338,8.52,76.94,Normal,-0.6830925122144682,West-coast orographic,0.0,0.0,0.0,0.7008868985262424,0.0,0.7008868985262424,0.0006067642930532397,0.0
varanasi,2026-07-22,4.8,0.0,25.32,82.97,Normal,-0.6830925122144682,Inland,4.8,4.545780301094054,4.07888650894165,1.6949211551408958,0.5116548266919658,1.6949211551408958,0.032803545916218924,0.0
vijayawada,2026-07-22,0.5,0.14588215947151184,16.51,80.65,Normal,-0.6830925122144682,Inland,0.5,0.10103173971176141,0.15608657002449022,4.074023241677333,4.446754310144633,4.074023241677333,0.005840842134427917,0.0
visakhapatnam,2026-07-22,1.1,0.0,17.69,83.22,Normal,-0.6830925122144682,East coast,1.1,0.6103229975700377,1.2019998836517338,2.6032851879508705,1.2010434879452045,2.6032851879508705,0.0016952793154972159,0.0
agartala,2026-07-23,3.2,41.16733932495117,23.83,91.29,Normal,-0.45341479935805484,Inland,3.2,2.7625924992561335,2.4646782875061035,5.4916115825149365,7.388708758293593,5.4916115825149365,0.0015804573106983685,0.0
ahmedabad,2026-07-23,4.7,7.275062561035156,23.02,72.57,Normal,-0.45341479935805484,Inland,4.7,4.461483153952171,3.977016393343609,0.6873662123922497,0.0,0.6873662123922497,0.003287959016689052,0.0
amritsar,2026-07-23,8.8,68.0826416015625,31.63,74.87,Normal,-0.45341479935805484,Inland,8.8,9.306983835697174,8.197098085435766,0.8313404701190167,0.0,0.8313404701190167,0.0012219369387087122,0.0
bengaluru,2026-07-23,0.1,0.29871582984924316,12.97,77.59,Normal,-0.45341479935805484,Inland,0.1,0.0,0.0,0.6618328222990596,0.0,0.6618328222990596,0.00017825322958248862,0.0
bhopal,2026-07-23,10.7,68.47635650634766,23.26,77.41,Normal,-0.45341479935805484,Inland,10.7,11.670372329711913,10.657321929931657,4.257297689646669,4.977366624170913,4.257297689646669,0.002209452701830712,0.0
bhubaneswar,2026-07-23,5.1,3.9091415405273438,20.3,85.82,Normal,-0.45341479935805484,East coast,5.1,4.848171405792236,9.606392319997152,8.948337897529743,14.86174714901639,8.948337897529743,0.005789921756024222,0.0
chandigarh,2026-07-23,3.8000000000000003,5.489007472991943,30.73,76.78,Normal,-0.45341479935805484,Inland,3.8000000000000003,3.447293831110001,2.970218205451966,2.2101496816932222,1.1667331204455262,2.2101496816932222,0.015225448029945004,0.0
chennai,2026-07-23,0.5,0.05624496936798096,13.08,80.27,Normal,-0.45341479935805484,East coast,0.5,0.10103173971176141,0.35756626963615423,1.2597698361993102,0.0222943061326242,1.2597698361993102,0.0022611201183440773,0.0
dehradun,2026-07-23,24.3,9.540787696838379,30.32,78.03,Normal,-0.45341479935805484,Hill / Himalayan orographic,24.3,31.31137344360354,34.56016579208589,9.986530333026959,10.95456187869603,9.986530333026959,0.04183439934642994,0.0
delhi,2026-07-23,14.7,0.1259896159172058,28.61,77.21,Normal,-0.45341479935805484,Inland,14.7,18.42351161663349,16.202282754637345,6.34616893557916,8.910768881933846,6.34616893557916,0.0072016436920785,0.0
gangtok,2026-07-23,12.6,24.04547691345215,27.33,88.61,Normal,-0.45341479935805484,Hill / Himalayan orographic,12.6,14.865494239807129,11.173512268066412,13.739556442211828,19.152726820984146,13.739556442211828,0.012956083153389383,0.0
guwahati,2026-07-23,25.7,25.52926254272461,26.14,91.74,Normal,-0.45341479935805484,Inland,25.7,33.30889828049079,30.098575619366926,3.78286603953162,3.768477622592154,3.78286603953162,0.0009417802808322531,0.0
hyderabad,2026-07-23,0.0,3.2605063915252686,17.39,78.49,Normal,-0.45341479935805484,Inland,0.0,0.0,0.0,0.6743547826248599,0.0,0.6743547826248599,0.00018034386188913942,0.0
jabalpur,2026-07-23,24.1,36.67533493041992,23.18,79.95,Normal,-0.45341479935805484,Inland,24.1,31.028731079101586,28.625885528957948,9.229401149636502,18.09174453472323,9.229401149636502,0.0030195361032198734,0.0
jaipur,2026-07-23,4.9,7.0364298820495605,26.91,75.79,Normal,-0.45341479935805484,Inland,4.9,4.646577335993449,4.151118046198139,1.831543269825526,0.6564188606406294,1.831543269825526,0.0021567874259005,0.0
jodhpur,2026-07-23,0.0,37.854454040527344,26.24,73.02,Normal,-0.45341479935805484,Inland,0.0,0.0,0.0,0.03400908369977779,0.0,0.03400908369977779,0.00017189376630273833,0.0
kochi,2026-07-23,0.6000000000000001,15.296871185302734,9.93,76.27,Normal,-0.45341479935805484,West-coast orographic,0.6000000000000001,0.17396453499793996,0.5841127634048462,7.4518947197383625,6.494669066043147,7.4518947197383625,0.001982129622490914,0.0
kolkata,2026-07-23,1.0,26.54949951171875,22.57,88.36,Normal,-0.45341479935805484,East coast,1.0,0.5198786050081253,0.9781713575124745,1.6434324969580536,0.11997951879318981,1.6434324969580536,0.0010350677446383642,0.0
lucknow,2026-07-23,12.5,0.0,26.85,80.95,Normal,-0.45341479935805484,Inland,12.5,14.646242103576661,13.083901265772376,4.084912854751179,4.475816425610791,4.084912854751179,0.004293465677181838,0.0
madurai,2026-07-23,0.1,0.0,9.93,78.12,Normal,-0.45341479935805484,Inland,0.1,0.0,0.0,0.7396145671518032,0.0,0.7396145671518032,0.0001993730169363313,0.0
mangaluru,2026-07-23,1.9,43.12657165527344,12.91,74.86,Normal,-0.45341479935805484,West-coast orographic,1.9,1.4171987858286585,3.221952319145202,6.767330788064668,5.838507064760721,6.767330788064668,0.0014298833028381236,0.0
mumbai,2026-07-23,28.1,50.7723388671875,19.08,72.88,Normal,-0.45341479935805484,West-coast orographic,28.1,36.272812402817564,38.25355367791163,33.40476077680299,44.51174647057859,33.40476077680299,0.010127122854770413,0.0
nagpur,2026-07-23,7.8999999999999995,9.3682861328125,21.15,79.09,Normal,-0.45341479935805484,Inland,7.8999999999999995,8.140510704517364,7.3462808329884535,4.685689336869754,5.7360836221759115,4.685689336869754,0.0016137855799937483,0.0
panaji,2026-07-23,39.5,21.251728057861328,15.49,73.83,Normal,-0.45341479935805484,West-coast orographic,39.5,51.295384509959035,56.70018080006476,10.250236806402713,10.072211639635709,10.250236806402713,0.0064679516186334695,0.0
patna,2026-07-23,10.7,1.3088254928588867,25.59,85.14,Normal,-0.45341479935805484,Inland,10.7,11.670372329711913,10.657321929931657,1.8711865288140153,0.7004999238769997,1.8711865288140153,0.0010799205319013386,0.0
pune,2026-07-23,3.8,8.10617733001709,18.52,73.86,Normal,-0.45341479935805484,Inland,3.8,3.4472938311100005,2.9702182054519652,2.073709410266597,1.0013864532848669,2.073709410266597,0.0022398015203034605,0.0
raipur,2026-07-23,2.2,26.5718936920166,21.25,81.63,Normal,-0.45341479935805484,Inland,2.2,1.7546413427591327,1.6266391932964317,2.697267929331455,1.8642357349016139,2.697267929331455,0.0012573763686658996,0.0
ranchi,2026-07-23,3.9,8.139914512634277,23.34,85.31,Normal,-0.45341479935805484,Inland,3.9,3.6116133117675795,3.147852628881277,3.2163357708479485,2.613568057441327,3.2163357708479485,0.0017912157783188604,0.0
shillong,2026-07-23,7.7,5.825384140014648,25.58,91.89,Normal,-0.45341479935805484,Hill / Himalayan orographic,7.7,7.923753925060116,4.1571030552188555,5.2605487379753715,4.089970331317032,5.2605487379753715,0.003174133149294551,0.0
shimla,2026-07-23,11.9,9.941481590270996,31.1,77.17,Normal,-0.45341479935805484,Hill / Himalayan orographic,11.9,13.623883838653567,9.26877844810486,5.044514873613836,3.704293314510555,5.044514873613836,0.003227176171880832,0.0
srinagar,2026-07-23,6.8,16.77023696899414,34.08,74.8,Normal,-0.45341479935805484,Hill / Himalayan orographic,6.8,6.986049960454304,3.5116304582125175,1.1313023991181252,0.19665725304578424,1.1313023991181252,0.0016192848947573384,0.0
surat,2026-07-23,38.5,126.57251739501953,21.17,72.83,Normal,-0.45341479935805484,West-coast orographic,38.5,48.7960928694584,53.39833209389134,26.59599594123289,33.98731967145101,26.59599594123289,0.05617764886738157,0.0
thiruvananthapuram,2026-07-23,0.0,0.0,8.52,76.94,Normal,-0.45341479935805484,West-coast orographic,0.0,0.0,0.0,0.5322746666405695,0.0,0.5322746666405695,0.00035416342388125155,0.0
varanasi,2026-07-23,5.3,0.0,25.32,82.97,Normal,-0.45341479935805484,Inland,5.3,5.037769063313802,4.515461485726501,2.9961533490993033,2.3021999243898503,2.9961533490993033,0.018462500092092268,0.0
vijayawada,2026-07-23,0.0,4.849975109100342,16.51,80.65,Normal,-0.45341479935805484,Inland,0.0,0.0,0.0,0.7427372108635116,0.0,0.7427372108635116,0.00022803841477285944,0.0
visakhapatnam,2026-07-23,0.0,0.0,17.69,83.22,Normal,-0.45341479935805484,East coast,0.0,0.0,0.0,0.31989474675036234,0.0,0.31989474675036234,0.00033197661761711375,0.0
agartala,2026-07-24,5.3,8.676493644714355,23.83,91.29,Normal,-0.3414518851785011,Inland,5.3,5.272325820922856,4.751117270787556,13.79387631197291,29.396120915022482,13.79387631197291,0.010757554012735161,0.0
ahmedabad,2026-07-24,7.9,278.518310546875,23.02,72.57,Normal,-0.3414518851785011,Inland,7.9,8.649322097301486,7.461749005317688,4.553233619625753,5.044504681942232,4.553233619625753,0.04876920632316901,0.0
amritsar,2026-07-24,7.0,16.384695053100586,31.63,74.87,Normal,-0.3414518851785011,Inland,7.0,7.546967148780827,6.630069456100472,4.204478795861874,4.412678746955236,4.204478795861874,0.0041717744420272755,0.0
bengaluru,2026-07-24,0.0,0.004983808379620314,12.97,77.59,Normal,-0.3414518851785011,Inland,0.0,0.0,0.0,0.584152157373796,0.0,0.584152157373796,0.00024124407992799206,0.0
bhopal,2026-07-24,2.6,0.41164785623550415,23.26,77.41,Normal,-0.3414518851785011,Inland,2.6,2.3168768030709486,2.0231610596179963,3.235746846700439,2.5369466849597373,3.235746846700439,0.0017950679217475392,0.0
bhubaneswar,2026-07-24,4.0,0.0,20.3,85.82,Normal,-0.3414518851785011,East coast,4.0,3.9118876123933797,7.418725374176746,10.690888233975016,21.099723860523973,10.690888233975016,0.010925507078033001,0.0
chandigarh,2026-07-24,6.4,1.618947148323059,30.73,76.78,Normal,-0.3414518851785011,Inland,6.4,6.752446624040603,5.868344766498881,14.96544022729626,32.028955582767956,14.96544022729626,0.0676926762544516,0.0
chennai,2026-07-24,0.9,0.0,13.08,80.27,Normal,-0.3414518851785011,East coast,0.9,0.4318348467350007,0.7086404001712799,1.4838598504151166,0.08071803885972853,1.4838598504151166,0.001169396836847564,0.0
dehradun,2026-07-24,10.5,1.4169461727142334,30.32,78.03,Normal,-0.3414518851785011,Hill / Himalayan orographic,10.5,11.990489454269408,7.9533501773714,13.612818500196212,18.69836772348552,13.612818500196212,0.03706883482209471,0.0
delhi,2026-07-24,0.7999999999999999,0.3077027499675751,28.61,77.21,Normal,-0.3414518851785011,Inland,0.7999999999999999,0.35708518207073203,0.4010743603110314,2.7947417716848233,2.0079362235295193,2.7947417716848233,0.004477211248305342,0.0
gangtok,2026-07-24,10.4,12.077800750732422,27.33,88.61,Normal,-0.3414518851785011,Hill / Himalayan orographic,10.4,11.864922747611999,7.881666163906327,18.46276997023019,31.885886642262214,18.46276997023019,0.009779315614078927,0.0
guwahati,2026-07-24,37.9,27.715883255004883,26.14,91.74,Normal,-0.3414518851785011,Inland,37.9,50.1115854476714,40.53357312740843,5.915683843093311,7.887052464093214,5.915683843093311,0.0011553329848556458,0.0
hyderabad,2026-07-24,0.3,0.0,17.39,78.49,Normal,-0.3414518851785011,Inland,0.3,0.003129355171695391,0.0029262793133965855,1.5200876268895542,0.4354065615095513,1.5200876268895542,0.00024124407992799206,0.0
jabalpur,2026-07-24,1.0,0.5215780735015869,23.18,79.95,Normal,-0.3414518851785011,Inland,1.0,0.5239759731292725,0.541806714875361,2.126447005388822,1.0790558482420354,2.126447005388822,0.001327167702814567,0.0
jaipur,2026-07-24,29.3,1.7925735712051392,26.91,75.79,Normal,-0.3414518851785011,Inland,29.3,38.932271939573425,33.426284047242135,3.8688727812197468,3.8044805204507908,3.8688727812197468,0.0031695288674677942,0.0
jodhpur,2026-07-24,12.5,3.651127576828003,26.24,73.02,Normal,-0.3414518851785011,Inland,12.5,15.72015327453613,13.190721321105956,2.459427464153576,1.5757114639019987,2.459427464153576,0.008710828795259083,0.0
kochi,2026-07-24,0.0,8.093374252319336,9.93,76.27,Normal,-0.3414518851785011,West-coast orographic,0.0,0.0,0.0,3.7474421986419366,2.819165507391054,3.7474421986419366,0.0006872742506418765,0.0
kolkata,2026-07-24,5.0,0.6009526252746582,22.57,88.36,Normal,-0.3414518851785011,East coast,5.0,4.941428518295289,9.360274265999736,9.175568502874235,15.30607682239152,9.175568502874235,0.022171277781365007,0.0
lucknow,2026-07-24,6.9,37.7332649230957,26.85,80.95,Normal,-0.3414518851785011,Inland,6.9,7.4149985218048124,6.477811378736178,7.759167803707724,12.373873558322256,7.759167803707724,0.010390992933859783,0.0
madurai,2026-07-24,0.0,0.0,9.93,78.12,Normal,-0.3414518851785011,Inland,0.0,0.0,0.0,0.42940658128620834,0.0,0.42940658128620834,0.00039025622079239247,0.0
mangaluru,2026-07-24,2.3000000000000003,27.591787338256836,12.91,74.86,Normal,-0.3414518851785011,West-coast orographic,2.3000000000000003,1.941984553337098,4.245622344017031,14.366972265373295,17.47240890392235,14.366972265373295,0.0056475407865849495,0.0
mumbai,2026-07-24,38.8,59.981178283691406,19.08,72.88,Normal,-0.3414518851785011,West-coast orographic,38.8,52.26945907222445,60.26804107391905,97.2410672114066,116.83705468085911,97.2410672114066,0.657859041932229,0.0
nagpur,2026-07-24,1.4000000000000001,2.708872079849243,21.15,79.09,Normal,-0.3414518851785011,Inland,1.4000000000000001,0.9243202760815623,0.821603276133538,2.465795077092076,1.5867278317445166,2.465795077092076,0.0009905434323605757,0.0
panaji,2026-07-24,20.9,5.052942752838135,15.49,73.83,Normal,-0.3414518851785011,West-coast orographic,20.9,28.10463434923733,31.414659613584842,23.82068532015714,26.257808674181508,23.82068532015714,0.03147123243057313,0.0
patna,2026-07-24,14.700000000000001,8.618450164794922,25.59,85.14,Normal,-0.3414518851785011,Inland,14.700000000000001,19.2699185659767,16.681469676494608,7.607323134545541,12.014566695945247,7.607323134545541,0.001960319829363987,0.0
pune,2026-07-24,0.7000000000000001,12.857799530029297,18.52,73.86,Normal,-0.3414518851785011,Inland,0.7000000000000001,0.28291865885257733,0.31343799471855166,1.373272089106947,0.26640595715359927,1.373272089106947,0.0012906438909346082,0.0
raipur,2026-07-24,2.8,0.9458568692207336,21.25,81.63,Normal,-0.3414518851785011,Inland,2.8,2.5427470600605004,2.2373048853874207,5.223385523957644,6.294365036594322,5.223385523957644,0.004480144951956199,0.0
ranchi,2026-07-24,3.2,1.9707319736480713,23.34,85.31,Normal,-0.3414518851785011,Inland,3.2,2.7836301803588865,2.4854634952545163,4.687026027311755,5.302758820183142,4.687026027311755,0.0017536409904311838,0.0
shillong,2026-07-24,4.1000000000000005,4.376039981842041,25.58,91.89,Normal,-0.3414518851785011,Hill / Himalayan orographic,4.1000000000000005,4.027357501983643,1.6886091979418965,6.423567719438344,6.481700976156193,6.423567719438344,0.0018445429065193746,0.0
shimla,2026-07-24,9.1,12.270715713500977,31.1,77.17,Normal,-0.3414518851785011,Hill / Himalayan orographic,9.1,10.06128213882446,5.669637167970727,7.589997687773571,8.198942038912199,7.589997687773571,0.0048162443717933105,0.0
srinagar,2026-07-24,7.9,3.2691822052001953,34.08,74.8,Normal,-0.3414518851785011,Hill / Himalayan orographic,7.9,8.649322097301486,4.567286124632394,2.799394504963171,1.3265088706859807,2.799394504963171,0.005784789703424169,0.0
surat,2026-07-24,36.7,70.85050964355469,21.17,72.83,Normal,-0.3414518851785011,West-coast orographic,36.7,48.04787417197079,53.387286407268626,71.65691576039595,82.00996780783612,64.0,0.2194127355910413,0.0
thiruvananthapuram,2026-07-24,0.0,0.0,8.52,76.94,Normal,-0.3414518851785011,West-coast orographic,0.0,0.0,0.0,1.5672892664773377,0.5581656210257412,1.5672892664773377,0.0005050128641819543,0.0
varanasi,2026-07-24,7.5,0.530157208442688,25.32,82.97,Normal,-0.3414518851785011,Inland,7.5,8.174365447998046,7.054705079429338,8.499279252777797,14.386973481467733,8.499279252777797,0.052518233287945526,0.0
vijayawada,2026-07-24,0.1,2.1602253913879395,16.51,80.65,Normal,-0.3414518851785011,Inland,0.1,0.0,0.0,1.6318591977243904,0.5712535293128987,1.6318591977243904,0.000487470600263808,0.0
visakhapatnam,2026-07-24,0.1,1.0246397256851196,17.69,83.22,Normal,-0.3414518851785011,East coast,0.1,0.0,0.03702384382486348,1.365558398758813,0.07012645205263829,1.365558398758813,0.0004189390760591915,0.0
agartala,2026-07-26,1.1,0.0,23.83,91.29,Active,1.9587119903789167,Inland,1.1,0.6169440209865569,0.10911953713484972,14.130340321978274,17.188276277497717,14.130340321978274,0.0051605626547151975,0.0
ahmedabad,2026-07-26,1.9,16.711780548095703,23.02,72.57,Active,1.9587119903789167,Inland,1.9,1.5424912023544306,0.9963657855987549,0.04881885271628461,0.0,0.04881885271628461,0.0037141390217297447,0.0
amritsar,2026-07-26,0.8,9.947035789489746,31.63,74.87,Active,1.9587119903789167,Inland,0.8,0.3570851820707321,0.07634035497903832,5.013560428398995,1.4872699530086666,5.013560428398995,0.0019478520863336316,0.0
bengaluru,2026-07-26,0.1,0.0,12.97,77.59,Active,1.9587119903789167,Inland,0.1,0.0,0.0,1.5912409048805107,0.019093376650708604,1.5912409048805107,0.0003226512514014215,0.0
bhopal,2026-07-26,3.1,6.023745059967041,23.26,77.41,Active,1.9587119903789167,Inland,3.1,2.7287876454989113,3.7303919846361335,1.9817153167475117,0.06618821795827988,1.9817153167475117,0.015149542145173597,0.0
bhubaneswar,2026-07-26,2.8000000000000003,96.76815795898438,20.3,85.82,Active,1.9587119903789167,East coast,2.8000000000000003,2.542747060060501,1.7621401507854448,1.5849681049064728,0.06222630080090415,1.5849681049064728,0.0023884767149030704,0.0
chandigarh,2026-07-26,3.4,0.0,30.73,76.78,Active,1.9587119903789167,Inland,3.4,3.0670464324951174,3.7722285408484164,14.75244104767172,19.05660241190971,14.75244104767172,0.03153270938354716,0.0
chennai,2026-07-26,0.39999999999999997,0.0,13.08,80.27,Active,1.9587119903789167,East coast,0.39999999999999997,0.046501731686294276,0.0,4.0099920167686065,1.01153435526475,4.0099920167686065,0.007097662880600039,0.0
dehradun,2026-07-26,26.5,11.392285346984863,30.32,78.03,Active,1.9587119903789167,Hill / Himalayan orographic,26.5,36.24466133948817,23.632214223289058,21.877547090012193,30.041136977025104,21.877547090012193,0.006645559590003209,0.0
delhi,2026-07-26,0.4,0.0,28.61,77.21,Active,1.9587119903789167,Inland,0.4,0.07260929465293885,0.0,18.982396321895287,39.281055680817595,18.982396321895287,0.08354584162009798,0.0
gangtok,2026-07-26,3.1,0.09450633823871613,27.33,88.61,Active,1.9587119903789167,Hill / Himalayan orographic,3.1,2.7287876454989113,2.2645674280325556,19.329649139660027,24.99035454069591,19.329649139660027,0.005202400162603147,0.0
guwahati,2026-07-26,3.0,13.863521575927734,26.14,91.74,Active,1.9587119903789167,Inland,3.0,2.673945110638936,3.7174242951653222,17.054902284938628,27.490856157073654,17.054902284938628,0.006345318420072056,0.0
hyderabad,2026-07-26,0.0,0.0,17.39,78.49,Active,1.9587119903789167,Inland,0.0,0.0,0.0,0.6603032973367332,0.0,0.6603032973367332,0.0003226512514014215,0.0
jabalpur,2026-07-26,1.1,0.0,23.18,79.95,Active,1.9587119903789167,Inland,1.1,0.6169440209865569,0.10911953713484972,0.8215732484348498,0.0,0.8215732484348498,0.0042898123848323835,0.0
jaipur,2026-07-26,5.2,0.0,26.91,75.79,Active,1.9587119903789167,Inland,5.2,5.162026720047001,7.809394694371774,15.736033049386373,20.351162950445918,15.736033049386373,0.108562053768842,0.0
jodhpur,2026-07-26,6.8,27.130956649780273,26.24,73.02,Active,1.9587119903789167,Inland,6.8,7.283029894828798,8.999043287154167,9.3801597468953,8.470261972476123,9.3801597468953,0.041933593399525994,0.0
kochi,2026-07-26,0.1,0.0,9.93,76.27,Active,1.9587119903789167,West-coast orographic,0.1,0.0,0.0,10.31079107664879,8.266043159644976,10.31079107664879,0.0006917056566284496,0.0
kolkata,2026-07-26,4.3,0.06828895956277847,22.57,88.36,Active,1.9587119903789167,East coast,4.3,4.221501436233521,4.012879592188586,3.913082159550089,0.987718431868646,3.913082159550089,0.014818357469649386,0.0
lucknow,2026-07-26,0.0,4.5050554275512695,26.85,80.95,Active,1.9587119903789167,Inland,0.0,0.0,0.0,8.630688956199602,7.343503799613321,8.630688956199602,0.0009458155815712541,0.0
madurai,2026-07-26,0.9,0.0,9.93,78.12,Active,1.9587119903789167,Inland,0.9,0.4318348467350007,0.08726674903097545,2.0319246936285644,0.06711641193923228,2.0319246936285644,0.006515568228828718,0.0
mangaluru,2026-07-26,9.2,63.036460876464844,12.91,74.86,Active,1.9587119903789167,West-coast orographic,9.2,10.225113770167031,9.400651102424948,31.885279110876183,49.93986982179375,31.885279110876183,0.1370143037261448,0.0
mumbai,2026-07-26,23.0,76.40757751464844,19.08,72.88,Active,1.9587119903789167,West-coast orographic,23.0,31.031898250818372,22.375505862765845,42.75053433561636,67.36919376689758,42.75053433561636,0.17907001877319617,0.0
nagpur,2026-07-26,2.9,0.0,21.15,79.09,Active,1.9587119903789167,Inland,2.9,2.6191025757789608,3.6686249246199925,0.8541536808553127,0.0,0.8541536808553127,0.006452647423567296,0.0
panaji,2026-07-26,27.0,8.048873901367188,15.49,73.83,Active,1.9587119903789167,West-coast orographic,27.0,36.71121353728768,24.179406187846983,10.79690313661451,8.530232714544484,10.79690313661451,0.01051656329758941,0.0
patna,2026-07-26,3.2,0.43669432401657104,25.59,85.14,Active,1.9587119903789167,Inland,3.2,2.7836301803588865,3.743359674106945,9.474745322752954,8.480404224491695,9.474745322752954,0.006484267090827037,0.0
pune,2026-07-26,2.0,3.9376180171966553,18.52,73.86,Active,1.9587119903789167,Inland,2.0,1.6896885919570923,1.8495912504196172,0.6892465059032453,0.0,0.6892465059032453,0.0021859540812065254,0.0
raipur,2026-07-26,0.0,0.4238361716270447,21.25,81.63,Active,1.9587119903789167,Inland,0.0,0.0,0.0,0.7474638829781532,0.0,0.7474638829781532,0.00050486105803474,0.0
ranchi,2026-07-26,13.2,0.10667836666107178,23.34,85.31,Active,1.9587119903789167,Inland,13.2,17.233279815036596,18.966171363141118,3.30529618547418,0.31588998863004686,3.30529618547418,0.0033461134940482714,0.0
shillong,2026-07-26,10.1,6.285186290740967,25.58,91.89,Active,1.9587119903789167,Hill / Himalayan orographic,10.1,11.507661336263022,9.756411607452172,17.028836928780603,19.90329690821071,17.028836928780603,0.0027719729465860246,0.0
shimla,2026-07-26,23.2,3.388411521911621,31.1,77.17,Active,1.9587119903789167,Hill / Himalayan orographic,23.2,31.313567321551194,22.423172372888637,13.16354877182378,11.942262050948981,13.16354877182378,0.0019420489980177464,0.0
srinagar,2026-07-26,6.7,11.681357383728027,34.08,74.8,Active,1.9587119903789167,Hill / Himalayan orographic,6.7,7.151061267852783,7.45944154302356,5.204310415884247,1.9296834582285418,5.204310415884247,0.008426115182138682,0.0
surat,2026-07-26,10.6,0.045045871287584305,21.17,72.83,Active,1.9587119903789167,West-coast orographic,10.6,12.116056160926817,10.61976031366541,7.854577476075688,5.8858594232249715,7.854577476075688,0.03882129619004286,0.0
thiruvananthapuram,2026-07-26,0.0,0.0,8.52,76.94,Active,1.9587119903789167,West-coast orographic,0.0,0.0,0.0,1.2217511024172885,0.009002486901390189,1.2217511024172885,0.0005532277559438731,0.0
varanasi,2026-07-26,0.0,0.0,25.32,82.97,Active,1.9587119903789167,Inland,0.0,0.0,0.0,6.649279488884388,3.68980747111587,6.649279488884388,0.000970825218689467,0.0
vijayawada,2026-07-26,0.0,0.0,16.51,80.65,Active,1.9587119903789167,Inland,0.0,0.0,0.0,0.7719407972964124,0.0,0.7719407972964124,0.0005289271335661369,0.0
visakhapatnam,2026-07-26,0.0,0.0,17.69,83.22,Active,1.9587119903789167,East coast,0.0,0.0,0.0,0.5860991111376709,0.0,0.5860991111376709,0.00038357901229834056,0.0
agartala,2026-07-27,0.0,5.979610443115234,23.83,91.29,Active,1.4751938772182405,Inland,0.0,0.0,0.0,10.164593500312101,8.554375482855825,10.164593500312101,0.0004858567395679558,0.0
ahmedabad,2026-07-27,3.8000000000000003,18.752634048461914,23.02,72.57,Active,1.4751938772182405,Inland,3.8000000000000003,3.6725425372145586,3.8338775913978256,0.4048696760993861,0.0,0.4048696760993861,0.03996244671268706,0.0
amritsar,2026-07-27,7.5,0.0,31.63,74.87,Active,1.4751938772182405,Inland,7.5,8.174365447998046,9.819245765949118,5.0892815846922845,1.6429771249766503,5.0892815846922845,0.004918300611743984,0.0
bengaluru,2026-07-27,0.2,0.0,12.97,77.59,Active,1.4751938772182405,Inland,0.2,0.0,0.0,0.8955200513555036,0.0,0.8955200513555036,0.0004204879213129216,0.0
bhopal,2026-07-27,17.400000000000002,0.0,23.26,77.41,Active,1.4751938772182405,Inland,17.400000000000002,22.956922136306765,27.456015121161812,7.30057854484767,4.528280977136434,7.30057854484767,0.004987576436730579,0.0
bhubaneswar,2026-07-27,0.4,7.937219142913818,20.3,85.82,Active,1.4751938772182405,East coast,0.4,0.07260929465293885,0.0,2.13869454019315,0.18894040053471928,2.13869454019315,0.005916153883980058,0.0
chandigarh,2026-07-27,6.7,13.923556327819824,30.73,76.78,Active,1.4751938772182405,Inland,6.7,7.151061267852783,8.888615238435808,15.5652226929793,20.144541982270777,15.5652226929793,0.030998109444670192,0.0
chennai,2026-07-27,0.0,0.04477102309465408,13.08,80.27,Active,1.4751938772182405,East coast,0.0,0.0,0.0,0.46720443550742835,0.0,0.46720443550742835,0.0004896652479551976,0.0
dehradun,2026-07-27,4.6000000000000005,3.244100570678711,30.32,78.03,Active,1.4751938772182405,Hill / Himalayan orographic,4.6000000000000005,4.482836274205124,4.684732307565622,15.807089012328051,18.14510252710283,15.807089012328051,0.07205215296377099,0.0
delhi,2026-07-27,2.1,0.21860823035240173,28.61,77.21,Active,1.4751938772182405,Inland,2.1,1.7638428473472596,2.292217895434452,4.01083183680404,0.7745668333818302,4.01083183680404,0.007969244219176436,0.0
gangtok,2026-07-27,9.7,6.680240631103516,27.33,88.61,Active,1.4751938772182405,Hill / Himalayan orographic,9.7,11.044271926879889,9.59869622463154,16.924460480735323,19.74438933300438,16.924460480735323,0.003797818628166579,0.0
guwahati,2026-07-27,6.5,0.0,26.14,91.74,Active,1.4751938772182405,Inland,6.5,6.885318171977996,8.667759140999086,9.928498427672084,8.529059405804572,9.928498427672084,0.00198204197878908,0.0
hyderabad,2026-07-27,0.1,16.992368698120117,17.39,78.49,Active,1.4751938772182405,Inland,0.1,0.0,0.0,1.1089948735901436,0.0,1.1089948735901436,0.0004204879213129216,0.0
jabalpur,2026-07-27,12.5,0.21678994596004486,23.18,79.95,Active,1.4751938772182405,Inland,12.5,15.72015327453613,18.6089007015886,9.296536525135668,8.460397616651735,9.296536525135668,0.01846345188653636,0.0
jaipur,2026-07-27,0.6000000000000001,0.0,26.91,75.79,Active,1.4751938772182405,Inland,0.6000000000000001,0.17387689977884302,0.014389561060815998,1.4480051142559456,0.003932322521124167,1.4480051142559456,0.002951205097334096,0.0
jodhpur,2026-07-27,2.0,1.670960545539856,26.24,73.02,Active,1.4751938772182405,Inland,2.0,1.6896885919570923,1.8495912504196172,1.162656719488055,0.0,1.162656719488055,0.0015392480416079688,0.0
kochi,2026-07-27,0.0,14.262375831604004,9.93,76.27,Active,1.4751938772182405,West-coast orographic,0.0,0.0,0.0,4.868283386384323,1.5196116606114443,4.868283386384323,0.0011661638616170195,0.0
kolkata,2026-07-27,2.9000000000000004,0.062298912554979324,22.57,88.36,Active,1.4751938772182405,East coast,2.9000000000000004,2.619102575778961,1.8827405703067763,3.6579948815590795,0.8705675367971499,3.6579948815590795,0.006495324574373337,0.0
lucknow,2026-07-27,0.0,0.0,26.85,80.95,Active,1.4751938772182405,Inland,0.0,0.0,0.0,2.9151557039001936,0.20921096988604795,2.9151557039001936,0.00044580986788874397,0.0
madurai,2026-07-27,0.0,0.0,9.93,78.12,Active,1.4751938772182405,Inland,0.0,0.0,0.0,0.18566024216949858,0.0,0.18566024216949858,0.0006822665030058781,0.0
mangaluru,2026-07-27,15.8,30.69160270690918,12.91,74.86,Active,1.4751938772182405,West-coast orographic,15.8,20.14966531991959,16.97123981538367,23.638465027739826,33.66911811638002,23.638465027739826,0.027192611702442936,0.0
mumbai,2026-07-27,21.0,26.326316833496094,19.08,72.88,Active,1.4751938772182405,West-coast orographic,21.0,28.239737569998894,21.035796927753672,59.05320226455178,89.15271502515083,59.05320226455178,0.28516884082291233,0.0
nagpur,2026-07-27,4.9,0.21963442862033844,21.15,79.09,Active,1.4751938772182405,Inland,4.9,4.796158004038539,7.6578811127506725,3.3453379813486546,0.32905740977224074,3.3453379813486546,0.01932915887298243,0.0
panaji,2026-07-27,31.7,59.767398834228516,15.49,73.83,Active,1.4751938772182405,West-coast orographic,31.7,41.430433139053065,34.157103384198344,21.32696475992099,29.29501490545434,21.32696475992099,0.043641675674264906,0.0
patna,2026-07-27,2.4,0.0,25.59,85.14,Active,1.4751938772182405,Inland,2.4,2.0459720039367686,2.935100002524296,3.015641034298872,0.22434147105098903,3.015641034298872,0.00129029891803376,0.0
pune,2026-07-27,2.7,2.824122190475464,18.52,73.86,Active,1.4751938772182405,Inland,2.7,2.4663915443420406,3.343597799469447,1.107119488121902,0.0,1.107119488121902,0.002205194456588184,0.0
raipur,2026-07-27,1.5,7.421004295349121,21.25,81.63,Active,1.4751938772182405,Inland,1.5,0.9906544476747519,0.34754216863684473,1.3842459733125507,0.0006442214654335844,1.3842459733125507,0.004845423334053338,0.0
ranchi,2026-07-27,20.7,0.0529266856610775,23.34,85.31,Active,1.4751938772182405,Inland,20.7,27.834427907714204,33.84443988614866,6.210276134990748,3.5123029527460683,6.210276134990748,0.007716533092753174,0.0
shillong,2026-07-27,3.7,1.8260782957077026,25.58,91.89,Active,1.4751938772182405,Hill / Himalayan orographic,3.7,3.5076297299872836,2.7917840005179584,12.645987278765984,11.47407688392701,12.645987278765984,0.0016605719134589255,0.0
shimla,2026-07-27,9.3,1.005733847618103,31.1,77.17,Active,1.4751938772182405,Hill / Himalayan orographic,9.3,10.388945401509604,9.44098084181091,10.30278231312965,8.258481596502653,10.30278231312965,0.003382239974871348,0.0
srinagar,2026-07-27,1.7,0.20773310959339142,34.08,74.8,Active,1.4751938772182405,Hill / Himalayan orographic,1.7,1.276927805920549,0.3637023578584193,0.383760669224392,0.0,0.383760669224392,0.0037233713369267496,0.0
surat,2026-07-27,13.700000000000001,1.2706913948059082,21.17,72.83,Active,1.4751938772182405,West-coast orographic,13.700000000000001,17.915001777325966,14.119253975728537,11.52182396929397,9.722322658252361,11.52182396929397,0.034546529651620625,0.0
thiruvananthapuram,2026-07-27,0.0,0.0,8.52,76.94,Active,1.4751938772182405,West-coast orographic,0.0,0.0,0.0,0.6812080407809621,0.0,0.6812080407809621,0.0008458594625201663,0.0
varanasi,2026-07-27,8.5,0.0,25.32,82.97,Active,1.4751938772182405,Inland,8.5,9.517390783215424,11.557199472748065,6.4892629542221645,3.6251071501171737,6.4892629542221645,0.023182351750470377,0.0
vijayawada,2026-07-27,0.0,20.3154354095459,16.51,80.65,Active,1.4751938772182405,Inland,0.0,0.0,0.0,0.7319010243088883,0.0,0.7319010243088883,0.0006892691569758186,0.0
visakhapatnam,2026-07-27,0.5,0.15722325444221497,17.69,83.22,Active,1.4751938772182405,East coast,0.5,0.12881116598844544,0.0,1.5137074554198087,0.05131673217925747,1.5137074554198087,0.009464670297528305,0.0
agartala,2026-07-28,0.30000000000000004,2.266991376876831,23.83,91.29,Active,1.0828309907947193,Inland,0.30000000000000004,0.02064198873937148,0.0,9.758687529504119,8.510850869158332,9.758687529504119,0.00042141812478414874,0.0
ahmedabad,2026-07-28,2.1,4.120413303375244,23.02,72.57,Active,1.0828309907947193,Inland,2.1,1.7638428473472596,2.292217895434452,0.6447934345453544,0.0,0.6447934345453544,0.004871171127192836,0.0
amritsar,2026-07-28,0.4,0.0,31.63,74.87,Active,1.0828309907947193,Inland,0.4,0.07260929465293885,0.0,2.5739437072631697,0.11459729685943451,2.5739437072631697,0.0021317244078646576,0.0
bengaluru,2026-07-28,0.0,0.0,12.97,77.59,Active,1.0828309907947193,Inland,0.0,0.0,0.0,0.5010236451317135,0.0,0.5010236451317135,0.00044388246021115574,0.0
bhopal,2026-07-28,6.8,2.0098564624786377,23.26,77.41,Active,1.0828309907947193,Inland,6.8,7.283029894828798,8.999043287154167,8.161787876373346,6.811795318723609,8.161787876373346,0.039777639923518404,0.0
bhubaneswar,2026-07-28,1.9,30.439067840576172,20.3,85.82,Active,1.0828309907947193,East coast,1.9,1.5424912023544306,0.6189012587070466,4.985288808468433,1.6553606389693278,4.985288808468433,0.003573601737369004,0.0
chandigarh,2026-07-28,11.0,4.947662830352783,30.73,76.78,Active,1.0828309907947193,Inland,11.0,12.715130832195282,16.835402908325214,7.981734744114592,6.672002495382119,7.981734744114592,0.010043118810428606,0.0
chennai,2026-07-28,0.1,0.48351505398750305,13.08,80.27,Active,1.0828309907947193,East coast,0.1,0.0,0.0,1.0717464359287414,0.0017920735364433708,1.0717464359287414,0.0005011379884714761,0.0
dehradun,2026-07-28,36.1,145.3776397705078,30.32,78.03,Active,1.0828309907947193,Hill / Himalayan orographic,36.1,47.20233201589622,48.79691862474435,11.474982195691622,9.665287544918625,11.474982195691622,0.018236103138201724,0.0
delhi,2026-07-28,1.6,2.1785311698913574,28.61,77.21,Active,1.0828309907947193,Inland,1.6,1.0936720967292815,0.42470499267316847,3.3267905722295903,0.32295824409713253,3.3267905722295903,0.004827015613723057,0.0
gangtok,2026-07-28,11.1,2.839913845062256,27.33,88.61,Active,1.0828309907947193,Hill / Himalayan orographic,11.1,12.937505383491514,11.393799554458981,15.0891538936035,16.165732082931623,15.0891538936035,0.003020129012009778,0.0
guwahati,2026-07-28,69.9,0.010812093503773212,26.14,91.74,Active,1.0828309907947193,Inland,69.9,93.72276627173216,95.99170562589234,25.936037667541992,66.70644840323249,25.936037667541992,0.0036092640785675366,1.0
hyderabad,2026-07-28,0.8,7.1227264404296875,17.39,78.49,Active,1.0828309907947193,Inland,0.8,0.3570851820707321,0.07634035497903832,2.6214107020526036,0.11676912374392488,2.6214107020526036,0.004049041878993627,0.0
jabalpur,2026-07-28,16.8,30.99323272705078,23.18,79.95,Active,1.0828309907947193,Inland,16.8,21.571453323364263,23.76306462759343,13.373444654187312,15.323061673737598,13.373444654187312,0.009270406427442575,0.0
jaipur,2026-07-28,2.0,0.0,26.91,75.79,Active,1.0828309907947193,Inland,2.0,1.6896885919570923,1.8495912504196172,3.0374828430761815,0.22763028457071693,3.0374828430761815,0.0019701973122723117,0.0
jodhpur,2026-07-28,0.0,4.677328586578369,26.24,73.02,Active,1.0828309907947193,Inland,0.0,0.0,0.0,0.3874791332309781,0.0,0.3874791332309781,0.0002871474172330279,0.0
kochi,2026-07-28,1.0,7.61208963394165,9.93,76.27,Active,1.0828309907947193,West-coast orographic,1.0,0.5239759731292725,0.06397019017944139,18.517229513571426,23.188403541500005,18.517229513571426,0.027996077753600124,0.0
kolkata,2026-07-28,10.6,0.18561390042304993,22.57,88.36,Active,1.0828309907947193,East coast,10.6,12.116056160926817,10.61976031366541,7.574828468689804,5.300108690496718,7.574828468689804,0.010200427526101688,0.0
lucknow,2026-07-28,6.6,0.7715654969215393,26.85,80.95,Active,1.0828309907947193,Inland,6.6,7.018189719915389,8.778187189717446,8.535611895805003,7.233943603792656,8.535611895805003,0.013874791329110531,0.0
madurai,2026-07-28,0.0,0.0,9.93,78.12,Active,1.0828309907947193,Inland,0.0,0.0,0.0,0.28418067808068703,0.0,0.28418067808068703,0.0007202150310043669,0.0
mangaluru,2026-07-28,28.8,24.31466293334961,12.91,74.86,Active,1.0828309907947193,West-coast orographic,28.8,38.41182168968183,30.116021676993512,30.358508815124065,47.8396522925428,30.358508815124065,0.03584243786371038,0.0
mumbai,2026-07-28,27.3,37.486717224121094,19.08,72.88,Active,1.0828309907947193,West-coast orographic,27.3,36.99114485596739,24.990944070892894,60.69447358933492,90.15239527214595,60.69447358933492,0.1922686716529713,0.0
nagpur,2026-07-28,34.0,5.064596176147461,21.15,79.09,Active,1.0828309907947193,Inland,34.0,44.242934469635216,77.85407718807087,36.86790844888199,78.87421301210375,36.86790844888199,0.2142881320591398,0.0
panaji,2026-07-28,31.8,25.364084243774414,15.49,73.83,Active,1.0828309907947193,West-coast orographic,31.8,41.53452318903138,34.32409485526708,29.60758354797024,46.80668327708459,29.60758354797024,0.054162075363873734,0.0
patna,2026-07-28,0.1,6.536220073699951,25.59,85.14,Active,1.0828309907947193,Inland,0.1,0.0,0.0,2.1594437847636034,0.06947378938943377,2.1594437847636034,0.0003571476655864331,0.0
pune,2026-07-28,2.8000000000000003,18.198732376098633,18.52,73.86,Active,1.0828309907947193,Inland,2.8000000000000003,2.542747060060501,3.527686945597332,2.579069170349481,0.11483180967356345,2.579069170349481,0.006404968100972314,0.0
raipur,2026-07-28,19.8,31.189725875854492,21.25,81.63,Active,1.0828309907947193,Inland,19.8,26.618498920860134,32.67446391099801,9.86491237608355,8.522241180572678,9.86491237608355,0.03616427182232339,0.0
ranchi,2026-07-28,24.0,17.6809024810791,23.34,85.31,Active,1.0828309907947193,Inland,24.0,32.60709803507336,39.9627515605366,6.886418591658327,3.778328129283541,6.886418591658327,0.002940575906769836,0.0
shillong,2026-07-28,6.3,0.4961687922477722,25.58,91.89,Active,1.0828309907947193,Hill / Himalayan orographic,6.3,6.619575076103209,6.870948178820779,12.24001663530916,10.83094622172181,12.24001663530916,0.0015310720126341074,0.0
shimla,2026-07-28,19.8,16.37177085876465,31.1,77.17,Active,1.0828309907947193,Hill / Himalayan orographic,19.8,26.618498920860134,20.42461016660297,5.833683698444792,3.2452990574723666,5.833683698444792,0.003323522159772779,0.0
srinagar,2026-07-28,2.0,0.0,34.08,74.8,Active,1.0828309907947193,Hill / Himalayan orographic,2.0,1.6896885919570923,0.968565857410431,0.9928222113565698,0.0,0.9928222113565698,0.0010715571046677494,0.0
surat,2026-07-28,12.5,4.453859806060791,21.17,72.83,Active,1.0828309907947193,West-coast orographic,12.5,15.72015327453613,12.278804687295427,14.417124477746585,14.782712913656997,14.417124477746585,0.06701749658556043,0.0
thiruvananthapuram,2026-07-28,0.0,0.16249027848243713,8.52,76.94,Active,1.0828309907947193,West-coast orographic,0.0,0.0,0.0,2.1029033889515074,0.18407345372334893,2.1029033889515074,0.0008656705208931629,0.0
varanasi,2026-07-28,5.2,0.5145698189735413,25.32,82.97,Active,1.0828309907947193,Inland,5.2,5.162026720047001,7.809394694371774,9.397826104953774,8.4721563063003,9.397826104953774,0.051200032943893296,0.0
vijayawada,2026-07-28,1.0999999999999999,9.272000312805176,16.51,80.65,Active,1.0828309907947193,Inland,1.0999999999999999,0.6169440209865567,0.1091195371348497,2.878104537569836,0.1839709967858557,2.878104537569836,0.006851925471512871,0.0
visakhapatnam,2026-07-28,2.7,1.418731927871704,17.69,83.22,Active,1.0828309907947193,East coast,2.7,2.4663915443420406,1.6415397312641138,2.547441279480039,0.25046728429454806,2.547441279480039,0.005932056872389159,0.0
agartala,2026-07-30,5.8,12.568975448608398,23.83,91.29,Normal,-0.5772627696492812,Inland,5.8,5.974070998827619,5.428234615325927,10.752760797408662,20.735395797401555,10.752760797408662,0.0115760144606672,0.0
ahmedabad,2026-07-30,0.0,0.4732808470726013,23.02,72.57,Normal,-0.5772627696492812,Inland,0.0,0.0,0.0,0.10886820617174445,0.0,0.10886820617174445,0.0003252255992553323,0.0
amritsar,2026-07-30,3.6999999999999997,2.109015703201294,31.63,74.87,Normal,-0.5772627696492812,Inland,3.6999999999999997,3.507629729987283,3.062252675692241,1.3702565712629673,0.2636481135831536,1.3702565712629673,0.002141297872446036,0.0
bengaluru,2026-07-30,0.0,0.05393105372786522,12.97,77.59,Normal,-0.5772627696492812,Inland,0.0,0.0,0.0,0.5989486460555273,0.0,0.5989486460555273,0.00032167834594088086,0.0
bhopal,2026-07-30,28.5,25.056516647338867,23.26,77.41,Normal,-0.5772627696492812,Inland,28.5,38.110870130686216,32.752082011978764,8.024469529636074,12.99580544471839,8.024469529636074,0.004881405262408823,0.0
bhubaneswar,2026-07-30,0.5,0.8850516080856323,20.3,85.82,Normal,-0.5772627696492812,East coast,0.5,0.12881116598844544,0.26313027918338777,3.3026607990913663,2.524550609952073,3.3026607990913663,0.006634602820925373,0.0
chandigarh,2026-07-30,16.4,14.940948486328125,30.73,76.78,Normal,-0.5772627696492812,Inland,16.4,20.596326141357423,18.414822103254846,10.672936271955539,20.376791802005165,10.672936271955539,0.0123470903441023,0.0
chennai,2026-07-30,0.1,2.447571039199829,13.08,80.27,Normal,-0.5772627696492812,East coast,0.1,0.0,0.03702384382486348,1.0376271862795567,0.005322384189926281,1.0376271862795567,0.00039014576992361537,0.0
dehradun,2026-07-30,13.1,19.880796432495117,30.32,78.03,Normal,-0.5772627696492812,Hill / Himalayan orographic,13.1,17.09693542257872,13.710652694702151,19.46111034030805,35.04884602366392,19.46111034030805,0.23885540496758997,0.0
delhi,2026-07-30,10.8,0.1473202109336853,28.61,77.21,Normal,-0.5772627696492812,Inland,10.8,12.367189574241639,11.078075843811035,9.159716842252335,16.786622385168236,9.159716842252335,0.028307985919907765,0.0
gangtok,2026-07-30,39.3,7.228362560272217,27.33,88.61,Normal,-0.5772627696492812,Hill / Himalayan orographic,39.3,53.468277752531705,44.56352795354616,17.82255929685638,29.501152088702767,17.82255929685638,0.014527224419963493,0.0
guwahati,2026-07-30,24.8,19.046537399291992,26.14,91.74,Normal,-0.5772627696492812,Inland,24.8,34.05697902617104,29.709835378593947,6.833735613458679,10.110307762565778,6.833735613458679,0.0027754904770981204,0.0
hyderabad,2026-07-30,3.8,18.90630340576172,17.39,78.49,Normal,-0.5772627696492812,Inland,3.8,3.6725425372145577,3.1876608141263336,3.5359526590853947,3.0030466433325085,3.5359526590853947,0.004873127504899369,0.0
jabalpur,2026-07-30,19.3,5.265957832336426,23.18,79.95,Normal,-0.5772627696492812,Inland,19.3,25.9203178246816,23.87020015004971,12.657818092014887,27.20354811650915,12.657818092014887,0.02057517832605373,0.0
jaipur,2026-07-30,7.8,1.6292121410369873,26.91,75.79,Normal,-0.5772627696492812,Inland,7.8,8.492902994155884,7.355647218002463,5.435491478835266,6.809140424790506,5.435491478835266,0.018775527031043262,0.0
jodhpur,2026-07-30,0.0,0.0,26.24,73.02,Normal,-0.5772627696492812,Inland,0.0,0.0,0.0,0.22369226575558387,0.0,0.22369226575558387,0.0002365531558412722,0.0
kochi,2026-07-30,13.3,15.606725692749023,9.93,76.27,Normal,-0.5772627696492812,West-coast orographic,13.3,17.36962420749447,22.24760917239719,16.412748191349014,19.837689800264624,16.412748191349014,0.004479489657127738,0.0
kolkata,2026-07-30,3.2,6.639922142028809,22.57,88.36,Normal,-0.5772627696492812,East coast,3.2,2.7836301803588865,5.879152579307547,4.9288889069624044,5.974999616714866,4.9288889069624044,0.007159012499692305,0.0
lucknow,2026-07-30,1.1,0.0,26.85,80.95,Normal,-0.5772627696492812,Inland,1.1,0.6169440209865569,0.621944010257721,2.1272740245324995,1.0801803459293942,2.1272740245324995,0.0009474652289084216,0.0
madurai,2026-07-30,0.0,0.0,9.93,78.12,Normal,-0.5772627696492812,Inland,0.0,0.0,0.0,0.44210593353158584,0.0,0.44210593353158584,0.0005203474315773195,0.0
mangaluru,2026-07-30,19.9,15.846416473388672,12.91,74.86,Normal,-0.5772627696492812,West-coast orographic,19.9,26.75360214162169,29.9606514857838,29.816507130608553,33.8735629331349,29.816507130608553,0.0781802726849226,0.0
mumbai,2026-07-30,4.3,5.404217720031738,19.08,72.88,Normal,-0.5772627696492812,West-coast orographic,4.3,4.221501436233521,7.9238649054765755,32.713363266143915,37.64343324481083,32.713363266143915,0.19819881713387466,0.0
nagpur,2026-07-30,53.2,6.489500045776367,21.15,79.09,Normal,-0.5772627696492812,Inland,53.2,77.52499710327517,59.15549523271208,30.15396761112481,63.92944053308169,30.15396761112481,0.05548142807247374,0.0
panaji,2026-07-30,14.3,0.4100857079029083,15.49,73.83,Normal,-0.5772627696492812,West-coast orographic,14.3,18.728670359790726,22.808620380825474,17.767537194363765,22.34742767456631,17.767537194363765,0.013433484210884236,0.0
patna,2026-07-30,0.4,0.028773581609129906,25.59,85.14,Normal,-0.5772627696492812,Inland,0.4,0.07260929465293885,0.10206166483461866,2.4391170955426795,1.5405732584558187,2.4391170955426795,0.0025207752209819834,0.0
pune,2026-07-30,1.7000000000000002,0.15253929793834686,18.52,73.86,Normal,-0.5772627696492812,Inland,1.7000000000000002,1.2769278059205493,1.1791980218887337,1.9940542252813191,0.910855214044558,1.9940542252813191,0.005565257224147863,0.0
raipur,2026-07-30,6.9,20.43379020690918,21.25,81.63,Normal,-0.5772627696492812,Inland,6.9,7.4149985218048124,6.477811378736178,7.794130578226898,12.455834820482401,7.794130578226898,0.014106155777631899,0.0
ranchi,2026-07-30,2.7,3.4979257583618164,23.34,85.31,Normal,-0.5772627696492812,Inland,2.7,2.4663915443420406,2.0578030252456663,3.1404750209814565,2.43509953905245,3.1404750209814565,0.0012742100739866792,0.0
shillong,2026-07-30,55.3,48.83835220336914,25.58,91.89,Normal,-0.5772627696492812,Hill / Himalayan orographic,55.3,80.44579534338747,57.51873116648578,3.9690770556608306,2.362971763915586,3.9690770556608306,0.002533174956787984,0.0
shimla,2026-07-30,15.4,1.0845037698745728,31.1,77.17,Normal,-0.5772627696492812,Hill / Himalayan orographic,15.4,19.85189143896103,19.23816672598751,7.365695707573467,7.87729306868323,7.365695707573467,0.001567125956616438,0.0
srinagar,2026-07-30,0.6000000000000001,0.0,34.08,74.8,Normal,-0.5772627696492812,Hill / Himalayan orographic,0.6000000000000001,0.17387689977884302,0.0,0.4499639204808192,0.0,0.4499639204808192,0.0005367903290415947,0.0
surat,2026-07-30,2.7,1.3142536878585815,21.17,72.83,Normal,-0.5772627696492812,West-coast orographic,2.7,2.4663915443420406,5.137719469987429,1.1345748044987785,0.2566716502198436,1.1345748044987785,0.004190840753275381,0.0
thiruvananthapuram,2026-07-30,0.2,0.0,8.52,76.94,Normal,-0.5772627696492812,West-coast orographic,0.2,0.0,0.0,4.645253805010686,3.938342284747562,4.645253805010686,0.0006882042243924758,0.0
varanasi,2026-07-30,0.0,0.964431881904602,25.32,82.97,Normal,-0.5772627696492812,Inland,0.0,0.0,0.0,1.0972861342648594,0.07563758722836784,1.0972861342648594,0.00043535431477696013,0.0
vijayawada,2026-07-30,1.1,5.611248016357422,16.51,80.65,Normal,-0.5772627696492812,Inland,1.1,0.6169440209865569,0.621944010257721,2.5373466477506805,1.7107083838048662,2.5373466477506805,0.0022680723619698424,0.0
visakhapatnam,2026-07-30,0.0,0.0,17.69,83.22,Normal,-0.5772627696492812,East coast,0.0,0.0,0.0,0.784202446319554,0.0,0.784202446319554,0.0005318320737975294,0.0
agartala,2026-07-31,2.8,5.8439202308654785,23.83,91.29,Normal,-0.8554941733705108,Inland,2.8,2.501151504516601,2.16380468777248,9.449821548717354,17.01946216860879,9.449821548717354,0.0033593999127008107,0.0
ahmedabad,2026-07-31,10.0,3.825618028640747,23.02,72.57,Normal,-0.8554941733705108,Inland,10.0,11.510079436477096,9.997241945524467,30.400738329168114,52.972237248037985,30.400738329168114,0.08822606897627225,0.0
amritsar,2026-07-31,17.9,0.45859295129776,31.63,74.87,Normal,-0.8554941733705108,Inland,17.9,23.75480497869605,21.480592316075395,16.060184202581905,28.280239775176323,16.060184202581905,0.05849841450423978,0.0
bengaluru,2026-07-31,0.0,0.12858185172080994,12.97,77.59,Normal,-0.8554941733705108,Inland,0.0,0.0,0.0,0.25822345011650355,0.0,0.25822345011650355,0.0003426462273994788,0.0
bhopal,2026-07-31,11.9,2.9298839569091797,23.26,77.41,Normal,-0.8554941733705108,Inland,11.9,14.61094426828354,12.818990993499758,26.540458253609696,43.998784562827,26.540458253609696,0.12243070663930383,0.0
bhubaneswar,2026-07-31,0.30000000000000004,1.432546854019165,20.3,85.82,Normal,-0.8554941733705108,East coast,0.30000000000000004,0.027281934302300272,0.0842157119512558,3.4318874224722284,1.956286202786901,3.4318874224722284,0.00042005743923269275,0.0
chandigarh,2026-07-31,10.5,2.5510916709899902,30.73,76.78,Normal,-0.8554941733705108,Inland,10.5,12.27219324493409,10.774446530775592,18.54278126261277,33.82002807084897,18.54278126261277,0.10436195703068957,0.0
chennai,2026-07-31,0.0,0.0,13.08,80.27,Normal,-0.8554941733705108,East coast,0.0,0.0,0.0,0.5547212301832729,0.0,0.5547212301832729,0.0004150988049967507,0.0
dehradun,2026-07-31,12.799999999999999,4.408751964569092,30.32,78.03,Normal,-0.8554941733705108,Hill / Himalayan orographic,12.799999999999999,16.31293236500508,12.70978207912923,21.543486807614627,40.037028935071966,21.543486807614627,0.12139040248361814,0.0
delhi,2026-07-31,0.7,0.6558246612548828,28.61,77.21,Normal,-0.8554941733705108,Inland,0.7,0.2249260048568249,0.2938246935606003,0.7748357939551932,0.0,0.7748357939551932,0.002832041879813659,0.0
gangtok,2026-07-31,42.2,22.408920288085938,27.33,88.61,Normal,-0.8554941733705108,Hill / Himalayan orographic,42.2,63.76028114976718,47.02114199975624,19.859630212123754,38.176866285513874,19.859630212123754,0.003286618228990639,0.0
guwahati,2026-07-31,35.800000000000004,1.7008763551712036,26.14,91.74,Normal,-0.8554941733705108,Inland,35.800000000000004,47.9704869425611,40.06599770913397,11.316249490026875,19.904569811868246,11.316249490026875,0.004072315016807105,0.0
hyderabad,2026-07-31,0.1,6.882491588592529,17.39,78.49,Normal,-0.8554941733705108,Inland,0.1,0.0,0.0,1.9589264411894265,0.8883891194932543,1.9589264411894265,0.000353248714737792,0.0
jabalpur,2026-07-31,11.7,10.718154907226562,23.18,79.95,Normal,-0.8554941733705108,Inland,11.7,14.275418722974784,12.52853803634644,31.2082720718142,57.05167299712871,31.2082720718142,0.11252765403153397,0.0
jaipur,2026-07-31,55.1,0.0,26.91,75.79,Normal,-0.8554941733705108,Inland,55.1,84.83804166111197,78.0832756804878,14.077579997001578,24.945245782968094,14.077579997001578,0.025519516492829256,0.0
jodhpur,2026-07-31,7.5,0.0,26.24,73.02,Normal,-0.8554941733705108,Inland,7.5,8.232165874481202,7.285267024344587,13.856704849948779,24.430393233574502,13.856704849948779,0.014401376107498575,0.0
kochi,2026-07-31,31.400000000000002,20.9724178314209,9.93,76.27,Normal,-0.8554941733705108,West-coast orographic,31.400000000000002,41.5969790244423,46.07862644731761,25.526395001970325,31.610897670052367,25.526395001970325,0.026239594990314266,0.0
kolkata,2026-07-31,3.8000000000000003,0.09235316514968872,22.57,88.36,Normal,-0.8554941733705108,East coast,3.8000000000000003,3.4127073621749884,6.640487899780271,5.818906393699266,9.38823451652999,5.818906393699266,0.0035438983490660367,0.0
lucknow,2026-07-31,1.3,0.18634742498397827,26.85,80.95,Normal,-0.8554941733705108,Inland,1.3,0.7762814617156982,0.7808896511793142,1.34711513116419,0.20745057868439276,1.34711513116419,0.001182061296356544,0.0
madurai,2026-07-31,0.0,0.0,9.93,78.12,Normal,-0.8554941733705108,Inland,0.0,0.0,0.0,0.38305932503373175,0.0,0.38305932503373175,0.0005459194603394483,0.0
mangaluru,2026-07-31,34.7,7.751030445098877,12.91,74.86,Normal,-0.8554941733705108,West-coast orographic,34.7,45.9840478042271,48.6678546062914,49.841103422556394,58.14650676847495,49.841103422556394,0.09878278895898622,0.0
mumbai,2026-07-31,38.6,7.279998302459717,19.08,72.88,Normal,-0.8554941733705108,West-coast orographic,38.6,53.650399347801994,61.160903955275074,92.79031443387649,91.18578482572582,92.79031443387649,0.34457593819078114,0.0
nagpur,2026-07-31,17.900000000000002,42.5349235534668,21.15,79.09,Normal,-0.8554941733705108,Inland,17.900000000000002,23.754804978696054,21.480592316075406,5.982170033598904,8.211426963929787,5.982170033598904,0.012718243057486419,0.0
panaji,2026-07-31,50.7,4.376277446746826,15.49,73.83,Normal,-0.8554941733705108,West-coast orographic,50.7,78.1199046863422,77.44775185446126,31.41753434976618,41.022637803375765,31.41753434976618,0.015484554320894904,0.0
patna,2026-07-31,3.7,3.7468807697296143,25.59,85.14,Normal,-0.8554941733705108,Inland,3.7,3.334051375389099,2.9399517774581914,4.484393354163191,5.532388347728246,4.484393354163191,0.001311726209924298,0.0
pune,2026-07-31,14.6,14.588709831237793,18.52,73.86,Normal,-0.8554941733705108,Inland,14.6,19.334375734329225,17.25012297153473,15.713616920891639,27.5917268159038,15.713616920891639,0.012137603898274072,0.0
raipur,2026-07-31,2.9,7.115030765533447,21.25,81.63,Normal,-0.8554941733705108,Inland,2.9,2.5764392328262327,2.223404938834055,6.284882290363743,8.717110547671926,6.284882290363743,0.01768465119819796,0.0
ranchi,2026-07-31,6.4,3.072213649749756,23.34,85.31,Normal,-0.8554941733705108,Inland,6.4,6.89909755706787,5.795355033874511,9.341198783812116,16.74381923841182,9.341198783812116,0.0017349287965730917,0.0
shillong,2026-07-31,4.7,5.495228290557861,25.58,91.89,Normal,-0.8554941733705108,Hill / Himalayan orographic,4.7,4.552057989438377,1.9080909527730252,8.475273380740312,9.069035686517319,8.475273380740312,0.0008407131984179718,0.0
shimla,2026-07-31,12.8,10.776049613952637,31.1,77.17,Normal,-0.8554941733705108,Hill / Himalayan orographic,12.8,16.312932365005082,12.709782079129235,15.870504011121033,25.114464649590577,15.870504011121033,0.06586701800996875,0.0
srinagar,2026-07-31,14.5,21.20478057861328,34.08,74.8,Normal,-0.8554941733705108,Hill / Himalayan orographic,14.5,19.203050460815433,16.83514469453018,9.370949097370117,10.47061482145728,9.370949097370117,0.0066145919897138035,0.0
surat,2026-07-31,22.099999999999998,9.84756088256836,21.17,72.83,Normal,-0.8554941733705108,West-coast orographic,22.099999999999998,29.47932506958685,33.06509503698968,43.96312813426189,51.679284103112266,43.96312813426189,0.20341634738048522,0.0
thiruvananthapuram,2026-07-31,5.5,0.0,8.52,76.94,Normal,-0.8554941733705108,West-coast orographic,5.5,5.531604394912726,9.734160878108097,11.722528089765088,12.969723377766982,11.722528089765088,0.006288248849650317,0.0
varanasi,2026-07-31,7.1,0.0,25.32,82.97,Normal,-0.8554941733705108,Inland,7.1,7.853758640289307,6.902532358603046,7.5357977354140235,11.61419329494606,7.5357977354140235,0.03289196924841835,0.0
vijayawada,2026-07-31,0.5,2.6256351470947266,16.51,80.65,Normal,-0.8554941733705108,Inland,0.5,0.1019149395823477,0.14588215947151184,2.1447455410142133,1.1681793315295936,2.1447455410142133,0.007776970661376512,0.0
visakhapatnam,2026-07-31,0.0,0.0,17.69,83.22,Normal,-0.8554941733705108,East coast,0.0,0.0,0.0,1.1530661768226182,0.03775733095105169,1.1530661768226182,0.0005961657267530855,0.0
agartala,2026-08-02,3.9,1.5971227884292603,23.83,91.29,Normal,1.1314947127554498,Inland,3.9,3.612823226451874,3.173427706956864,8.15359388111654,12.887873566210343,8.15359388111654,0.010699198400341552,0.0
ahmedabad,2026-08-02,2.6,12.85551929473877,23.02,72.57,Normal,1.1314947127554498,Inland,2.6,2.2982391929626464,1.9960662484169012,5.382338131862588,7.299947108236205,5.382338131862588,0.0025731683770637676,0.0
amritsar,2026-08-02,26.099999999999998,0.0,31.63,74.87,Normal,1.1314947127554498,Inland,26.099999999999998,36.23153101250834,33.559472607183295,4.543661972211011,5.618964115083872,4.543661972211011,0.036315573267591474,0.0
bengaluru,2026-08-02,0.0,0.004983808379620314,12.97,77.59,Normal,1.1314947127554498,Inland,0.0,0.0,0.0,0.3758881162068782,0.0,0.3758881162068782,0.00029254892987529466,0.0
bhopal,2026-08-02,1.1,0.5213208794593811,23.26,77.41,Normal,1.1314947127554498,Inland,1.1,0.6132885015010834,0.6427327603101732,1.620543503164275,0.4979779212378623,1.620543503164275,0.00904290641185215,0.0
bhubaneswar,2026-08-02,0.0,0.0,20.3,85.82,Normal,1.1314947127554498,East coast,0.0,0.0,0.0,1.9817945824060224,0.27465730904747676,1.9817945824060224,0.0008414223424557935,0.0
chandigarh,2026-08-02,9.0,0.19210679829120636,30.73,76.78,Normal,1.1314947127554498,Inland,9.0,10.247970464947953,9.115682825323653,3.9968254269419496,4.284314749992339,3.9968254269419496,0.034739710953821085,0.0
chennai,2026-08-02,0.0,2.992884397506714,13.08,80.27,Normal,1.1314947127554498,East coast,0.0,0.0,0.0,0.4715432527666323,0.0,0.4715432527666323,0.0003698534354569853,0.0
dehradun,2026-08-02,25.2,1.7332888841629028,30.32,78.03,Normal,1.1314947127554498,Hill / Himalayan orographic,25.2,34.85612963222508,34.72848939827239,4.538213759155498,3.0756946549787103,4.538213759155498,0.014113621120263067,0.0
delhi,2026-08-02,0.9,4.243592739105225,28.61,77.21,Normal,1.1314947127554498,Inland,0.9,0.4318348467350006,0.4691096529364583,0.6228130680168071,0.0,0.6228130680168071,0.0013809573642214693,0.0
gangtok,2026-08-02,4.2,21.489160537719727,27.33,88.61,Normal,1.1314947127554498,Hill / Himalayan orographic,4.2,4.200156474113465,1.7741576552391052,7.122099519533529,6.3039011115585035,7.122099519533529,0.0021841048770460908,0.0
guwahati,2026-08-02,6.9,5.88047456741333,26.14,91.74,Normal,1.1314947127554498,Inland,6.9,7.620873158772787,6.581480891054329,2.4787805618752397,1.8167248525072572,2.4787805618752397,0.000875107204777052,0.0
hyderabad,2026-08-02,0.0,1.5280841588974,17.39,78.49,Normal,1.1314947127554498,Inland,0.0,0.0,0.0,1.0516206991469026,0.048461309742343084,1.0516206991469026,0.0003016017264020424,0.0
jabalpur,2026-08-02,0.30000000000000004,0.0,23.18,79.95,Normal,1.1314947127554498,Inland,0.30000000000000004,0.027281934302300272,0.05331912636756897,2.1031662080142897,1.1036579620868885,2.1031662080142897,0.0010660852559669382,0.0
jaipur,2026-08-02,2.5,0.05374911054968834,26.91,75.79,Normal,1.1314947127554498,Inland,2.5,2.1330703343736204,1.9043213427066807,0.6204375286801165,0.0,0.6204375286801165,0.0008211649792884902,0.0
jodhpur,2026-08-02,2.6999999999999997,0.0,26.24,73.02,Normal,1.1314947127554498,Inland,2.6999999999999997,2.3996953487396233,2.0869812976929474,1.9371553525761527,0.8628531918711873,1.9371553525761527,0.0006444361258362126,0.0
kochi,2026-08-02,17.7,52.1020393371582,9.93,76.27,Normal,1.1314947127554498,West-coast orographic,17.7,23.419861543168516,25.88004367534931,14.320164169534198,16.32103922812264,14.320164169534198,0.004665743484617109,0.0
kolkata,2026-08-02,13.3,0.08456266671419144,22.57,88.36,Normal,1.1314947127554498,East coast,13.3,17.349940708705354,26.6345031794699,10.20099297015577,24.167759180079592,10.20099297015577,0.21995024441905375,0.0
lucknow,2026-08-02,0.5,3.9535369873046875,26.85,80.95,Normal,1.1314947127554498,Inland,0.5,0.1019149395823477,0.14588215947151184,1.4551570605454494,0.3150643536110013,1.4551570605454494,0.010111171043633084,0.0
madurai,2026-08-02,0.6,0.0,9.93,78.12,Normal,1.1314947127554498,Inland,0.6,0.13219197407364858,0.17344485223293304,2.0488763088410664,1.003707696701614,2.0488763088410664,0.0026327363558198164,0.0
mangaluru,2026-08-02,40.8,44.703277587890625,12.91,74.86,Normal,1.1314947127554498,West-coast orographic,40.8,59.828660449002925,70.99985054534618,44.704992215473155,52.5161781674505,44.704992215473155,0.037466955947231775,0.0
mumbai,2026-08-02,13.9,20.285459518432617,19.08,72.88,Normal,1.1314947127554498,West-coast orographic,13.9,18.415098819732666,22.92189190655771,19.914498177395284,25.018175338842163,19.914498177395284,0.01977043192381265,0.0
nagpur,2026-08-02,1.4000000000000001,7.1684346199035645,21.15,79.09,Normal,1.1314947127554498,Inland,1.4000000000000001,0.8618982011079789,0.8547461688518526,1.8237668892045726,0.7200247512516708,1.8237668892045726,0.006333071886747885,0.0
panaji,2026-08-02,37.1,3.3448843955993652,15.49,73.83,Normal,1.1314947127554498,West-coast orographic,37.1,50.318096833319466,52.3331333974774,37.89049473250375,47.45551885735052,37.89049473250375,0.04817740684635962,0.0
patna,2026-08-02,10.6,0.0,25.59,85.14,Normal,1.1314947127554498,Inland,10.6,12.432521514892588,10.962435194940278,1.966070080837443,0.8967680971479892,1.966070080837443,0.0020790038813805036,0.0
pune,2026-08-02,2.6,2.075388193130493,18.52,73.86,Normal,1.1314947127554498,Inland,2.6,2.2982391929626464,1.9960662484169012,2.379050846494545,1.6693474309785339,2.379050846494545,0.002018222435447249,0.0
raipur,2026-08-02,0.1,0.05835670977830887,21.25,81.63,Normal,1.1314947127554498,Inland,0.1,0.0,0.0,1.954069781951984,0.8826926060586088,1.954069781951984,0.0011926053340339676,0.0
ranchi,2026-08-02,0.5,1.0168648958206177,23.34,85.31,Normal,1.1314947127554498,Inland,0.5,0.1019149395823477,0.14588215947151184,1.8143712009805593,0.7090201649524995,1.8143712009805593,0.010457617807858517,0.0
shillong,2026-08-02,5.0,14.671995162963867,25.58,91.89,Normal,1.1314947127554498,Hill / Himalayan orographic,5.0,4.917521289189659,2.3880841794864156,5.611065707536188,4.244242114243346,5.611065707536188,0.0012720546221610311,0.0
shimla,2026-08-02,10.6,11.004727363586426,31.1,77.17,Normal,1.1314947127554498,Hill / Himalayan orographic,10.6,12.432521514892588,8.12496569633484,2.2404602119332524,0.9851291470561181,2.2404602119332524,0.011481618427072468,0.0
srinagar,2026-08-02,10.9,8.540144920349121,34.08,74.8,Normal,1.1314947127554498,Hill / Himalayan orographic,10.9,12.917885271565293,8.422526645660401,4.260710164607116,2.620200801660602,4.260710164607116,0.004720429782461677,0.0
surat,2026-08-02,1.3,59.27213668823242,21.17,72.83,Normal,1.1314947127554498,West-coast orographic,1.3,0.7762814617156982,1.7605936586856845,2.7283884929094615,1.7156954827641258,2.7283884929094615,0.002805378359409424,0.0
thiruvananthapuram,2026-08-02,0.6000000000000001,2.7669005393981934,8.52,76.94,Normal,1.1314947127554498,West-coast orographic,0.6000000000000001,0.1752615362405776,0.5492115497589113,3.396173035603141,2.7554208658978685,3.396173035603141,0.0020428823645455034,0.0
varanasi,2026-08-02,0.8,2.1307270526885986,25.32,82.97,Normal,1.1314947127554498,Inland,0.8,0.3533438581228261,0.4101562380790707,0.023834055396765065,0.0,0.023834055396765065,0.006263379985182738,0.0
vijayawada,2026-08-02,0.0,0.47697797417640686,16.51,80.65,Normal,1.1314947127554498,Inland,0.0,0.0,0.0,1.1131131312061187,0.09332496249092197,1.1131131312061187,0.00037810560675217297,0.0
visakhapatnam,2026-08-02,0.0,0.0,17.69,83.22,Normal,1.1314947127554498,East coast,0.0,0.0,0.0,0.8951576806730257,3.0375998922474343e-05,0.8951576806730257,0.0004084275039098597,0.0
agartala,2026-08-03,3.7,6.582067489624023,23.83,91.29,Normal,0.9570610218554981,Inland,3.7,3.334051375389099,2.9399517774581914,7.481760340276308,11.510927484998234,7.481760340276308,0.008562947484576535,0.0
ahmedabad,2026-08-03,0.1,0.43004047870635986,23.02,72.57,Normal,0.9570610218554981,Inland,0.1,0.0,0.0,2.5112650677062915,1.870024088459205,2.5112650677062915,0.0004457442549768547,0.0
amritsar,2026-08-03,10.4,0.0,31.63,74.87,Normal,0.9570610218554981,Inland,10.4,12.11186497497559,10.586457866610907,4.805308709132449,6.152143349703875,4.805308709132449,0.020450073635493244,0.0
bengaluru,2026-08-03,0.1,0.5604337453842163,12.97,77.59,Normal,0.9570610218554981,Inland,0.1,0.0,0.0,0.8692427393772317,0.0,0.8692427393772317,0.00029254892987529466,0.0
bhopal,2026-08-03,0.30000000000000004,0.0,23.26,77.41,Normal,0.9570610218554981,Inland,0.30000000000000004,0.027281934302300272,0.05331912636756897,1.969959281234395,0.9013298506555161,1.969959281234395,0.0009070967270476198,0.0
bhubaneswar,2026-08-03,1.7,5.043123245239258,20.3,85.82,Normal,0.9570610218554981,East coast,1.7,1.210523118972778,1.7658315495288734,6.481021755352992,10.38779130318156,6.481021755352992,0.031974459438808986,0.0
chandigarh,2026-08-03,8.1,0.0,30.73,76.78,Normal,0.9570610218554981,Inland,8.1,9.2228483543396,7.91900293827057,4.3806168069774465,5.3126648776996745,4.3806168069774465,0.051794600777918164,0.0
chennai,2026-08-03,0.30000000000000004,1.1918485164642334,13.08,80.27,Normal,0.9570610218554981,East coast,0.30000000000000004,0.027281934302300272,0.0842157119512558,0.9452723433540016,0.003688217487300792,0.9452723433540016,0.0003698534354569853,0.0
dehradun,2026-08-03,22.1,0.15243452787399292,30.32,78.03,Normal,0.9570610218554981,Hill / Himalayan orographic,22.1,29.479325069586857,27.856795784376988,3.9422646459353143,2.285176955191146,3.9422646459353143,0.016724074196569613,0.0
delhi,2026-08-03,3.4,0.4276849031448364,28.61,77.21,Normal,0.9570610218554981,Inland,3.4,3.0819930251439414,2.619908928871155,1.1808152286958904,0.1330963136480303,1.1808152286958904,0.004521327707681769,0.0
gangtok,2026-08-03,4.8,35.09510040283203,27.33,88.61,Normal,0.9570610218554981,Hill / Himalayan orographic,4.8,4.690122648874921,2.025932153066001,7.428461531891806,7.259558720332465,7.428461531891806,0.0021841048770460908,0.0
guwahati,2026-08-03,13.9,2.703397512435913,26.14,91.74,Normal,0.9570610218554981,Inland,13.9,18.415098819732666,16.128668365478518,0.6144602693914489,0.0,0.6144602693914489,0.0010217891135025432,0.0
hyderabad,2026-08-03,0.0,5.451162815093994,17.39,78.49,Normal,0.9570610218554981,Inland,0.0,0.0,0.0,1.0516206991469026,0.048461309742343084,1.0516206991469026,0.0003016017264020424,0.0
jabalpur,2026-08-03,0.30000000000000004,0.0,23.18,79.95,Normal,0.9570610218554981,Inland,0.30000000000000004,0.027281934302300272,0.05331912636756897,2.497311455299266,1.847129577336516,2.497311455299266,0.0010660852559669382,0.0
jaipur,2026-08-03,16.7,4.538167953491211,26.91,75.79,Normal,0.9570610218554981,Inland,16.7,21.680111094525408,19.24864026366687,1.8259886791070028,0.7226269958277978,1.8259886791070028,0.0032308972665458613,0.0
jodhpur,2026-08-03,2.1,37.008182525634766,26.24,73.02,Normal,0.9570610218554981,Inland,2.1,1.6431271570920951,1.528196999301085,1.2807544803022426,0.16552726555850117,1.2807544803022426,0.0006444361258362126,0.0
kochi,2026-08-03,1.8,73.42691802978516,9.93,76.27,Normal,0.9570610218554981,West-coast orographic,1.8,1.2850060677528385,3.1203132271766663,8.035052327845479,8.138098622899168,8.035052327845479,0.0011546801182133538,0.0
kolkata,2026-08-03,7.7,18.680763244628906,22.57,88.36,Normal,0.9570610218554981,East coast,7.7,8.563014837900797,14.541631759661383,9.751469619579542,21.911629464574705,9.751469619579542,0.13071945680990082,0.0
lucknow,2026-08-03,8.9,15.017473220825195,26.85,80.95,Normal,0.9570610218554981,Inland,8.9,10.115731747889612,9.002913110550136,3.843808633618104,4.0244766595055115,3.843808633618104,0.009676716676095475,0.0
madurai,2026-08-03,0.2,0.0,9.93,78.12,Normal,0.9570610218554981,Inland,0.2,0.0,0.0,1.7804930598329316,0.6800250814805451,1.7804930598329316,0.00034283599794254055,0.0
mangaluru,2026-08-03,19.0,24.591602325439453,12.91,74.86,Normal,0.9570610218554981,West-coast orographic,19.0,25.38835279925032,28.290899803524923,21.07919128289136,25.6503762250211,21.07919128289136,0.007298368458681105,0.0
mumbai,2026-08-03,7.5,67.50379180908203,19.08,72.88,Normal,0.9570610218554981,West-coast orographic,7.5,8.232165874481202,13.437094546902564,20.149072247496157,25.083305817932338,20.149072247496157,0.031659934930166306,0.0
nagpur,2026-08-03,2.1,0.1859816461801529,21.15,79.09,Normal,0.9570610218554981,Inland,2.1,1.6431271570920951,1.528196999301085,2.166418027638469,1.2019945095038518,2.166418027638469,0.007218608413872782,0.0
panaji,2026-08-03,16.7,48.58510208129883,15.49,73.83,Normal,0.9570610218554981,West-coast orographic,16.7,21.680111094525408,25.15160912289563,18.188137640085742,22.71020214085181,18.188137640085742,0.002519968449662468,0.0
patna,2026-08-03,10.5,0.5296297669410706,25.59,85.14,Normal,0.9570610218554981,Inland,10.5,12.27219324493409,10.774446530775592,2.0793142997551946,1.0634690132133695,2.0793142997551946,0.002042683538644438,0.0
pune,2026-08-03,0.9,2.2074060440063477,18.52,73.86,Normal,0.9570610218554981,Inland,0.9,0.4318348467350006,0.4691096529364583,1.733624742759913,0.647228078063336,1.733624742759913,0.0017695016817383846,0.0
raipur,2026-08-03,0.6,0.0,21.25,81.63,Normal,0.9570610218554981,Inland,0.6,0.13219197407364858,0.17344485223293304,3.1069569608388776,2.7373622831255515,3.1069569608388776,0.03370294787907632,0.0
ranchi,2026-08-03,35.5,17.07404899597168,23.34,85.31,Normal,0.9570610218554981,Inland,35.5,47.42873081392455,39.76547528882051,9.936532056662358,17.993363882021946,9.936532056662358,0.020400455509888848,0.0
shillong,2026-08-03,1.3,8.73275375366211,25.58,91.89,Normal,0.9570610218554981,Hill / Himalayan orographic,1.3,0.7762814617156982,0.39109866470098487,5.199828178335617,3.719408569770402,5.199828178335617,0.0007844909487738791,0.0
shimla,2026-08-03,12.5,15.284915924072266,31.1,77.17,Normal,0.9570610218554981,Hill / Himalayan orographic,12.5,15.66024085895436,11.766413241057418,1.6887688420009812,0.6255515659361739,1.6887688420009812,0.01024130647855164,0.0
srinagar,2026-08-03,1.9000000000000001,1.1497877836227417,34.08,74.8,Normal,0.9570610218554981,Hill / Himalayan orographic,1.9000000000000001,1.359489016532899,0.580717940402973,0.63824096479127,0.0,0.63824096479127,0.000609055348964966,0.0
surat,2026-08-03,9.1,3.317111015319824,21.17,72.83,Normal,0.9570610218554981,West-coast orographic,9.1,10.380209182006293,15.762111653102915,11.14429017126796,11.927393168590081,11.14429017126796,0.05078506296809181,0.0
thiruvananthapuram,2026-08-03,1.5,7.988387584686279,8.52,76.94,Normal,0.9570610218554981,West-coast orographic,1.5,1.0063706040382385,2.5101629853248593,3.802818529602256,3.0843746984602136,3.802818529602256,0.0010216257533697635,0.0
varanasi,2026-08-03,7.0,2.5807559490203857,25.32,82.97,Normal,0.9570610218554981,Inland,7.0,7.737315899531047,6.742006624828687,1.6476376582868848,0.5189110105797745,1.6476376582868848,0.058137565101114695,0.0
vijayawada,2026-08-03,0.0,0.10289648175239563,16.51,80.65,Normal,0.9570610218554981,Inland,0.0,0.0,0.0,1.1131131312061187,0.09332496249092197,1.1131131312061187,0.00037810560675217297,0.0
visakhapatnam,2026-08-03,0.1,1.235759973526001,17.69,83.22,Normal,0.9570610218554981,East coast,0.1,0.0,0.020900419931858788,1.5454345573146402,0.11915972157827112,1.5454345573146402,0.0004084275039098597,0.0
agartala,2026-08-04,2.9,4.964024066925049,23.83,91.29,Normal,1.2112062075615782,Inland,2.9,2.5764392328262327,2.223404938834055,9.310271764297202,16.665338320633794,9.310271764297202,0.007709738820412009,0.0
ahmedabad,2026-08-04,0.4,0.0,23.02,72.57,Normal,1.2112062075615782,Inland,0.4,0.07400229059159773,0.11091622933745372,3.972925482586333,4.24270516533211,3.972925482586333,0.006368007350133274,0.0
amritsar,2026-08-04,6.1,25.749046325683594,31.63,74.87,Normal,1.2112062075615782,Inland,6.1,6.506537628173828,5.649215369224548,2.0936903870003296,1.0889537110972014,2.0936903870003296,0.0157745126123964,0.0
bengaluru,2026-08-04,0.30000000000000004,0.5240123867988586,12.97,77.59,Normal,1.2112062075615782,Inland,0.30000000000000004,0.027281934302300272,0.05331912636756897,2.286514797229269,1.4241163259025584,2.286514797229269,0.00029254892987529466,0.0
bhopal,2026-08-04,0.9,0.1278897225856781,23.26,77.41,Normal,1.2112062075615782,Inland,0.9,0.4318348467350006,0.4691096529364583,3.3224574228588497,3.0730000761300555,3.3224574228588497,0.00904290641185215,0.0
bhubaneswar,2026-08-04,0.2,2.3094799518585205,20.3,85.82,Normal,1.2112062075615782,East coast,0.2,0.0,0.04700016528367999,3.0269538325480294,1.4759323284592634,3.0269538325480294,0.0008414223424557935,0.0
chandigarh,2026-08-04,10.5,20.75605583190918,30.73,76.78,Normal,1.2112062075615782,Inland,10.5,12.27219324493409,10.774446530775592,3.128256829652022,2.760488360475386,3.128256829652022,0.03267968869699755,0.0
chennai,2026-08-04,0.30000000000000004,4.650376796722412,13.08,80.27,Normal,1.2112062075615782,East coast,0.30000000000000004,0.027281934302300272,0.0842157119512558,2.4355465174650024,0.6877642723712889,2.4355465174650024,0.0003698534354569853,0.0
dehradun,2026-08-04,26.6,3.1987907886505127,30.32,78.03,Normal,1.2112062075615782,Hill / Himalayan orographic,26.6,36.697186403766736,36.08438206347554,3.7228596582286375,2.058220943200781,3.7228596582286375,0.007826153687221348,0.0
delhi,2026-08-04,10.7,13.385640144348145,28.61,77.21,Normal,1.2112062075615782,Inland,10.7,12.594309433783488,11.150423859104965,2.746415872554201,2.1200202003097885,2.746415872554201,0.008889924416800128,0.0
gangtok,2026-08-04,7.4,39.3648681640625,27.33,88.61,Normal,1.2112062075615782,Hill / Himalayan orographic,7.4,8.137564065933228,4.115532821751713,6.547930686744511,5.101718337293218,6.547930686744511,0.0024318616075272776,0.0
guwahati,2026-08-04,18.3,29.729320526123047,26.14,91.74,Normal,1.2112062075615782,Inland,18.3,24.424691849751124,22.416863943401154,0.3351513126745409,0.0,0.3351513126745409,0.0014753756308738691,0.0
hyderabad,2026-08-04,1.0999999999999999,14.341001510620117,17.39,78.49,Normal,1.2112062075615782,Inland,1.0999999999999999,0.6132885015010832,0.642732760310173,2.446220545671445,1.7712103669603332,2.446220545671445,0.001234932086582234,0.0
jabalpur,2026-08-04,1.6,0.0,23.18,79.95,Normal,1.2112062075615782,Inland,1.6,1.0913883066177372,0.9793314039707207,5.4486170183300695,7.400815665102461,5.4486170183300695,0.012495147284217547,0.0
jaipur,2026-08-04,25.7,7.296197891235352,26.91,75.79,Normal,1.2112062075615782,Inland,25.7,35.627719918710206,33.028941915735786,1.68909054931299,0.5683174541493404,1.68909054931299,0.008564000803571871,0.0
jodhpur,2026-08-04,0.8999999999999999,0.11841338127851486,26.24,73.02,Normal,1.2112062075615782,Inland,0.8999999999999999,0.4318348467350005,0.46910965293645823,0.7814608921226077,0.0,0.7814608921226077,0.0005649215718118437,0.0
kochi,2026-08-04,15.9,34.21192932128906,9.93,76.27,Normal,1.2112062075615782,West-coast orographic,15.9,20.57005055606518,24.815796246471653,14.173986528008069,15.715802369337037,14.173986528008069,0.0033752404009948227,0.0
kolkata,2026-08-04,11.5,0.434629887342453,22.57,88.36,Normal,1.2112062075615782,East coast,11.5,13.9295000935738,22.221791988529557,16.407840411139347,35.40589139684787,70.0,0.3289084717799905,0.0
lucknow,2026-08-04,18.5,45.30247497558594,26.85,80.95,Normal,1.2112062075615782,Inland,18.5,24.759635285278655,22.88499975706403,2.3753113100037573,1.6582748229496813,2.3753113100037573,0.005224361880985389,0.0
madurai,2026-08-04,0.7999999999999999,0.0,9.93,78.12,Normal,1.2112062075615782,Inland,0.7999999999999999,0.353343858122826,0.32230785638093984,4.079439460432167,4.43937573814012,4.079439460432167,0.001316368757164879,0.0
mangaluru,2026-08-04,9.4,131.23316955566406,12.91,74.86,Normal,1.2112062075615782,West-coast orographic,9.4,10.77692533318132,16.048345812251057,20.191668469138804,25.095132838377623,20.191668469138804,0.010593122263878041,0.0
mumbai,2026-08-04,12.0,17.9776611328125,19.08,72.88,Normal,1.2112062075615782,West-coast orographic,12.0,14.778097390753736,20.34418857321555,14.57857494160343,17.43157351282038,14.57857494160343,0.05268290606921916,0.0
nagpur,2026-08-04,1.4,0.05490860715508461,21.15,79.09,Normal,1.2112062075615782,Inland,1.4,0.8618982011079785,0.8547461688518525,2.674839916471866,2.0639850462002887,2.674839916471866,0.006333071886747885,0.0
panaji,2026-08-04,10.1,26.229251861572266,15.49,73.83,Normal,1.2112062075615782,West-coast orographic,10.1,11.630880165100091,16.716225516930056,11.148656695563625,11.932607535035709,11.148656695563625,0.004546841711901842,0.0
patna,2026-08-04,3.0,31.579904556274414,25.59,85.14,Normal,1.2112062075615782,Inland,3.0,2.6517269611358647,2.283005189895629,1.315086160120489,0.17518861812718087,1.315086160120489,0.002101571073841009,0.0
pune,2026-08-04,0.4,8.733424186706543,18.52,73.86,Normal,1.2112062075615782,Inland,0.4,0.07400229059159773,0.11091622933745372,2.2238920224743115,1.2938551188582352,2.2238920224743115,0.004642992669827187,0.0
raipur,2026-08-04,12.7,5.773788928985596,21.25,81.63,Normal,1.2112062075615782,Inland,12.7,16.095368529654838,14.042701383737414,13.111478302190404,22.69329518017756,13.111478302190404,0.1972372438587464,0.0
ranchi,2026-08-04,12.6,4.532403945922852,23.34,85.31,Normal,1.2112062075615782,Inland,12.6,15.877804694304599,13.88863225350013,5.472862975959094,7.431761940487231,5.472862975959094,0.016005006765706542,0.0
shillong,2026-08-04,4.8999999999999995,2.831110954284668,25.58,91.89,Normal,1.2112062075615782,Hill / Himalayan orographic,4.8999999999999995,4.828187308311464,2.24241577254401,5.840216960918491,4.35990352425849,5.840216960918491,0.0012720546221610311,0.0
shimla,2026-08-04,16.9,0.0,31.1,77.17,Normal,1.2112062075615782,Hill / Himalayan orographic,16.9,22.0325601211715,20.871411015847674,2.8484710907923088,1.336816712707482,2.8484710907923088,0.0036920241727143323,0.0
srinagar,2026-08-04,12.0,3.141040802001953,34.08,74.8,Normal,1.2112062075615782,Hill / Himalayan orographic,12.0,14.778097390753736,9.917123485881692,0.560699848770948,0.0,0.560699848770948,0.004207392493024128,0.0
surat,2026-08-04,1.2,0.0,21.17,72.83,Normal,1.2112062075615782,West-coast orographic,1.2,0.6905014002323151,1.4242479801177979,2.661777257205368,1.6449440741474404,2.661777257205368,0.002805378359409424,0.0
thiruvananthapuram,2026-08-04,0.5,0.540434718132019,8.52,76.94,Normal,1.2112062075615782,West-coast orographic,0.5,0.1019149395823477,0.4476974514024009,7.595416704249125,7.862043581892849,7.595416704249125,0.016974911650531357,0.0
varanasi,2026-08-04,6.7,3.718073844909668,25.32,82.97,Normal,1.2112062075615782,Inland,6.7,7.34627056757609,6.264555126428605,2.0698799340363223,1.0449457763347003,2.0698799340363223,0.05545015586608094,0.0
vijayawada,2026-08-04,1.1,0.7224981784820557,16.51,80.65,Normal,1.2112062075615782,Inland,1.1,0.6132885015010834,0.6427327603101732,2.6663572517983534,2.0573441649846367,2.6663572517983534,0.0021227422716400676,0.0
visakhapatnam,2026-08-04,0.4,2.387643575668335,17.69,83.22,Normal,1.2112062075615782,East coast,0.4,0.07400229059159773,0.1263239255547524,2.186717208969963,0.4313225524694773,2.186717208969963,0.005663054221856484,0.0
agartala,2026-08-05,4.1,6.3924126625061035,23.83,91.29,Normal,0.5633934908639454,Inland,4.1,4.006547782421111,3.305381387472153,9.967191715097355,18.047095872380016,9.967191715097355,0.011847999538895596,0.0
ahmedabad,2026-08-05,0.5,0.059160105884075165,23.02,72.57,Normal,0.5633934908639454,Inland,0.5,0.1019149395823477,0.14588215947151184,4.089549053095764,4.461082282772339,4.089549053095764,0.00650952211434597,0.0
amritsar,2026-08-05,7.1000000000000005,9.950045585632324,31.63,74.87,Normal,0.5633934908639454,Inland,7.1000000000000005,7.853758640289308,6.902532358603048,2.5979724199474927,2.003807267941903,2.5979724199474927,0.01777173492737474,0.0
bengaluru,2026-08-05,0.7,0.7065317034721375,12.97,77.59,Normal,0.5633934908639454,Inland,0.7,0.2249260048568249,0.2938246935606003,2.527104998156612,1.896013592345302,2.527104998156612,0.0027757092070661536,0.0
bhopal,2026-08-05,0.30000000000000004,0.0,23.26,77.41,Normal,0.5633934908639454,Inland,0.30000000000000004,0.027281934302300272,0.05331912636756897,3.791785823088443,3.9411375362624637,3.791785823088443,0.0009484180819300623,0.0
bhubaneswar,2026-08-05,4.1000000000000005,1.4129935503005981,20.3,85.82,Normal,0.5633934908639454,East coast,4.1000000000000005,4.006547782421113,7.532010648896771,7.691479274862338,14.460930301419593,7.691479274862338,0.038947574301703515,0.0
chandigarh,2026-08-05,11.3,13.60411262512207,30.73,76.78,Normal,0.5633934908639454,Inland,11.3,13.583581464172818,11.949924529767515,4.908039641292048,6.430435204167342,4.908039641292048,0.08003807025398715,0.0
chennai,2026-08-05,0.39999999999999997,20.905000686645508,13.08,80.27,Normal,0.5633934908639454,East coast,0.39999999999999997,0.05103408843278879,0.11095106154680254,2.9825254877199043,1.3811280894815066,2.9825254877199043,0.006169050021634614,0.0
dehradun,2026-08-05,19.4,9.986714363098145,30.32,78.03,Normal,0.5633934908639454,Hill / Himalayan orographic,19.4,25.832681751551675,24.555289519611907,5.499307620433422,4.142636519332903,5.499307620433422,0.021875592007160466,0.0
delhi,2026-08-05,22.8,7.571834087371826,28.61,77.21,Normal,0.5633934908639454,Inland,22.8,30.791299851738785,29.265224957610044,2.4589313928421843,1.7887184807321495,2.4589313928421843,0.007116870537109915,0.0
gangtok,2026-08-05,7.1,27.630369186401367,27.33,88.61,Normal,0.5633934908639454,Hill / Himalayan orographic,7.1,7.853758640289307,3.965057823380758,7.837476407133011,7.828380528617445,7.837476407133011,0.0019395266847653152,0.0
guwahati,2026-08-05,27.299999999999997,41.8098258972168,26.14,91.74,Normal,0.5633934908639454,Inland,27.299999999999997,37.34910395152849,35.15106468152582,0.8107427948098556,0.0,0.8107427948098556,0.0008584245557717901,0.0
hyderabad,2026-08-05,0.0,6.173302173614502,17.39,78.49,Normal,0.5633934908639454,Inland,0.0,0.0,0.0,1.507297171326369,0.3647709021001997,1.507297171326369,0.00031534942139883155,0.0
jabalpur,2026-08-05,6.5,0.0,23.18,79.95,Normal,0.5633934908639454,Inland,6.5,7.029950866699217,5.951755064725875,19.41876732850312,35.96346615012659,19.41876732850312,0.10510235839253838,0.0
jaipur,2026-08-05,7.0,2.722900629043579,26.91,75.79,Normal,0.5633934908639454,Inland,7.0,7.737315899531047,6.742006624828687,2.6576886789964576,2.0505577406118363,2.6576886789964576,0.007259929036840224,0.0
jodhpur,2026-08-05,0.1,0.0,26.24,73.02,Normal,0.5633934908639454,Inland,0.1,0.0,0.0,1.0855730995893713,0.07642974092613464,1.0855730995893713,0.00022541819878181446,0.0
kochi,2026-08-05,7.6,27.85881233215332,9.93,76.27,Normal,0.5633934908639454,West-coast orographic,7.6,8.326767683029175,13.57392864534932,15.921957371958019,19.06561014418769,15.921957371958019,0.006258544275919155,0.0
kolkata,2026-08-05,1.8,20.76678466796875,22.57,88.36,Normal,0.5633934908639454,East coast,1.8,1.2850060677528385,1.965937501192095,4.56987925689014,5.019333517844354,4.56987925689014,0.012138234989771853,0.0
lucknow,2026-08-05,17.8,8.12354850769043,26.85,80.95,Normal,0.5633934908639454,Inland,17.8,23.587333260932287,21.246524409243964,2.0893125724162704,1.082160369988765,2.0893125724162704,0.005027533203695627,0.0
madurai,2026-08-05,1.7,0.0,9.93,78.12,Normal,0.5633934908639454,Inland,1.7,1.210523118972778,1.1120587927954526,4.608080317052514,5.705327964427019,4.608080317052514,0.00161748558156086,0.0
mangaluru,2026-08-05,39.5,37.59198760986328,12.91,74.86,Normal,0.5633934908639454,West-coast orographic,39.5,56.17786979829329,66.77257133532488,34.65646129936062,45.249557662592046,34.65646129936062,0.023655286901696486,0.0
mumbai,2026-08-05,7.9,22.96489715576172,19.08,72.88,Normal,0.5633934908639454,West-coast orographic,7.9,9.035509147644039,13.984430940689585,17.188013122813857,20.778278942438682,17.188013122813857,0.0414319047907193,0.0
nagpur,2026-08-05,2.5,0.32945165038108826,21.15,79.09,Normal,0.5633934908639454,Inland,2.5,2.1330703343736204,1.9043213427066807,3.0654531394054816,2.6923000063010982,3.0654531394054816,0.008079093374442658,0.0
panaji,2026-08-05,27.400000000000002,25.871604919433594,15.49,73.83,Normal,0.5633934908639454,West-coast orographic,27.400000000000002,37.44223502978017,39.970360517501845,10.25881250288699,11.316421769982496,10.25881250288699,0.008099090946390613,0.0
patna,2026-08-05,7.9,0.8937332034111023,25.59,85.14,Normal,0.5633934908639454,Inland,7.9,9.035509147644039,7.70202112197876,2.9478762047706857,2.4883845384800534,2.9478762047706857,0.0031868653829520283,0.0
pune,2026-08-05,0.30000000000000004,0.9106149077415466,18.52,73.86,Normal,0.5633934908639454,Inland,0.30000000000000004,0.027281934302300272,0.05331912636756897,1.524519852066419,0.3837805843541818,1.524519852066419,0.0002798024830497957,0.0
raipur,2026-08-05,17.8,8.282816886901855,21.25,81.63,Normal,0.5633934908639454,Inland,17.8,23.587333260932287,21.246524409243964,8.267065551510235,13.198710895376172,8.267065551510235,0.0714629354130002,0.0
ranchi,2026-08-05,17.4,12.141700744628906,23.34,85.31,Normal,0.5633934908639454,Inland,17.4,22.913682687786725,20.410895146887306,5.779847332693785,7.865771156613321,5.779847332693785,0.0050528061673817725,0.0
shillong,2026-08-05,52.0,46.78448486328125,25.58,91.89,Normal,0.5633934908639454,Hill / Himalayan orographic,52.0,80.10480879252417,55.17451605372681,0.7500911643022479,0.0,0.7500911643022479,0.0008904286675487456,0.0
shimla,2026-08-05,12.1,6.2818922996521,31.1,77.17,Normal,0.5633934908639454,Hill / Himalayan orographic,12.1,14.94525051322393,10.226344292653181,2.342707180251298,1.038021546581542,2.342707180251298,0.01024130647855164,0.0
srinagar,2026-08-05,0.30000000000000004,0.0,34.08,74.8,Normal,0.5633934908639454,Hill / Himalayan orographic,0.30000000000000004,0.027281934302300272,0.0,0.2625649051583704,0.0,0.2625649051583704,0.00020385894123962263,0.0
surat,2026-08-05,1.0,0.0,21.17,72.83,Normal,0.5633934908639454,West-coast orographic,1.0,0.519677683711052,1.0350839516390917,2.5107470998557053,1.484526747203428,2.5107470998557053,0.0026244073665500434,0.0
thiruvananthapuram,2026-08-05,0.0,3.9912712574005127,8.52,76.94,Normal,0.5633934908639454,West-coast orographic,0.0,0.0,0.0,0.8213000853687016,0.12863806957193208,0.8213000853687016,0.0002641360429215632,0.0
varanasi,2026-08-05,21.2,4.169410705566406,25.32,82.97,Normal,0.5633934908639454,Inland,21.2,28.147008810037985,27.27096026914204,1.042947329565081,0.044834971071566046,1.042947329565081,0.03073921207850348,0.0
vijayawada,2026-08-05,0.4,1.6175965070724487,16.51,80.65,Normal,0.5633934908639454,Inland,0.4,0.07400229059159773,0.11091622933745372,2.7450798116696924,2.118974229265029,2.7450798116696924,0.007051322534140745,0.0
visakhapatnam,2026-08-05,1.1,0.08564672619104385,17.69,83.22,Normal,0.5633934908639454,East coast,1.1,0.6132885015010834,0.7645433843135827,1.8973319099843005,0.2656113375557617,1.8973319099843005,0.0032173886911354573,0.0
agartala,2026-08-06,9.9,18.677337646484375,23.83,91.29,Normal,-0.5559554225026342,Inland,9.9,11.3892787078541,9.92549523534001,7.591415531803447,11.720479261858971,7.591415531803447,0.007905376154941041,0.0
ahmedabad,2026-08-06,1.5999999999999999,1.3015223741531372,23.02,72.57,Normal,-0.5559554225026342,Inland,1.5999999999999999,1.091388306617737,0.9793314039707206,4.335473956953377,5.217085058142618,4.335473956953377,0.002169795761037534,0.0
amritsar,2026-08-06,9.5,4.642194747924805,31.63,74.87,Normal,-0.5559554225026342,Inland,9.5,10.906075793362117,9.638508394602184,8.892515943467975,15.467530520474632,8.892515943467975,0.06499578200241773,0.0
bengaluru,2026-08-06,1.5,1.198651671409607,12.97,77.59,Normal,-0.5559554225026342,Inland,1.5,1.0063706040382385,0.9170387864112866,3.1263333571638947,2.7583999732683595,3.1263333571638947,0.00045690321428453997,0.0
bhopal,2026-08-06,0.7000000000000001,2.1180050373077393,23.26,77.41,Normal,-0.5559554225026342,Inland,0.7000000000000001,0.267772796154022,0.29382469356060037,2.553633660221671,1.9395407257500366,2.553633660221671,0.006151180524867636,0.0
bhubaneswar,2026-08-06,59.3,66.42642211914062,20.3,85.82,Normal,-0.5559554225026342,East coast,59.3,89.8619044707879,223.31861877441406,34.25550054558772,60.97380817975341,34.25550054558772,0.1473323677008332,0.0
chandigarh,2026-08-06,12.5,0.8384444117546082,30.73,76.78,Normal,-0.5559554225026342,Inland,12.5,15.66024085895436,13.734563123262845,11.74802637345809,20.29204698687847,11.74802637345809,0.06530081874446159,0.0
chennai,2026-08-06,1.0,9.034147262573242,13.08,80.27,Normal,-0.5559554225026342,East coast,1.0,0.519677683711052,0.6527472043037416,2.3224996160731752,0.5985043003690895,2.3224996160731752,0.0006678683085373002,0.0
dehradun,2026-08-06,14.0,56.29654312133789,30.32,78.03,Normal,-0.5559554225026342,Hill / Himalayan orographic,14.0,18.54642409324646,15.88958690643311,14.933754148561045,23.74734723460628,14.933754148561045,0.012757769868773666,0.0
delhi,2026-08-06,4.1,17.142946243286133,28.61,77.21,Normal,-0.5559554225026342,Inland,4.1,4.006547782421111,3.305381387472153,3.942073360553927,4.188991902884556,3.942073360553927,0.007791172204458643,0.0
gangtok,2026-08-06,16.6,10.712362289428711,27.33,88.61,Normal,-0.5559554225026342,Hill / Himalayan orographic,16.6,21.50388658120237,20.261100888603792,10.238846570961252,11.6684501830013,10.238846570961252,0.0029786675709383816,0.0
guwahati,2026-08-06,19.3,0.07568465173244476,26.14,91.74,Normal,-0.5559554225026342,Inland,19.3,25.721599513476338,24.757543011715537,4.024123836384535,4.331841031304536,4.024123836384535,0.0034030241961433777,0.0
hyderabad,2026-08-06,0.1,0.27262288331985474,17.39,78.49,Normal,-0.5559554225026342,Inland,0.1,0.0,0.0,2.766796109863857,2.135975414894992,2.766796109863857,0.00023528050799693684,0.0
jabalpur,2026-08-06,3.8,0.0,23.18,79.95,Normal,-0.5559554225026342,Inland,3.8,3.4127073621749875,3.107450866699218,13.549508590908777,23.71432907134846,13.549508590908777,0.02270438292587099,0.0
jaipur,2026-08-06,0.1,0.669241726398468,26.91,75.79,Normal,-0.5559554225026342,Inland,0.1,0.0,0.0,0.8796830886200472,0.0,0.8796830886200472,0.0002612466726054505,0.0
jodhpur,2026-08-06,0.0,0.0,26.24,73.02,Normal,-0.5559554225026342,Inland,0.0,0.0,0.0,0.5786507999033776,0.0,0.5786507999033776,0.00024354600129633812,0.0
kochi,2026-08-06,5.4,16.322378158569336,9.93,76.27,Normal,-0.5559554225026342,West-coast orographic,5.4,5.3864660135905,9.64971250713381,18.750882138139602,23.86650248980757,18.750882138139602,0.0032864913034992525,0.0
kolkata,2026-08-06,26.4,14.709796905517578,22.57,88.36,Normal,-0.5559554225026342,East coast,26.4,36.510924247263375,85.8965040798754,10.657691346347438,25.897508566706048,10.657691346347438,0.05605160541447359,0.0
lucknow,2026-08-06,17.3,16.44564437866211,26.85,80.95,Normal,-0.5559554225026342,Inland,17.3,22.737458174463683,20.22714842254042,7.499108462792632,11.544079858797097,7.499108462792632,0.005024970757285899,0.0
madurai,2026-08-06,0.0,0.0,9.93,78.12,Normal,-0.5559554225026342,Inland,0.0,0.0,0.0,1.0504283827594394,0.04796280186914913,1.0504283827594394,0.00036363182797707254,0.0
mangaluru,2026-08-06,30.0,9.521035194396973,12.91,74.86,Normal,-0.5559554225026342,West-coast orographic,30.0,40.04620298007569,44.98016601623782,28.53999944430579,35.18502110446951,28.53999944430579,0.023414317590091435,0.0
mumbai,2026-08-06,4.0,11.064493179321289,19.08,72.88,Normal,-0.5559554225026342,West-coast orographic,4.0,3.8129390907287597,7.802377654284967,12.735636026015916,14.271799720839088,12.735636026015916,0.014378868083757625,0.0
nagpur,2026-08-06,0.0,2.0581634044647217,21.15,79.09,Normal,-0.5559554225026342,Inland,0.0,0.0,0.0,1.887092150256371,0.7962799916584961,1.887092150256371,0.00046660302363321426,0.0
panaji,2026-08-06,22.1,11.120067596435547,15.49,73.83,Normal,-0.5559554225026342,West-coast orographic,22.1,29.479325069586857,33.06509503698968,15.335882971710838,18.665426716786946,15.335882971710838,0.005438288930356179,0.0
patna,2026-08-06,59.5,43.561981201171875,25.59,85.14,Normal,-0.5559554225026342,Inland,59.5,90.01295163298808,94.03109038956742,7.7559781730607735,12.043097131999609,7.7559781730607735,0.004673931109901598,0.0
pune,2026-08-06,0.30000000000000004,2.5156056880950928,18.52,73.86,Normal,-0.5559554225026342,Inland,0.30000000000000004,0.027281934302300272,0.05331912636756897,1.7891488939208813,0.6860821673306514,1.7891488939208813,0.00021576245545157428,0.0
raipur,2026-08-06,1.5,14.667418479919434,21.25,81.63,Normal,-0.5559554225026342,Inland,1.5,1.0063706040382385,0.9170387864112866,2.3584564596086977,1.608368329920613,2.3584564596086977,0.0025601426591986016,0.0
ranchi,2026-08-06,16.6,28.800933837890625,23.34,85.31,Normal,-0.5559554225026342,Inland,16.6,21.50388658120237,19.156724789103524,9.139666126513317,16.232406623968753,9.139666126513317,0.0035146882856115515,0.0
shillong,2026-08-06,17.0,3.2366185188293457,25.58,91.89,Normal,-0.5559554225026342,Hill / Himalayan orographic,17.0,22.208784634494545,21.074847724928972,3.354256306618656,1.7041339866692247,3.354256306618656,0.0012020262154659876,0.0
shimla,2026-08-06,3.8000000000000003,3.2817904949188232,31.1,77.17,Normal,-0.5559554225026342,Hill / Himalayan orographic,3.8000000000000003,3.4127073621749884,1.5766014418462766,5.387403114894517,3.981338706255275,5.387403114894517,0.006640248475686824,0.0
srinagar,2026-08-06,5.3,0.0,34.08,74.8,Normal,-0.5559554225026342,Hill / Himalayan orographic,5.3,5.2413276322682725,2.506847075017518,2.698629143064435,1.1813426414816166,2.698629143064435,0.006499794038438785,0.0
surat,2026-08-06,0.8,0.9825173020362854,21.17,72.83,Normal,-0.5559554225026342,West-coast orographic,0.8,0.3533438581228261,0.7919591927528382,2.7235052614717947,1.7105087376277497,2.7235052614717947,0.002235846803321015,0.0
thiruvananthapuram,2026-08-06,0.1,0.8480826020240784,8.52,76.94,Normal,-0.5559554225026342,West-coast orographic,0.1,0.0,0.0,3.427964704106953,2.780017790938926,3.427964704106953,0.0003301671269119704,0.0
varanasi,2026-08-06,12.600000000000001,29.372610092163086,25.32,82.97,Normal,-0.5559554225026342,Inland,12.600000000000001,15.877804694304603,13.888632253500132,3.6401824098383018,3.659564851956525,3.6401824098383018,0.047956599655853624,0.0
vijayawada,2026-08-06,0.2,23.011781692504883,16.51,80.65,Normal,-0.5559554225026342,Inland,0.2,0.0,0.0,2.3597452978497926,1.6121845249735014,2.3597452978497926,0.00023175194360197958,0.0
visakhapatnam,2026-08-06,7.1000000000000005,7.460301399230957,17.69,83.22,Normal,-0.5559554225026342,East coast,7.1000000000000005,7.853758640289308,14.088884912536686,5.3604245408158775,8.225350669913908,5.3604245408158775,0.00736657463108784,0.0
agartala,2026-08-07,1.7000000000000002,8.734001159667969,23.83,91.29,Normal,-1.0771566523800435,Inland,1.7000000000000002,1.1766260594129565,1.0573268890380865,6.866247800212299,9.452405697680119,6.866247800212299,0.0034299635472120503,0.0
ahmedabad,2026-08-07,0.1,0.0,23.02,72.57,Normal,-1.0771566523800435,Inland,0.1,0.0,0.0,1.2478957295998212,0.18394418177325478,1.2478957295998212,0.0005280848436403222,0.0
amritsar,2026-08-07,3.7,0.0,31.63,74.87,Normal,-1.0771566523800435,Inland,3.7,3.3808737933635715,2.72949830532074,1.1850308578420643,0.15567474427135763,1.1850308578420643,0.01599409987737911,0.0
bengaluru,2026-08-07,0.1,0.832222044467926,12.97,77.59,Normal,-1.0771566523800435,Inland,0.1,0.0,0.0,0.9603025508007772,0.0106525472092976,0.9603025508007772,0.00032255750679338765,0.0
bhopal,2026-08-07,3.5,4.716936111450195,23.26,77.41,Normal,-1.0771566523800435,Inland,3.5,3.0792042732238767,2.608508013089498,4.639879897034871,5.302330876560544,4.639879897034871,0.01680227379678876,0.0
bhubaneswar,2026-08-07,4.7,38.530479431152344,20.3,85.82,Normal,-1.0771566523800435,East coast,4.7,4.383019775152207,7.736368518177957,6.306517067377604,9.746904660711719,6.306517067377604,0.007509144182656904,0.0
chandigarh,2026-08-07,4.5,9.854317665100098,30.73,76.78,Normal,-1.0771566523800435,Inland,4.5,4.283235102891922,3.592967779636385,3.2404593815927116,3.1213018199907903,3.2404593815927116,0.011675961722914826,0.0
chennai,2026-08-07,0.2,4.329886436462402,13.08,80.27,Normal,-1.0771566523800435,East coast,0.2,0.0,0.023121177572757008,0.8676332591562348,0.010595475276459468,0.8676332591562348,0.0003193660707231358,0.0
dehradun,2026-08-07,8.7,39.707664489746094,30.32,78.03,Normal,-1.0771566523800435,Hill / Himalayan orographic,8.7,9.564760302622377,5.938985433578491,13.401861119938545,16.879351770212057,13.401861119938545,0.03879873015587654,0.0
delhi,2026-08-07,11.1,12.335992813110352,28.61,77.21,Normal,-1.0771566523800435,Inland,11.1,12.657401071275991,11.57642351400973,10.546158057225865,18.812469803478773,10.546158057225865,0.01617198039463228,0.0
gangtok,2026-08-07,7.3,6.613124847412109,27.33,88.61,Normal,-1.0771566523800435,Hill / Himalayan orographic,7.3,7.771973305940627,4.668375803629559,15.975463144621896,23.83656805494153,15.975463144621896,0.0014469720217268676,0.0
guwahati,2026-08-07,15.9,0.0,26.14,91.74,Normal,-1.0771566523800435,Inland,15.9,20.015176200866705,18.279485883892704,5.360939773781504,6.952785693073284,5.360939773781504,0.0010976763512883117,0.0
hyderabad,2026-08-07,0.0,1.2197048664093018,17.39,78.49,Normal,-1.0771566523800435,Inland,0.0,0.0,0.0,1.4288497225340842,0.3718421980671732,1.4288497225340842,0.0003187344795477236,0.0
jabalpur,2026-08-07,13.0,0.0,23.18,79.95,Normal,-1.0771566523800435,Inland,13.0,16.112274306161062,14.318486557006821,18.290041641392005,35.0495775789206,18.290041641392005,0.07330804932175175,0.0
jaipur,2026-08-07,1.1,16.732521057128906,26.91,75.79,Normal,-1.0771566523800435,Inland,1.1,0.6121786773204811,0.6023182010650635,0.8145358180238357,0.0,0.8145358180238357,0.0010879409512504611,0.0
jodhpur,2026-08-07,0.0,0.0,26.24,73.02,Normal,-1.0771566523800435,Inland,0.0,0.0,0.0,0.09510454466148206,0.0,0.09510454466148206,0.0002645867449107629,0.0
kochi,2026-08-07,11.7,46.98706817626953,9.93,76.27,Normal,-1.0771566523800435,West-coast orographic,11.7,13.669081592559834,18.057948652285027,33.97859285900809,44.795115517195434,33.97859285900809,0.1325454490089919,0.0
kolkata,2026-08-07,26.2,62.79454803466797,22.57,88.36,Normal,-1.0771566523800435,East coast,26.2,35.10428911565419,79.72363349454724,10.061721990197912,21.7523834759623,10.061721990197912,0.023306119828545777,0.0
lucknow,2026-08-07,8.8,5.313032627105713,26.85,80.95,Normal,-1.0771566523800435,Inland,8.8,9.64954502035718,8.566178193092354,7.570967160349484,11.419687828485731,7.570967160349484,0.012476946374051511,0.0
madurai,2026-08-07,0.0,0.0,9.93,78.12,Normal,-1.0771566523800435,Inland,0.0,0.0,0.0,0.522558363122191,0.0,0.522558363122191,0.0005330119486192611,0.0
mangaluru,2026-08-07,19.1,19.013248443603516,12.91,74.86,Normal,-1.0771566523800435,West-coast orographic,19.1,24.451837289828465,25.408650778350403,23.27825218168792,27.511687076668878,23.27825218168792,0.04491643851657375,0.0
mumbai,2026-08-07,2.5,12.704427719116211,19.08,72.88,Normal,-1.0771566523800435,West-coast orographic,2.5,2.0253772437572493,4.6386461153030405,3.002010289350843,1.7373125470092279,3.002010289350843,0.004494993492786141,0.0
nagpur,2026-08-07,6.8,1.8678677082061768,21.15,79.09,Normal,-1.0771566523800435,Inland,6.8,7.221788859367361,5.879899447758985,4.942952484189671,5.8000105498208745,4.942952484189671,0.0025148977996192795,0.0
panaji,2026-08-07,22.9,18.145944595336914,15.49,73.83,Normal,-1.0771566523800435,West-coast orographic,22.9,29.801594219207768,32.42888182993718,13.487843771467825,13.126761711030412,13.487843771467825,0.05699657253144284,0.0
patna,2026-08-07,12.700000000000001,5.28521728515625,25.59,85.14,Normal,-1.0771566523800435,Inland,12.700000000000001,15.573546600341798,13.539656383514409,15.186003657617102,28.394783070861756,15.186003657617102,0.005156520711518073,0.0
pune,2026-08-07,1.6,1.6930946111679077,18.52,73.86,Normal,-1.0771566523800435,Inland,1.6,1.1109044730663304,0.9277528703212743,1.9299574018079901,1.0092264596410456,1.9299574018079901,0.001221220526002929,0.0
raipur,2026-08-07,8.2,7.545095443725586,21.25,81.63,Normal,-1.0771566523800435,Inland,8.2,9.086373901367189,7.771606731414798,9.685496799636306,16.965385881689052,9.685496799636306,0.01731291515869346,0.0
ranchi,2026-08-07,15.1,22.79222869873047,23.34,85.31,Normal,-1.0771566523800435,Inland,15.1,19.244094200716685,17.582910589542028,13.624491818828998,25.393992814450506,13.624491818828998,0.0055536592069333444,0.0
shillong,2026-08-07,4.0,1.419750690460205,25.58,91.89,Normal,-1.0771566523800435,Hill / Himalayan orographic,4.0,3.734266610940298,2.202207154043161,10.677935296079546,11.33432709870663,10.677935296079546,0.0008635017443938685,0.0
shimla,2026-08-07,3.4,19.83441734313965,31.1,77.17,Normal,-1.0771566523800435,Hill / Himalayan orographic,3.4,2.914680480957031,1.7202075432686907,2.0064813365106424,0.9719761523668734,2.0064813365106424,0.0027324773574222104,0.0
srinagar,2026-08-07,4.800000000000001,0.33677971363067627,34.08,74.8,Normal,-1.0771566523800435,Hill / Himalayan orographic,4.800000000000001,4.432912111282351,2.696124218557483,1.919895671183222,0.8893638640438802,1.919895671183222,0.0063720035755314665,0.0
surat,2026-08-07,1.6,0.0,21.17,72.83,Normal,-1.0771566523800435,West-coast orographic,1.6,1.1109044730663304,2.53991418838501,3.2987451424345178,2.507108512995859,3.2987451424345178,0.008822881864198304,0.0
thiruvananthapuram,2026-08-07,0.0,8.48222541809082,8.52,76.94,Normal,-1.0771566523800435,West-coast orographic,0.0,0.0,0.0,1.687329031841897,0.6314966429737294,1.687329031841897,0.0010337540400631748,0.0
varanasi,2026-08-07,5.5,1.630948781967163,25.32,82.97,Normal,-1.0771566523800435,Inland,5.5,5.466184600194296,4.7957808399200434,9.87577714821773,17.447883824719597,9.87577714821773,0.03673733122306977,0.0
vijayawada,2026-08-07,0.0,19.731534957885742,16.51,80.65,Normal,-1.0771566523800435,Inland,0.0,0.0,0.0,1.4133842456541557,0.3488877500006029,1.4133842456541557,0.0003072677292417708,0.0
visakhapatnam,2026-08-07,4.2,37.95341491699219,17.69,83.22,Normal,-1.0771566523800435,East coast,4.2,3.972707692782085,7.22066505101489,3.4776223068484104,1.7373493324818128,3.4776223068484104,0.015843552533924388,0.0
agartala,2026-08-08,3.0,1.6884865760803223,23.83,91.29,Normal,-0.3460717477028588,Inland,3.0,2.6034666180610655,2.2486215209960947,9.940069208057274,17.578752771349343,9.940069208057274,0.002090158046744895,0.0
ahmedabad,2026-08-08,0.0,0.0,23.02,72.57,Normal,-0.3460717477028588,Inland,0.0,0.0,0.0,0.7041948333516851,0.0,0.7041948333516851,0.0003285470958055089,0.0
amritsar,2026-08-08,1.1,16.402421951293945,31.63,74.87,Normal,-0.3460717477028588,Inland,1.1,0.6121786773204811,0.6023182010650635,0.7001798377378756,0.0,0.7001798377378756,0.0012634806243339044,0.0
bengaluru,2026-08-08,1.5,3.4221057891845703,12.97,77.59,Normal,-0.3460717477028588,Inland,1.5,1.033837378025055,0.8760038298368455,1.6816966222296759,0.6800670978199282,1.6816966222296759,0.000706454578602514,0.0
bhopal,2026-08-08,30.1,7.969186305999756,23.26,77.41,Normal,-0.3460717477028588,Inland,30.1,38.89719091551134,35.441090763910395,10.383935365690483,18.48225931071089,10.383935365690483,0.017001396921611574,0.0
bhubaneswar,2026-08-08,5.5,26.121591567993164,20.3,85.82,Normal,-0.3460717477028588,East coast,5.5,5.466184600194296,9.653093885896814,5.941645725696255,9.628415463681844,5.941645725696255,0.007381463904553398,0.0
chandigarh,2026-08-08,8.0,23.445274353027344,30.73,76.78,Normal,-0.3460717477028588,Inland,8.0,8.71254222393036,7.528849862416589,5.317722330783938,6.862572082185518,5.317722330783938,0.03832879796457512,0.0
chennai,2026-08-08,3.1,0.0,13.08,80.27,Normal,-0.3460717477028588,East coast,3.1,2.6561195850372314,4.380241041598111,1.89998862313641,0.39037468611553067,1.89998862313641,0.004133251779137404,0.0
dehradun,2026-08-08,6.0,0.03967833146452904,30.32,78.03,Normal,-0.3460717477028588,Hill / Himalayan orographic,6.0,6.16157223582268,3.8108156967163085,9.191820970350761,9.210615238090497,9.191820970350761,0.012127895419157783,0.0
delhi,2026-08-08,5.7,88.9138412475586,28.61,77.21,Normal,-0.3460717477028588,Inland,5.7,5.74158918062846,5.026593847274779,2.5543230860003767,2.0243053914426885,2.5543230860003767,0.0026097073241386952,0.0
gangtok,2026-08-08,4.0,16.966636657714844,27.33,88.61,Normal,-0.3460717477028588,Hill / Himalayan orographic,4.0,3.734266610940298,2.202207154043161,16.8912675815085,26.00754707115032,16.8912675815085,0.001264564552457069,0.0
guwahati,2026-08-08,4.9,4.473991870880127,26.14,91.74,Normal,-0.3460717477028588,Inland,4.9,4.635599537593546,4.018651600830427,6.2503507605337685,8.075789317725459,6.2503507605337685,0.0005337185990183233,0.0
hyderabad,2026-08-08,1.5,15.429394721984863,17.39,78.49,Normal,-0.3460717477028588,Inland,1.5,1.033837378025055,0.8760038298368455,2.1450048244121143,1.4273360000410302,2.1450048244121143,0.0005640857470959618,0.0
jabalpur,2026-08-08,30.9,10.573562622070312,23.18,79.95,Normal,-0.3460717477028588,Inland,30.9,39.513158321975915,35.88536071719898,30.13671371162435,67.02874422138314,30.13671371162435,0.09246470839856877,0.0
jaipur,2026-08-08,16.6,16.959524154663086,26.91,75.79,Normal,-0.3460717477028588,Inland,16.6,20.793198680877683,18.88898926644955,3.180416401161472,3.0351323949302906,3.180416401161472,0.004397591402546789,0.0
jodhpur,2026-08-08,0.5,0.0,26.24,73.02,Normal,-0.3460717477028588,Inland,0.5,0.09984075278043757,0.15256766974925995,0.7137767032241389,0.0,0.7137767032241389,0.0012248514018292874,0.0
kochi,2026-08-08,17.6,3.6946113109588623,9.93,76.27,Normal,-0.3460717477028588,West-coast orographic,17.6,22.38074581312097,24.487398531076543,16.98915742597266,20.047921806390374,16.98915742597266,0.004260776480754134,0.0
kolkata,2026-08-08,5.3,5.3773512840271,22.57,88.36,Normal,-0.3460717477028588,East coast,5.3,5.186894035339356,9.475440957310886,4.869551313023211,5.2731667828786515,4.869551313023211,0.008738990282334312,0.0
lucknow,2026-08-08,2.2,0.40375271439552307,26.85,80.95,Normal,-0.3460717477028588,Inland,2.2,1.7355465292930623,1.5602287694519754,2.5262262515691023,1.9999693219873436,2.5262262515691023,0.000596304867809237,0.0
madurai,2026-08-08,0.0,0.0,9.93,78.12,Normal,-0.3460717477028588,Inland,0.0,0.0,0.0,0.27889942028089254,0.0,0.27889942028089254,0.00037501062299669167,0.0
mangaluru,2026-08-08,41.6,4.1346211433410645,12.91,74.86,Normal,-0.3460717477028588,West-coast orographic,41.6,60.504972407176815,69.1951544181701,18.30908859563417,21.15264175362727,18.30908859563417,0.005469342679580305,0.0
mumbai,2026-08-08,2.1,3.3896636962890625,19.08,72.88,Normal,-0.3460717477028588,West-coast orographic,2.1,1.669860965013506,3.4696581709618646,2.6681322675654964,1.3540276544282683,2.6681322675654964,0.00176652112593032,0.0
nagpur,2026-08-08,6.8,6.367768287658691,21.15,79.09,Normal,-0.3460717477028588,Inland,6.8,7.221788859367361,5.879899447758985,3.9261239516023383,4.038621182697745,3.9261239516023383,0.0024649874414200976,0.0
panaji,2026-08-08,17.9,2.271005630493164,15.49,73.83,Normal,-0.3460717477028588,West-coast orographic,17.9,22.918221067345662,24.728755521077403,8.226456745783324,8.409407515793387,8.226456745783324,0.003885728953469658,0.0
patna,2026-08-08,3.9000000000000004,6.889183044433594,25.59,85.14,Normal,-0.3460717477028588,Inland,3.9000000000000004,3.6261430660883596,3.0634039878845254,3.635226244605326,3.5965982943337664,3.635226244605326,0.001065413690460023,0.0
pune,2026-08-08,0.4,0.8777425289154053,18.52,73.86,Normal,-0.3460717477028588,Inland,0.4,0.05108746886253348,0.09109254062175752,1.560223641149589,0.5211253777015654,1.560223641149589,0.0022942356544996276,0.0
raipur,2026-08-08,8.3,8.78198528289795,21.25,81.63,Normal,-0.3460717477028588,Inland,8.3,9.183128468020932,7.8851908683776895,6.862905253518167,9.446020678798074,6.862905253518167,0.030871946652793508,0.0
ranchi,2026-08-08,5.7,5.672752380371094,23.34,85.31,Normal,-0.3460717477028588,Inland,5.7,5.74158918062846,5.026593847274779,6.1992220638143785,8.029732452868469,6.1992220638143785,0.0024772928878268015,0.0
shillong,2026-08-08,10.5,1.8356934785842896,25.58,91.89,Normal,-0.3460717477028588,Hill / Himalayan orographic,10.5,11.739315032958984,8.462500796598546,6.990299580237914,5.664595267768594,6.990299580237914,0.0010838586111945453,0.0
shimla,2026-08-08,3.4,3.618272304534912,31.1,77.17,Normal,-0.3460717477028588,Hill / Himalayan orographic,3.4,2.914680480957031,1.7202075432686907,3.13322951076723,1.6662984405050218,3.13322951076723,0.0009848541310756066,0.0
srinagar,2026-08-08,6.7,0.0,34.08,74.8,Normal,-0.3460717477028588,Hill / Himalayan orographic,6.7,7.075519657134997,4.304969506263734,1.520940532254613,0.6025162292643153,1.520940532254613,0.0022472270048002176,0.0
surat,2026-08-08,2.1,0.0,21.17,72.83,Normal,-0.3460717477028588,West-coast orographic,2.1,1.669860965013506,3.4696581709618646,2.21804266755571,1.074960108599157,2.21804266755571,0.003106545602990567,0.0
thiruvananthapuram,2026-08-08,0.2,3.899397850036621,8.52,76.94,Normal,-0.3460717477028588,West-coast orographic,0.2,0.0,0.0,1.5921395379658334,0.5730846086043467,1.5921395379658334,0.0005180314433796864,0.0
varanasi,2026-08-08,11.6,2.6051552295684814,25.32,82.97,Normal,-0.3460717477028588,Inland,11.6,13.500468172345862,12.02040244979088,10.539303028475357,18.798516130289045,10.539303028475357,0.06877731596927726,0.0
vijayawada,2026-08-08,1.1,0.2928495705127716,16.51,80.65,Normal,-0.3460717477028588,Inland,1.1,0.6121786773204811,0.6023182010650635,1.895149942130462,0.922862219907238,1.895149942130462,0.0015009140892474945,0.0
visakhapatnam,2026-08-08,3.2,0.3425869047641754,17.69,83.22,Normal,-0.3460717477028588,East coast,3.2,2.7423065503438315,4.599625566731327,3.9223002721722042,2.441973777113845,3.9223002721722042,0.007061078146981977,0.0
agartala,2026-08-09,2.2,6.584148406982422,23.83,91.29,Normal,-0.4567345787659994,Inland,2.2,1.7355465292930623,1.5602287694519754,6.550700470099218,8.849639051371812,6.550700470099218,0.0010759294801135908,0.0
ahmedabad,2026-08-09,1.1,0.0,23.02,72.57,Normal,-0.4567345787659994,Inland,1.1,0.6121786773204811,0.6023182010650635,1.715998205363065,0.7075417286077121,1.715998205363065,0.0019794352878373406,0.0
amritsar,2026-08-09,3.4,1.9651329517364502,31.63,74.87,Normal,-0.4567345787659994,Inland,3.4,2.914680480957031,2.548012866973877,1.640116701865213,0.6199900601776873,1.640116701865213,0.0042774198110723475,0.0
bengaluru,2026-08-09,0.2,6.300722122192383,12.97,77.59,Normal,-0.4567345787659994,Inland,0.2,0.0,0.0,0.6717060312115485,0.0,0.6717060312115485,0.0002437094115052701,0.0
bhopal,2026-08-09,11.0,23.902023315429688,23.26,77.41,Normal,-0.4567345787659994,Inland,11.0,12.488787651062019,11.487627726853498,12.895774272682083,23.7922038182761,12.895774272682083,0.12559000262525147,0.0
bhubaneswar,2026-08-09,9.8,0.5887473225593567,20.3,85.82,Normal,-0.4567345787659994,East coast,9.8,10.760749812717865,18.334580359339316,4.610394197361814,4.380217213703251,4.610394197361814,0.027802073510519134,0.0
chandigarh,2026-08-09,13.700000000000001,0.08233148604631424,30.73,76.78,Normal,-0.4567345787659994,Inland,13.700000000000001,17.432451842487726,15.496414074397594,7.920116677371032,12.13230791726283,7.920116677371032,0.01577499511498032,0.0
chennai,2026-08-09,0.0,6.126308441162109,13.08,80.27,Normal,-0.4567345787659994,East coast,0.0,0.0,0.0,0.2257849399158895,0.0,0.2257849399158895,0.00025660432320060106,0.0
dehradun,2026-08-09,21.8,1.4429492950439453,30.32,78.03,Normal,-0.4567345787659994,Hill / Himalayan orographic,21.8,27.907192878723148,26.551587471500522,14.739362315802598,20.833594669365716,14.739362315802598,0.018642232276495873,0.0
delhi,2026-08-09,0.8,3.1452903747558594,28.61,77.21,Normal,-0.4567345787659994,Inland,0.8,0.3594647228717805,0.3873508667945848,1.11711316574681,0.11588806817864317,1.11711316574681,0.0005994828060329635,0.0
gangtok,2026-08-09,9.700000000000001,27.19021224975586,27.33,88.61,Normal,-0.4567345787659994,Hill / Himalayan orographic,9.700000000000001,10.63207215914762,7.47417950539073,14.730178104762361,20.810756083437013,14.730178104762361,0.004305695845142343,0.0
guwahati,2026-08-09,64.2,37.738582611083984,26.14,91.74,Normal,-0.4567345787659994,Inland,64.2,93.6237900864907,106.24747385842292,10.152669513278301,18.0115088234478,10.152669513278301,0.0010644589577128406,0.0
hyderabad,2026-08-09,0.2,5.13616943359375,17.39,78.49,Normal,-0.4567345787659994,Inland,0.2,0.0,0.0,1.4242271405519051,0.3649811863526814,1.4242271405519051,0.00023760320325124062,0.0
jabalpur,2026-08-09,0.0,15.694038391113281,23.18,79.95,Normal,-0.4567345787659994,Inland,0.0,0.0,0.0,1.5350262421803396,0.48765200786387974,1.5350262421803396,0.00031357679283408244,0.0
jaipur,2026-08-09,18.400000000000002,2.0111196041107178,26.91,75.79,Normal,-0.4567345787659994,Inland,18.400000000000002,23.568028239777295,22.196234616731346,5.081679096741788,6.242770201918423,5.081679096741788,0.008742237262165598,0.0
jodhpur,2026-08-09,9.4,0.0,26.24,73.02,Normal,-0.4567345787659994,Inland,9.4,10.246039198436884,9.162551188998755,2.2464785063568873,1.6077942323079024,2.2464785063568873,0.007774045009465008,0.0
kochi,2026-08-09,2.4,5.530582904815674,9.93,76.27,Normal,-0.4567345787659994,West-coast orographic,2.4,1.9337609529495239,4.463788187980652,15.812883307214742,18.41676185205824,15.812883307214742,0.004330723197294221,0.0
kolkata,2026-08-09,1.7,0.0,22.57,88.36,Normal,-0.4567345787659994,East coast,1.7,1.1766260594129565,1.2424838864803311,5.495214219161645,9.444233148345793,5.495214219161645,0.005502748609729347,0.0
lucknow,2026-08-09,7.0,0.0,26.85,80.95,Normal,-0.4567345787659994,Inland,7.0,7.51432726383209,6.412598237991333,7.430157430475278,10.934959959763361,7.430157430475278,0.003980146978721193,0.0
madurai,2026-08-09,0.0,1.550919532775879,9.93,78.12,Normal,-0.4567345787659994,Inland,0.0,0.0,0.0,0.28194477098793175,0.0,0.28194477098793175,0.0004027396999878095,0.0
mangaluru,2026-08-09,31.8,5.090218544006348,12.91,74.86,Normal,-0.4567345787659994,West-coast orographic,31.8,40.43094366304725,45.89826720498393,33.358775157374474,43.82796627011423,33.358775157374474,0.03878509609043921,0.0
mumbai,2026-08-09,3.1,5.309131622314453,19.08,72.88,Normal,-0.4567345787659994,West-coast orographic,3.1,2.6561195850372314,5.444906211690698,5.34862572327294,4.973297903561789,5.34862572327294,0.009013085225725134,0.0
nagpur,2026-08-09,0.2,0.2295629382133484,21.15,79.09,Normal,-0.4567345787659994,Inland,0.2,0.0,0.0,1.396676674435392,0.3240897383494155,1.396676674435392,0.0002795689353670508,0.0
panaji,2026-08-09,16.7,18.587724685668945,15.49,73.83,Normal,-0.4567345787659994,West-coast orographic,16.7,20.90434474945068,23.167860180343702,9.967498663405188,9.990201701736254,9.967498663405188,0.0029234835243495435,0.0
patna,2026-08-09,11.700000000000001,8.602081298828125,25.59,85.14,Normal,-0.4567345787659994,Inland,11.700000000000001,13.669081592559838,12.111187065993208,10.12482717099768,17.954834670915382,10.12482717099768,0.005057383089449325,0.0
pune,2026-08-09,0.5,0.06643358618021011,18.52,73.86,Normal,-0.4567345787659994,Inland,0.5,0.09984075278043757,0.15256766974925995,1.709404490644823,0.7029369394086172,1.709404490644823,0.0026400204431635006,0.0
raipur,2026-08-09,0.8,31.65035057067871,21.25,81.63,Normal,-0.4567345787659994,Inland,0.8,0.3594647228717805,0.3873508667945848,2.9664762616684843,2.5527712135058738,2.9664762616684843,0.0019598674860701213,0.0
ranchi,2026-08-09,11.6,9.208728790283203,23.34,85.31,Normal,-0.4567345787659994,Inland,11.6,13.500468172345862,12.02040244979088,17.09244493641529,32.534421561842855,17.09244493641529,0.03485781286933647,0.0
shillong,2026-08-09,13.8,13.089370727539062,25.58,91.89,Normal,-0.4567345787659994,Hill / Himalayan orographic,13.8,17.650586542875875,15.733641593599582,6.352607989111097,4.672196921774352,6.352607989111097,0.0011639225225824892,0.0
shimla,2026-08-09,11.700000000000001,0.0,31.1,77.17,Normal,-0.4567345787659994,Hill / Himalayan orographic,11.700000000000001,13.669081592559838,9.864084609349568,13.83955637054791,18.352064966534062,13.83955637054791,0.012671931747800345,0.0
srinagar,2026-08-09,3.1,4.8343095779418945,34.08,74.8,Normal,-0.4567345787659994,Hill / Himalayan orographic,3.1,2.6561195850372314,1.624959757008891,1.0076362669136496,0.0961295906659506,1.0076362669136496,0.001133751314490747,0.0
surat,2026-08-09,1.8,0.0,21.17,72.83,Normal,-0.4567345787659994,West-coast orographic,1.8,1.2423476457595826,2.962589745521546,2.150186949564996,1.0322454753382229,2.150186949564996,0.005912408118633315,0.0
thiruvananthapuram,2026-08-09,0.30000000000000004,5.842487335205078,8.52,76.94,Normal,-0.4567345787659994,West-coast orographic,0.30000000000000004,0.02319483505561953,0.0,2.2205943913717037,1.0758217074821523,2.2205943913717037,0.000556329896159671,0.0
varanasi,2026-08-09,3.5,0.0,25.32,82.97,Normal,-0.4567345787659994,Inland,3.5,3.0792042732238767,2.608508013089498,4.084476030457274,4.2587185261480975,4.084476030457274,0.009561515636210147,0.0
vijayawada,2026-08-09,0.0,2.7604706287384033,16.51,80.65,Normal,-0.4567345787659994,Inland,0.0,0.0,0.0,0.9362672864163925,0.0056430712033340436,0.9362672864163925,0.0002733802184133898,0.0
visakhapatnam,2026-08-09,0.1,2.045750141143799,17.69,83.22,Normal,-0.4567345787659994,East coast,0.1,0.0,0.00607439000159502,0.6819248924389647,0.0,0.6819248924389647,0.0003208388857446257,0.0
agartala,2026-08-10,2.6,13.345795631408691,23.83,91.29,Normal,0.032939000347319634,Inland,2.6,2.1169935345649744,1.9845649814605713,5.43086312260163,7.074237753400968,5.43086312260163,0.0015861751757240638,0.0
ahmedabad,2026-08-10,0.7000000000000001,0.0,23.02,72.57,Normal,0.032939000347319634,Inland,0.7000000000000001,0.21698844730854053,0.30703850984573366,1.9990265066059125,1.1703633303721717,1.9990265066059125,0.001781074597603022,0.0
amritsar,2026-08-10,3.2,0.0,31.63,74.87,Normal,0.032939000347319634,Inland,3.2,2.7423065503438315,2.361488806406658,1.0475045702248091,0.06513379185478743,1.0475045702248091,0.0024209855489857545,0.0
bengaluru,2026-08-10,0.9,6.590522289276123,12.97,77.59,Normal,0.032939000347319634,Inland,0.9,0.43352297544479346,0.4366514861583709,1.6180604260316862,0.5905279772223063,1.6180604260316862,0.0013256471923791969,0.0
bhopal,2026-08-10,5.2,127.75780487060547,23.26,77.41,Normal,0.032939000347319634,Inland,5.2,5.072157526824427,4.355663032531736,4.766035503403068,5.615196013689964,4.766035503403068,0.007243920500552583,0.0
bhubaneswar,2026-08-10,3.5,4.615006923675537,20.3,85.82,Normal,0.032939000347319634,East coast,3.5,3.0792042732238767,5.044775994618733,10.3005574002122,22.28350384038899,10.3005574002122,0.044892097821171,0.0
chandigarh,2026-08-10,3.0,1.174841046333313,30.73,76.78,Normal,0.032939000347319634,Inland,3.0,2.6034666180610655,2.2486215209960947,2.021316066505677,1.2041770097031208,2.021316066505677,0.0019593982005965877,0.0
chennai,2026-08-10,0.0,3.159008502960205,13.08,80.27,Normal,0.032939000347319634,East coast,0.0,0.0,0.0,0.2702279649295363,0.0,0.2702279649295363,0.000283402923587315,0.0
dehradun,2026-08-10,14.6,35.03795623779297,30.32,78.03,Normal,0.032939000347319634,Hill / Himalayan orographic,14.6,18.835972043394147,17.866329572613537,7.136650905129082,5.93799383024616,7.136650905129082,0.013029978590438722,0.0
delhi,2026-08-10,0.0,0.6937794089317322,28.61,77.21,Normal,0.032939000347319634,Inland,0.0,0.0,0.0,0.6858495120568263,0.0,0.6858495120568263,0.00018579424400900634,0.0
gangtok,2026-08-10,25.3,26.000228881835938,27.33,88.61,Normal,0.032939000347319634,Hill / Himalayan orographic,25.3,33.8726480379209,34.83071336047483,12.442933627116961,14.742903561309394,12.442933627116961,0.01374856656463993,0.0
guwahati,2026-08-10,19.2,0.021624187007546425,26.14,91.74,Normal,0.032939000347319634,Inland,19.2,24.578095725550057,23.87934553045976,3.7032149080737606,3.6870953002020324,3.7032149080737606,0.0026273408934944713,0.0
hyderabad,2026-08-10,0.0,0.0,17.39,78.49,Normal,0.032939000347319634,Inland,0.0,0.0,0.0,1.1300371854223492,0.1230105808154441,1.1300371854223492,0.0002311683441149753,0.0
jabalpur,2026-08-10,2.2,37.39672088623047,23.18,79.95,Normal,0.032939000347319634,Inland,2.2,1.7355465292930623,1.5602287694519754,3.815104458625861,3.8459254391312023,3.815104458625861,0.0028669471822691823,0.0
jaipur,2026-08-10,11.1,2.7426137924194336,26.91,75.79,Normal,0.032939000347319634,Inland,11.1,12.657401071275991,11.57642351400973,2.985253437009004,2.5792360274800403,2.985253437009004,0.0066772089866511215,0.0
jodhpur,2026-08-10,0.7000000000000001,3.2614283561706543,26.24,73.02,Normal,0.032939000347319634,Inland,0.7000000000000001,0.21698844730854053,0.30703850984573366,0.5836346755304114,0.0,0.5836346755304114,0.00039924835480458046,0.0
kochi,2026-08-10,0.2,8.190994262695312,9.93,76.27,Normal,0.032939000347319634,West-coast orographic,0.2,0.0,0.0,6.354530538861987,5.94224334372356,6.354530538861987,0.0006707075780315755,0.0
kolkata,2026-08-10,0.2,30.70726776123047,22.57,88.36,Normal,0.032939000347319634,East coast,0.2,0.0,0.023121177572757008,1.2948894016284678,0.07235580145753102,1.2948894016284678,0.0004877470676487223,0.0
lucknow,2026-08-10,5.5,1.5336291790008545,26.85,80.95,Normal,0.032939000347319634,Inland,5.5,5.466184600194296,4.7957808399200434,6.424276294473986,8.535738577313051,6.424276294473986,0.00346687639172559,0.0
madurai,2026-08-10,0.0,5.896009922027588,9.93,78.12,Normal,0.032939000347319634,Inland,0.0,0.0,0.0,0.2878844970744199,0.0,0.2878844970744199,0.00039183430507449575,0.0
mangaluru,2026-08-10,3.9000000000000004,28.6671199798584,12.91,74.86,Normal,0.032939000347319634,West-coast orographic,3.9000000000000004,3.6261430660883596,6.542139305853927,17.742604568996974,20.81914786980564,17.742604568996974,0.016942351166428875,0.0
mumbai,2026-08-10,6.6,5.131096839904785,19.08,72.88,Normal,0.032939000347319634,West-coast orographic,6.6,6.958381146192542,10.325883506248738,9.54544329387723,9.762821894673674,9.54544329387723,0.038602704563143596,0.0
nagpur,2026-08-10,2.0,5.236384868621826,21.15,79.09,Normal,0.032939000347319634,Inland,2.0,1.6041754007339497,1.3196335458755493,2.249398448780961,1.6105219166751477,2.249398448780961,0.001274428606227082,0.0
panaji,2026-08-10,3.2,8.49305534362793,15.49,73.83,Normal,0.032939000347319634,West-coast orographic,3.2,2.7423065503438315,5.6087885450739305,5.006119267434362,4.8272058575979315,5.006119267434362,0.004494433751192277,0.0
patna,2026-08-10,3.5,0.0,25.59,85.14,Normal,0.032939000347319634,Inland,3.5,3.0792042732238767,2.608508013089498,4.461839755248662,4.879261970078134,4.461839755248662,0.0013414792737909142,0.0
pune,2026-08-10,0.6000000000000001,0.08409744501113892,18.52,73.86,Normal,0.032939000347319634,Inland,0.6000000000000001,0.16599489748477936,0.18134064525365828,1.4594905503111513,0.40462803826666127,1.4594905503111513,0.0020673640328533623,0.0
raipur,2026-08-10,0.6000000000000001,0.25024083256721497,21.25,81.63,Normal,0.032939000347319634,Inland,0.6000000000000001,0.16599489748477936,0.18134064525365828,3.2833959113850546,3.16924464878052,3.2833959113850546,0.0034320592897002554,0.0
ranchi,2026-08-10,4.6,5.427093982696533,23.34,85.31,Normal,0.032939000347319634,Inland,4.6,4.333127439022064,3.6982167398929606,5.516438053187627,7.222875537595259,5.516438053187627,0.004789899504799813,0.0
shillong,2026-08-10,8.700000000000001,11.406596183776855,25.58,91.89,Normal,0.032939000347319634,Hill / Himalayan orographic,8.700000000000001,9.564760302622377,5.938985433578492,7.120413427380791,5.89222100091418,7.120413427380791,0.001202297746061204,0.0
shimla,2026-08-10,7.1,35.91802978515625,31.1,77.17,Normal,0.032939000347319634,Hill / Himalayan orographic,7.1,7.600209277868269,4.5984226226806655,5.077498675222666,3.709124093288707,5.077498675222666,0.005076268682947933,0.0
srinagar,2026-08-10,0.0,0.0,34.08,74.8,Normal,0.032939000347319634,Hill / Himalayan orographic,0.0,0.0,0.0,0.04807364193137716,0.0,0.04807364193137716,0.00013423068642457465,0.0
surat,2026-08-10,2.0,0.0,21.17,72.83,Normal,0.032939000347319634,West-coast orographic,2.0,1.6041754007339497,3.318098280476589,2.0592665718091556,0.9065071128411725,2.0592665718091556,0.0025847240119874636,0.0
thiruvananthapuram,2026-08-10,0.0,0.4874708652496338,8.52,76.94,Normal,0.032939000347319634,West-coast orographic,0.0,0.0,0.0,0.5749882111861541,0.0,0.5749882111861541,0.0005705542446442411,0.0
varanasi,2026-08-10,5.6000000000000005,0.05331912636756897,25.32,82.97,Normal,0.032939000347319634,Inland,5.6000000000000005,5.605829882621767,4.911187343597412,4.370942556337093,4.6881315351083845,4.370942556337093,0.007761898866034404,0.0
vijayawada,2026-08-10,0.0,0.24733172357082367,16.51,80.65,Normal,0.032939000347319634,Inland,0.0,0.0,0.0,0.9678545210916045,0.01693456493562716,0.9678545210916045,0.00029291430103875373,0.0
visakhapatnam,2026-08-10,0.0,15.827441215515137,17.69,83.22,Normal,0.032939000347319634,East coast,0.0,0.0,0.0,0.36662511323220975,0.0,0.36662511323220975,0.0003387197319296053,0.0
agartala,2026-08-11,1.6,17.623720169067383,23.83,91.29,Normal,-0.0842722961885882,Inland,1.6,1.1109044730663304,0.9277528703212743,6.63151570890515,9.004014404344058,6.63151570890515,0.0014620499897985788,0.0
ahmedabad,2026-08-11,0.2,11.125557899475098,23.02,72.57,Normal,-0.0842722961885882,Inland,0.2,0.0,0.0,1.1976573925124299,0.16112145871284067,1.1976573925124299,0.0002812451312665571,0.0
amritsar,2026-08-11,0.1,41.16079330444336,31.63,74.87,Normal,-0.0842722961885882,Inland,0.1,0.0,0.0,0.3059517940000984,0.0,0.3059517940000984,0.0003121259249126494,0.0
bengaluru,2026-08-11,2.2,7.384006977081299,12.97,77.59,Normal,-0.0842722961885882,Inland,2.2,1.7355465292930623,1.5602287694519754,1.728899909615329,0.7165517678540844,1.728899909615329,0.0014106118979237187,0.0
bhopal,2026-08-11,12.0,11.007206916809082,23.26,77.41,Normal,-0.0842722961885882,Inland,12.0,14.256267242431651,12.452155516690553,6.783980882824754,9.29525731085003,6.783980882824754,0.05847472776182515,0.0
bhubaneswar,2026-08-11,8.8,15.74067211151123,20.3,85.82,Normal,-0.0842722961885882,East coast,8.8,9.64954502035718,16.10371888024466,11.704229317190165,26.721427813329743,11.704229317190165,0.13623547034932426,0.0
chandigarh,2026-08-11,9.4,0.0,30.73,76.78,Normal,-0.0842722961885882,Inland,9.4,10.246039198436884,9.162551188998755,3.9497522091052,4.0796325810263285,3.9497522091052,0.018491857400276843,0.0
chennai,2026-08-11,0.0,5.069178104400635,13.08,80.27,Normal,-0.0842722961885882,East coast,0.0,0.0,0.0,0.2713321644214732,0.0,0.2713321644214732,0.000283402923587315,0.0
dehradun,2026-08-11,15.6,4.674481391906738,30.32,78.03,Normal,-0.0842722961885882,Hill / Himalayan orographic,15.6,19.681737995147714,19.514235743861033,7.42191002542143,6.389905975804725,7.42191002542143,0.013029978590438722,0.0
delhi,2026-08-11,6.2,5.4590606689453125,28.61,77.21,Normal,-0.0842722961885882,Inland,6.2,6.458501154184345,5.491731674194336,2.552980906714393,2.0231428630302752,2.552980906714393,0.0027468940298758402,0.0
gangtok,2026-08-11,9.5,0.6311799883842468,27.33,88.61,Normal,-0.0842722961885882,Hill / Himalayan orographic,9.5,10.37471685200713,7.183604289619788,14.103790582491339,19.135936234583884,14.103790582491339,0.00601174721757536,0.0
guwahati,2026-08-11,1.2000000000000002,0.0,26.14,91.74,Normal,-0.0842722961885882,Inland,1.2000000000000002,0.6931006610393529,0.6868796610832218,4.858536664143517,5.711826416480059,4.858536664143517,0.0003030325699601254,0.0
hyderabad,2026-08-11,0.0,0.1629127413034439,17.39,78.49,Normal,-0.0842722961885882,Inland,0.0,0.0,0.0,1.1300371854223492,0.1230105808154441,1.1300371854223492,0.0002311683441149753,0.0
jabalpur,2026-08-11,1.3,4.482188701629639,23.18,79.95,Normal,-0.0842722961885882,Inland,1.3,0.779962968826294,0.7537857723236095,4.09915728762258,4.2780842673856085,4.09915728762258,0.002551197575289409,0.0
jaipur,2026-08-11,4.7,6.694965839385986,26.91,75.79,Normal,-0.0842722961885882,Inland,4.7,4.383019775152207,3.8034657001495376,1.4536651057805394,0.39964350909846447,1.4536651057805394,0.0016833486764753637,0.0
jodhpur,2026-08-11,1.3,0.427619993686676,26.24,73.02,Normal,-0.0842722961885882,Inland,1.3,0.779962968826294,0.7537857723236095,0.997700437094952,0.04182781200470754,0.997700437094952,0.00030902398682873696,0.0
kochi,2026-08-11,0.2,0.24106146395206451,9.93,76.27,Normal,-0.0842722961885882,West-coast orographic,0.2,0.0,0.0,6.208027837948384,5.666677239441957,6.208027837948384,0.0006192227219461553,0.0
kolkata,2026-08-11,0.5,0.9246187806129456,22.57,88.36,Normal,-0.0842722961885882,East coast,0.5,0.09984075278043757,0.09824643045663842,1.9207925102638945,0.3978423834177862,1.9207925102638945,0.0133204539930391,0.0
lucknow,2026-08-11,5.6,0.5281980037689209,26.85,80.95,Normal,-0.0842722961885882,Inland,5.6,5.605829882621766,4.911187343597411,6.673755901418976,9.084702709239085,6.673755901418976,0.00346687639172559,0.0
madurai,2026-08-11,2.6,4.893215179443359,9.93,78.12,Normal,-0.0842722961885882,Inland,2.6,2.1169935345649744,1.9845649814605713,3.4387098206746205,3.342667796802631,3.4387098206746205,0.0019174752416488495,0.0
mangaluru,2026-08-11,1.6,12.496877670288086,12.91,74.86,Normal,-0.0842722961885882,West-coast orographic,1.6,1.1109044730663304,2.53991418838501,15.32031836377784,17.09872025897627,15.32031836377784,0.003298349467827397,0.0
mumbai,2026-08-11,2.5,19.37565803527832,19.08,72.88,Normal,-0.0842722961885882,West-coast orographic,2.5,2.0253772437572493,4.6386461153030405,2.459010869431841,1.1563239036433468,2.459010869431841,0.003375769310038555,0.0
nagpur,2026-08-11,6.1,3.383594512939453,21.15,79.09,Normal,-0.0842722961885882,Inland,6.1,6.310036695003512,5.404298843383788,3.899785825203009,3.992906284218217,3.899785825203009,0.004525036841374842,0.0
panaji,2026-08-11,4.2,11.012643814086914,15.49,73.83,Normal,-0.0842722961885882,West-coast orographic,4.2,3.972707692782085,7.213254386772543,6.977734941145134,7.508525759775859,6.977734941145134,0.0065849657085613345,0.0
patna,2026-08-11,8.3,0.4603773057460785,25.59,85.14,Normal,-0.0842722961885882,Inland,8.3,9.183128468020932,7.8851908683776895,3.848756216954866,3.904334556482361,3.848756216954866,0.0033041303780231047,0.0
pune,2026-08-11,0.5,2.0212435722351074,18.52,73.86,Normal,-0.0842722961885882,Inland,0.5,0.09984075278043757,0.15256766974925995,1.7547172063475034,0.7345815453349397,1.7547172063475034,0.0043344978874045705,0.0
raipur,2026-08-11,2.3000000000000003,4.205831050872803,21.25,81.63,Normal,-0.0842722961885882,Inland,2.3000000000000003,1.8346537411212933,1.6757789134979242,4.066120314279221,4.2345058823853154,4.066120314279221,0.0031938211546346353,0.0
ranchi,2026-08-11,23.9,3.1081347465515137,23.34,85.31,Normal,-0.0842722961885882,Inland,23.9,31.575814082787442,29.703957337174607,7.015495314274315,9.746589187366325,7.015495314274315,0.011905652935907639,0.0
shillong,2026-08-11,11.3,0.004676908254623413,25.58,91.89,Normal,-0.0842722961885882,Hill / Himalayan orographic,11.3,12.994627911703942,9.569652477900188,9.281765663959275,9.242396969947103,9.281765663959275,0.001793873325684204,0.0
shimla,2026-08-11,9.4,27.855451583862305,31.1,77.17,Normal,-0.0842722961885882,Hill / Himalayan orographic,9.4,10.246039198436884,7.032584834617119,4.80005603610968,3.544116448942325,4.80005603610968,0.00742819065568487,0.0
srinagar,2026-08-11,0.0,0.0,34.08,74.8,Normal,-0.0842722961885882,Hill / Himalayan orographic,0.0,0.0,0.0,0.014127746143215748,0.0,0.014127746143215748,0.00013423068642457465,0.0
surat,2026-08-11,1.5,2.7690110206604004,21.17,72.83,Normal,-0.0842722961885882,West-coast orographic,1.5,1.033837378025055,1.87469094991684,1.899221155478024,0.8122593614079545,1.899221155478024,0.002167273513523767,0.0
thiruvananthapuram,2026-08-11,0.0,0.0,8.52,76.94,Normal,-0.0842722961885882,West-coast orographic,0.0,0.0,0.0,0.7692891494306253,0.0,0.7692891494306253,0.00052675330650097,0.0
varanasi,2026-08-11,12.5,0.8101488947868347,25.32,82.97,Normal,-0.0842722961885882,Inland,12.5,15.203217697143554,13.020436267852794,5.616601781599479,7.3866425465369225,5.616601781599479,0.05964536760760505,0.0
vijayawada,2026-08-11,0.1,9.6129732131958,16.51,80.65,Normal,-0.0842722961885882,Inland,0.1,0.0,0.0,1.4877522363336282,0.4288100895386628,1.4877522363336282,0.00029291430103875373,0.0
visakhapatnam,2026-08-11,0.1,6.696264743804932,17.69,83.22,Normal,-0.0842722961885882,East coast,0.1,0.0,0.00607439000159502,0.6935649216872234,0.0,0.6935649216872234,0.0003387197319296053,0.0
agartala,2026-08-12,0.0,26.202281951904297,23.83,91.29,Normal,-0.3469139984150288,Inland,0.0,0.0,0.0,5.015101154042514,6.024842320311178,5.015101154042514,0.00021843684479751983,0.0
ahmedabad,2026-08-12,0.2,10.87057113647461,23.02,72.57,Normal,-0.3469139984150288,Inland,0.2,0.0,0.0,1.1535634421305796,0.13756079926249212,1.1535634421305796,0.0003285470958055089,0.0
amritsar,2026-08-12,4.3,0.0,31.63,74.87,Normal,-0.3469139984150288,Inland,4.3,4.103025229771932,3.3824698591232325,1.4424693274013831,0.39006386524496606,1.4424693274013831,0.004701278429999013,0.0
bengaluru,2026-08-12,0.0,2.619718074798584,12.97,77.59,Normal,-0.3469139984150288,Inland,0.0,0.0,0.0,0.32255871740455166,0.0,0.32255871740455166,0.00022692726131262045,0.0
bhopal,2026-08-12,8.3,19.589969635009766,23.26,77.41,Normal,-0.3469139984150288,Inland,8.3,9.183128468020932,7.8851908683776895,8.592627935683002,13.91912910815457,8.592627935683002,0.0407686648954811,0.0
bhubaneswar,2026-08-12,0.1,0.0,20.3,85.82,Normal,-0.3469139984150288,East coast,0.1,0.0,0.00607439000159502,1.7899096074734135,0.25922906363255355,1.7899096074734135,0.0002922709885923641,0.0
chandigarh,2026-08-12,2.9,4.565218925476074,30.73,76.78,Normal,-0.3469139984150288,Inland,2.9,2.5508136510848995,2.1779270529747015,2.193123545045264,1.5579523269727837,2.193123545045264,0.00501631855883263,0.0
chennai,2026-08-12,0.0,3.308555841445923,13.08,80.27,Normal,-0.3469139984150288,East coast,0.0,0.0,0.0,0.22406389893599998,0.0,0.22406389893599998,0.0002389344246669922,0.0
dehradun,2026-08-12,19.1,11.51441764831543,30.32,78.03,Normal,-0.3469139984150288,Hill / Himalayan orographic,19.1,24.451837289828465,22.786101696748688,12.451251576334826,14.755956753960803,12.451251576334826,0.02911919938601905,0.0
delhi,2026-08-12,11.0,1.4490466117858887,28.61,77.21,Normal,-0.3469139984150288,Inland,11.0,12.488787651062019,11.487627726853498,2.7904204685177714,2.3194758991221582,2.7904204685177714,0.007956058375595518,0.0
gangtok,2026-08-12,1.9000000000000001,0.3509427607059479,27.33,88.61,Normal,-0.3469139984150288,Hill / Himalayan orographic,1.9000000000000001,1.3916314184665681,0.9177086493923409,7.775793466422089,7.1876490807240145,7.775793466422089,0.0004862213818142886,0.0
guwahati,2026-08-12,0.5,0.7882580161094666,26.14,91.74,Normal,-0.3469139984150288,Inland,0.5,0.09984075278043757,0.15256766974925995,5.387725557203028,6.999310761436413,5.387725557203028,0.0006364587502297905,0.0
hyderabad,2026-08-12,1.3,0.0,17.39,78.49,Normal,-0.3469139984150288,Inland,1.3,0.779962968826294,0.7537857723236095,2.1450048244121143,1.4273360000410302,2.1450048244121143,0.0005640857470959618,0.0
jabalpur,2026-08-12,1.8,2.7583210468292236,23.18,79.95,Normal,-0.3469139984150288,Inland,1.8,1.2423476457595826,1.1785806488990789,4.381617753004337,4.710578376230331,4.381617753004337,0.00417760013746154,0.0
jaipur,2026-08-12,21.0,38.23963165283203,26.91,75.79,Normal,-0.3469139984150288,Inland,21.0,26.648352230296418,26.23016945456506,3.233274296962674,3.113278971290078,3.233274296962674,0.028467292802099926,0.0
jodhpur,2026-08-12,6.6,0.678439199924469,26.24,73.02,Normal,-0.3469139984150288,Inland,6.6,6.958381146192542,5.722908432200803,4.403398339514228,4.756376629899091,4.403398339514228,0.0015683552452442553,0.0
kochi,2026-08-12,0.4,4.240187168121338,9.93,76.27,Normal,-0.3469139984150288,West-coast orographic,0.4,0.05108746886253348,0.18976467072963757,14.853398587948774,16.10445300666076,14.853398587948774,0.023329015605685288,0.0
kolkata,2026-08-12,4.8999999999999995,20.597370147705078,22.57,88.36,Normal,-0.3469139984150288,East coast,4.8999999999999995,4.635599537593544,7.942649905043183,4.907761785632242,6.357720149171343,4.907761785632242,0.008738990282334312,0.0
lucknow,2026-08-12,10.6,0.0,26.85,80.95,Normal,-0.3469139984150288,Inland,10.6,11.88920955657959,10.542820278944165,6.124039616079613,7.962007905654955,6.124039616079613,0.00783841578991071,0.0
madurai,2026-08-12,0.6,2.2357101440429688,9.93,78.12,Normal,-0.3469139984150288,Inland,0.6,0.12843602895736708,0.18134064525365823,2.741483257958451,2.2407104438410905,2.741483257958451,0.0014545998279358113,0.0
mangaluru,2026-08-12,6.7,19.50881576538086,12.91,74.86,Normal,-0.3469139984150288,West-coast orographic,6.7,7.075519657134997,10.58340203449644,17.208925773100603,20.371281864502553,17.208925773100603,0.008780180159955074,0.0
mumbai,2026-08-12,20.7,38.7183723449707,19.08,72.88,Normal,-0.3469139984150288,West-coast orographic,20.7,26.3100559907801,26.96481208801269,21.719982740976693,25.39060093124465,21.719982740976693,0.02637809477499103,0.0
nagpur,2026-08-12,3.0,1.1964354515075684,21.15,79.09,Normal,-0.3469139984150288,Inland,3.0,2.6034666180610655,2.2486215209960947,4.0636961858904925,4.231308265003232,4.0636961858904925,0.0019031170713381582,0.0
panaji,2026-08-12,11.8,6.536317348480225,15.49,73.83,Normal,-0.3469139984150288,West-coast orographic,11.8,13.86481014251711,18.178296980374668,7.798175707952405,8.120618268670745,7.798175707952405,0.010941931962818842,0.0
patna,2026-08-12,1.1,0.0,25.59,85.14,Normal,-0.3469139984150288,Inland,1.1,0.6121786773204811,0.6023182010650635,0.8075541077964505,0.0,0.8075541077964505,0.00030390469710601096,0.0
pune,2026-08-12,0.0,5.36860466003418,18.52,73.86,Normal,-0.3469139984150288,Inland,0.0,0.0,0.0,0.48743474411215065,0.0,0.48743474411215065,0.00023015648621807743,0.0
raipur,2026-08-12,1.2,0.0,21.25,81.63,Normal,-0.3469139984150288,Inland,1.2,0.6931006610393526,0.6868796610832217,2.937885801392958,2.5187815842845667,2.937885801392958,0.0018348032327456174,0.0
ranchi,2026-08-12,10.8,15.23169231414795,23.34,85.31,Normal,-0.3469139984150288,Inland,10.8,12.188998603820806,11.113494719446235,8.084885625010504,12.490071324945928,8.084885625010504,0.028767063850556423,0.0
shillong,2026-08-12,7.8,0.36098548769950867,25.58,91.89,Normal,-0.3469139984150288,Hill / Himalayan orographic,7.8,8.33871054649353,4.943443536469429,9.152452543936997,9.19670450337451,9.152452543936997,0.0012942740240033017,0.0
shimla,2026-08-12,14.3,7.685213088989258,31.1,77.17,Normal,-0.3469139984150288,Hill / Himalayan orographic,14.3,18.591098749000622,17.219217029117072,4.97929861596787,3.6327537615467667,4.97929861596787,0.005161301619003201,0.0
srinagar,2026-08-12,0.1,13.280312538146973,34.08,74.8,Normal,-0.3469139984150288,Hill / Himalayan orographic,0.1,0.0,0.0,0.13197867617948483,0.0,0.13197867617948483,0.00015432488462316076,0.0
surat,2026-08-12,18.4,1.0364934206008911,21.17,72.83,Normal,-0.3469139984150288,West-coast orographic,18.4,23.56802823977729,25.124636552023414,18.410049712426446,21.212078407391193,18.410049712426446,0.03276602891931613,0.0
thiruvananthapuram,2026-08-12,0.0,2.6404669284820557,8.52,76.94,Normal,-0.3469139984150288,West-coast orographic,0.0,0.0,0.0,0.8083737359772663,0.0,0.8083737359772663,0.0004782607041194767,0.0
varanasi,2026-08-12,8.2,0.032558586448431015,25.32,82.97,Normal,-0.3469139984150288,Inland,8.2,9.086373901367189,7.771606731414798,5.543258635237156,7.2694610487881315,5.543258635237156,0.02849933390660979,0.0
vijayawada,2026-08-12,0.1,5.582498550415039,16.51,80.65,Normal,-0.3469139984150288,Inland,0.1,0.0,0.0,1.4416136008190175,0.3893316646227837,1.4416136008190175,0.00025455541771090943,0.0
visakhapatnam,2026-08-12,0.0,0.0,17.69,83.22,Normal,-0.3469139984150288,East coast,0.0,0.0,0.0,0.30292503705495943,0.0,0.30292503705495943,0.0002987470857483366,0.0
agartala,2026-08-13,3.4,0.0,23.83,91.29,Normal,-0.11939330026535687,Inland,3.4,2.914680480957031,2.548012866973877,10.538472568105181,18.7968256964449,10.538472568105181,0.005859832778122099,0.0
ahmedabad,2026-08-13,4.0,1.416992425918579,23.02,72.57,Normal,-0.11939330026535687,Inland,4.0,3.734266610940298,3.143170455694202,6.068392758071719,7.911881069192612,6.068392758071719,0.01823143184663217,0.0
amritsar,2026-08-13,11.3,0.0,31.63,74.87,Normal,-0.11939330026535687,Inland,11.3,12.994627911703942,11.754015088322191,5.468193001911739,7.139077193023054,5.468193001911739,0.05655849610971458,0.0
bengaluru,2026-08-13,0.0,0.10911142081022263,12.97,77.59,Normal,-0.11939330026535687,Inland,0.0,0.0,0.0,0.3211151644316291,0.0,0.3211151644316291,0.0002424786667620412,0.0
bhopal,2026-08-13,1.0,8.019837379455566,23.26,77.41,Normal,-0.11939330026535687,Inland,1.0,0.5194164514541626,0.5189805030822754,1.699833865867176,0.696253194131805,1.699833865867176,0.0031440574473851042,0.0
bhubaneswar,2026-08-13,0.6,0.7064967751502991,20.3,85.82,Normal,-0.11939330026535687,East coast,0.6,0.12843602895736708,0.13479264646768566,3.5791370277972696,1.8364605333805215,3.5791370277972696,0.013562472552035588,0.0
chandigarh,2026-08-13,0.0,0.0,30.73,76.78,Normal,-0.11939330026535687,Inland,0.0,0.0,0.0,0.16908071275715483,0.0,0.16908071275715483,0.0002981002828625964,0.0
chennai,2026-08-13,0.0,0.0,13.08,80.27,Normal,-0.11939330026535687,East coast,0.0,0.0,0.0,0.2713321644214732,0.0,0.2713321644214732,0.00028982040736320034,0.0
dehradun,2026-08-13,0.0,0.0,30.32,78.03,Normal,-0.11939330026535687,Hill / Himalayan orographic,0.0,0.0,0.0,0.6779722295484175,0.0,0.6779722295484175,0.0002737246886551971,0.0
delhi,2026-08-13,0.30000000000000004,0.17344485223293304,28.61,77.21,Normal,-0.11939330026535687,Inland,0.30000000000000004,0.02319483505561953,0.04180692657828348,0.5448781548192461,0.0,0.5448781548192461,0.00022773780476998505,0.0
gangtok,2026-08-13,5.0,8.97567081451416,27.33,88.61,Normal,-0.11939330026535687,Hill / Himalayan orographic,5.0,4.838286963904739,3.2170358487179413,16.591831417590335,24.608825358745584,16.591831417590335,0.00458249554123179,0.0
guwahati,2026-08-13,3.7,0.0,26.14,91.74,Normal,-0.11939330026535687,Inland,3.7,3.3808737933635715,2.72949830532074,8.6369347433984,14.070252622987956,8.6369347433984,0.0014380787092208847,0.0
hyderabad,2026-08-13,0.0,2.5579659938812256,17.39,78.49,Normal,-0.11939330026535687,Inland,0.0,0.0,0.0,1.0872179430676372,0.10046015595490017,1.0872179430676372,0.00023640328787408372,0.0
jabalpur,2026-08-13,0.5,0.1738593727350235,23.18,79.95,Normal,-0.11939330026535687,Inland,0.5,0.09984075278043757,0.15256766974925995,3.316289659210925,3.205973730704357,3.316289659210925,0.01136137407596584,0.0
jaipur,2026-08-13,15.8,11.468567848205566,26.91,75.79,Normal,-0.11939330026535687,Inland,15.8,19.90403013229371,18.192413972098873,1.6282354953008515,0.6028234160921341,1.6282354953008515,0.007562036406672176,0.0
jodhpur,2026-08-13,2.7,3.677473783493042,26.24,73.02,Normal,-0.11939330026535687,Inland,2.7,2.298259449005127,2.04589878320694,1.2407369556228056,0.17970471093934165,1.2407369556228056,0.0006614288113232345,0.0
kochi,2026-08-13,0.0,17.97468376159668,9.93,76.27,Normal,-0.11939330026535687,West-coast orographic,0.0,0.0,0.0,3.1732576641672625,2.0854587825938675,3.1732576641672625,0.0006192227219461553,0.0
kolkata,2026-08-13,0.4,26.329910278320312,22.57,88.36,Normal,-0.11939330026535687,East coast,0.4,0.05108746886253348,0.07321348115801812,3.0656634254320134,1.2940325323616046,3.0656634254320134,0.023456044771925744,0.0
lucknow,2026-08-13,0.2,0.0,26.85,80.95,Normal,-0.11939330026535687,Inland,0.2,0.0,0.0,1.1585557112445284,0.14064835403396556,1.1585557112445284,0.0002308002846772299,0.0
madurai,2026-08-13,0.0,0.03635745123028755,9.93,78.12,Normal,-0.11939330026535687,Inland,0.0,0.0,0.0,0.27755722593183485,0.0,0.27755722593183485,0.00040070616620682567,0.0
mangaluru,2026-08-13,3.0,13.34754467010498,12.91,74.86,Normal,-0.11939330026535687,West-coast orographic,3.0,2.6034666180610655,5.362198662534673,16.920577760767454,19.947015898802327,16.920577760767454,0.00993968964656848,0.0
mumbai,2026-08-13,20.4,29.04407501220703,19.08,72.88,Normal,-0.11939330026535687,West-coast orographic,20.4,25.971759751263786,26.53105525970458,18.28005314334341,21.135548340048704,18.28005314334341,0.04949455328947957,0.0
nagpur,2026-08-13,2.0,0.3082573115825653,21.15,79.09,Normal,-0.11939330026535687,Inland,2.0,1.6041754007339497,1.3196335458755493,2.5724184411956035,2.03997868097028,2.5724184411956035,0.0015883870514622424,0.0
panaji,2026-08-13,8.6,15.590609550476074,15.49,73.83,Normal,-0.11939330026535687,West-coast orographic,8.6,9.473392167982155,13.12430959343143,5.8463348107642155,5.283897775603917,5.8463348107642155,0.01398610530473676,0.0
patna,2026-08-13,0.0,0.0,25.59,85.14,Normal,-0.11939330026535687,Inland,0.0,0.0,0.0,0.47961968163510155,0.0,0.47961968163510155,0.00017321116187036614,0.0
pune,2026-08-13,0.1,3.363767385482788,18.52,73.86,Normal,-0.11939330026535687,Inland,0.1,0.0,0.0,0.8681962952590311,0.0,0.8681962952590311,0.00024592913715553084,0.0
raipur,2026-08-13,3.4,0.10172068327665329,21.25,81.63,Normal,-0.11939330026535687,Inland,3.4,2.914680480957031,2.548012866973877,8.534418608060705,13.720586296339395,8.534418608060705,0.021316401775732546,0.0
ranchi,2026-08-13,10.200000000000001,2.465749740600586,23.34,85.31,Normal,-0.11939330026535687,Inland,10.200000000000001,11.315320294077809,9.88312285858908,7.87775355459857,12.044184992899945,7.87775355459857,0.0341381913548477,0.0
shillong,2026-08-13,7.9,0.0,25.58,91.89,Normal,-0.11939330026535687,Hill / Himalayan orographic,7.9,8.525626385211947,5.0794611097383875,9.491253728757563,9.316419052134155,9.491253728757563,0.0037322377606925044,0.0
shimla,2026-08-13,11.3,0.0,31.1,77.17,Normal,-0.11939330026535687,Hill / Himalayan orographic,11.3,12.994627911703942,9.569652477900188,9.97689363275721,9.685324181504027,9.97689363275721,0.023198679153132028,0.0
srinagar,2026-08-13,2.1,2.6281137466430664,34.08,74.8,Normal,-0.11939330026535687,Hill / Himalayan orographic,2.1,1.669860965013506,1.0284882435174745,0.8909752687324969,0.053763733252946554,0.8909752687324969,0.000774849885939229,0.0
surat,2026-08-13,13.4,0.0,21.17,72.83,Normal,-0.11939330026535687,West-coast orographic,13.4,16.819400814601355,19.706185244501853,7.7643406510016195,8.097803341648394,7.7643406510016195,0.029523774161836252,0.0
thiruvananthapuram,2026-08-13,0.0,0.0,8.52,76.94,Normal,-0.11939330026535687,West-coast orographic,0.0,0.0,0.0,0.7340319827511549,0.0,0.7340319827511549,0.00052675330650097,0.0
varanasi,2026-08-13,1.6,0.0,25.32,82.97,Normal,-0.11939330026535687,Inland,1.6,1.1109044730663304,0.9277528703212743,1.6714780967357306,0.6653027900635182,1.6714780967357306,0.00385659946777314,0.0
vijayawada,2026-08-13,0.0,0.6092725396156311,16.51,80.65,Normal,-0.11939330026535687,Inland,0.0,0.0,0.0,0.9303033156596089,0.0044000489536688515,0.9303033156596089,0.0002995470995348849,0.0
visakhapatnam,2026-08-13,0.1,1.8475223779678345,17.69,83.22,Normal,-0.11939330026535687,East coast,0.1,0.0,0.00607439000159502,0.6935649216872234,0.0,0.6935649216872234,0.00035099571171248365,0.0
agartala,2026-08-14,0.4,27.641605377197266,23.83,91.29,Normal,-0.25719536710517815,Inland,0.4,0.06875392347574218,0.08588373139500625,6.546918779494679,8.222802321330327,6.546918779494679,0.0031893882620751017,0.0
ahmedabad,2026-08-14,1.4000000000000001,0.3073637783527374,23.02,72.57,Normal,-0.25719536710517815,Inland,1.4000000000000001,0.8937811970710754,0.8009636211395269,0.7319866655959026,0.0,0.7319866655959026,0.0010453480509073718,0.0
amritsar,2026-08-14,3.5,0.0,31.63,74.87,Normal,-0.25719536710517815,Inland,3.5,3.212426288922626,2.848778192996979,1.21805442104888,0.1242129746007579,1.21805442104888,0.005261775145714546,0.0
bengaluru,2026-08-14,0.0,1.2342623472213745,12.97,77.59,Normal,-0.25719536710517815,Inland,0.0,0.0,0.0,0.9043544277222711,0.0,0.9043544277222711,0.00023739823156793946,0.0
bhopal,2026-08-14,0.6000000000000001,0.04085490107536316,23.26,77.41,Normal,-0.25719536710517815,Inland,0.6000000000000001,0.16581428647041338,0.18623037576675414,6.53240140025039,8.205114894201598,6.53240140025039,0.005524438148936229,0.0
bhubaneswar,2026-08-14,0.0,5.159884452819824,20.3,85.82,Normal,-0.25719536710517815,East coast,0.0,0.0,0.0,2.4786593774465637,0.6290399847216559,2.4786593774465637,0.00044500265299476856,0.0
chandigarh,2026-08-14,8.6,17.73921012878418,30.73,76.78,Normal,-0.25719536710517815,Inland,8.6,9.52350572347641,8.379242892040622,14.320425275199,26.5142418683008,14.320425275199,0.04509012481479021,0.0
chennai,2026-08-14,0.0,0.6327558755874634,13.08,80.27,Normal,-0.25719536710517815,East coast,0.0,0.0,0.0,1.9732804856094217,0.38736499880850195,1.9732804856094217,0.00024912613638999897,0.0
dehradun,2026-08-14,17.3,25.50151252746582,30.32,78.03,Normal,-0.25719536710517815,Hill / Himalayan orographic,17.3,22.696861951104548,23.11064458727003,7.885784603274553,6.228515772205653,7.885784603274553,0.009223086064051032,0.0
delhi,2026-08-14,1.3,0.0,28.61,77.21,Normal,-0.25719536710517815,Inland,1.3,0.8092328786849985,0.7564550304412846,4.9992125340985165,5.90679392899094,4.9992125340985165,0.0028970749782574533,0.0
gangtok,2026-08-14,13.1,19.28830337524414,27.33,88.61,Normal,-0.25719536710517815,Hill / Himalayan orographic,13.1,17.05151772499084,15.649745960235597,16.618868930625595,26.79677702315232,16.618868930625595,0.022244410301188636,0.0
guwahati,2026-08-14,38.6,0.4870663285255432,26.14,91.74,Normal,-0.25719536710517815,Inland,38.6,55.38743419647203,43.15857319031085,6.468003677550017,8.126655138597494,6.468003677550017,0.0020801680602141035,0.0
hyderabad,2026-08-14,0.0,2.668848752975464,17.39,78.49,Normal,-0.25719536710517815,Inland,0.0,0.0,0.0,2.0529032314239566,0.9463820925291564,2.0529032314239566,0.00023066090832293295,0.0
jabalpur,2026-08-14,2.7,3.139671802520752,23.18,79.95,Normal,-0.25719536710517815,Inland,2.7,2.3622823357582097,2.124508704673954,4.616215709909187,5.376420833390673,4.616215709909187,0.0027537641633549243,0.0
jaipur,2026-08-14,2.0,9.995428085327148,26.91,75.79,Normal,-0.25719536710517815,Inland,2.0,1.648445600271225,1.5808052289485932,2.2141112830606495,1.2729081702252458,2.2141112830606495,0.0011198873408037775,0.0
jodhpur,2026-08-14,0.30000000000000004,0.0,26.24,73.02,Normal,-0.25719536710517815,Inland,0.30000000000000004,0.019999639689922348,0.048457012400031176,0.09955607409473712,0.0,0.09955607409473712,0.00016194670580164103,0.0
kochi,2026-08-14,0.0,11.776250839233398,9.93,76.27,Normal,-0.25719536710517815,West-coast orographic,0.0,0.0,0.0,8.704138677648725,8.227201501500476,8.704138677648725,0.0004308638071930957,0.0
kolkata,2026-08-14,17.6,1.007007360458374,22.57,88.36,Normal,-0.25719536710517815,East coast,17.6,23.143661281040753,36.232223202308184,11.705046506194899,21.942070428036388,11.705046506194899,0.08718837448647304,0.0
lucknow,2026-08-14,24.0,20.569372177124023,26.85,80.95,Normal,-0.25719536710517815,Inland,24.0,32.065056870046966,30.39130346692587,8.737599845253076,13.377501539348875,8.737599845253076,0.011081661090446226,0.0
madurai,2026-08-14,0.0,0.39993196725845337,9.93,78.12,Normal,-0.25719536710517815,Inland,0.0,0.0,0.0,0.9698923791245211,0.0018538015559378526,0.9698923791245211,0.00025883558163481167,0.0
mangaluru,2026-08-14,4.9,23.924882888793945,12.91,74.86,Normal,-0.25719536710517815,West-coast orographic,4.9,4.947110891342164,7.787837425260508,26.606832428054734,32.9503640265337,26.606832428054734,0.015299393736643283,0.0
mumbai,2026-08-14,11.4,50.61211395263672,19.08,72.88,Normal,-0.25719536710517815,West-coast orographic,11.4,13.935722160339358,18.14726263631301,19.615869910944618,20.863081897629925,19.615869910944618,0.05677683715134264,0.0
nagpur,2026-08-14,1.2,1.011949896812439,21.15,79.09,Normal,-0.25719536710517815,Inland,1.2,0.7089693486690521,0.7119464397430424,3.873164305237924,4.124562454073673,3.873164305237924,0.0016382150020978635,0.0
panaji,2026-08-14,10.5,15.452317237854004,15.49,73.83,Normal,-0.25719536710517815,West-coast orographic,10.5,12.2366518916854,15.874574950698891,7.721069661736969,7.397013092454751,7.721069661736969,0.005409813595773292,0.0
patna,2026-08-14,55.6,7.887031555175781,25.59,85.14,Normal,-0.25719536710517815,Inland,55.6,83.69694975902513,74.17974235364612,8.106734094344837,12.197743929198248,8.106734094344837,0.00506275594325698,0.0
pune,2026-08-14,0.4,2.949800491333008,18.52,73.86,Normal,-0.25719536710517815,Inland,0.4,0.06875392347574218,0.08588373139500625,2.0026057630875624,0.8649741331834576,2.0026057630875624,0.0018977362889967728,0.0
raipur,2026-08-14,1.1,2.7074975967407227,21.25,81.63,Normal,-0.25719536710517815,Inland,1.1,0.6145887523889542,0.6366869807243347,4.766532253509722,5.571790782882342,4.766532253509722,0.0023983175108228732,0.0
ranchi,2026-08-14,34.0,42.9742431640625,23.34,85.31,Normal,-0.25719536710517815,Inland,34.0,44.511885656826735,37.70052877577438,12.191756720326495,19.98846040330667,12.191756720326495,0.008043937685981696,0.0
shillong,2026-08-14,12.3,0.0,25.58,91.89,Normal,-0.25719536710517815,Hill / Himalayan orographic,12.3,15.509096887949315,12.856129388748462,5.937158968779262,3.856202613990886,5.937158968779262,0.0028925567213369334,0.0
shimla,2026-08-14,7.8,0.0,31.1,77.17,Normal,-0.25719536710517815,Hill / Himalayan orographic,7.8,8.511000394821167,5.070152816024478,12.412990093887004,13.85189629761426,12.412990093887004,0.018975403623743912,0.0
srinagar,2026-08-14,2.3000000000000003,0.0,34.08,74.8,Normal,-0.25719536710517815,Hill / Himalayan orographic,2.3000000000000003,1.9743333458900472,1.1457243299484252,0.28590547220884177,0.0,0.28590547220884177,0.0005769208409441701,0.0
surat,2026-08-14,4.8,17.092050552368164,21.17,72.83,Normal,-0.25719536710517815,West-coast orographic,4.8,4.851593035918016,7.699817692371124,3.487148356137717,2.454696317379572,3.487148356137717,0.021715853536586175,0.0
thiruvananthapuram,2026-08-14,0.0,0.0,8.52,76.94,Normal,-0.25719536710517815,West-coast orographic,0.0,0.0,0.0,3.73721673268414,2.776196930579491,3.73721673268414,0.00030241364459837193,0.0
varanasi,2026-08-14,26.099999999999998,0.06511717289686203,25.32,82.97,Normal,-0.25719536710517815,Inland,26.099999999999998,35.464168315595195,33.107575262926694,9.211306542572025,14.149709442413283,9.211306542572025,0.01947834565564506,0.0
vijayawada,2026-08-14,0.0,0.5934751629829407,16.51,80.65,Normal,-0.25719536710517815,Inland,0.0,0.0,0.0,2.1238027803584756,1.1183844128497527,2.1238027803584756,0.0005572369246496983,0.0
visakhapatnam,2026-08-14,0.39999999999999997,2.1623244285583496,17.69,83.22,Normal,-0.25719536710517815,East coast,0.39999999999999997,0.050083705224096865,0.12575578674674026,3.703416280495901,2.412516382210178,3.703416280495901,0.004443918996252282,0.0
agartala,2026-08-15,0.30000000000000004,0.23402836918830872,23.83,91.29,Normal,-0.6500393471935383,Inland,0.30000000000000004,0.019999639689922348,0.048457012400031176,4.32148476006403,4.810922933572298,4.32148476006403,0.00022304968129819861,0.0
ahmedabad,2026-08-15,3.1999999999999997,1.4126358032226562,23.02,72.57,Normal,-0.6500393471935383,Inland,3.1999999999999997,2.874615275859832,2.545190629959106,1.1465558198641823,0.08129130038576544,1.1465558198641823,0.01605095613328085,0.0
amritsar,2026-08-15,5.8,0.0,31.63,74.87,Normal,-0.6500393471935383,Inland,5.8,6.131616139411928,5.518207845687864,7.170012327147484,9.457921225342334,7.170012327147484,0.09325141046049348,0.0
bengaluru,2026-08-15,0.0,0.6788901686668396,12.97,77.59,Normal,-0.6500393471935383,Inland,0.0,0.0,0.0,0.7858569010417812,0.0,0.7858569010417812,0.0002479151946700498,0.0
bhopal,2026-08-15,0.30000000000000004,1.1519485712051392,23.26,77.41,Normal,-0.6500393471935383,Inland,0.30000000000000004,0.019999639689922348,0.048457012400031176,4.661386709386494,5.44495502172419,4.661386709386494,0.0004616481187034001,0.0
bhubaneswar,2026-08-15,3.8000000000000003,4.855646133422852,20.3,85.82,Normal,-0.6500393471935383,East coast,3.8000000000000003,3.69636812210083,6.533721389770512,7.765833018023888,13.189629811136111,7.765833018023888,0.009210860643532066,0.0
chandigarh,2026-08-15,27.7,8.424674034118652,30.73,76.78,Normal,-0.6500393471935383,Inland,27.7,37.59807276794082,34.991947079071025,11.809854843182004,19.33003449326597,11.809854843182004,0.021815667302107166,0.0
chennai,2026-08-15,0.0,7.505511283874512,13.08,80.27,Normal,-0.6500393471935383,East coast,0.0,0.0,0.0,1.6385228796669635,0.22564622900869222,1.6385228796669635,0.00026016252141405774,0.0
dehradun,2026-08-15,28.8,7.688271999359131,30.32,78.03,Normal,-0.6500393471935383,Hill / Himalayan orographic,28.8,38.44110279575117,37.53385165496145,9.770976811922216,9.937194444313313,9.770976811922216,0.018644333251786698,0.0
delhi,2026-08-15,9.1,16.525070190429688,28.61,77.21,Normal,-0.6500393471935383,Inland,9.1,10.162769692284721,8.932023190469126,17.073537213939915,30.358484804572466,17.073537213939915,0.07553536985007571,0.0
gangtok,2026-08-15,6.9,4.592381000518799,27.33,88.61,Normal,-0.6500393471935383,Hill / Himalayan orographic,6.9,7.427549839019775,4.398700564702353,16.426235701426865,26.315786975049587,16.426235701426865,0.0022825368968200713,0.0
guwahati,2026-08-15,3.2,0.0,26.14,91.74,Normal,-0.6500393471935383,Inland,3.2,2.8746152758598327,2.5451906299591065,4.994407189277992,5.898626487498023,4.994407189277992,0.0006024834901145377,0.0
hyderabad,2026-08-15,0.0,0.621498703956604,17.39,78.49,Normal,-0.6500393471935383,Inland,0.0,0.0,0.0,1.9001432557900615,0.7544552303120899,1.9001432557900615,0.00024087947363305177,0.0
jabalpur,2026-08-15,8.1,7.480215549468994,23.18,79.95,Normal,-0.6500393471935383,Inland,8.1,8.88928150177002,7.768103058338168,10.88092381904373,17.46294225200611,10.88092381904373,0.02727748174365808,0.0
jaipur,2026-08-15,5.5,1.8152670860290527,26.91,75.79,Normal,-0.6500393471935383,Inland,5.5,5.674376392364502,5.218386357625323,4.726912449959647,5.5246893720024435,4.726912449959647,0.07531513744863333,0.0
jodhpur,2026-08-15,0.0,0.0,26.24,73.02,Normal,-0.6500393471935383,Inland,0.0,0.0,0.0,0.0,0.0,0.0,0.0002063695157551589,0.0
kochi,2026-08-15,0.0,27.070491790771484,9.93,76.27,Normal,-0.6500393471935383,West-coast orographic,0.0,0.0,0.0,7.748766053335526,7.424637422921224,7.748766053335526,0.000443810937563306,0.0
kolkata,2026-08-15,10.3,0.07201383262872696,22.57,88.36,Normal,-0.6500393471935383,East coast,10.3,11.800793153693892,20.643751955366202,10.123031819345472,19.209452587712867,10.123031819345472,0.02329759459814115,0.0
lucknow,2026-08-15,16.799999999999997,0.29480817914009094,26.85,80.95,Normal,-0.6500393471935383,Inland,16.799999999999997,21.893744126388025,19.55798096733317,12.332266861423982,20.230709847624166,12.332266861423982,0.01803691143580912,0.0
madurai,2026-08-15,0.3,2.9663493633270264,9.93,78.12,Normal,-0.6500393471935383,Inland,0.3,0.0,0.0,1.6858695142390303,0.4595250407870107,1.6858695142390303,0.0002703019825762258,0.0
mangaluru,2026-08-15,10.3,13.284749984741211,12.91,74.86,Normal,-0.6500393471935383,West-coast orographic,10.3,11.800793153693892,15.676199531555175,25.832790930320638,31.53254548108479,25.832790930320638,0.021070911460584412,0.0
mumbai,2026-08-15,7.1000000000000005,32.545772552490234,19.08,72.88,Normal,-0.6500393471935383,West-coast orographic,7.1000000000000005,7.821281886100768,10.94071151287325,11.833418248975448,10.597697892776974,11.833418248975448,0.035790902601228164,0.0
nagpur,2026-08-15,2.7,0.2130969911813736,21.15,79.09,Normal,-0.6500393471935383,Inland,2.7,2.3622823357582097,2.124508704673954,4.257053030665283,4.663776281529141,4.257053030665283,0.004230765485025555,0.0
panaji,2026-08-15,12.4,7.454983234405518,15.49,73.83,Normal,-0.6500393471935383,West-coast orographic,12.4,15.708296873762771,18.79739346588333,8.582956222696355,8.102424646105774,8.582956222696355,0.006337243265202177,0.0
patna,2026-08-15,4.6000000000000005,0.0,25.59,85.14,Normal,-0.6500393471935383,Inland,4.6000000000000005,4.660557325069722,4.181914526621502,5.618175284942759,6.9198924174829965,5.618175284942759,0.0022232665553235157,0.0
pune,2026-08-15,0.8,3.807133436203003,18.52,73.86,Normal,-0.6500393471935383,Inland,0.8,0.36059353947639466,0.3999231588840486,1.5631578451535897,0.35928844587156505,1.5631578451535897,0.0013434543048293215,0.0
raipur,2026-08-15,3.3,0.21942156553268433,21.25,81.63,Normal,-0.6500393471935383,Inland,3.3,2.9966015815734863,2.6361223387718207,4.943832151031897,5.81266623255175,4.943832151031897,0.014001551604620884,0.0
ranchi,2026-08-15,28.599999999999998,26.250200271606445,23.34,85.31,Normal,-0.6500393471935383,Inland,28.599999999999998,38.28782460887656,35.37888732145722,12.147066642003036,19.911411540101476,12.147066642003036,0.0039045593566767816,0.0
shillong,2026-08-15,7.2,0.0,25.58,91.89,Normal,-0.6500393471935383,Hill / Himalayan orographic,7.2,7.908674697875975,4.558479055265587,4.282606770104526,2.8775748295394923,4.282606770104526,0.0008411054830084566,0.0
shimla,2026-08-15,17.3,9.198480606079102,31.1,77.17,Normal,-0.6500393471935383,Hill / Himalayan orographic,17.3,22.696861951104548,23.11064458727003,6.4557980939707855,4.565723427473611,6.4557980939707855,0.0131412401670588,0.0
srinagar,2026-08-15,8.0,2.8067610263824463,34.08,74.8,Normal,-0.6500393471935383,Hill / Himalayan orographic,8.0,8.763754844665527,5.450345148086545,2.0701258892602303,1.0462609078417018,2.0701258892602303,0.005041707670369272,0.0
surat,2026-08-15,8.7,5.108799934387207,21.17,72.83,Normal,-0.6500393471935383,West-coast orographic,8.7,9.655623316764832,13.28409469028531,10.626253165994964,9.690179917057694,10.626253165994964,0.04754713596652387,0.0
thiruvananthapuram,2026-08-15,0.0,0.7822265028953552,8.52,76.94,Normal,-0.6500393471935383,West-coast orographic,0.0,0.0,0.0,3.1207732759255795,2.0178683646073248,3.1207732759255795,0.00031150214794292995,0.0
varanasi,2026-08-15,18.200000000000003,0.13674604892730713,25.32,82.97,Normal,-0.6500393471935383,Inland,18.200000000000003,23.96305311417824,22.33681525035303,13.756344682703002,24.995485923726424,13.756344682703002,0.05944036710723853,0.0
vijayawada,2026-08-15,0.0,0.0,16.51,80.65,Normal,-0.6500393471935383,Inland,0.0,0.0,0.0,2.1238027803584756,1.1183844128497527,2.1238027803584756,0.000595132273397533,0.0
visakhapatnam,2026-08-15,1.6,1.2129971981048584,17.69,83.22,Normal,-0.6500393471935383,East coast,1.6,1.1694174408912659,1.5417781770229344,3.500881853187333,2.312591233762466,3.500881853187333,0.003503422737208522,0.0
agartala,2026-08-16,1.3,7.44252872467041,23.83,91.29,Normal,-0.14411791036104665,Inland,1.3,0.8092328786849985,0.7564550304412846,7.031011109797961,9.145440480143273,7.031011109797961,0.0014955079285639949,0.0
ahmedabad,2026-08-16,0.8,2.0443570613861084,23.02,72.57,Normal,-0.14411791036104665,Inland,0.8,0.36059353947639466,0.3999231588840486,0.6501755909410811,0.0,0.6501755909410811,0.0011739278463554898,0.0
amritsar,2026-08-16,0.0,32.938602447509766,31.63,74.87,Normal,-0.14411791036104665,Inland,0.0,0.0,0.0,0.25856186031749884,0.0,0.25856186031749884,0.00021478045308695673,0.0
bengaluru,2026-08-16,0.0,0.0,12.97,77.59,Normal,-0.14411791036104665,Inland,0.0,0.0,0.0,0.9043544277222711,0.0,0.9043544277222711,0.0002522967288461904,0.0
bhopal,2026-08-16,2.9,5.515663146972656,23.26,77.41,Normal,-0.14411791036104665,Inland,2.9,2.551497554779053,2.270952001176439,13.115268249998074,22.803997425116705,13.115268249998074,0.062059323001965754,0.0
bhubaneswar,2026-08-16,1.9,38.18549728393555,20.3,85.82,Normal,-0.14411791036104665,East coast,1.9,1.461609435081482,2.3379467182624625,7.232753320885953,11.457977088029207,7.232753320885953,0.009114791122467944,0.0
chandigarh,2026-08-16,19.9,1.745483636856079,30.73,76.78,Normal,-0.14411791036104665,Inland,19.9,25.766146172093983,25.412016808330158,7.715297613795167,11.342612765621002,7.715297613795167,0.02917521025958922,0.0
chennai,2026-08-16,0.0,0.0,13.08,80.27,Normal,-0.14411791036104665,East coast,0.0,0.0,0.0,1.9941037000580544,0.3933219653893652,1.9941037000580544,0.0002647604516430784,0.0
dehradun,2026-08-16,23.1,1.358982801437378,30.32,78.03,Normal,-0.14411791036104665,Hill / Himalayan orographic,23.1,30.451193055404968,31.487869371494746,7.293603646621187,5.588080687600654,7.293603646621187,0.011896922981720744,0.0
delhi,2026-08-16,11.2,0.0,28.61,77.21,Normal,-0.14411791036104665,Inland,11.2,13.565906397501628,12.252113151550292,14.759198538760662,27.426859337623863,14.759198538760662,0.037020878978586726,0.0
gangtok,2026-08-16,13.5,0.4829109311103821,27.33,88.61,Normal,-0.14411791036104665,Hill / Himalayan orographic,13.5,17.78007893562317,16.371136419953412,13.803633590803635,17.22185231458596,13.803633590803635,0.008049516429212679,0.0
guwahati,2026-08-16,18.7,12.549600601196289,26.14,91.74,Normal,-0.14411791036104665,Inland,18.7,24.48284949214792,23.792964924439275,4.45093878372958,5.125659944390011,4.45093878372958,0.005023936970756779,0.0
hyderabad,2026-08-16,0.1,0.0,17.39,78.49,Normal,-0.14411791036104665,Inland,0.1,0.0,0.0,2.3279692211116556,1.5484643091385495,2.3279692211116556,0.0002451366923413412,0.0
jabalpur,2026-08-16,6.4,41.28001403808594,23.18,79.95,Normal,-0.14411791036104665,Inland,6.4,6.762043645305018,5.917920199307527,8.521078571637366,12.993783343513517,8.521078571637366,0.019343138080289153,0.0
jaipur,2026-08-16,0.4,0.029739072546362877,26.91,75.79,Normal,-0.14411791036104665,Inland,0.4,0.06875392347574218,0.08588373139500625,2.0331405184413005,0.9086647786774199,2.0331405184413005,0.0017359677052922495,0.0
jodhpur,2026-08-16,0.0,0.0,26.24,73.02,Normal,-0.14411791036104665,Inland,0.0,0.0,0.0,0.031075405170387618,0.0,0.031075405170387618,0.0001584806155473005,0.0
kochi,2026-08-16,0.0,4.217899799346924,9.93,76.27,Normal,-0.14411791036104665,West-coast orographic,0.0,0.0,0.0,9.37060092888198,8.883835318055775,9.37060092888198,0.0004578981413662704,0.0
kolkata,2026-08-16,19.3,0.014625048264861107,22.57,88.36,Normal,-0.14411791036104665,East coast,19.3,25.10660514571154,39.189231811172625,12.54566241909275,22.99254153012546,12.54566241909275,0.1383537812966722,0.0
lucknow,2026-08-16,38.4,12.964993476867676,26.85,80.95,Normal,-0.14411791036104665,Inland,38.4,54.86053343354972,42.89546942945792,10.265385056720381,16.402678843035307,10.265385056720381,0.010785690523829288,0.0
madurai,2026-08-16,0.0,0.0,9.93,78.12,Normal,-0.14411791036104665,Inland,0.0,0.0,0.0,0.9698923791245211,0.0018538015559378526,0.9698923791245211,0.00027507906123546533,0.0
mangaluru,2026-08-16,3.4,14.28348445892334,12.91,74.86,Normal,-0.14411791036104665,West-coast orographic,3.4,3.104513935248056,5.737723194151715,18.063384857692736,18.77494883624465,18.063384857692736,0.008619477909293781,0.0
mumbai,2026-08-16,14.7,29.594661712646484,19.08,72.88,Normal,-0.14411791036104665,West-coast orographic,14.7,19.18334738867624,20.826968053059147,11.879981272635222,10.65714574784395,11.879981272635222,0.016024109457271472,0.0
nagpur,2026-08-16,0.2,0.3143283724784851,21.15,79.09,Normal,-0.14411791036104665,Inland,0.2,0.0,0.0,2.6793282064588544,2.008119020444493,2.6793282064588544,0.00039482447586120634,0.0
panaji,2026-08-16,17.4,24.034034729003906,15.49,73.83,Normal,-0.14411791036104665,West-coast orographic,17.4,22.84579506108328,23.86836344820592,12.114188546229165,10.896335198311814,12.114188546229165,0.0022381617138580345,0.0
patna,2026-08-16,1.0,0.0,25.59,85.14,Normal,-0.14411791036104665,Inland,1.0,0.5214751958847046,0.5215214908123016,1.7370701094472871,0.5034924115058913,1.7370701094472871,0.0007195649027865935,0.0
pune,2026-08-16,0.8,1.716382622718811,18.52,73.86,Normal,-0.14411791036104665,Inland,0.8,0.36059353947639466,0.3999231588840486,2.0638427226019997,0.9672602089346654,2.0638427226019997,0.0011631144301644213,0.0
raipur,2026-08-16,7.2,0.8164643049240112,21.25,81.63,Normal,-0.14411791036104665,Inland,7.2,7.908674697875975,7.069624237385835,8.516313942243281,12.9853394850215,8.516313942243281,0.014386000445027802,0.0
ranchi,2026-08-16,7.6000000000000005,0.9844702482223511,23.34,85.31,Normal,-0.14411791036104665,Inland,7.6000000000000005,8.258245944976807,7.297616731362746,12.52181224215344,20.557499521280537,12.52181224215344,0.010570086951411012,0.0
shillong,2026-08-16,6.1,3.209214210510254,25.58,91.89,Normal,-0.14411791036104665,Hill / Himalayan orographic,6.1,6.470234996080399,3.8669912147521974,8.485457828720687,7.363504523401059,8.485457828720687,0.0019534312563683626,0.0
shimla,2026-08-16,26.099999999999998,0.24575068056583405,31.1,77.17,Normal,-0.14411791036104665,Hill / Himalayan orographic,26.099999999999998,35.464168315595195,36.20925484464602,6.382414122993423,4.436272469635383,6.382414122993423,0.006124202863908771,0.0
srinagar,2026-08-16,9.6,0.0,34.08,74.8,Normal,-0.14411791036104665,Hill / Himalayan orographic,9.6,10.770047664642336,7.6472185792118665,2.1315949606431053,1.0912569151887637,2.1315949606431053,0.00796197716023905,0.0
surat,2026-08-16,2.3000000000000003,2.628507375717163,21.17,72.83,Normal,-0.14411791036104665,West-coast orographic,2.3000000000000003,1.9743333458900472,3.598127255358941,0.7130042659637621,0.0,0.7130042659637621,0.0021553067526168482,0.0
thiruvananthapuram,2026-08-16,0.0,0.0,8.52,76.94,Normal,-0.14411791036104665,West-coast orographic,0.0,0.0,0.0,4.111552307426096,3.0504134940425454,4.111552307426096,0.0003213910289186221,0.0
varanasi,2026-08-16,17.6,0.0,25.32,82.97,Normal,-0.14411791036104665,Inland,17.6,23.143661281040753,20.627252674588018,9.791521207428017,15.12563422093411,9.791521207428017,0.023001809591799125,0.0
vijayawada,2026-08-16,0.0,4.90669059753418,16.51,80.65,Normal,-0.14411791036104665,Inland,0.0,0.0,0.0,2.1238027803584756,1.1183844128497527,2.1238027803584756,0.0005921957792242667,0.0
visakhapatnam,2026-08-16,0.0,0.29492807388305664,17.69,83.22,Normal,-0.14411791036104665,East coast,0.0,0.0,0.0,1.7914895753405755,0.27367855998532514,1.7914895753405755,0.0003287114518170891,0.0
agartala,2026-08-17,6.1,4.08932638168335,23.83,91.29,Normal,-0.10483577875319558,Inland,6.1,6.470234996080399,5.71253089904785,13.586336864801419,24.537749232379472,13.586336864801419,0.005510672676113767,0.0
ahmedabad,2026-08-17,0.8,1.6868160963058472,23.02,72.57,Normal,-0.10483577875319558,Inland,0.8,0.36059353947639466,0.3999231588840486,0.6501755909410811,0.0,0.6501755909410811,0.0011739278463554898,0.0
amritsar,2026-08-17,0.6,0.0,31.63,74.87,Normal,-0.10483577875319558,Inland,0.6,0.12638271152973177,0.1497662854194643,1.3203248588767826,0.16231920853229373,1.3203248588767826,0.0013412382483234007,0.0
bengaluru,2026-08-17,0.0,0.0,12.97,77.59,Normal,-0.10483577875319558,Inland,0.0,0.0,0.0,0.9043544277222711,0.0,0.9043544277222711,0.0002522967288461904,0.0
bhopal,2026-08-17,2.7,2.4935054779052734,23.26,77.41,Normal,-0.10483577875319558,Inland,2.7,2.3622823357582097,2.124508704673954,7.499224383258273,10.146398565932842,7.499224383258273,0.00648509093454347,0.0
bhubaneswar,2026-08-17,1.7,21.015409469604492,20.3,85.82,Normal,-0.10483577875319558,East coast,1.7,1.2969571828842161,1.7581817846672227,7.232753320885953,11.457977088029207,7.232753320885953,0.03971273500476827,0.0
chandigarh,2026-08-17,17.2,2.6877870559692383,30.73,76.78,Normal,-0.10483577875319558,Inland,17.2,22.54792884112581,20.092616820960593,8.17721730652028,12.333950934342791,8.17721730652028,0.011024292963757135,0.0
chennai,2026-08-17,0.0,0.0,13.08,80.27,Normal,-0.10483577875319558,East coast,0.0,0.0,0.0,1.9941037000580544,0.3933219653893652,1.9941037000580544,0.0002647604516430784,0.0
dehradun,2026-08-17,32.7,7.539374828338623,30.32,78.03,Normal,-0.10483577875319558,Hill / Himalayan orographic,32.7,42.64099195729132,39.19151923794599,11.044146545037403,11.580074580849118,11.044146545037403,0.014394149377052428,0.0
delhi,2026-08-17,8.7,0.0,28.61,77.21,Normal,-0.10483577875319558,Inland,8.7,9.655623316764832,8.509056560656148,17.119158751354096,30.4162746442183,17.119158751354096,0.06307457267089178,0.0
gangtok,2026-08-17,14.200000000000001,12.412959098815918,27.33,88.61,Normal,-0.10483577875319558,Hill / Himalayan orographic,14.200000000000001,18.650651804606127,18.596617933000843,14.090905754667471,17.786023412779507,14.090905754667471,0.008049516429212679,0.0
guwahati,2026-08-17,47.2,6.814702033996582,26.14,91.74,Normal,-0.10483577875319558,Inland,47.2,71.08762358289532,57.513486989375174,5.714982376674913,7.053665310933699,5.714982376674913,0.0021610606498317195,0.0
hyderabad,2026-08-17,0.2,1.1851054430007935,17.39,78.49,Normal,-0.10483577875319558,Inland,0.2,0.0,0.0,2.5519968788821252,1.8036647020356287,2.5519968788821252,0.0002451366923413412,0.0
jabalpur,2026-08-17,3.6,30.11050796508789,23.18,79.95,Normal,-0.10483577875319558,Inland,3.6,3.320338642597196,2.9705023384094233,4.21290589057782,4.605629091760429,4.21290589057782,0.01357450573440793,0.0
jaipur,2026-08-17,2.3000000000000003,0.0,26.91,75.79,Normal,-0.10483577875319558,Inland,2.3000000000000003,1.9743333458900472,1.7268930983543387,2.2914412874638095,1.4731310393281178,2.2914412874638095,0.0011792148047331437,0.0
jodhpur,2026-08-17,0.0,0.0,26.24,73.02,Normal,-0.10483577875319558,Inland,0.0,0.0,0.0,0.031075405170387618,0.0,0.031075405170387618,0.0001584806155473005,0.0
kochi,2026-08-17,0.0,4.739563941955566,9.93,76.27,Normal,-0.10483577875319558,West-coast orographic,0.0,0.0,0.0,9.37060092888198,8.883835318055775,9.37060092888198,0.0004578981413662704,0.0
kolkata,2026-08-17,5.3,0.2631261348724365,22.57,88.36,Normal,-0.10483577875319558,East coast,5.3,5.434362093607588,9.909178604646161,13.63085265315334,27.556439923183333,13.63085265315334,0.09403212830801026,0.0
lucknow,2026-08-17,47.3,26.211671829223633,26.85,80.95,Normal,-0.10483577875319558,Inland,47.3,71.23773460880162,57.6904879445534,9.271064268636477,14.227692202710989,9.271064268636477,0.010075815504147876,0.0
madurai,2026-08-17,0.0,0.0,9.93,78.12,Normal,-0.10483577875319558,Inland,0.0,0.0,0.0,0.9698923791245211,0.0018538015559378526,0.9698923791245211,0.00027507906123546533,0.0
mangaluru,2026-08-17,2.0,17.811967849731445,12.91,74.86,Normal,-0.10483577875319558,West-coast orographic,2.0,1.648445600271225,3.1078012543209526,19.634442017291835,20.911651069736696,19.634442017291835,0.003347804039712252,0.0
mumbai,2026-08-17,14.799999999999999,8.709590911865234,19.08,72.88,Normal,-0.10483577875319558,West-coast orographic,14.799999999999999,19.27758703913008,20.918587513208394,13.06579004311489,12.296866712356033,13.06579004311489,0.016024109457271472,0.0
nagpur,2026-08-17,3.1,2.4842135906219482,21.15,79.09,Normal,-0.10483577875319558,Inland,3.1,2.752628970146178,2.4470520569453726,4.638011470793246,5.409489722691005,4.638011470793246,0.008461327625510757,0.0
panaji,2026-08-17,23.2,4.37644100189209,15.49,73.83,Normal,-0.10483577875319558,West-coast orographic,23.2,30.62966852629868,31.299439676565715,11.467960938153684,10.197539201337456,11.467960938153684,0.007664961404595209,0.0
patna,2026-08-17,4.9,0.0,25.59,85.14,Normal,-0.10483577875319558,Inland,4.9,4.947110891342164,4.464526805561551,5.821771255664185,7.190006393241606,5.821771255664185,0.003445370189184315,0.0
pune,2026-08-17,0.8,0.6223893165588379,18.52,73.86,Normal,-0.10483577875319558,Inland,0.8,0.36059353947639466,0.3999231588840486,2.0638427226019997,0.9672602089346654,2.0638427226019997,0.0011631144301644213,0.0
raipur,2026-08-17,5.7,4.3329758644104,21.25,81.63,Normal,-0.10483577875319558,Inland,5.7,5.97920289039612,5.453433494567869,10.086048335246812,15.956809510760937,10.086048335246812,0.0517108927314389,0.0
ranchi,2026-08-17,19.8,0.0,23.34,85.31,Normal,-0.10483577875319558,Inland,19.8,25.65324055329534,25.298747721133036,11.603193425589762,18.919500314596135,11.603193425589762,0.014627278972710551,0.0
shillong,2026-08-17,3.4000000000000004,49.798805236816406,25.58,91.89,Normal,-0.10483577875319558,Hill / Himalayan orographic,3.4000000000000004,3.1045139352480566,1.678962564998203,10.424289907353886,10.49783256676012,10.424289907353886,0.0013481755336125151,0.0
shimla,2026-08-17,12.600000000000001,2.203291177749634,31.1,77.17,Normal,-0.10483577875319558,Hill / Himalayan orographic,12.600000000000001,16.10669684538969,14.284812450408939,7.00272202881826,5.451978716805564,7.00272202881826,0.00944587004189751,0.0
srinagar,2026-08-17,12.5,3.261789321899414,34.08,74.8,Normal,-0.10483577875319558,Hill / Himalayan orographic,12.5,15.907496859576227,13.619720621806826,1.9170593253505077,0.9274262706383031,1.9170593253505077,0.004737612536920769,0.0
surat,2026-08-17,2.0,4.964797019958496,21.17,72.83,Normal,-0.10483577875319558,West-coast orographic,2.0,1.648445600271225,3.1078012543209526,0.7130042659637621,0.0,0.7130042659637621,0.0021553067526168482,0.0
thiruvananthapuram,2026-08-17,0.0,5.270567893981934,8.52,76.94,Normal,-0.10483577875319558,West-coast orographic,0.0,0.0,0.0,4.111552307426096,3.0504134940425454,4.111552307426096,0.0003213910289186221,0.0
varanasi,2026-08-17,13.4,9.572466850280762,25.32,82.97,Normal,-0.10483577875319558,Inland,13.4,17.59793863296509,15.67276910400389,8.36686372782014,12.700437793899315,8.36686372782014,0.015017020599519211,0.0
vijayawada,2026-08-17,0.0,2.3376715183258057,16.51,80.65,Normal,-0.10483577875319558,Inland,0.0,0.0,0.0,2.1238027803584756,1.1183844128497527,2.1238027803584756,0.0005921957792242667,0.0
visakhapatnam,2026-08-17,0.0,0.0,17.69,83.22,Normal,-0.10483577875319558,East coast,0.0,0.0,0.0,1.7914895753405755,0.27367855998532514,1.7914895753405755,0.0003287114518170891,0.0
agartala,2026-08-18,6.4,5.563830852508545,23.83,91.29,Normal,-0.12387731575119927,Inland,6.4,6.762043645305018,5.917920199307527,12.599587917613109,20.734424328052892,12.599587917613109,0.0054646538127590405,0.0
ahmedabad,2026-08-18,0.5,2.4884471893310547,23.02,72.57,Normal,-0.12387731575119927,Inland,0.5,0.09249268360435961,0.11834257245063781,0.6702350830037055,0.0,0.6702350830037055,0.003223723231129413,0.0
amritsar,2026-08-18,0.0,0.0,31.63,74.87,Normal,-0.12387731575119927,Inland,0.0,0.0,0.0,0.25856186031749884,0.0,0.25856186031749884,0.00021478045308695673,0.0
bengaluru,2026-08-18,0.0,0.8152695894241333,12.97,77.59,Normal,-0.12387731575119927,Inland,0.0,0.0,0.0,0.9043544277222711,0.0,0.9043544277222711,0.0002522967288461904,0.0
bhopal,2026-08-18,1.2,0.23180198669433594,23.26,77.41,Normal,-0.12387731575119927,Inland,1.2,0.7089693486690521,0.7119464397430424,6.53240140025039,8.205114894201598,6.53240140025039,0.004278983670939213,0.0
bhubaneswar,2026-08-18,5.8,0.0,20.3,85.82,Normal,-0.12387731575119927,East coast,5.8,6.131616139411928,11.70462355490934,13.867039333490515,28.643448586568983,13.867039333490515,0.08946178152514433,0.0
chandigarh,2026-08-18,21.2,28.387378692626953,30.73,76.78,Normal,-0.12387731575119927,Inland,21.2,27.23391921647633,26.88451494189278,7.418558251892586,9.842301100466662,7.418558251892586,0.013515493500570588,0.0
chennai,2026-08-18,0.0,3.3519814014434814,13.08,80.27,Normal,-0.12387731575119927,East coast,0.0,0.0,0.0,1.7121119572819963,0.24301837273437063,1.7121119572819963,0.0002647604516430784,0.0
dehradun,2026-08-18,34.9,97.28555297851562,30.32,78.03,Normal,-0.12387731575119927,Hill / Himalayan orographic,34.9,45.8071197565051,39.70998799823478,13.85558528667635,17.32387976103016,13.85558528667635,0.033001429220534256,0.0
delhi,2026-08-18,20.2,0.0,28.61,77.21,Normal,-0.12387731575119927,Inland,20.2,26.10486302848991,25.751824069921533,11.15400171037224,18.01364215786498,11.15400171037224,0.028743716395277764,0.0
gangtok,2026-08-18,5.6,16.469547271728516,27.33,88.61,Normal,-0.12387731575119927,Hill / Himalayan orographic,5.6,5.82678964138031,3.5340020656585693,16.264017002260125,25.903367807658476,16.264017002260125,0.011552426142640878,0.0
guwahati,2026-08-18,44.1,0.4870663285255432,26.14,91.74,Normal,-0.12387731575119927,Inland,44.1,66.13518451281975,52.026457378849955,5.714982376674913,7.053665310933699,5.714982376674913,0.0021610606498317195,0.0
hyderabad,2026-08-18,0.0,0.5168641805648804,17.39,78.49,Normal,-0.12387731575119927,Inland,0.0,0.0,0.0,2.0529032314239566,0.9463820925291564,2.0529032314239566,0.0002451366923413412,0.0
jabalpur,2026-08-18,0.9,0.09091190993785858,23.18,79.95,Normal,-0.12387731575119927,Inland,0.9,0.4346382156014442,0.43608651161193834,4.020393697461951,4.347678942496664,4.020393697461951,0.0026587347015103054,0.0
jaipur,2026-08-18,0.0,0.0,26.91,75.79,Normal,-0.12387731575119927,Inland,0.0,0.0,0.0,0.6519512469388716,0.0,0.6519512469388716,0.00019313010414118067,0.0
jodhpur,2026-08-18,0.0,0.0,26.24,73.02,Normal,-0.12387731575119927,Inland,0.0,0.0,0.0,0.031075405170387618,0.0,0.031075405170387618,0.0001584806155473005,0.0
kochi,2026-08-18,0.0,0.0,9.93,76.27,Normal,-0.12387731575119927,West-coast orographic,0.0,0.0,0.0,9.37060092888198,8.883835318055775,9.37060092888198,0.0004578981413662704,0.0
kolkata,2026-08-18,19.5,77.25830841064453,22.57,88.36,Normal,-0.12387731575119927,East coast,19.5,25.314523696899414,39.80919649847618,12.54566241909275,22.99254153012546,12.54566241909275,0.13735162400300532,0.0
lucknow,2026-08-18,26.7,25.925628662109375,26.85,80.95,Normal,-0.12387731575119927,Inland,26.7,36.339733696378744,33.88423978227859,9.184436644974406,14.114644708167553,9.184436644974406,0.00892874158559872,0.0
madurai,2026-08-18,0.1,27.720523834228516,9.93,78.12,Normal,-0.12387731575119927,Inland,0.1,0.0,0.0,1.1550373545880854,0.08514778746469424,1.1550373545880854,0.00027507906123546533,0.0
mangaluru,2026-08-18,2.2,12.810969352722168,12.91,74.86,Normal,-0.12387731575119927,West-coast orographic,2.2,1.7901574373245244,3.3285115837646746,17.350026737691245,18.235380905727023,17.350026737691245,0.0030805655508165256,0.0
mumbai,2026-08-18,6.5,21.11768913269043,19.08,72.88,Normal,-0.12387731575119927,West-coast orographic,6.5,6.851511493805915,9.607257901047522,8.618470868960886,8.138407484420037,8.618470868960886,0.028650158594449984,0.0
nagpur,2026-08-18,7.7,0.00850233156234026,21.15,79.09,Normal,-0.12387731575119927,Inland,7.7,8.384623169898987,7.382029261291023,12.61533037165563,20.79760331185762,12.61533037165563,0.019425608527811448,0.0
panaji,2026-08-18,15.5,3.405196189880371,15.49,73.83,Normal,-0.12387731575119927,West-coast orographic,15.5,19.937264592306956,21.559923734253104,10.703685966875947,9.737446674716603,10.703685966875947,0.0019861196296470894,0.0
patna,2026-08-18,13.1,17.339662551879883,25.59,85.14,Normal,-0.12387731575119927,Inland,13.1,17.05151772499084,15.195738628387435,8.152533638833399,12.28625037774437,8.152533638833399,0.00958440026306427,0.0
pune,2026-08-18,0.0,0.9159383773803711,18.52,73.86,Normal,-0.12387731575119927,Inland,0.0,0.0,0.0,0.8198283036956645,0.0,0.8198283036956645,0.0002441640010517512,0.0
raipur,2026-08-18,7.6,92.50932312011719,21.25,81.63,Normal,-0.12387731575119927,Inland,7.6,8.258245944976807,7.297616731362745,12.636257479556756,20.881589798817895,12.636257479556756,0.027851095516081382,0.0
ranchi,2026-08-18,93.4,60.53693389892578,23.34,85.31,Normal,-0.12387731575119927,Inland,93.4,114.96220285339915,215.12860873510692,31.103658635544097,58.53045909819779,31.103658635544097,0.022307126632241738,1.0
shillong,2026-08-18,7.1,14.812483787536621,25.58,91.89,Normal,-0.12387731575119927,Hill / Himalayan orographic,7.1,7.821281886100766,4.503814172744753,7.450140118106502,5.665000988274228,7.450140118106502,0.0019534312563683626,0.0
shimla,2026-08-18,49.5,9.509275436401367,31.1,77.17,Normal,-0.12387731575119927,Hill / Himalayan orographic,49.5,74.54017717874038,49.229738732842115,9.839515009167819,10.003163774474128,9.839515009167819,0.007613592202999501,0.0
srinagar,2026-08-18,19.2,0.0,34.08,74.8,Normal,-0.12387731575119927,Hill / Himalayan orographic,19.2,25.002645870117604,24.106499192425037,1.649463574584688,0.6695145291916875,1.649463574584688,0.005731578101651071,0.0
surat,2026-08-18,1.4000000000000001,0.6633139252662659,21.17,72.83,Normal,-0.12387731575119927,West-coast orographic,1.4000000000000001,0.8937811970710754,1.5507750221920504,0.4676852175679379,0.0,0.4676852175679379,0.0013871621976189324,0.0
thiruvananthapuram,2026-08-18,0.0,1.4242479801177979,8.52,76.94,Normal,-0.12387731575119927,West-coast orographic,0.0,0.0,0.0,4.111552307426096,3.0504134940425454,4.111552307426096,0.0003213910289186221,0.0
varanasi,2026-08-18,104.0,0.20186322927474976,25.32,82.97,Normal,-0.12387731575119927,Inland,104.0,122.9995532935623,254.65395221773878,28.796215289181124,49.80604980512248,28.796215289181124,0.05565820014474891,1.0
vijayawada,2026-08-18,0.0,0.0,16.51,80.65,Normal,-0.12387731575119927,Inland,0.0,0.0,0.0,2.1238027803584756,1.1183844128497527,2.1238027803584756,0.0005921957792242667,0.0
visakhapatnam,2026-08-18,0.0,0.0,17.69,83.22,Normal,-0.12387731575119927,East coast,0.0,0.0,0.0,1.5247680220760058,0.10865107106616387,1.5247680220760058,0.0003287114518170891,0.0
agartala,2026-08-19,2.6999999999999997,0.6930461525917053,23.83,91.29,Normal,-0.3303553426652603,Inland,2.6999999999999997,2.3622823357582092,2.1245087046739535,7.9399190826434465,11.844850147788657,7.9399190826434465,0.0015143050848642964,0.0
ahmedabad,2026-08-19,0.5,0.0,23.02,72.57,Normal,-0.3303553426652603,Inland,0.5,0.09249268360435961,0.11834257245063781,0.6702350830037055,0.0,0.6702350830037055,0.0037561910941438094,0.0
amritsar,2026-08-19,7.800000000000001,0.0,31.63,74.87,Normal,-0.3303553426652603,Inland,7.800000000000001,8.511000394821167,7.471663582921027,5.9724132306863815,7.3599938538051095,5.9724132306863815,0.02717664615202642,0.0
bengaluru,2026-08-19,0.2,0.0,12.97,77.59,Normal,-0.3303553426652603,Inland,0.2,0.0,0.0,1.7745486664893932,0.5524909549828374,1.7745486664893932,0.00023739823156793946,0.0
bhopal,2026-08-19,2.6,0.0,23.26,77.41,Normal,-0.3303553426652603,Inland,2.6,2.2584426701068887,2.0543793392181393,7.499224383258273,10.146398565932842,7.499224383258273,0.004784313467532631,0.0
bhubaneswar,2026-08-19,2.0,0.028124909847974777,20.3,85.82,Normal,-0.3303553426652603,East coast,2.0,1.648445600271225,2.430654152646006,6.454488950806434,9.402465781051662,6.454488950806434,0.003866239439864322,0.0
chandigarh,2026-08-19,6.8,43.586830139160156,30.73,76.78,Normal,-0.3303553426652603,Inland,6.8,7.245244990003864,6.388873741149902,14.589337146326685,27.21169204631451,14.589337146326685,0.03748074578562733,0.0
chennai,2026-08-19,0.0,0.05624496936798096,13.08,80.27,Normal,-0.3303553426652603,East coast,0.0,0.0,0.0,1.7805880263822043,0.26490009570709694,1.7805880263822043,0.00024912613638999897,0.0
dehradun,2026-08-19,20.3,16.879060745239258,30.32,78.03,Normal,-0.3303553426652603,Hill / Himalayan orographic,20.3,26.21776864728855,25.71501880185824,6.767273164932772,5.249555413201771,6.767273164932772,0.02634009435976309,0.0
delhi,2026-08-19,11.6,0.7805018424987793,28.61,77.21,Normal,-0.3303553426652603,Inland,11.6,14.305537923177086,12.813110160827634,19.42527690907143,35.633332844852525,19.42527690907143,0.07364935089222507,0.0
gangtok,2026-08-19,6.1,20.252931594848633,27.33,88.61,Normal,-0.3303553426652603,Hill / Himalayan orographic,6.1,6.470234996080399,3.8669912147521974,15.778176541839079,24.66253867090947,15.778176541839079,0.004339056696916059,0.0
guwahati,2026-08-19,17.3,5.454639434814453,26.14,91.74,Normal,-0.3303553426652603,Inland,17.3,22.696861951104548,20.226275784367452,6.540249870016821,8.214677173641283,6.540249870016821,0.0013769032764173246,0.0
hyderabad,2026-08-19,0.0,7.887574195861816,17.39,78.49,Normal,-0.3303553426652603,Inland,0.0,0.0,0.0,2.0529032314239566,0.9463820925291564,2.0529032314239566,0.00023066090832293295,0.0
jabalpur,2026-08-19,15.0,19.42840576171875,23.18,79.95,Normal,-0.3303553426652603,Inland,15.0,19.46606634003776,17.493486291975984,11.740256724979403,19.195907700427966,11.740256724979403,0.012803659302803904,0.0
jaipur,2026-08-19,5.5,0.0,26.91,75.79,Normal,-0.3303553426652603,Inland,5.5,5.674376392364502,5.218386357625323,5.822060744978412,7.190375994334827,5.822060744978412,0.046085589019717765,0.0
jodhpur,2026-08-19,0.0,0.0,26.24,73.02,Normal,-0.3303553426652603,Inland,0.0,0.0,0.0,0.022656404753759643,0.0,0.022656404753759643,0.00016194670580164103,0.0
kochi,2026-08-19,0.0,11.587024688720703,9.93,76.27,Normal,-0.3303553426652603,West-coast orographic,0.0,0.0,0.0,8.704138677648725,8.227201501500476,8.704138677648725,0.0004308638071930957,0.0
kolkata,2026-08-19,3.8000000000000003,38.63767623901367,22.57,88.36,Normal,-0.3303553426652603,East coast,3.8000000000000003,3.69636812210083,6.533721389770512,6.65021516456109,9.573687745375892,6.65021516456109,0.011118855954212248,0.0
lucknow,2026-08-19,9.5,8.972674369812012,26.85,80.95,Normal,-0.3303553426652603,Inland,9.5,10.648592070170814,9.330160827636726,6.597836175955628,8.28483815605869,6.597836175955628,0.013159271943812135,0.0
madurai,2026-08-19,0.0,0.05725160613656044,9.93,78.12,Normal,-0.3303553426652603,Inland,0.0,0.0,0.0,0.9698923791245211,0.0018538015559378526,0.9698923791245211,0.00025883558163481167,0.0
mangaluru,2026-08-19,0.5,37.640281677246094,12.91,74.86,Normal,-0.3303553426652603,West-coast orographic,0.5,0.09249268360435961,0.14617664551685616,14.617554197659379,14.339658696503909,14.617554197659379,0.0038850395171038474,0.0
mumbai,2026-08-19,18.0,3.8157150745391846,19.08,72.88,Normal,-0.3303553426652603,West-coast orographic,18.0,23.739393720955686,24.81171254573812,19.89300597053533,21.58783916121676,19.89300597053533,0.01281953269345066,0.0
nagpur,2026-08-19,5.2,0.19221262633800507,21.15,79.09,Normal,-0.3303553426652603,Inland,5.2,5.314354944229131,4.749562108817219,12.091260332235867,19.815197505833822,12.091260332235867,0.029589716417515302,0.0
panaji,2026-08-19,26.9,11.683978080749512,15.49,73.83,Normal,-0.3303553426652603,West-coast orographic,26.9,36.63158882330659,37.46419520070354,8.310630954126541,7.886287460756138,8.310630954126541,0.0032882551876156824,0.0
patna,2026-08-19,12.9,4.659769058227539,25.59,85.14,Normal,-0.3303553426652603,Inland,12.9,16.68723711967468,14.877718311309799,9.37539783785395,14.363845638511323,9.37539783785395,0.009806232081077827,0.0
pune,2026-08-19,0.1,0.7711904048919678,18.52,73.86,Normal,-0.3303553426652603,Inland,0.1,0.0,0.0,0.9968355252602493,0.012198163763133468,0.9968355252602493,0.00022974564308886585,0.0
raipur,2026-08-19,6.3,6.4309868812561035,21.25,81.63,Normal,-0.3303553426652603,Inland,6.3,6.672575796804121,5.8494570992209685,9.402871572224438,14.39969836891117,9.402871572224438,0.010408082199203148,0.0
ranchi,2026-08-19,41.9,42.10535430908203,23.34,85.31,Normal,-0.3303553426652603,Inland,41.9,61.83608438628066,48.13243636492882,12.6355700084084,20.87883077989805,12.6355700084084,0.006916878760393657,0.0
shillong,2026-08-19,3.0,7.605155944824219,25.58,91.89,Normal,-0.3303553426652603,Hill / Himalayan orographic,3.0,2.6520632624626153,1.43702767973795,8.49399474828379,7.38215459160832,8.49399474828379,0.0008098597611697127,0.0
shimla,2026-08-19,2.2,15.903433799743652,31.1,77.17,Normal,-0.3303553426652603,Hill / Himalayan orographic,2.2,1.7901574373245244,1.1139807927608492,2.8951151856502646,1.463285009178487,2.8951151856502646,0.0012382683694958127,0.0
srinagar,2026-08-19,13.7,0.0,34.08,74.8,Normal,-0.3303553426652603,Hill / Himalayan orographic,13.7,18.076957999335395,16.99446133284134,2.402839039998144,1.196482008218918,2.402839039998144,0.0028131641099235776,0.0
surat,2026-08-19,4.2,0.0,21.17,72.83,Normal,-0.3303553426652603,West-coast orographic,4.2,4.319801521301271,7.121605405717518,5.110727488519185,4.544503368236912,5.110727488519185,0.016443336983795298,0.0
thiruvananthapuram,2026-08-19,0.0,0.0,8.52,76.94,Normal,-0.3303553426652603,West-coast orographic,0.0,0.0,0.0,3.73721673268414,2.776196930579491,3.73721673268414,0.00030241364459837193,0.0
varanasi,2026-08-19,14.5,27.130874633789062,25.32,82.97,Normal,-0.3303553426652603,Inland,14.5,18.994868087768563,16.996581752382472,9.845019864754777,15.276611016648063,9.845019864754777,0.01738262063282436,0.0
vijayawada,2026-08-19,1.0,4.302905559539795,16.51,80.65,Normal,-0.3303553426652603,Inland,1.0,0.5214751958847046,0.5215214908123016,3.7174572759961833,3.8965681849314517,3.7174572759961833,0.003202839272359155,0.0
visakhapatnam,2026-08-19,1.2,0.0,17.69,83.22,Normal,-0.3303553426652603,East coast,1.2,0.7089693486690521,0.9632209539413455,3.1795164488832515,1.6764151048408538,3.1795164488832515,0.001975203850853167,0.0
agartala,2026-08-20,0.7,9.997726440429688,23.83,91.29,Normal,-0.2874776739830508,Inland,0.7,0.22467496991157532,0.2559761136770248,6.433605504318615,8.038973187107462,6.433605504318615,0.002155755251976753,0.0
ahmedabad,2026-08-20,0.0,0.0,23.02,72.57,Normal,-0.2874776739830508,Inland,0.0,0.0,0.0,0.0598686822557912,0.0,0.0598686822557912,0.00023043560879536538,0.0
amritsar,2026-08-20,1.9,0.0,31.63,74.87,Normal,-0.2874776739830508,Inland,1.9,1.461609435081482,1.5310784697532658,2.022841377871998,0.8890087771154657,2.022841377871998,0.0011611829522195727,0.0
bengaluru,2026-08-20,0.2,9.94897747039795,12.97,77.59,Normal,-0.2874776739830508,Inland,0.2,0.0,0.0,1.7745486664893932,0.5524909549828374,1.7745486664893932,0.00023739823156793946,0.0
bhopal,2026-08-20,5.2,1.1297460794448853,23.26,77.41,Normal,-0.2874776739830508,Inland,5.2,5.314354944229131,4.749562108817219,20.527956915191442,36.745866475513765,20.527956915191442,0.17265943893390348,0.0
bhubaneswar,2026-08-20,1.0999999999999999,0.0,20.3,85.82,Normal,-0.2874776739830508,East coast,1.0999999999999999,0.6145887523889539,0.7112089717388151,6.287907358868318,9.345967865351675,6.287907358868318,0.005473786894440122,0.0
chandigarh,2026-08-20,17.5,9.472845077514648,30.73,76.78,Normal,-0.2874776739830508,Inland,17.5,22.994728171062015,20.49359371118116,8.055362008441831,12.098468686868777,8.055362008441831,0.013144566371286982,0.0
chennai,2026-08-20,0.1,0.04477102309465408,13.08,80.27,Normal,-0.2874776739830508,East coast,0.1,0.0,0.012644547307863824,2.037355324660535,0.4056951022535413,2.037355324660535,0.00024912613638999897,0.0
dehradun,2026-08-20,16.2,40.3106803894043,30.32,78.03,Normal,-0.2874776739830508,Hill / Himalayan orographic,16.2,20.840730171544216,22.0640236485906,6.06515243864578,3.95305464179021,6.06515243864578,0.007847161089265125,0.0
delhi,2026-08-20,7.300000000000001,0.5203345417976379,28.61,77.21,Normal,-0.2874776739830508,Inland,7.300000000000001,7.9960675096511835,7.126622360880063,17.346947275153735,30.993425396474642,17.346947275153735,0.04396306091829726,0.0
gangtok,2026-08-20,2.4000000000000004,0.8815869688987732,27.33,88.61,Normal,-0.2874776739830508,Hill / Himalayan orographic,2.4000000000000004,2.0644681751728076,1.1690959978103637,5.474558049588982,3.574537720086877,5.474558049588982,0.002072806746620363,0.0
guwahati,2026-08-20,9.4,1.0444945096969604,26.14,91.74,Normal,-0.2874776739830508,Inland,9.4,10.52713647569929,9.230626418344826,4.60061228657579,5.352747061152893,4.60061228657579,0.002911584888877315,0.0
hyderabad,2026-08-20,0.1,3.6395139694213867,17.39,78.49,Normal,-0.2874776739830508,Inland,0.1,0.0,0.0,2.3279692211116556,1.5484643091385495,2.3279692211116556,0.00023066090832293295,0.0
jabalpur,2026-08-20,7.5,51.796470642089844,23.18,79.95,Normal,-0.2874776739830508,Inland,7.5,8.170853133201598,7.240618607868518,9.74152076056416,14.984529609548003,9.74152076056416,0.026864778121647375,0.0
jaipur,2026-08-20,3.4,0.0,26.91,75.79,Normal,-0.2874776739830508,Inland,3.4,3.104513935248056,2.727054047584535,2.6533708426511153,1.9724948804032874,2.6533708426511153,0.003784420949127088,0.0
jodhpur,2026-08-20,0.0,0.0,26.24,73.02,Normal,-0.2874776739830508,Inland,0.0,0.0,0.0,0.022656404753759643,0.0,0.022656404753759643,0.00016194670580164103,0.0
kochi,2026-08-20,0.9,1.1583919525146484,9.93,76.27,Normal,-0.2874776739830508,West-coast orographic,0.9,0.4346382156014442,0.6800346904993068,16.731994986898407,17.271478219163026,16.731994986898407,0.004081234779209153,0.0
kolkata,2026-08-20,9.0,0.0,22.57,88.36,Normal,-0.2874776739830508,East coast,9.0,10.041314097813197,17.76455776512849,9.379571858100986,16.664331391220582,9.379571858100986,0.07643675954539202,0.0
lucknow,2026-08-20,19.5,15.023032188415527,26.85,80.95,Normal,-0.2874776739830508,Inland,19.5,25.314523696899414,24.95894045954166,8.392023565227602,12.749058536306226,8.392023565227602,0.026487645676878037,0.0
madurai,2026-08-20,2.0,2.0579030513763428,9.93,78.12,Normal,-0.2874776739830508,Inland,2.0,1.648445600271225,1.5808052289485932,3.7414790779561846,3.9314736302690716,3.7414790779561846,0.0020758946032202034,0.0
mangaluru,2026-08-20,5.5,34.65928268432617,12.91,74.86,Normal,-0.2874776739830508,West-coast orographic,5.5,5.674376392364502,8.421147384643557,24.042337364072694,27.91458610945827,24.042337364072694,0.022128756487687744,0.0
mumbai,2026-08-20,2.6,5.365706443786621,19.08,72.88,Normal,-0.2874776739830508,West-coast orographic,2.6,2.2584426701068887,4.468692362777833,1.7583188273860173,0.8702741218843018,1.7583188273860173,0.0016090716347462982,0.0
nagpur,2026-08-20,4.7,0.1305345892906189,21.15,79.09,Normal,-0.2874776739830508,Inland,4.7,4.756075180493869,4.281562617619834,7.017835742465905,9.102280611032064,7.017835742465905,0.00852936328510744,0.0
panaji,2026-08-20,21.3,12.255050659179688,15.49,73.83,Normal,-0.2874776739830508,West-coast orographic,21.3,27.346824835274973,28.132265737567288,9.587145351676549,9.028795025851725,9.587145351676549,0.0032342023200814885,0.0
patna,2026-08-20,1.9,1.3240745067596436,25.59,85.14,Normal,-0.2874776739830508,Inland,1.9,1.461609435081482,1.5310784697532658,2.2282986041842143,1.2926198549640904,2.2282986041842143,0.0008657480215246351,0.0
pune,2026-08-20,0.4,1.195016860961914,18.52,73.86,Normal,-0.2874776739830508,Inland,0.4,0.06875392347574218,0.08588373139500625,2.0026057630875624,0.8649741331834576,2.0026057630875624,0.0016663666002670013,0.0
raipur,2026-08-20,0.8,0.5713059306144714,21.25,81.63,Normal,-0.2874776739830508,Inland,0.8,0.36059353947639466,0.3999231588840486,4.766532253509722,5.571790782882342,4.766532253509722,0.0023782273392086066,0.0
ranchi,2026-08-20,0.8,2.892223596572876,23.34,85.31,Normal,-0.2874776739830508,Inland,0.8,0.36059353947639466,0.3999231588840486,4.03414424584761,4.368516996796518,4.03414424584761,0.0010824884360686022,0.0
shillong,2026-08-20,6.7,0.6905284523963928,25.58,91.89,Normal,-0.2874776739830508,Hill / Himalayan orographic,6.7,7.062940140987955,4.288615194250036,8.002167315885767,6.4895663793410945,8.002167315885767,0.0018552245457648833,0.0
shimla,2026-08-20,10.1,2.785794973373413,31.1,77.17,Normal,-0.2874776739830508,Hill / Himalayan orographic,10.1,11.43682263447689,8.743885478541857,7.681198639965155,5.806749925709746,7.681198639965155,0.008956938037131455,0.0
srinagar,2026-08-20,18.8,1.7334004640579224,34.08,74.8,Normal,-0.2874776739830508,Hill / Himalayan orographic,18.8,24.586808767741857,23.93458640196614,1.5949871005409033,0.6116178024608496,1.5949871005409033,0.005802076687008822,0.0
surat,2026-08-20,1.1,0.0,21.17,72.83,Normal,-0.2874776739830508,West-coast orographic,1.1,0.6145887523889542,0.9616377186775207,0.42134601709573,0.0,0.42134601709573,0.0012352558222947794,0.0
thiruvananthapuram,2026-08-20,0.0,0.0,8.52,76.94,Normal,-0.2874776739830508,West-coast orographic,0.0,0.0,0.0,3.73721673268414,2.776196930579491,3.73721673268414,0.00030241364459837193,0.0
varanasi,2026-08-20,29.1,0.8626322150230408,25.32,82.97,Normal,-0.2874776739830508,Inland,29.1,38.67102007606309,35.59385412278288,7.2861052422075225,9.637460601171412,7.2861052422075225,0.016014526559456715,0.0
vijayawada,2026-08-20,0.2,0.1774463653564453,16.51,80.65,Normal,-0.2874776739830508,Inland,0.2,0.0,0.0,2.6309772328392995,1.9417616712117443,2.6309772328392995,0.0005572369246496983,0.0
visakhapatnam,2026-08-20,0.0,0.0,17.69,83.22,Normal,-0.2874776739830508,East coast,0.0,0.0,0.0,1.5894269565966992,0.13922487538661493,1.5894269565966992,0.00030930194748281405,0.0
agartala,2026-08-21,5.2,1.090172529220581,23.83,91.29,Normal,-0.09313713206837919,Inland,5.2,4.947110891342164,4.3813676516215025,12.75680268029362,24.61319292072422,12.75680268029362,0.007185891464807353,0.0
ahmedabad,2026-08-21,0.0,0.11832021176815033,23.02,72.57,Normal,-0.09313713206837919,Inland,0.0,0.0,0.0,0.3793325179150431,0.0,0.3793325179150431,0.0002490752181064362,0.0
amritsar,2026-08-21,4.9,1.1259387731552124,31.63,74.87,Normal,-0.09313713206837919,Inland,4.9,4.662586212158203,4.12708867311478,2.8319539884460037,2.562295208647948,2.8319539884460037,0.003586936628364493,0.0
bengaluru,2026-08-21,0.0,7.96744441986084,12.97,77.59,Normal,-0.09313713206837919,Inland,0.0,0.0,0.0,0.5485519896304335,0.0,0.5485519896304335,0.00018638040463148423,0.0
bhopal,2026-08-21,2.4,0.0,23.26,77.41,Normal,-0.09313713206837919,Inland,2.4,1.9150089025497437,1.6930112481117245,2.476870807707645,1.7044684383139974,2.476870807707645,0.0014928512638268752,0.0
bhubaneswar,2026-08-21,2.0,1.134439468383789,20.3,85.82,Normal,-0.09313713206837919,East coast,2.0,1.4576478958129877,2.7084726516774147,7.702138004576079,11.690655945356202,7.702138004576079,0.001770076184777977,0.0
chandigarh,2026-08-21,5.7,0.0,30.73,76.78,Normal,-0.09313713206837919,Inland,5.7,5.5090454101562525,4.904534530639649,8.845589225411855,15.529077845884942,8.845589225411855,0.05610680298236699,0.0
chennai,2026-08-21,0.0,0.0,13.08,80.27,Normal,-0.09313713206837919,East coast,0.0,0.0,0.0,0.7305001076697567,0.0,0.7305001076697567,0.00016970135702525595,0.0
dehradun,2026-08-21,11.7,27.5179443359375,30.32,78.03,Normal,-0.09313713206837919,Hill / Himalayan orographic,11.7,13.542624998092654,9.389385066986085,14.730320781195003,21.798345825319696,14.730320781195003,0.016604559374083068,0.0
delhi,2026-08-21,1.4,3.279123544692993,28.61,77.21,Normal,-0.09313713206837919,Inland,1.4,0.8282277017831807,0.7119464397430424,1.268647582542487,0.12655385603584662,1.268647582542487,0.001188804442286444,0.0
gangtok,2026-08-21,10.4,35.929874420166016,27.33,88.61,Normal,-0.09313713206837919,Hill / Himalayan orographic,10.4,11.181139287948614,7.580589133112422,10.845292910739516,11.13942582594121,10.845292910739516,0.0023186807354495915,0.0
guwahati,2026-08-21,17.6,11.571256637573242,26.14,91.74,Normal,-0.09313713206837919,Inland,17.6,22.12418670654294,19.562254879474636,2.5755012416218275,1.8786877998336093,2.5755012416218275,0.0015975774210043034,0.0
hyderabad,2026-08-21,1.5,0.15332891047000885,17.39,78.49,Normal,-0.09313713206837919,Inland,1.5,0.9143254399299627,0.8064583754539493,2.986579906160181,2.8675571795082018,2.986579906160181,0.00033454713240528593,0.0
jabalpur,2026-08-21,3.5,11.800731658935547,23.18,79.95,Normal,-0.09313713206837919,Inland,3.5,3.0022623538970947,2.603669433593751,2.6140972102977,1.9862692347801116,2.6140972102977,0.0018922075986655558,0.0
jaipur,2026-08-21,1.2,0.04229104146361351,26.91,75.79,Normal,-0.09313713206837919,Inland,1.2,0.6495207250118256,0.5906436854600905,1.1490622072780863,0.05671265542894817,1.1490622072780863,0.0004085450700378199,0.0
jodhpur,2026-08-21,0.0,0.0,26.24,73.02,Normal,-0.09313713206837919,Inland,0.0,0.0,0.0,0.17119367834667118,0.0,0.17119367834667118,0.00016638719175788205,0.0
kochi,2026-08-21,0.30000000000000004,0.20088456571102142,9.93,76.27,Normal,-0.09313713206837919,West-coast orographic,0.30000000000000004,0.008457344025373516,0.05131857190281153,2.7752488940822713,2.4725319212566887,2.7752488940822713,0.0002164177871008532,0.0
kolkata,2026-08-21,0.0,0.003924792632460594,22.57,88.36,Normal,-0.09313713206837919,East coast,0.0,0.0,0.0,1.855373403551289,0.39614669285909726,1.855373403551289,0.00030224211384594177,0.0
lucknow,2026-08-21,13.8,0.0,26.85,80.95,Normal,-0.09313713206837919,Inland,13.8,17.437096209139444,14.763142213260432,3.166470983546614,3.401635605074428,3.166470983546614,0.0014647584654179813,0.0
madurai,2026-08-21,0.0,3.360325574874878,9.93,78.12,Normal,-0.09313713206837919,Inland,0.0,0.0,0.0,0.5485519896304335,0.0,0.5485519896304335,0.00021682806302052694,0.0
mangaluru,2026-08-21,5.7,0.32751092314720154,12.91,74.86,Normal,-0.09313713206837919,West-coast orographic,5.7,5.5090454101562525,8.186045894622803,16.281393688106018,16.120402821477875,16.281393688106018,0.007810685641732498,0.0
mumbai,2026-08-21,3.8000000000000003,0.584871232509613,19.08,72.88,Normal,-0.09313713206837919,West-coast orographic,3.8000000000000003,3.362375140190124,5.892779380172044,5.6917249373395755,5.050182722707753,5.6917249373395755,0.003271981118192351,0.0
nagpur,2026-08-21,1.1,0.08239541202783585,21.15,79.09,Normal,-0.09313713206837919,Inland,1.1,0.5558442831039418,0.5293147790431976,1.8992654093630834,0.7748400184250732,1.8992654093630834,0.000629787465973226,0.0
panaji,2026-08-21,10.6,12.685476303100586,15.49,73.83,Normal,-0.09313713206837919,West-coast orographic,10.6,11.46779236793518,15.511593978412522,9.531848835153495,9.251217000691085,9.531848835153495,0.0012247722956192921,0.0
patna,2026-08-21,0.6000000000000001,0.0,25.59,85.14,Normal,-0.09313713206837919,Inland,0.6000000000000001,0.14336655139923135,0.13525943160057075,0.7980466389362365,0.0,0.7980466389362365,0.0005192778534254622,0.0
pune,2026-08-21,0.1,1.793426513671875,18.52,73.86,Normal,-0.09313713206837919,Inland,0.1,0.0,0.0,1.2212771330393382,0.10578112805229452,1.2212771330393382,0.0001755634354295841,0.0
raipur,2026-08-21,0.1,2.3086674213409424,21.25,81.63,Normal,-0.09313713206837919,Inland,0.1,0.0,0.0,1.6540901456247572,0.4382292209525607,1.6540901456247572,0.0002351603465635564,0.0
ranchi,2026-08-21,0.2,0.0,23.34,85.31,Normal,-0.09313713206837919,Inland,0.2,0.0,0.0,1.52122703560782,0.31983295018256686,1.52122703560782,0.0002183463230400385,0.0
shillong,2026-08-21,19.5,8.155705451965332,25.58,91.89,Normal,-0.09313713206837919,Hill / Himalayan orographic,19.5,25.065101848120577,25.049564138341832,3.793555521315907,1.9854720825183867,3.793555521315907,0.002110681008485164,0.0
shimla,2026-08-21,3.7,4.018665790557861,31.1,77.17,Normal,-0.09313713206837919,Hill / Himalayan orographic,3.7,3.2423375447591143,1.3030321440329915,3.718053050001895,1.8441985142253328,3.718053050001895,0.0013973231758906363,0.0
srinagar,2026-08-21,7.0,0.0,34.08,74.8,Normal,-0.09313713206837919,Hill / Himalayan orographic,7.0,7.11624747912089,3.6854580709129388,1.2512447493119891,0.16508408103215144,1.2512447493119891,0.000913000710170106,0.0
surat,2026-08-21,1.4000000000000001,0.0,21.17,72.83,Normal,-0.09313713206837919,West-coast orographic,1.4000000000000001,0.828227701783181,1.3616866634697304,0.8819607248171457,0.0,0.8819607248171457,0.0008142519271742886,0.0
thiruvananthapuram,2026-08-21,0.0,0.0,8.52,76.94,Normal,-0.09313713206837919,West-coast orographic,0.0,0.0,0.0,0.5735084908640317,0.0,0.5735084908640317,0.0002164177871008532,0.0
varanasi,2026-08-21,1.8,0.10971397906541824,25.32,82.97,Normal,-0.09313713206837919,Inland,1.8,1.2375126957893372,1.1817306068436846,1.0313192201435004,0.0049689563485347255,1.0313192201435004,0.0013786623191383283,0.0
vijayawada,2026-08-21,0.0,1.659623146057129,16.51,80.65,Normal,-0.09313713206837919,Inland,0.0,0.0,0.0,1.1284348149822225,0.046175547447033574,1.1284348149822225,0.0003383305785117519,0.0
visakhapatnam,2026-08-21,0.2,0.0,17.69,83.22,Normal,-0.09313713206837919,East coast,0.2,0.0,0.06917120307683945,1.3164727495422577,0.06856684409032678,1.3164727495422577,0.0003094026453782104,0.0
agartala,2026-08-22,0.1,36.232147216796875,23.83,91.29,Normal,0.8450963088396591,Inland,0.1,0.0,0.0,3.872188729131206,4.756958301901741,3.872188729131206,0.00029086131506186056,0.0
ahmedabad,2026-08-22,0.1,1.0648819208145142,23.02,72.57,Normal,0.8450963088396591,Inland,0.1,0.0,0.0,0.5778170913139313,0.0,0.5778170913139313,0.00023563833244016248,0.0
amritsar,2026-08-22,0.1,22.94359588623047,31.63,74.87,Normal,0.8450963088396591,Inland,0.1,0.0,0.0,1.5700667325161939,0.3698029577301616,1.5700667325161939,0.00020734342677964797,0.0
bengaluru,2026-08-22,0.0,0.6483606100082397,12.97,77.59,Normal,0.8450963088396591,Inland,0.0,0.0,0.0,0.4576385461625218,0.0,0.4576385461625218,0.0002471869107870095,0.0
bhopal,2026-08-22,0.0,0.8030700087547302,23.26,77.41,Normal,0.8450963088396591,Inland,0.0,0.0,0.0,0.6419799892405477,0.0,0.6419799892405477,0.00036471259470103207,0.0
bhubaneswar,2026-08-22,0.1,2.970174789428711,20.3,85.82,Normal,0.8450963088396591,East coast,0.1,0.0,0.022968021873384748,1.8753644042932265,0.4086117223373616,1.8753644042932265,0.00024550428858357627,0.0
chandigarh,2026-08-22,5.1,0.0,30.73,76.78,Normal,0.8450963088396591,Inland,5.1,4.852269331614177,4.29458169937134,12.329143655574851,23.88000684137959,12.329143655574851,0.04128779251958231,0.0
chennai,2026-08-22,0.0,3.1848647594451904,13.08,80.27,Normal,0.8450963088396591,East coast,0.0,0.0,0.0,0.6249533411214553,0.0,0.6249533411214553,0.00022506755786496537,0.0
dehradun,2026-08-22,12.1,0.0,30.32,78.03,Normal,0.8450963088396591,Hill / Himalayan orographic,12.1,14.473304828008025,10.264403107901598,11.199097261499217,12.136513543099985,11.199097261499217,0.004774324345331824,0.0
delhi,2026-08-22,0.8,9.455474853515625,28.61,77.21,Normal,0.8450963088396591,Inland,0.8,0.3067964434623719,0.2908269017934795,1.0265603657997486,0.004200780481097068,1.0265603657997486,0.0014321877127286265,0.0
gangtok,2026-08-22,22.4,0.042641911655664444,27.33,88.61,Normal,0.8450963088396591,Hill / Himalayan orographic,22.4,28.025316408778842,28.78666024734723,8.189271569774428,8.540465692576626,8.189271569774428,0.015077976454930937,0.0
guwahati,2026-08-22,21.0,2.6561195850372314,26.14,91.74,Normal,0.8450963088396591,Inland,21.0,26.44120135080247,25.195397701353457,3.0223627381255294,2.9553211344985306,3.0223627381255294,0.0037125127142447734,0.0
hyderabad,2026-08-22,0.0,0.2953509986400604,17.39,78.49,Normal,0.8450963088396591,Inland,0.0,0.0,0.0,0.9253758506523905,0.0,0.9253758506523905,0.00023147047437937913,0.0
jabalpur,2026-08-22,3.8,73.61593627929688,23.18,79.95,Normal,0.8450963088396591,Inland,3.8,3.3623751401901236,2.874964771270755,2.375867351277524,1.5712837131783917,2.375867351277524,0.001691612948033581,0.0
jaipur,2026-08-22,1.6,0.0,26.91,75.79,Normal,0.8450963088396591,Inland,1.6,1.050332480669021,1.0086523389816282,1.360459349953987,0.2079301111649414,1.360459349953987,0.0004534642136011975,0.0
jodhpur,2026-08-22,0.0,0.0,26.24,73.02,Normal,0.8450963088396591,Inland,0.0,0.0,0.0,0.17399007844298192,0.0,0.17399007844298192,0.00015741038295916625,0.0
kochi,2026-08-22,0.1,11.315098762512207,9.93,76.27,Normal,0.8450963088396591,West-coast orographic,0.1,0.0,0.0,3.1613557583644805,2.876670597439167,3.1613557583644805,0.00028702115979317873,0.0
kolkata,2026-08-22,0.5,0.005965556018054485,22.57,88.36,Normal,0.8450963088396591,East coast,0.5,0.08126410543918593,0.26643052935600287,3.9574062558307666,2.9698428701553437,3.9574062558307666,0.0050143103205110865,0.0
lucknow,2026-08-22,12.3,33.69319534301758,26.85,80.95,Normal,0.8450963088396591,Inland,12.3,14.818435335159311,12.846807707887793,3.4808615938007947,4.187033307505882,3.4808615938007947,0.0022589223757219588,0.0
madurai,2026-08-22,0.0,0.0,9.93,78.12,Normal,0.8450963088396591,Inland,0.0,0.0,0.0,0.4576385461625218,0.0,0.4576385461625218,0.00028756524417834463,0.0
mangaluru,2026-08-22,2.5,9.933241844177246,12.91,74.86,Normal,0.8450963088396591,West-coast orographic,2.5,2.0202422142028813,4.376308522224426,10.207336932448886,9.960020084363016,10.207336932448886,0.0044963692568935724,0.0
mumbai,2026-08-22,1.9000000000000001,2.904527425765991,19.08,72.88,Normal,0.8450963088396591,West-coast orographic,1.9000000000000001,1.2999814510345467,3.05492606639862,4.625062930267563,4.2999508519285214,4.625062930267563,0.002542616588355502,0.0
nagpur,2026-08-22,4.5,3.1534650325775146,21.15,79.09,Normal,0.8450963088396591,Inland,4.5,4.2694260040919,3.6557355014015602,3.950044047553727,4.902456293442088,3.950044047553727,0.001205187897660335,0.0
panaji,2026-08-22,6.8,20.74782943725586,15.49,73.83,Normal,0.8450963088396591,West-coast orographic,6.8,6.75989435911179,9.779766543911347,10.258226958793736,10.015053316550336,10.258226958793736,0.002236678903905322,0.0
patna,2026-08-22,1.0,0.0,25.59,85.14,Normal,0.8450963088396591,Inland,1.0,0.46983318775892285,0.4246086602325893,0.8044926385006063,0.0,0.8044926385006063,0.00037775051980727876,0.0
pune,2026-08-22,0.0,0.6902825236320496,18.52,73.86,Normal,0.8450963088396591,Inland,0.0,0.0,0.0,0.577695157429752,0.0,0.577695157429752,0.0001835284183559964,0.0
raipur,2026-08-22,3.4,0.6901991963386536,21.25,81.63,Normal,0.8450963088396591,Inland,3.4,2.8874154984951015,2.529841432571412,2.178652067577674,1.2261473916854049,2.178652067577674,0.0019885118255048187,0.0
ranchi,2026-08-22,3.0,0.1587800532579422,23.34,85.31,Normal,0.8450963088396591,Inland,3.0,2.5393731176853183,2.218163237571716,2.448724935548675,1.668465300005354,2.448724935548675,0.0010338711320004893,0.0
shillong,2026-08-22,40.9,8.333904266357422,25.58,91.89,Normal,0.8450963088396591,Hill / Himalayan orographic,40.9,57.9303365791299,46.77612615781128,7.93430164704466,7.812945802485877,7.93430164704466,0.002864699016529879,0.0
shimla,2026-08-22,6.6,4.2001824378967285,31.1,77.17,Normal,0.8450963088396591,Hill / Himalayan orographic,6.6,6.4435088121762885,3.33479623171142,6.7653983754757405,5.449603687919901,6.7653983754757405,0.0033287846240721854,0.0
srinagar,2026-08-22,2.8000000000000003,0.08753356337547302,34.08,74.8,Normal,0.8450963088396591,Hill / Himalayan orographic,2.8000000000000003,2.3477029502391824,0.98995844701638,0.8696007185943928,0.008189580616788641,0.8696007185943928,0.0004546042250106336,0.0
surat,2026-08-22,1.8,5.841127872467041,21.17,72.83,Normal,0.8450963088396591,West-coast orographic,1.8,1.2375126957893372,2.9176313172191017,1.393601873584077,0.5401583870065556,1.393601873584077,0.0043844600236244355,0.0
thiruvananthapuram,2026-08-22,0.0,0.0,8.52,76.94,Normal,0.8450963088396591,West-coast orographic,0.0,0.0,0.0,0.5761805122751744,0.0,0.5761805122751744,0.00028702115979317873,0.0
varanasi,2026-08-22,5.8,0.0,25.32,82.97,Normal,0.8450963088396591,Inland,5.8,5.620361614227296,5.00012244939804,2.412914302867936,1.6251639005934964,2.412914302867936,0.005430861288225631,0.0
vijayawada,2026-08-22,0.0,0.1774463653564453,16.51,80.65,Normal,0.8450963088396591,Inland,0.0,0.0,0.0,0.9962535946465425,0.0,0.9962535946465425,0.00035140398746738414,0.0
visakhapatnam,2026-08-22,0.7,1.2874823808670044,17.69,83.22,Normal,0.8450963088396591,East coast,0.7,0.19203107729554184,0.5511303246021271,1.8890824066238112,0.41716533631802244,1.8890824066238112,0.004286978447379271,0.0
agartala,2026-08-23,0.0,19.81180191040039,23.83,91.29,Normal,-0.29626349761469334,Inland,0.0,0.0,0.0,3.4987784322977413,4.2215238764467955,3.4987784322977413,0.00023321165544968654,0.0
ahmedabad,2026-08-23,0.1,0.0,23.02,72.57,Normal,-0.29626349761469334,Inland,0.1,0.0,0.0,0.7941046391156944,0.0,0.7941046391156944,0.0002513246776008669,0.0
amritsar,2026-08-23,0.0,0.0,31.63,74.87,Normal,-0.29626349761469334,Inland,0.0,0.0,0.0,0.7171253410611845,0.0,0.7171253410611845,0.00023415970968634973,0.0
bengaluru,2026-08-23,0.30000000000000004,0.6653746962547302,12.97,77.59,Normal,-0.29626349761469334,Inland,0.30000000000000004,0.008457344025373516,0.0,1.0436706650308514,0.006962730733099947,1.0436706650308514,0.00018099829684431525,0.0
bhopal,2026-08-23,0.6000000000000001,2.000093460083008,23.26,77.41,Normal,-0.29626349761469334,Inland,0.6000000000000001,0.14336655139923135,0.13525943160057075,1.7585433741017586,0.5829953160305082,1.7585433741017586,0.0013902551040900091,0.0
bhubaneswar,2026-08-23,6.0,0.22499927878379822,20.3,85.82,Normal,-0.29626349761469334,East coast,6.0,5.804684387952427,13.640684353881408,9.087408860738224,16.770342232808282,9.087408860738224,0.005751406747456687,0.0
chandigarh,2026-08-23,5.0,10.183340072631836,30.73,76.78,Normal,-0.29626349761469334,Inland,5.0,4.7574277718861895,4.2108351862430595,7.906676621710672,12.56023812453097,7.906676621710672,0.013660653745234104,0.0
chennai,2026-08-23,0.0,0.09842869639396667,13.08,80.27,Normal,-0.29626349761469334,East coast,0.0,0.0,0.0,0.7015665871702568,0.0,0.7015665871702568,0.00016480081078160504,0.0
dehradun,2026-08-23,14.0,4.823648452758789,30.32,78.03,Normal,-0.29626349761469334,Hill / Himalayan orographic,14.0,17.80674934387207,15.442192076896,12.061647612668162,13.553900230215403,12.061647612668162,0.0023126628277919193,0.0
delhi,2026-08-23,0.7999999999999999,3.3160207271575928,28.61,77.21,Normal,-0.29626349761469334,Inland,0.7999999999999999,0.249508798122406,0.2908269017934794,1.1180011116163728,0.04082365152673682,1.1180011116163728,0.0012427068378053129,0.0
gangtok,2026-08-23,4.9,39.862178802490234,27.33,88.61,Normal,-0.29626349761469334,Hill / Himalayan orographic,4.9,4.662586212158203,2.254073596000675,15.858916314232244,24.675465244780185,15.858916314232244,0.001454927249690885,0.0
guwahati,2026-08-23,2.7,5.578455924987793,26.14,91.74,Normal,-0.29626349761469334,Inland,2.7,2.2362768173217775,2.022085313796997,4.296394705272546,5.334851649214413,4.296394705272546,0.0003181634024577608,0.0
hyderabad,2026-08-23,0.2,12.693389892578125,17.39,78.49,Normal,-0.29626349761469334,Inland,0.2,0.0,0.0,1.5869096750538736,0.38703570115423575,1.5869096750538736,0.00016948949741766878,0.0
jabalpur,2026-08-23,16.9,28.045974731445312,23.18,79.95,Normal,-0.29626349761469334,Inland,16.9,20.54213254716663,18.345134023549612,7.990044946478771,12.735739685990552,7.990044946478771,0.004469789644288462,0.0
jaipur,2026-08-23,0.0,0.0,26.91,75.79,Normal,-0.29626349761469334,Inland,0.0,0.0,0.0,0.41224925265155066,0.0,0.41224925265155066,0.00022090428734287582,0.0
jodhpur,2026-08-23,0.0,0.0,26.24,73.02,Normal,-0.29626349761469334,Inland,0.0,0.0,0.0,0.1179740355633673,0.0,0.1179740355633673,0.00016638719175788205,0.0
kochi,2026-08-23,0.6,25.406570434570312,9.93,76.27,Normal,-0.29626349761469334,West-coast orographic,0.6,0.11011721193790436,0.3613318741321575,3.7356335330215975,3.318200213207878,3.7356335330215975,0.000960882586860563,0.0
kolkata,2026-08-23,0.30000000000000004,0.01514071598649025,22.57,88.36,Normal,-0.29626349761469334,East coast,0.30000000000000004,0.008457344025373516,0.11111783146858216,2.3402656966285527,0.745921856787841,2.3402656966285527,0.00022709393832344657,0.0
lucknow,2026-08-23,3.4,4.36065673828125,26.85,80.95,Normal,-0.29626349761469334,Inland,3.4,2.8874154984951015,2.529841432571412,1.847468021591996,0.7031571644827168,1.847468021591996,0.0006912980487505646,0.0
madurai,2026-08-23,0.0,0.0,9.93,78.12,Normal,-0.29626349761469334,Inland,0.0,0.0,0.0,0.5485519896304335,0.0,0.5485519896304335,0.00021056690323716456,0.0
mangaluru,2026-08-23,13.0,9.577320098876953,12.91,74.86,Normal,-0.29626349761469334,West-coast orographic,13.0,16.004556337992362,18.21820638398983,12.327627198376112,12.70589008057117,12.327627198376112,0.0027860640601273254,0.0
mumbai,2026-08-23,2.8000000000000003,19.558271408081055,19.08,72.88,Normal,-0.29626349761469334,West-coast orographic,2.8000000000000003,2.3477029502391824,4.981401844334798,4.453274098865171,4.2316115244853725,4.453274098865171,0.0016012656929003989,0.0
nagpur,2026-08-23,7.800000000000001,2.3063361644744873,21.15,79.09,Normal,-0.29626349761469334,Inland,7.800000000000001,7.964952484397025,7.106654691696169,8.974070924812953,15.904756441037692,8.974070924812953,0.003273641896307603,0.0
panaji,2026-08-23,15.8,5.2348246574401855,15.49,73.83,Normal,-0.29626349761469334,West-coast orographic,15.8,19.23498882880579,20.476997773248737,6.681930577681293,5.976525815712141,6.681930577681293,0.0006873709777804861,0.0
patna,2026-08-23,13.6,0.517924427986145,25.59,85.14,Normal,-0.29626349761469334,Inland,13.6,17.067443074406814,14.520454345335938,3.4190358335892768,4.068016459457428,3.4190358335892768,0.001039446713707146,0.0
pune,2026-08-23,0.30000000000000004,1.836872935295105,18.52,73.86,Normal,-0.29626349761469334,Inland,0.30000000000000004,0.008457344025373516,0.0,1.1171699396255392,0.04039730760734123,1.1171699396255392,0.00017714910959136672,0.0
raipur,2026-08-23,11.7,5.125238418579102,21.25,81.63,Normal,-0.29626349761469334,Inland,11.7,13.542624998092654,12.054147354544012,15.582669784090548,28.057321882034028,15.582669784090548,0.030772335054216324,0.0
ranchi,2026-08-23,14.3,2.3046457767486572,23.34,85.31,Normal,-0.29626349761469334,Inland,14.3,18.03135987690517,15.36986188307166,6.61974781534364,9.411590416956642,6.61974781534364,0.0015690118490456029,0.0
shillong,2026-08-23,14.1,1.934126377105713,25.58,91.89,Normal,-0.29626349761469334,Hill / Himalayan orographic,14.1,17.88161952154977,16.021544539071964,4.143952308777734,2.8662424179409074,4.143952308777734,0.0008415519100493564,0.0
shimla,2026-08-23,6.6,4.200124740600586,31.1,77.17,Normal,-0.29626349761469334,Hill / Himalayan orographic,6.6,6.4435088121762885,3.33479623171142,6.321701851687259,4.906908666576369,6.321701851687259,0.0029586633376477733,0.0
srinagar,2026-08-23,1.4000000000000001,9.12344741821289,34.08,74.8,Normal,-0.29626349761469334,Hill / Himalayan orographic,1.4000000000000001,0.828227701783181,0.3859542162497467,0.8676740189134827,0.007619411241580927,0.8676740189134827,0.00023661008876182203,0.0
surat,2026-08-23,1.5,3.7011165618896484,21.17,72.83,Normal,-0.29626349761469334,West-coast orographic,1.5,0.9143254399299627,1.4511167335510238,1.0598308006317188,0.06738016573001757,1.0598308006317188,0.0008381973405072533,0.0
thiruvananthapuram,2026-08-23,0.0,1.832369327545166,8.52,76.94,Normal,-0.29626349761469334,West-coast orographic,0.0,0.0,0.0,0.6322464238087523,0.0,0.6322464238087523,0.0002101684720162538,0.0
varanasi,2026-08-23,23.8,0.0,25.32,82.97,Normal,-0.29626349761469334,Inland,23.8,30.52097211636993,28.016360368448126,3.2589538692221174,3.713723313857596,3.2589538692221174,0.0029819441107991544,0.0
vijayawada,2026-08-23,1.1,2.190359592437744,16.51,80.65,Normal,-0.29626349761469334,Inland,1.1,0.5558442831039418,0.5293147790431976,1.9575860319759002,0.8450036563446067,1.9575860319759002,0.0008398361504121435,0.0
visakhapatnam,2026-08-23,0.8,7.464624404907227,17.69,83.22,Normal,-0.29626349761469334,East coast,0.8,0.3067964434623719,0.6126898217319267,2.1122544455801893,0.679360671809099,2.1122544455801893,0.001729259215175447,0.0
agartala,2026-08-24,13.5,31.685178756713867,23.83,91.29,Normal,-0.7057528251088658,Inland,13.5,16.8826165070405,14.395710035470822,6.058601119640575,8.197707741256519,6.058601119640575,0.0014631226330267693,0.0
ahmedabad,2026-08-24,0.0,0.11832021176815033,23.02,72.57,Normal,-0.7057528251088658,Inland,0.0,0.0,0.0,0.40493469403356924,0.0,0.40493469403356924,0.00025808055849420715,0.0
amritsar,2026-08-24,0.2,0.0,31.63,74.87,Normal,-0.7057528251088658,Inland,0.2,0.0,0.0,0.8250197648601063,0.0,0.8250197648601063,0.0003521599557422793,0.0
bengaluru,2026-08-24,1.4,11.966999053955078,12.97,77.59,Normal,-0.7057528251088658,Inland,1.4,0.8282277017831807,0.7119464397430424,1.7217728240649168,0.5338997404114618,1.7217728240649168,0.00039341538265470175,0.0
bhopal,2026-08-24,0.2,16.49012565612793,23.26,77.41,Normal,-0.7057528251088658,Inland,0.2,0.0,0.0,1.2968289936987027,0.14562721751354044,1.2968289936987027,0.0003710511668281601,0.0
bhubaneswar,2026-08-24,10.1,37.373497009277344,20.3,85.82,Normal,-0.7057528251088658,East coast,10.1,10.751159667968762,20.9699083168553,9.8528197576786,18.081165246558406,9.8528197576786,0.006863539280771796,0.0
chandigarh,2026-08-24,3.3,2.2728188037872314,30.73,76.78,Normal,-0.7057528251088658,Inland,3.3,2.7725686430931087,2.432318608760834,2.858263056606132,2.6064612633835536,2.858263056606132,0.007925855842064476,0.0
chennai,2026-08-24,0.30000000000000004,11.478473663330078,13.08,80.27,Normal,-0.7057528251088658,East coast,0.30000000000000004,0.008457344025373516,0.11111783146858216,1.3855124710475655,0.08544083324586978,1.3855124710475655,0.00016220548304434005,0.0
dehradun,2026-08-24,15.3,3.5340020656585693,30.32,78.03,Normal,-0.7057528251088658,Hill / Himalayan orographic,15.3,18.780061653682164,19.03195906024294,14.814513733175849,21.9032001642322,14.814513733175849,0.007484512232626448,0.0
delhi,2026-08-24,2.1,0.17344485223293304,28.61,77.21,Normal,-0.7057528251088658,Inland,2.1,1.5536132037639616,1.4610207891464235,1.580326969817181,0.380300650546157,1.580326969817181,0.0032449354518273915,0.0
gangtok,2026-08-24,2.6,0.21811328828334808,27.33,88.61,Normal,-0.7057528251088658,Hill / Himalayan orographic,2.6,2.1282595157623296,0.9044672902213768,6.839966085693207,5.609267096504528,6.839966085693207,0.0005489910660456386,0.0
guwahati,2026-08-24,5.8,12.472637176513672,26.14,91.74,Normal,-0.7057528251088658,Inland,5.8,5.620361614227296,5.00012244939804,2.326496418604718,1.4970093910402462,2.326496418604718,0.0008738994355186381,0.0
hyderabad,2026-08-24,0.6000000000000001,11.065743446350098,17.39,78.49,Normal,-0.7057528251088658,Inland,0.6000000000000001,0.14336655139923135,0.13525943160057075,2.080550410094264,1.0547250682665419,2.080550410094264,0.0005048031979509125,0.0
jabalpur,2026-08-24,4.0,0.0,23.18,79.95,Normal,-0.7057528251088658,Inland,4.0,3.745400094985962,3.1438295459747314,5.338077053309083,7.20626999743037,5.338077053309083,0.002392724082627631,0.0
jaipur,2026-08-24,0.5,0.0,26.91,75.79,Normal,-0.7057528251088658,Inland,0.5,0.08126410543918593,0.07635371387004858,1.1785774955116393,0.07162498172512753,1.1785774955116393,0.004790106330157795,0.0
jodhpur,2026-08-24,0.0,0.0,26.24,73.02,Normal,-0.7057528251088658,Inland,0.0,0.0,0.0,0.034007866796999305,0.0,0.034007866796999305,0.00019509360880024285,0.0
kochi,2026-08-24,0.4,34.097232818603516,9.93,76.27,Normal,-0.7057528251088658,West-coast orographic,0.4,0.05471715983003381,0.2431738992035389,3.4570391410036065,3.075917783617274,3.4570391410036065,0.00020685882989771506,0.0
kolkata,2026-08-24,0.30000000000000004,0.11518840491771698,22.57,88.36,Normal,-0.7057528251088658,East coast,0.30000000000000004,0.008457344025373516,0.11111783146858216,2.3993015034021448,0.7860382992032949,2.3993015034021448,0.00019106107541051265,0.0
lucknow,2026-08-24,4.2,2.052156925201416,26.85,80.95,Normal,-0.7057528251088658,Inland,4.2,3.960617987314861,3.3477927526350935,3.665814893939712,4.442401777244026,3.665814893939712,0.0012838243713540326,0.0
madurai,2026-08-24,0.2,0.0,9.93,78.12,Normal,-0.7057528251088658,Inland,0.2,0.0,0.0,0.9276824309592618,0.0,0.9276824309592618,0.00020424674483289973,0.0
mangaluru,2026-08-24,11.3,22.807086944580078,12.91,74.86,Normal,-0.7057528251088658,West-coast orographic,11.3,12.798537874221804,15.947503116441812,21.89795808225879,25.394476152124295,21.89795808225879,0.02680044872197951,0.0
mumbai,2026-08-24,3.6,1.6257685422897339,19.08,72.88,Normal,-0.7057528251088658,West-coast orographic,3.6,3.1222999493281045,5.633903061718617,4.113831329475839,3.813887995127077,4.113831329475839,0.010509927933661675,0.0
nagpur,2026-08-24,6.6000000000000005,4.311720848083496,21.15,79.09,Normal,-0.7057528251088658,Inland,6.6000000000000005,6.443508812176289,5.65775728225708,4.39935643488692,5.4597119131511205,4.39935643488692,0.0010935762769782034,0.0
panaji,2026-08-24,11.2,19.884065628051758,15.49,73.83,Normal,-0.7057528251088658,West-coast orographic,11.2,12.634743785858154,15.852941435938298,5.55904456884308,5.007091666786351,5.55904456884308,0.003492999733259608,0.0
patna,2026-08-24,2.3000000000000003,0.0,25.59,85.14,Normal,-0.7057528251088658,Inland,2.3000000000000003,1.8097755908966064,1.6175715875625616,1.5995104139420715,0.39992806243423706,1.5995104139420715,0.000314587001323732,0.0
pune,2026-08-24,0.6000000000000001,0.5526770353317261,18.52,73.86,Normal,-0.7057528251088658,Inland,0.6000000000000001,0.14336655139923135,0.13525943160057075,1.2295433216919187,0.10940598891263671,1.2295433216919187,0.0006871733382503004,0.0
raipur,2026-08-24,2.8,20.628786087036133,21.25,81.63,Normal,-0.7057528251088658,Inland,2.8,2.3477029502391815,2.0909661388397214,2.6715238606841085,2.1528345799756226,2.6715238606841085,0.000856326515312164,0.0
ranchi,2026-08-24,6.4,20.44133186340332,23.34,85.31,Normal,-0.7057528251088658,Inland,6.4,6.212141598424598,5.511329171657562,5.229611373821997,7.088365165301811,5.229611373821997,0.0008733075629303006,0.0
shillong,2026-08-24,32.5,9.218661308288574,25.58,91.89,Normal,-0.7057528251088658,Hill / Himalayan orographic,32.5,41.7429546799979,39.11159147344378,11.216887829034341,12.24008636069655,11.216887829034341,0.0019435897595692874,0.0
shimla,2026-08-24,5.0,1.4656593799591064,31.1,77.17,Normal,-0.7057528251088658,Hill / Himalayan orographic,5.0,4.7574277718861895,2.549943084716797,8.169540827584187,8.478707837800865,8.169540827584187,0.014789807072206163,0.0
srinagar,2026-08-24,1.2,0.0,34.08,74.8,Normal,-0.7057528251088658,Hill / Himalayan orographic,1.2,0.6495207250118256,0.19313946924711514,0.40471117678613694,0.0,0.40471117678613694,0.0003760817230875601,0.0
surat,2026-08-24,0.9,0.5841127634048462,21.17,72.83,Normal,-0.7057528251088658,West-coast orographic,0.9,0.4007289856672286,0.610625189805959,1.0494632653986933,0.05975757164089069,1.0494632653986933,0.001045810383629223,0.0
thiruvananthapuram,2026-08-24,0.0,10.84518051147461,8.52,76.94,Normal,-0.7057528251088658,West-coast orographic,0.0,0.0,0.0,0.6511836941410576,0.0,0.6511836941410576,0.00020685882989771506,0.0
varanasi,2026-08-24,13.7,1.2412725687026978,25.32,82.97,Normal,-0.7057528251088658,Inland,13.7,17.252269641773125,14.641798279298184,3.4502688223350257,4.128141104313139,3.4502688223350257,0.0022539166231890537,0.0
vijayawada,2026-08-24,0.0,9.328572273254395,16.51,80.65,Normal,-0.7057528251088658,Inland,0.0,0.0,0.0,1.391760138028455,0.23477877666871738,1.391760138028455,0.00032338859699356946,0.0
visakhapatnam,2026-08-24,3.8,1.6866148710250854,17.69,83.22,Normal,-0.7057528251088658,East coast,3.8,3.3623751401901236,6.4738055821508125,5.6173034630875955,6.284907559875817,5.6173034630875955,0.006791441612416866,0.0
agartala,2026-08-25,2.4,2.1385304927825928,23.83,91.29,Normal,-1.4302750101994133,Inland,2.4,1.9150089025497437,1.6930112481117245,5.3881092956383485,7.269310149181865,5.3881092956383485,0.0005086818964787307,0.0
ahmedabad,2026-08-25,0.0,0.0,23.02,72.57,Normal,-1.4302750101994133,Inland,0.0,0.0,0.0,2.475074771490718,1.7018458142815935,2.475074771490718,0.0006283827938493805,0.0
amritsar,2026-08-25,0.0,0.0,31.63,74.87,Normal,-1.4302750101994133,Inland,0.0,0.0,0.0,0.6286118295715115,0.0,0.6286118295715115,0.00048651464453816477,0.0
bengaluru,2026-08-25,0.7,4.936269283294678,12.97,77.59,Normal,-1.4302750101994133,Inland,0.7,0.19203107729554184,0.17344485223293304,1.6761955305309297,0.45454591928604066,1.6761955305309297,0.0007551543337128533,0.0
bhopal,2026-08-25,13.9,17.480998992919922,23.26,77.41,Normal,-1.4302750101994133,Inland,13.9,17.621922776505755,14.884486147222677,9.505033246465247,17.171257068736452,9.505033246465247,0.004615577968711211,0.0
bhubaneswar,2026-08-25,9.8,9.592655181884766,20.3,85.82,Normal,-1.4302750101994133,East coast,9.8,10.325857448577892,20.86833859352885,10.786784973342101,19.84052632215532,10.786784973342101,0.005136017395344025,0.0
chandigarh,2026-08-25,0.1,0.0,30.73,76.78,Normal,-1.4302750101994133,Inland,0.1,0.0,0.0,1.080627684605202,0.02064252510851487,1.080627684605202,0.0005866714945810729,0.0
chennai,2026-08-25,0.2,17.022735595703125,13.08,80.27,Normal,-1.4302750101994133,East coast,0.2,0.0,0.06917120307683945,1.6101831025888662,0.2017344391392608,1.6101831025888662,0.0002469345713770904,0.0
dehradun,2026-08-25,2.3000000000000003,3.584918260574341,30.32,78.03,Normal,-1.4302750101994133,Hill / Himalayan orographic,2.3000000000000003,1.8097755908966064,0.7227540886402133,3.7156160382627244,1.8422496517442322,3.7156160382627244,0.0016471756557217556,0.0
delhi,2026-08-25,0.0,29.08436393737793,28.61,77.21,Normal,-1.4302750101994133,Inland,0.0,0.0,0.0,0.432360833361091,0.0,0.432360833361091,0.0005340117531042445,0.0
gangtok,2026-08-25,11.200000000000001,2.5516715049743652,27.33,88.61,Normal,-1.4302750101994133,Hill / Himalayan orographic,11.200000000000001,12.634743785858157,9.063564479662027,17.603417967203374,31.813212701094187,17.603417967203374,0.0020587565206420587,0.0
guwahati,2026-08-25,17.8,1.933517336845398,26.14,91.74,Normal,-1.4302750101994133,Inland,17.8,22.56202379329474,19.883296374082562,4.096835551362595,5.086750477138681,4.096835551362595,0.0012723471942566896,0.0
hyderabad,2026-08-25,0.0,9.029736518859863,17.39,78.49,Normal,-1.4302750101994133,Inland,0.0,0.0,0.0,2.4849131423468998,1.7162120879702576,2.4849131423468998,0.0002397110269971161,0.0
jabalpur,2026-08-25,8.7,20.49763298034668,23.18,79.95,Normal,-1.4302750101994133,Inland,8.7,9.087826111737408,7.94961850625497,8.447033235364694,14.1758769773113,8.447033235364694,0.0032660351560951204,0.0
jaipur,2026-08-25,0.5,15.749846458435059,26.91,75.79,Normal,-1.4302750101994133,Inland,0.5,0.08126410543918593,0.07635371387004858,1.3812772343198052,0.2253201934516876,1.3812772343198052,0.006707540671426452,0.0
jodhpur,2026-08-25,0.0,0.0,26.24,73.02,Normal,-1.4302750101994133,Inland,0.0,0.0,0.0,0.5416436530073864,0.0,0.5416436530073864,0.0004180140924651975,0.0
kochi,2026-08-25,0.4,70.8659896850586,9.93,76.27,Normal,-1.4302750101994133,West-coast orographic,0.4,0.05471715983003381,0.2431738992035389,3.741681700806246,3.32443585718421,3.741681700806246,0.0003035001272887895,0.0
kolkata,2026-08-25,1.1,14.0752534866333,22.57,88.36,Normal,-1.4302750101994133,East coast,1.1,0.5558442831039418,0.8870299667119984,4.924330974458007,4.895394106180052,4.924330974458007,0.0008858337192520492,0.0
lucknow,2026-08-25,0.0,2.617912769317627,26.85,80.95,Normal,-1.4302750101994133,Inland,0.0,0.0,0.0,1.3252282074733845,0.17850000885350142,1.3252282074733845,0.00022907305510542984,0.0
madurai,2026-08-25,0.0,0.0,9.93,78.12,Normal,-1.4302750101994133,Inland,0.0,0.0,0.0,0.7646840125598574,0.0,0.7646840125598574,0.00029536253047890204,0.0
mangaluru,2026-08-25,20.4,42.088836669921875,12.91,74.86,Normal,-1.4302750101994133,West-coast orographic,20.4,25.91860578173683,26.329291573423596,20.225682253737784,24.190451465049776,20.225682253737784,0.020712782433040373,0.0
mumbai,2026-08-25,4.1,1.956844687461853,19.08,72.88,Normal,-1.4302750101994133,West-coast orographic,4.1,3.8530090411504108,6.322558033303039,31.689577733846427,40.009968675548066,31.689577733846427,0.030881227338915483,0.0
nagpur,2026-08-25,3.5,2.057448387145996,21.15,79.09,Normal,-1.4302750101994133,Inland,3.5,3.0022623538970947,2.603669433593751,3.8108591603557724,4.642344049983403,3.8108591603557724,0.0013648873633538086,0.0
panaji,2026-08-25,7.2,5.047617435455322,15.49,73.83,Normal,-1.4302750101994133,West-coast orographic,7.2,7.427549839019775,10.842271202117445,16.305388314139407,16.13363960773444,16.305388314139407,0.011129849914381979,0.0
patna,2026-08-25,1.8,14.262490272521973,25.59,85.14,Normal,-1.4302750101994133,Inland,1.8,1.2375126957893372,1.1817306068436846,1.6831385902401523,0.4668639881398636,1.6831385902401523,0.0007291793284129506,0.0
pune,2026-08-25,0.30000000000000004,1.2809172868728638,18.52,73.86,Normal,-1.4302750101994133,Inland,0.30000000000000004,0.008457344025373516,0.0,2.3776584196934905,1.573978221572239,2.3776584196934905,0.0003793450117925546,0.0
raipur,2026-08-25,17.6,63.66008377075195,21.25,81.63,Normal,-1.4302750101994133,Inland,17.6,22.12418670654294,19.562254879474636,9.72847715721535,17.938357593696182,9.72847715721535,0.0032644254904993413,0.0
ranchi,2026-08-25,5.3,12.20818042755127,23.34,85.31,Normal,-1.4302750101994133,Inland,5.3,5.0602115948994975,4.468153603871664,12.369119924940891,23.99402931557087,12.369119924940891,0.004383921217001218,0.0
shillong,2026-08-25,1.3,17.977556228637695,25.58,91.89,Normal,-1.4302750101994133,Hill / Himalayan orographic,1.3,0.7333508968353275,0.2904159192855578,5.818480945579285,4.606734201357756,5.818480945579285,0.000310969309781649,0.0
shimla,2026-08-25,0.0,0.0,31.1,77.17,Normal,-1.4302750101994133,Hill / Himalayan orographic,0.0,0.0,0.0,1.185422482496176,0.15140977485648305,1.185422482496176,0.00030043579247944355,0.0
srinagar,2026-08-25,0.30000000000000004,0.0,34.08,74.8,Normal,-1.4302750101994133,Hill / Himalayan orographic,0.30000000000000004,0.008457344025373516,0.0,0.6816588311629979,0.0,0.6816588311629979,0.00028796202452909794,0.0
surat,2026-08-25,1.3,0.0,21.17,72.83,Normal,-1.4302750101994133,West-coast orographic,1.3,0.7333508968353275,1.2010765162381254,5.102482965516162,4.681702953541312,5.102482965516162,0.0027086497919586693,0.0
thiruvananthapuram,2026-08-25,0.0,3.173044443130493,8.52,76.94,Normal,-1.4302750101994133,West-coast orographic,0.0,0.0,0.0,0.753592734103001,0.0,0.753592734103001,0.0003035001272887895,0.0
varanasi,2026-08-25,2.8,81.4900894165039,25.32,82.97,Normal,-1.4302750101994133,Inland,2.8,2.3477029502391815,2.0909661388397214,2.1842614971451124,1.2378098610842254,2.1842614971451124,0.0009151884084019616,0.0
vijayawada,2026-08-25,0.2,0.15835613012313843,16.51,80.65,Normal,-1.4302750101994133,Inland,0.2,0.0,0.0,3.9386002921872296,4.881069913484483,3.9386002921872296,0.00028261449761850954,0.0
visakhapatnam,2026-08-25,0.1,0.22467496991157532,17.69,83.22,Normal,-1.4302750101994133,East coast,0.1,0.0,0.022968021873384748,2.333920010988217,0.7431447138292585,2.333920010988217,0.0003481643793374039,0.0
agartala,2026-08-26,0.30000000000000004,0.6207079887390137,23.83,91.29,Normal,-1.0333728393420452,Inland,0.30000000000000004,0.008457344025373516,0.0,4.272793612822129,5.306230931171014,4.272793612822129,0.00018076720843251476,0.0
ahmedabad,2026-08-26,0.0,0.0,23.02,72.57,Normal,-1.0333728393420452,Inland,0.0,0.0,0.0,0.6113061625056859,0.0,0.6113061625056859,0.0002838364690402246,0.0
amritsar,2026-08-26,0.0,0.0,31.63,74.87,Normal,-1.0333728393420452,Inland,0.0,0.0,0.0,0.39322653519830403,0.0,0.39322653519830403,0.000316228072602154,0.0
bengaluru,2026-08-26,0.2,0.32272782921791077,12.97,77.59,Normal,-1.0333728393420452,Inland,0.2,0.0,0.0,0.8091252901051261,0.0,0.8091252901051261,0.0001598568157747926,0.0
bhopal,2026-08-26,1.6,0.73932284116745,23.26,77.41,Normal,-1.0333728393420452,Inland,1.6,1.050332480669021,1.0086523389816282,2.099928532979485,1.0819220065184236,2.099928532979485,0.0007697312265161927,0.0
bhubaneswar,2026-08-26,0.8,5.078830242156982,20.3,85.82,Normal,-1.0333728393420452,East coast,0.8,0.3067964434623719,0.6126898217319267,3.908210309042727,2.860473727495509,3.908210309042727,0.0007234232453944522,0.0
chandigarh,2026-08-26,0.0,34.755462646484375,30.73,76.78,Normal,-1.0333728393420452,Inland,0.0,0.0,0.0,0.35824299330631637,0.0,0.35824299330631637,0.0003813420729663447,0.0
chennai,2026-08-26,0.0,3.335669755935669,13.08,80.27,Normal,-1.0333728393420452,East coast,0.0,0.0,0.0,0.5903117919555174,0.0,0.5903117919555174,0.00015741859710411432,0.0
dehradun,2026-08-26,3.2,2.27978253364563,30.32,78.03,Normal,-1.0333728393420452,Hill / Himalayan orographic,3.2,2.6960928976535796,1.1047649271257463,4.931604591241835,3.6028733404122266,4.931604591241835,0.0020261509239467017,0.0
delhi,2026-08-26,0.0,9.559788703918457,28.61,77.21,Normal,-1.0333728393420452,Inland,0.0,0.0,0.0,0.24183658755500612,0.0,0.24183658755500612,0.0003220373084446976,0.0
gangtok,2026-08-26,10.0,15.741864204406738,27.33,88.61,Normal,-1.0333728393420452,Hill / Himalayan orographic,10.0,10.609392261505139,7.1982814796503645,17.365594167109077,31.17230718452759,17.365594167109077,0.0011234966526297875,0.0
guwahati,2026-08-26,33.7,0.5690782070159912,26.14,91.74,Normal,-1.0333728393420452,Inland,33.7,43.435057491029035,36.82938283049613,11.207642348472143,20.681200252557776,11.207642348472143,0.0014472610665826702,0.0
hyderabad,2026-08-26,0.6,1.9705606698989868,17.39,78.49,Normal,-1.0333728393420452,Inland,0.6,0.11011721193790436,0.1352594316005707,1.892654525682705,0.7656815384878203,1.892654525682705,0.0004602840372138132,0.0
jabalpur,2026-08-26,8.9,4.978047847747803,23.18,79.95,Normal,-1.0333728393420452,Inland,8.9,9.401406773653893,8.106566970260054,9.41762751335378,16.927213798399734,9.41762751335378,0.0025639444561425958,0.0
jaipur,2026-08-26,0.1,0.4967760145664215,26.91,75.79,Normal,-1.0333728393420452,Inland,0.1,0.0,0.0,0.5680432490106793,0.0,0.5680432490106793,0.00024242049944774643,0.0
jodhpur,2026-08-26,0.0,0.0,26.24,73.02,Normal,-1.0333728393420452,Inland,0.0,0.0,0.0,0.057358749908303294,0.0,0.057358749908303294,0.00021240115657165985,0.0
kochi,2026-08-26,0.4,22.788419723510742,9.93,76.27,Normal,-1.0333728393420452,West-coast orographic,0.4,0.05471715983003381,0.2431738992035389,2.8975361132222575,2.5810615284004843,2.8975361132222575,0.00018977666125716348,0.0
kolkata,2026-08-26,0.9,28.59681510925293,22.57,88.36,Normal,-1.0333728393420452,East coast,0.9,0.4007289856672286,0.6698826289176948,3.68251921255444,2.2893585117897866,3.68251921255444,0.0007079441168855215,0.0
lucknow,2026-08-26,12.1,3.2158846855163574,26.85,80.95,Normal,-1.0333728393420452,Inland,12.1,14.473304828008025,12.598942691653795,6.749623663174403,9.881041058355546,6.749623663174403,0.0018873094167542626,0.0
madurai,2026-08-26,0.0,0.0,9.93,78.12,Normal,-1.0333728393420452,Inland,0.0,0.0,0.0,0.38261012298815983,0.0,0.38261012298815983,0.00018829429754410511,0.0
mangaluru,2026-08-26,18.9,12.06113052368164,12.91,74.86,Normal,-1.0333728393420452,West-coast orographic,18.9,24.438090409028245,25.61340751316236,19.59107296795561,21.431671831052302,19.59107296795561,0.010190491961714739,0.0
mumbai,2026-08-26,1.9000000000000001,0.0,19.08,72.88,Normal,-1.0333728393420452,West-coast orographic,1.9000000000000001,1.2999814510345467,3.05492606639862,4.307521903471641,4.173629833095757,4.307521903471641,0.0025843206007521552,0.0
nagpur,2026-08-26,6.5,3.8687584400177,21.15,79.09,Normal,-1.0333728393420452,Inland,6.5,6.327825205300443,5.586143493652344,4.773029267083325,6.136366159399484,4.773029267083325,0.0006892266841725535,0.0
panaji,2026-08-26,5.4,9.85906982421875,15.49,73.83,Normal,-1.0333728393420452,West-coast orographic,5.4,5.173312298456831,7.968212967243325,14.302519610820704,15.197359276985544,14.302519610820704,0.01919329024493114,0.0
patna,2026-08-26,0.3,0.39855000376701355,25.59,85.14,Normal,-1.0333728393420452,Inland,0.3,0.0,0.0,1.466010467568456,0.29829774998818215,1.466010467568456,0.00014866032393103803,0.0
pune,2026-08-26,0.4,2.0962791442871094,18.52,73.86,Normal,-1.0333728393420452,Inland,0.4,0.05471715983003381,0.053854637593030934,1.0607052219606814,0.009712454637377289,1.0607052219606814,0.00021551285191453464,0.0
raipur,2026-08-26,6.1,2.4686670303344727,21.25,81.63,Normal,-1.0333728393420452,Inland,6.1,5.8968457748149925,5.286886205673216,6.457203197957922,8.933124796072313,6.457203197957922,0.0007317146389556746,0.0
ranchi,2026-08-26,2.9000000000000004,0.519561767578125,23.34,85.31,Normal,-1.0333728393420452,Inland,2.9000000000000004,2.459129083156587,2.1598469638824462,2.8851528337481476,2.651602176845565,2.8851528337481476,0.000497095103747166,0.0
shillong,2026-08-26,23.3,0.6469734311103821,25.58,91.89,Normal,-1.0333728393420452,Hill / Himalayan orographic,23.3,29.629841905229533,30.58505262574152,4.5227394106375245,3.199514282618516,4.5227394106375245,0.0024713899882817503,0.0
shimla,2026-08-26,0.0,9.294727325439453,31.1,77.17,Normal,-1.0333728393420452,Hill / Himalayan orographic,0.0,0.0,0.0,0.8519260772946551,0.002959113571643456,0.8519260772946551,0.00020798117998298683,0.0
srinagar,2026-08-26,0.0,0.0,34.08,74.8,Normal,-1.0333728393420452,Hill / Himalayan orographic,0.0,0.0,0.0,0.060636036303384544,0.0,0.060636036303384544,0.0001795015001895363,0.0
surat,2026-08-26,0.8,0.0,21.17,72.83,Normal,-1.0333728393420452,West-coast orographic,0.8,0.3067964434623719,0.5574751818562573,1.982939845188611,0.9947549463938459,1.982939845188611,0.0012248777042342142,0.0
thiruvananthapuram,2026-08-26,0.0,24.151639938354492,8.52,76.94,Normal,-1.0333728393420452,West-coast orographic,0.0,0.0,0.0,0.4237518102960585,0.0,0.4237518102960585,0.00018977666125716348,0.0
varanasi,2026-08-26,12.8,102.40943145751953,25.32,82.97,Normal,-1.0333728393420452,Inland,12.8,15.670343716939302,13.48018407740146,5.708472188290713,7.6650783755230085,5.708472188290713,0.0031774687325725227,0.0
vijayawada,2026-08-26,0.0,0.0,16.51,80.65,Normal,-1.0333728393420452,Inland,0.0,0.0,0.0,1.6075694361748336,0.4076556722959373,1.6075694361748336,0.00018016656423850647,0.0
visakhapatnam,2026-08-26,0.30000000000000004,0.0,17.69,83.22,Normal,-1.0333728393420452,East coast,0.30000000000000004,0.008457344025373516,0.11111783146858216,1.189263157889326,0.03200021064699429,1.189263157889326,0.0002219598482231595,0.0
agartala,2026-08-27,3.1999999999999997,1.3148386478424072,23.83,91.29,Normal,-0.07633188962923886,Inland,3.1999999999999997,2.696092897653579,2.334795784950256,6.427841900950759,8.846697011329589,6.427841900950759,0.0012305800392516635,0.0
ahmedabad,2026-08-27,0.0,0.0,23.02,72.57,Normal,-0.07633188962923886,Inland,0.0,0.0,0.0,0.2486418552837953,0.0,0.2486418552837953,0.0002490752181064362,0.0
amritsar,2026-08-27,0.0,0.0,31.63,74.87,Normal,-0.07633188962923886,Inland,0.0,0.0,0.0,1.0157813953868629,0.0024608354546486475,1.0157813953868629,0.00023415970968634973,0.0
bengaluru,2026-08-27,0.0,1.9042186737060547,12.97,77.59,Normal,-0.07633188962923886,Inland,0.0,0.0,0.0,0.5196627151529984,0.0,0.5196627151529984,0.00018638040463148423,0.0
bhopal,2026-08-27,3.0,6.412747383117676,23.26,77.41,Normal,-0.07633188962923886,Inland,3.0,2.5393731176853183,2.218163237571716,2.872995224911011,2.6311927266101205,2.872995224911011,0.002506670000604398,0.0
bhubaneswar,2026-08-27,1.8,0.0,20.3,85.82,Normal,-0.07633188962923886,East coast,1.8,1.2375126957893372,2.181454646587371,7.8047778986587,13.162503581656662,7.8047778986587,0.007114911485862972,0.0
chandigarh,2026-08-27,1.6,0.15664547681808472,30.73,76.78,Normal,-0.07633188962923886,Inland,1.6,1.050332480669021,1.0086523389816282,1.8829009237605754,0.7521692499892481,1.8829009237605754,0.0011162414517873766,0.0
chennai,2026-08-27,0.0,0.0,13.08,80.27,Normal,-0.07633188962923886,East coast,0.0,0.0,0.0,0.6971020693353422,0.0,0.6971020693353422,0.00016970135702525595,0.0
dehradun,2026-08-27,0.8,3.2528088092803955,30.32,78.03,Normal,-0.07633188962923886,Hill / Himalayan orographic,0.8,0.3067964434623719,2.2906934528727037e-17,3.354502259867712,1.647857805322864,3.354502259867712,0.0011171383853257656,0.0
delhi,2026-08-27,0.0,0.0,28.61,77.21,Normal,-0.07633188962923886,Inland,0.0,0.0,0.0,0.6117729202019083,0.0,0.6117729202019083,0.00038527195019857766,0.0
gangtok,2026-08-27,2.5,1.7424663305282593,27.33,88.61,Normal,-0.07633188962923886,Hill / Himalayan orographic,2.5,2.0202422142028813,0.8438962230276555,9.77449878458024,10.214453600475213,9.77449878458024,0.0007792885281636134,0.0
guwahati,2026-08-27,3.4000000000000004,48.89206314086914,26.14,91.74,Normal,-0.07633188962923886,Inland,3.4000000000000004,2.8874154984951024,2.5298414325714123,4.170316700182075,5.1786607446672015,4.170316700182075,0.0005054477142957118,0.0
hyderabad,2026-08-27,4.3,0.0,17.39,78.49,Normal,-0.07633188962923886,Inland,4.3,4.06822693347931,3.4497743559652743,4.547962301536129,5.650329277145736,4.547962301536129,0.0005847202331726577,0.0
jabalpur,2026-08-27,4.8,5.796722412109375,23.18,79.95,Normal,-0.07633188962923886,Inland,4.8,4.565065987904867,4.043342159986498,4.889501268863562,6.4734702722816975,4.889501268863562,0.0028308675074460435,0.0
jaipur,2026-08-27,0.0,3.104715347290039,26.91,75.79,Normal,-0.07633188962923886,Inland,0.0,0.0,0.0,0.6449594393511636,0.0,0.6449594393511636,0.00022090428734287582,0.0
jodhpur,2026-08-27,0.0,0.0,26.24,73.02,Normal,-0.07633188962923886,Inland,0.0,0.0,0.0,0.1515960801561298,0.0,0.1515960801561298,0.00016638719175788205,0.0
kochi,2026-08-27,0.0,19.003454208374023,9.93,76.27,Normal,-0.07633188962923886,West-coast orographic,0.0,0.0,0.0,2.097146131393483,1.1154579487653018,2.097146131393483,0.0002164177871008532,0.0
kolkata,2026-08-27,13.9,9.448921203613281,22.57,88.36,Normal,-0.07633188962923886,East coast,13.9,17.621922776505755,28.18172329638586,7.280860656973659,10.171805749679347,7.280860656973659,0.03645205843042397,0.0
lucknow,2026-08-27,9.8,7.503305435180664,26.85,80.95,Normal,-0.07633188962923886,Inland,9.8,10.325857448577892,8.694847068786625,3.077341702826359,3.0915464029914226,3.077341702826359,0.0016177113471148416,0.0
madurai,2026-08-27,0.0,0.0,9.93,78.12,Normal,-0.07633188962923886,Inland,0.0,0.0,0.0,0.5196627151529984,0.0,0.5196627151529984,0.00021682806302052694,0.0
mangaluru,2026-08-27,5.3,23.139583587646484,12.91,74.86,Normal,-0.07633188962923886,West-coast orographic,5.3,5.0602115948994975,7.923793655090591,19.530602115227584,21.249125259075143,19.530602115227584,0.009614354235541205,0.0
mumbai,2026-08-27,3.2,2.9927258491516113,19.08,72.88,Normal,-0.07633188962923886,West-coast orographic,3.2,2.6960928976535796,5.411059155464173,4.465267055177787,4.236382443303369,4.465267055177787,0.001621188036383105,0.0
nagpur,2026-08-27,12.0,0.2054474800825119,21.15,79.09,Normal,-0.07633188962923886,Inland,12.0,14.300739574432383,12.475010183536797,6.454702188409583,8.92576283536497,6.454702188409583,0.002945516043043192,0.0
panaji,2026-08-27,3.9,2.5637054443359375,15.49,73.83,Normal,-0.07633188962923886,West-coast orographic,3.9,3.5538876175880425,6.026923529781511,4.035584706084509,3.66225509900861,4.035584706084509,0.000987629178127345,0.0
patna,2026-08-27,6.8,13.34038257598877,25.59,85.14,Normal,-0.07633188962923886,Inland,6.8,6.75989435911179,5.800984859466552,3.044167358664862,3.009347984649665,3.044167358664862,0.0011133178695562297,0.0
pune,2026-08-27,0.0,0.5097268223762512,18.52,73.86,Normal,-0.07633188962923886,Inland,0.0,0.0,0.0,0.5853284250116617,0.0,0.5853284250116617,0.0001755634354295841,0.0
raipur,2026-08-27,5.1,0.0,21.25,81.63,Normal,-0.07633188962923886,Inland,5.1,4.852269331614177,4.29458169937134,11.054288936587433,20.403777197692268,11.054288936587433,0.00730435277800269,0.0
ranchi,2026-08-27,38.8,3.6844542026519775,23.34,85.31,Normal,-0.07633188962923886,Inland,38.8,53.83408562277068,40.996192712135695,11.245339375970822,20.788721750016652,11.245339375970822,0.0035911541299006697,0.0
shillong,2026-08-27,9.1,0.591625452041626,25.58,91.89,Normal,-0.07633188962923886,Hill / Himalayan orographic,9.1,9.567789592164933,5.605460075693032,5.779644621764286,4.593749826329596,5.779644621764286,0.0011719227412930907,0.0
shimla,2026-08-27,0.0,6.670103549957275,31.1,77.17,Normal,-0.07633188962923886,Hill / Himalayan orographic,0.0,0.0,0.0,1.7293221391828755,0.6448456083136112,1.7293221391828755,0.00018957172998132076,0.0
srinagar,2026-08-27,0.1,0.0,34.08,74.8,Normal,-0.07633188962923886,Hill / Himalayan orographic,0.1,0.0,0.0,0.5352748932029796,0.0,0.5352748932029796,0.0001336084091421844,0.0
surat,2026-08-27,0.6000000000000001,0.0,21.17,72.83,Normal,-0.07633188962923886,West-coast orographic,0.6000000000000001,0.14336655139923135,0.4874708652496338,0.5929505681922723,0.0,0.5929505681922723,0.0009223424865656579,0.0
thiruvananthapuram,2026-08-27,0.0,6.141473293304443,8.52,76.94,Normal,-0.07633188962923886,West-coast orographic,0.0,0.0,0.0,0.5439605742640302,0.0,0.5439605742640302,0.0002164177871008532,0.0
varanasi,2026-08-27,17.5,3.5789220333099365,25.32,82.97,Normal,-0.07633188962923886,Inland,17.5,21.89817896948918,19.401734132170674,2.262586018512424,1.3863468982410403,2.262586018512424,0.003452294302670739,0.0
vijayawada,2026-08-27,0.0,0.14588215947151184,16.51,80.65,Normal,-0.07633188962923886,Inland,0.0,0.0,0.0,1.0868302700377088,0.02415459791336088,1.0868302700377088,0.0003383305785117519,0.0
visakhapatnam,2026-08-27,0.0,0.25694018602371216,17.69,83.22,Normal,-0.07633188962923886,East coast,0.0,0.0,0.0,0.787223134151321,0.0,0.787223134151321,0.0003094026453782104,0.0
agartala,2026-08-28,0.2,33.02699279785156,23.83,91.29,Normal,0.9543344840296754,Inland,0.2,0.0,0.0,5.405796134183803,7.0553495353042335,5.405796134183803,0.0004660298868711987,0.0
ahmedabad,2026-08-28,0.0,0.0,23.02,72.57,Normal,0.9543344840296754,Inland,0.0,0.0,0.0,0.6699904238639436,0.0,0.6699904238639436,0.0004951411980947491,0.0
amritsar,2026-08-28,0.0,0.0,31.63,74.87,Normal,0.9543344840296754,Inland,0.0,0.0,0.0,0.9715934457268628,0.00047092560102722785,0.9715934457268628,0.0004322627679465858,0.0
bengaluru,2026-08-28,0.30000000000000004,1.0938857793807983,12.97,77.59,Normal,0.9543344840296754,Inland,0.30000000000000004,0.00425116578117013,0.00425116578117013,1.4682919284806135,0.25225381328345287,1.4682919284806135,0.0006429428117740237,0.0
bhopal,2026-08-28,1.1,3.3176331520080566,23.26,77.41,Normal,0.9543344840296754,Inland,1.1,0.48810282140970235,0.47583811044692986,1.6113094114928106,0.3917214793596111,1.6113094114928106,0.006684009616788388,0.0
bhubaneswar,2026-08-28,5.5,9.346771240234375,20.3,85.82,Normal,0.9543344840296754,East coast,5.5,5.158369782765707,10.66767749786379,8.430496488410755,18.95424016607563,8.430496488410755,0.02871163420208665,0.0
chandigarh,2026-08-28,2.4,0.0,30.73,76.78,Normal,0.9543344840296754,Inland,2.4,1.815267086029052,1.5502267932891838,1.089641413330142,0.04338810687619398,1.089641413330142,0.0067849211888180334,0.0
chennai,2026-08-28,0.0,0.0,13.08,80.27,Normal,0.9543344840296754,East coast,0.0,0.0,0.0,1.3116884754274813,0.04210917368860907,1.3116884754274813,0.0005918162787669942,0.0
dehradun,2026-08-28,8.4,3.559511661529541,30.32,78.03,Normal,0.9543344840296754,Hill / Himalayan orographic,8.4,8.701072540283203,4.589849917185789,9.785305372470129,9.425346822596179,9.785305372470129,0.022596773372618433,0.0
delhi,2026-08-28,0.2,6.813577651977539,28.61,77.21,Normal,0.9543344840296754,Inland,0.2,0.0,0.0,0.9482788106131746,0.0,0.9482788106131746,0.0008495636306911959,0.0
gangtok,2026-08-28,3.7,4.308094024658203,27.33,88.61,Normal,0.9543344840296754,Hill / Himalayan orographic,3.7,2.970743274688721,1.2241190236125172,8.383802758418753,8.435360564202576,8.383802758418753,0.003160576660381124,0.0
guwahati,2026-08-28,3.3,19.62301254272461,26.14,91.74,Normal,0.9543344840296754,Inland,3.3,2.6673726105689997,2.1481113374233245,4.235660062940068,4.8027309499065645,4.235660062940068,0.0011624294137900998,0.0
hyderabad,2026-08-28,1.0,0.0,17.39,78.49,Normal,0.9543344840296754,Inland,1.0,0.4197980207204808,0.4033355435310298,2.379338370559278,1.3981685494860865,2.379338370559278,0.005023535830252134,0.0
jabalpur,2026-08-28,5.1,7.038862705230713,23.18,79.95,Normal,0.9543344840296754,Inland,5.1,4.741783412297567,3.761300509470001,10.287507906798835,17.246726708608218,10.287507906798835,0.22707156389547978,0.0
jaipur,2026-08-28,0.0,0.0,26.91,75.79,Normal,0.9543344840296754,Inland,0.0,0.0,0.0,0.06931075258178475,0.0,0.06931075258178475,0.00034351467533285664,0.0
jodhpur,2026-08-28,0.0,0.0,26.24,73.02,Normal,0.9543344840296754,Inland,0.0,0.0,0.0,0.16651893281256472,0.0,0.16651893281256472,0.00019392899413683912,0.0
kochi,2026-08-28,0.0,2.5196518898010254,9.93,76.27,Normal,0.9543344840296754,West-coast orographic,0.0,0.0,0.0,4.431790153946725,3.9629497314333006,4.431790153946725,0.0011997202795962926,0.0
kolkata,2026-08-28,19.5,2.2702059745788574,22.57,88.36,Normal,0.9543344840296754,East coast,19.5,25.21163471515362,40.920864874955754,12.880065511546114,34.85249328476233,12.880065511546114,0.16013387263108905,0.0
lucknow,2026-08-28,7.1000000000000005,32.001121520996094,26.85,80.95,Normal,0.9543344840296754,Inland,7.1000000000000005,7.392895360830434,6.025875897945319,4.531764728276196,5.47812103106565,4.531764728276196,0.00844703746021539,0.0
madurai,2026-08-28,0.0,1.0339463949203491,9.93,78.12,Normal,0.9543344840296754,Inland,0.0,0.0,0.0,0.7273230822872054,0.0,0.7273230822872054,0.0007447980090686179,0.0
mangaluru,2026-08-28,1.8,13.090587615966797,12.91,74.86,Normal,0.9543344840296754,West-coast orographic,1.8,1.1108578521013261,3.345825028419495,15.805118885424273,18.30748062230117,15.805118885424273,0.05563739744550907,0.0
mumbai,2026-08-28,2.6,7.155419826507568,19.08,72.88,Normal,0.9543344840296754,West-coast orographic,2.6,2.0115590453147902,5.132134118080141,4.29204792264923,3.801064966122944,4.29204792264923,0.0065054119903958235,0.0
nagpur,2026-08-28,8.6,2.526498794555664,21.15,79.09,Normal,0.9543344840296754,Inland,8.6,8.947541260057022,7.833715438842776,8.583277730470787,14.095515818040829,8.583277730470787,0.025756045935232907,0.0
panaji,2026-08-28,4.8,2.098292350769043,15.49,73.83,Normal,0.9543344840296754,West-coast orographic,4.8,4.32536865234375,8.185900354385376,13.29314435049798,13.467752777717688,13.29314435049798,0.01531770392813948,0.0
patna,2026-08-28,51.4,0.0,25.59,85.14,Normal,0.9543344840296754,Inland,51.4,79.99329819750389,66.64135946788043,7.328308978881314,11.489996287328688,7.328308978881314,0.004200143266679166,0.0
pune,2026-08-28,0.0,2.2084455490112305,18.52,73.86,Normal,0.9543344840296754,Inland,0.0,0.0,0.0,1.230804848187698,0.1052821825403171,1.230804848187698,0.0004007349316269879,0.0
raipur,2026-08-28,9.200000000000001,0.0,21.25,81.63,Normal,0.9543344840296754,Inland,9.200000000000001,9.55729818154603,8.113606551597858,15.64574735091648,29.337148464137623,15.64574735091648,0.1703567843405033,0.0
ranchi,2026-08-28,23.1,14.542256355285645,23.34,85.31,Normal,0.9543344840296754,Inland,23.1,29.821563503019192,28.94674597694159,8.002530673700454,12.706923186799413,8.002530673700454,0.004080089554295724,0.0
shillong,2026-08-28,12.200000000000001,1.6693367958068848,25.58,91.89,Normal,0.9543344840296754,Hill / Himalayan orographic,12.200000000000001,14.13086081674723,9.339163364806733,3.2651185329953973,1.6524800663711607,3.2651185329953973,0.0006653122075529093,0.0
shimla,2026-08-28,0.4,0.3761357069015503,31.1,77.17,Normal,0.9543344840296754,Hill / Himalayan orographic,0.4,0.04983054995536809,0.0,2.719475461002584,1.307094349032785,2.719475461002584,0.0004127276119251818,0.0
srinagar,2026-08-28,1.0,0.0,34.08,74.8,Normal,0.9543344840296754,Hill / Himalayan orographic,1.0,0.4197980207204808,0.07222263887524605,0.48203089475203476,0.0,0.48203089475203476,0.0007852298424726716,0.0
surat,2026-08-28,0.7000000000000001,0.0,21.17,72.83,Normal,0.9543344840296754,West-coast orographic,0.7000000000000001,0.2164968256652358,0.5674614715576174,1.134330947777869,0.15890095515994093,1.134330947777869,0.0031636755439463883,0.0
thiruvananthapuram,2026-08-28,0.0,0.2437354326248169,8.52,76.94,Normal,0.9543344840296754,West-coast orographic,0.0,0.0,0.0,1.3244874408744673,0.4258490301852819,1.3244874408744673,0.0008852980826054238,0.0
varanasi,2026-08-28,8.6,4.384837627410889,25.32,82.97,Normal,0.9543344840296754,Inland,8.6,8.947541260057022,7.833715438842776,1.5419653146416838,0.3063098420693572,1.5419653146416838,0.010850907327206461,0.0
vijayawada,2026-08-28,0.0,0.4161451458930969,16.51,80.65,Normal,0.9543344840296754,Inland,0.0,0.0,0.0,2.2225823433760037,1.1296274839478428,2.2225823433760037,0.0007627355799985781,0.0
visakhapatnam,2026-08-28,0.1,0.4123378396034241,17.69,83.22,Normal,0.9543344840296754,East coast,0.1,0.0,0.020670686382800396,1.3971890105278733,0.04794937768100694,1.3971890105278733,0.0006442060652709244,0.0
agartala,2026-08-29,0.0,19.067970275878906,23.83,91.29,Normal,0.7630868889778635,Inland,0.0,0.0,0.0,5.485304328583829,7.1791048654742555,5.485304328583829,0.0004660298868711987,0.0
ahmedabad,2026-08-29,0.0,0.0,23.02,72.57,Normal,0.7630868889778635,Inland,0.0,0.0,0.0,0.6160852616470021,0.0,0.6160852616470021,0.0004951411980947491,0.0
amritsar,2026-08-29,0.0,0.0,31.63,74.87,Normal,0.7630868889778635,Inland,0.0,0.0,0.0,0.9715934457268628,0.00047092560102722785,0.9715934457268628,0.0004322627679465858,0.0
bengaluru,2026-08-29,0.0,0.04983808472752571,12.97,77.59,Normal,0.7630868889778635,Inland,0.0,0.0,0.0,0.7201799734673172,0.0,0.7201799734673172,0.000551455120325506,0.0
bhopal,2026-08-29,3.0,8.326434135437012,23.26,77.41,Normal,0.7630868889778635,Inland,3.0,2.3646435999870326,2.0017226394017538,4.413580688008426,5.340387508195565,4.413580688008426,0.025886653387084888,0.0
bhubaneswar,2026-08-29,0.5,0.0,20.3,85.82,Normal,0.7630868889778635,East coast,0.5,0.06927700787782685,0.2912331566214564,3.0541201176441755,1.42164998581354,3.0541201176441755,0.011489416532140147,0.0
chandigarh,2026-08-29,0.0,3.8421356678009033,30.73,76.78,Normal,0.7630868889778635,Inland,0.0,0.0,0.0,0.6876138763131413,0.0,0.6876138763131413,0.0006976611224454133,0.0
chennai,2026-08-29,0.0,0.36041948199272156,13.08,80.27,Normal,0.7630868889778635,East coast,0.0,0.0,0.0,1.0334471074385898,0.0,1.0334471074385898,0.000507599953590613,0.0
dehradun,2026-08-29,2.2,12.929414749145508,30.32,78.03,Normal,0.7630868889778635,Hill / Himalayan orographic,2.2,1.5529078203439712,0.6015443959832192,3.212264074835535,1.611346063739482,3.212264074835535,0.0068447888497696,0.0
delhi,2026-08-29,0.0,0.08672242611646652,28.61,77.21,Normal,0.7630868889778635,Inland,0.0,0.0,0.0,0.5633080296597999,0.0,0.5633080296597999,0.0008495636306911959,0.0
gangtok,2026-08-29,13.6,0.021933922544121742,27.33,88.61,Normal,0.7630868889778635,Hill / Himalayan orographic,13.6,16.564263381958003,12.769682055021585,6.571628223488764,5.024900149310022,6.571628223488764,0.0018572408657853345,0.0
guwahati,2026-08-29,11.4,7.695541858673096,26.14,91.74,Normal,0.7630868889778635,Inland,11.4,12.705367265096504,11.29364386876424,3.5310995851184916,3.2808940378792038,3.5310995851184916,0.0015984234505972126,0.0
hyderabad,2026-08-29,0.0,0.0,17.39,78.49,Normal,0.7630868889778635,Inland,0.0,0.0,0.0,1.6140084717634604,0.39606268270811495,1.6140084717634604,0.0005347741742429575,0.0
jabalpur,2026-08-29,2.2,17.85411834716797,23.18,79.95,Normal,0.7630868889778635,Inland,2.2,1.5529078203439712,1.2443086105585106,4.685270285908128,5.590160901498299,4.685270285908128,0.011048106948179169,0.0
jaipur,2026-08-29,0.0,0.0,26.91,75.79,Normal,0.7630868889778635,Inland,0.0,0.0,0.0,0.06931075258178475,0.0,0.06931075258178475,0.00034351467533285664,0.0
jodhpur,2026-08-29,0.0,0.0,26.24,73.02,Normal,0.7630868889778635,Inland,0.0,0.0,0.0,0.14021196080753737,0.0,0.14021196080753737,0.00019392899413683912,0.0
kochi,2026-08-29,0.7,6.381253242492676,9.93,76.27,Normal,0.7630868889778635,West-coast orographic,0.7,0.16524837195873274,0.5674614715576173,7.625974848142909,7.584013918307115,7.625974848142909,0.008449422656564664,0.0
kolkata,2026-08-29,12.6,0.031805168837308884,22.57,88.36,Normal,0.7630868889778635,East coast,12.6,14.84196658920745,26.45068670520346,11.200426479470787,26.341064037251662,11.200426479470787,0.04715724654025059,0.0
lucknow,2026-08-29,11.0,6.167220592498779,26.85,80.95,Normal,0.7630868889778635,Inland,11.0,12.05483528071435,10.684493605295811,3.4575504793537433,3.0975379933860565,3.4575504793537433,0.007496031426946958,0.0
madurai,2026-08-29,0.0,0.0,9.93,78.12,Normal,0.7630868889778635,Inland,0.0,0.0,0.0,0.5243623791809342,0.0,0.5243623791809342,0.0006388260742886978,0.0
mangaluru,2026-08-29,0.8,15.130542755126953,12.91,74.86,Normal,0.7630868889778635,West-coast orographic,0.8,0.26110830307006855,0.5781907933950423,9.376413237517982,9.174826187434185,9.376413237517982,0.005666132166106521,0.0
mumbai,2026-08-29,3.8000000000000003,2.7999048233032227,19.08,72.88,Normal,0.7630868889778635,West-coast orographic,3.8000000000000003,3.1400601267814636,7.289454429619922,9.425806071677734,9.27555261378749,9.425806071677734,0.03512284966714929,0.0
nagpur,2026-08-29,0.9,15.375107765197754,21.15,79.09,Normal,0.7630868889778635,Inland,0.9,0.32478977710008655,0.3309901744127273,1.3854340603581503,0.17975590719406903,1.3854340603581503,0.004859288010104219,0.0
panaji,2026-08-29,7.3,1.0587252378463745,15.49,73.83,Normal,0.7630868889778635,West-coast orographic,7.3,7.595394706726072,11.680746262073518,15.548343223170514,18.183705904827296,15.548343223170514,0.004415732014208904,0.0
patna,2026-08-29,19.9,0.0,25.59,85.14,Normal,0.7630868889778635,Inland,19.9,25.733029174804688,25.613703503903654,3.8317686585571313,4.019035628811881,3.8317686585571313,0.012679085520732606,0.0
pune,2026-08-29,0.0,0.37309741973876953,18.52,73.86,Normal,0.7630868889778635,Inland,0.0,0.0,0.0,0.9638732200125012,0.0,0.9638732200125012,0.0004007349316269879,0.0
raipur,2026-08-29,2.3,1.8130730390548706,21.25,81.63,Normal,0.7630868889778635,Inland,2.3,1.6596957409381865,1.3125816977024085,3.4430094771223234,3.06164049580011,3.4430094771223234,0.01334258271577563,0.0
ranchi,2026-08-29,12.1,22.284072875976562,23.34,85.31,Normal,0.7630868889778635,Inland,12.1,13.96599954195854,12.450308809280397,8.655394660158946,14.273782490068399,8.655394660158946,0.0025081083345182553,0.0
shillong,2026-08-29,7.1,23.641450881958008,25.58,91.89,Normal,0.7630868889778635,Hill / Himalayan orographic,7.1,7.392895360830433,3.321959972381592,5.485288678790492,3.653940763136303,5.485288678790492,0.0006262609787767468,0.0
shimla,2026-08-29,5.1,0.0,31.1,77.17,Normal,0.7630868889778635,Hill / Himalayan orographic,5.1,4.741783412297567,2.0832534747899936,7.3831112334540085,6.948352942377232,7.3831112334540085,0.010941140899167093,0.0
srinagar,2026-08-29,0.0,0.0,34.08,74.8,Normal,0.7630868889778635,Hill / Himalayan orographic,0.0,0.0,0.0,0.23994407712433158,0.0,0.23994407712433158,0.00023358314374345376,0.0
surat,2026-08-29,1.6,0.0,21.17,72.83,Normal,0.7630868889778635,West-coast orographic,1.6,0.9251575970649719,2.8191520905494696,1.548899368206374,0.7231608463270125,1.548899368206374,0.002679639643232374,0.0
thiruvananthapuram,2026-08-29,0.0,0.0,8.52,76.94,Normal,0.7630868889778635,West-coast orographic,0.0,0.0,0.0,0.9609667195822721,0.00533679552810941,0.9609667195822721,0.0006856789984766999,0.0
varanasi,2026-08-29,3.8,0.07814060896635056,25.32,82.97,Normal,0.7630868889778635,Inland,3.8,3.1400601267814627,2.5499646544456493,1.8114328850408588,0.6509972726044533,1.8114328850408588,0.01986420804912538,0.0
vijayawada,2026-08-29,0.0,0.0,16.51,80.65,Normal,0.7630868889778635,Inland,0.0,0.0,0.0,2.190354883258267,1.0488640450976454,2.190354883258267,0.0007224746855303548,0.0
visakhapatnam,2026-08-29,0.1,0.0,17.69,83.22,Normal,0.7630868889778635,East coast,0.1,0.0,0.020670686382800396,1.2659334291706268,0.02613909957487529,1.2659334291706268,0.0006442060652709244,0.0
agartala,2026-08-30,2.6,0.7643027305603027,23.83,91.29,Normal,-0.05935241516261784,Inland,2.6,2.0115590453147902,1.670052490234375,8.396273487957636,13.633257869567325,8.396273487957636,0.0008163206243965605,0.0
ahmedabad,2026-08-30,0.0,0.0,23.02,72.57,Normal,-0.05935241516261784,Inland,0.0,0.0,0.0,1.1296521623327953,0.05643633292814203,1.1296521623327953,0.0004000666546542642,0.0
amritsar,2026-08-30,0.0,0.0,31.63,74.87,Normal,-0.05935241516261784,Inland,0.0,0.0,0.0,0.6638710925232141,0.0,0.6638710925232141,0.00028774149062443723,0.0
bengaluru,2026-08-30,0.0,1.4049116373062134,12.97,77.59,Normal,-0.05935241516261784,Inland,0.0,0.0,0.0,1.2313874770983868,0.10544370834468308,1.2313874770983868,0.0003322753428528122,0.0
bhopal,2026-08-30,0.0,0.0,23.26,77.41,Normal,-0.05935241516261784,Inland,0.0,0.0,0.0,2.1652963365085887,1.0206321399235223,2.1652963365085887,0.0006203956789331251,0.0
bhubaneswar,2026-08-30,5.7,21.30535125732422,20.3,85.82,Normal,-0.05935241516261784,East coast,5.7,5.377635173797608,11.583659522477982,8.973199207087069,20.720340337506546,8.973199207087069,0.02248952281544618,0.0
chandigarh,2026-08-30,0.0,4.308681011199951,30.73,76.78,Normal,-0.05935241516261784,Inland,0.0,0.0,0.0,0.4333764232478846,0.0,0.4333764232478846,0.0004167794261736575,0.0
chennai,2026-08-30,0.0,1.7317699193954468,13.08,80.27,Normal,-0.05935241516261784,East coast,0.0,0.0,0.0,1.3057861817565248,0.041706011310491196,1.3057861817565248,0.00033564585349564664,0.0
dehradun,2026-08-30,9.1,40.25271224975586,30.32,78.03,Normal,-0.05935241516261784,Hill / Himalayan orographic,9.1,9.470944404235238,5.045205948484318,9.10233511865431,9.000446355167234,9.10233511865431,0.021783867146244484,0.0
delhi,2026-08-30,0.0,0.0,28.61,77.21,Normal,-0.05935241516261784,Inland,0.0,0.0,0.0,0.33596739572663853,0.0,0.33596739572663853,0.000507556322036582,0.0
gangtok,2026-08-30,5.9,25.227869033813477,27.33,88.61,Normal,-0.05935241516261784,Hill / Himalayan orographic,5.9,5.5994224357604985,2.5193652664582555,11.294602657290952,13.299481567931398,11.294602657290952,0.0014137680011871432,0.0
guwahati,2026-08-30,8.4,1.4740197658538818,26.14,91.74,Normal,-0.05935241516261784,Inland,8.4,8.701072540283203,7.629960994720462,2.6625478453151596,1.9735891842191202,2.6625478453151596,0.0010754588685122353,0.0
hyderabad,2026-08-30,0.0,2.4241769313812256,17.39,78.49,Normal,-0.05935241516261784,Inland,0.0,0.0,0.0,2.1769483622056804,1.0337597521451274,2.1769483622056804,0.0003222222204690913,0.0
jabalpur,2026-08-30,0.7,3.067249059677124,23.18,79.95,Normal,-0.05935241516261784,Inland,0.7,0.16524837195873274,0.15336023241281507,4.191026806583634,4.728812678538853,4.191026806583634,0.00290800504272924,0.0
jaipur,2026-08-30,0.0,0.0,26.91,75.79,Normal,-0.05935241516261784,Inland,0.0,0.0,0.0,0.1383750162986516,0.0,0.1383750162986516,0.00022865834863301598,0.0
jodhpur,2026-08-30,0.0,0.0,26.24,73.02,Normal,-0.05935241516261784,Inland,0.0,0.0,0.0,0.1238722424025839,0.0,0.1238722424025839,0.00013258574225803117,0.0
kochi,2026-08-30,0.5,6.746711254119873,9.93,76.27,Normal,-0.05935241516261784,West-coast orographic,0.5,0.06927700787782685,0.2754118013381958,6.7881818142020185,6.314355918429479,6.7881818142020185,0.004686715128944354,0.0
kolkata,2026-08-30,27.3,0.14101359248161316,22.57,88.36,Normal,-0.05935241516261784,East coast,27.3,37.17996839929188,74.31615480334554,14.438189916633899,37.823241196097385,14.438189916633899,0.1058205986262677,0.0
lucknow,2026-08-30,3.2,12.554156303405762,26.85,80.95,Normal,-0.05935241516261784,Inland,3.2,2.57623071193695,2.0590617513656615,2.885160936620359,2.17309120534685,2.885160936620359,0.0013090332111230544,0.0
madurai,2026-08-30,0.0,0.0,9.93,78.12,Normal,-0.05935241516261784,Inland,0.0,0.0,0.0,1.0375320765012606,0.02400911726537663,1.0375320765012606,0.00035977561628239475,0.0
mangaluru,2026-08-30,0.30000000000000004,8.897563934326172,12.91,74.86,Normal,-0.05935241516261784,West-coast orographic,0.30000000000000004,0.00425116578117013,0.008382990024983905,5.933341432801413,5.285676232533438,5.933341432801413,0.00040991333622590614,0.0
mumbai,2026-08-30,3.8,1.1733794212341309,19.08,72.88,Normal,-0.05935241516261784,West-coast orographic,3.8,3.1400601267814627,7.289454429619921,9.557036788736426,9.54317040454538,9.557036788736426,0.014348009768452415,0.0
nagpur,2026-08-30,1.9,19.516746520996094,21.15,79.09,Normal,-0.05935241516261784,Inland,1.9,1.1676076650619507,1.0035198048750527,4.120723930729702,4.612382297259887,4.120723930729702,0.0017182342916097898,0.0
panaji,2026-08-30,8.2,45.401763916015625,15.49,73.83,Normal,-0.05935241516261784,West-coast orographic,8.2,8.419344444274898,12.473520914425531,19.95923044713957,21.67636434206067,19.95923044713957,0.005803448193760084,0.0
patna,2026-08-30,20.2,36.037288665771484,25.59,85.14,Normal,-0.05935241516261784,Inland,20.2,26.02699313922864,25.909931816858112,3.986072241133796,4.3128983643744245,3.986072241133796,0.013289637967635827,0.0
pune,2026-08-30,0.1,3.755521535873413,18.52,73.86,Normal,-0.05935241516261784,Inland,0.1,0.0,0.0,1.9890550469420127,0.794368179414284,1.9890550469420127,0.0002690662888868851,0.0
raipur,2026-08-30,7.6,8.113716125488281,21.25,81.63,Normal,-0.05935241516261784,Inland,7.6,7.793170928955077,6.628577585220347,20.42108344632998,38.420176573077114,20.42108344632998,0.21499789993786525,0.0
ranchi,2026-08-30,71.7,5.957583904266357,23.34,85.31,Normal,-0.05935241516261784,Inland,71.7,101.2588009454394,137.85418249774784,34.999634272859204,77.35775245177112,34.999634272859204,0.016271980628254842,1.0
shillong,2026-08-30,8.7,9.922536849975586,25.58,91.89,Normal,-0.05935241516261784,Hill / Himalayan orographic,8.7,9.053145931826691,4.789074306488039,4.110459751420324,2.4505391886568932,4.110459751420324,0.0007342081476835679,0.0
shimla,2026-08-30,0.0,0.0,31.1,77.17,Normal,-0.05935241516261784,Hill / Himalayan orographic,0.0,0.0,0.0,1.1731609433299106,0.11034857384915635,1.1731609433299106,0.0002465332053921098,0.0
srinagar,2026-08-30,0.1,0.0,34.08,74.8,Normal,-0.05935241516261784,Hill / Himalayan orographic,0.1,0.0,0.0,0.3565984519152702,0.0,0.3565984519152702,0.00015547741033526216,0.0
surat,2026-08-30,1.3,0.0,21.17,72.83,Normal,-0.05935241516261784,West-coast orographic,1.3,0.6653101086616516,1.1845915222167969,1.4322239109035402,0.5715724810227649,1.4322239109035402,0.001290220383397423,0.0
thiruvananthapuram,2026-08-30,0.0,0.0,8.52,76.94,Normal,-0.05935241516261784,West-coast orographic,0.0,0.0,0.0,0.806546469301467,0.0,0.806546469301467,0.00038617026812576386,0.0
varanasi,2026-08-30,33.6,4.582237720489502,25.32,82.97,Normal,-0.05935241516261784,Inland,33.6,44.53967326668341,39.37172659301762,6.150286599264942,8.279060785197776,6.150286599264942,0.011352637130318045,0.0
vijayawada,2026-08-30,0.0,0.0,16.51,80.65,Normal,-0.05935241516261784,Inland,0.0,0.0,0.0,2.484153739169519,1.6455142201467465,2.484153739169519,0.0004329794104653662,0.0
visakhapatnam,2026-08-30,0.8,0.0734114870429039,17.69,83.22,Normal,-0.05935241516261784,East coast,0.8,0.26110830307006855,0.6015676379203798,1.9191130942028505,0.3192115851418086,1.9191130942028505,0.0015903516387275132,0.0
agartala,2026-08-31,0.8,0.825480043888092,23.83,91.29,Normal,-0.2182182474793326,Inland,0.8,0.26110830307006855,0.24062798321247073,7.69450363194765,12.099602194694576,7.69450363194765,0.0007380946027928852,0.0
ahmedabad,2026-08-31,0.0,0.0,23.02,72.57,Normal,-0.2182182474793326,Inland,0.0,0.0,0.0,0.7193359385084751,0.0,0.7193359385084751,0.0003927051320464034,0.0
amritsar,2026-08-31,0.0,0.0,31.63,74.87,Normal,-0.2182182474793326,Inland,0.0,0.0,0.0,0.6915896270077121,0.0,0.6915896270077121,0.0002859056199107987,0.0
bengaluru,2026-08-31,0.0,0.4458889961242676,12.97,77.59,Normal,-0.2182182474793326,Inland,0.0,0.0,0.0,0.9065409834787373,0.0,0.9065409834787373,0.00024804921896952174,0.0
bhopal,2026-08-31,0.0,0.0,23.26,77.41,Normal,-0.2182182474793326,Inland,0.0,0.0,0.0,1.5738619142985804,0.3314904419202208,1.5738619142985804,0.0003879880740718742,0.0
bhubaneswar,2026-08-31,1.1,31.884510040283203,20.3,85.82,Normal,-0.2182182474793326,East coast,1.1,0.48810282140970235,0.8949434012174606,2.1978722003153734,0.614263322333395,2.1978722003153734,0.0010420538818712442,0.0
chandigarh,2026-08-31,0.0,5.680872440338135,30.73,76.78,Normal,-0.2182182474793326,Inland,0.0,0.0,0.0,0.45582636915279734,0.0,0.45582636915279734,0.0004141205985963466,0.0
chennai,2026-08-31,0.0,3.864454984664917,13.08,80.27,Normal,-0.2182182474793326,East coast,0.0,0.0,0.0,1.0317032473991374,0.0,1.0317032473991374,0.0002505655768815133,0.0
dehradun,2026-08-31,9.200000000000001,33.18067932128906,30.32,78.03,Normal,-0.2182182474793326,Hill / Himalayan orographic,9.200000000000001,9.55729818154603,5.131353804567738,9.145092536810521,9.024740686563463,9.145092536810521,0.0225292308744512,0.0
delhi,2026-08-31,0.0,0.0,28.61,77.21,Normal,-0.2182182474793326,Inland,0.0,0.0,0.0,0.3557678410483986,0.0,0.3557678410483986,0.0005509445070111794,0.0
gangtok,2026-08-31,6.2,39.98589324951172,27.33,88.61,Normal,-0.2182182474793326,Hill / Himalayan orographic,6.2,5.928217948675172,2.811018323397579,12.58010848054749,15.270746620612869,12.58010848054749,0.001409414318879556,0.0
guwahati,2026-08-31,24.8,19.905742645263672,26.14,91.74,Normal,-0.2182182474793326,Inland,24.8,33.0789322362908,31.000189428008945,3.4876992020591353,3.171966405080929,3.4876992020591353,0.0017951224357510725,0.0
hyderabad,2026-08-31,0.0,4.9231767654418945,17.39,78.49,Normal,-0.2182182474793326,Inland,0.0,0.0,0.0,1.8080991022871176,0.6472226884453856,1.8080991022871176,0.00024054377821445833,0.0
jabalpur,2026-08-31,6.8,0.0,23.18,79.95,Normal,-0.2182182474793326,Inland,6.8,6.851630926563727,5.600544604521531,11.120658417297447,19.020458986267094,11.120658417297447,0.016901325107159526,0.0
jaipur,2026-08-31,0.0,0.0,26.91,75.79,Normal,-0.2182182474793326,Inland,0.0,0.0,0.0,0.15118391156908073,0.0,0.15118391156908073,0.00023514282234951583,0.0
jodhpur,2026-08-31,0.0,0.0,26.24,73.02,Normal,-0.2182182474793326,Inland,0.0,0.0,0.0,0.13766664506316412,0.0,0.13766664506316412,0.00013065396061309804,0.0
kochi,2026-08-31,0.0,1.761573076248169,9.93,76.27,Normal,-0.2182182474793326,West-coast orographic,0.0,0.0,0.0,2.877551734456638,1.6425255229092484,2.877551734456638,0.0002882866409749992,0.0
kolkata,2026-08-31,2.8,0.03983389958739281,22.57,88.36,Normal,-0.2182182474793326,East coast,2.8,2.1972390556335473,4.366057896614081,7.1592862882316055,11.691556204461047,7.1592862882316055,0.000870328992467907,0.0
lucknow,2026-08-31,0.7999999999999999,0.14740408957004547,26.85,80.95,Normal,-0.2182182474793326,Inland,0.7999999999999999,0.2611083030700685,0.24062798321247067,1.33055487047373,0.13981712995200704,1.33055487047373,0.000611807841110373,0.0
madurai,2026-08-31,0.0,0.0,9.93,78.12,Normal,-0.2182182474793326,Inland,0.0,0.0,0.0,0.7413875492884469,0.0,0.7413875492884469,0.00026858051566815757,0.0
mangaluru,2026-08-31,0.0,26.213871002197266,12.91,74.86,Normal,-0.2182182474793326,West-coast orographic,0.0,0.0,0.0,3.9656081193079307,3.4772970659973277,3.9656081193079307,0.0002882866409749992,0.0
mumbai,2026-08-31,3.6,1.4065918922424316,19.08,72.88,Normal,-0.2182182474793326,West-coast orographic,3.6,2.900000352859497,7.057686155230881,5.314476188816674,5.002722606869192,5.314476188816674,0.006193488345595512,0.0
nagpur,2026-08-31,3.5,0.08586661517620087,21.15,79.09,Normal,-0.2182182474793326,Inland,3.5,2.8292574310302734,2.2875305902957916,3.910464556205924,4.168907662723565,3.910464556205924,0.0027969671191282654,0.0
panaji,2026-08-31,5.7,1.058176040649414,15.49,73.83,Normal,-0.2182182474793326,West-coast orographic,5.7,5.377635173797608,9.580332584381104,8.825704585799139,8.373633344586972,8.825704585799139,0.0025489742004000835,0.0
patna,2026-08-31,8.3,0.0,25.59,85.14,Normal,-0.2182182474793326,Inland,8.3,8.560208492279052,7.528083772659304,3.4578003500078247,3.0981548512242534,3.4578003500078247,0.0019709551125913494,0.0
pune,2026-08-31,0.0,0.012376896105706692,18.52,73.86,Normal,-0.2182182474793326,Inland,0.0,0.0,0.0,1.01961768063916,0.005828184661281977,1.01961768063916,0.00018922285982713428,0.0
raipur,2026-08-31,6.8,11.961616516113281,21.25,81.63,Normal,-0.2182182474793326,Inland,6.8,6.851630926563727,5.600544604521531,8.520712970449237,13.940861264616647,8.520712970449237,0.012694201530513326,0.0
ranchi,2026-08-31,17.1,13.972370147705078,23.34,85.31,Normal,-0.2182182474793326,Inland,17.1,21.20322162526509,19.27756276644195,10.476106304436096,17.64824247459359,10.476106304436096,0.0013377131064171584,0.0
shillong,2026-08-31,61.3,8.757678031921387,25.58,91.89,Normal,-0.2182182474793326,Hill / Himalayan orographic,61.3,93.49273208756641,61.49914230210608,9.48989497754491,9.258569341436027,9.48989497754491,0.003096996277084647,0.0
shimla,2026-08-31,1.3,39.373775482177734,31.1,77.17,Normal,-0.2182182474793326,Hill / Himalayan orographic,1.3,0.6653101086616516,0.2269572538137438,2.444464987499093,1.2072877138949158,2.444464987499093,0.0005405033104064074,0.0
srinagar,2026-08-31,5.9,0.21258683502674103,34.08,74.8,Normal,-0.2182182474793326,Hill / Himalayan orographic,5.9,5.5994224357604985,2.5193652664582555,1.6362185534259588,0.47072143068414174,1.6362185534259588,0.001509823273796221,0.0
surat,2026-08-31,1.6,0.0,21.17,72.83,Normal,-0.2182182474793326,West-coast orographic,1.6,0.9251575970649719,2.8191520905494696,1.4834804954092966,0.5858711903782562,1.4834804954092966,0.001250856196968345,0.0
thiruvananthapuram,2026-08-31,0.0,0.4874708652496338,8.52,76.94,Normal,-0.2182182474793326,West-coast orographic,0.0,0.0,0.0,0.7723577156027933,0.0,0.7723577156027933,0.0002882866409749992,0.0
varanasi,2026-08-31,50.0,2.8907933235168457,25.32,82.97,Normal,-0.2182182474793326,Inland,50.0,77.54632040564661,63.70781004892555,4.728370956945747,5.630704208139321,4.728370956945747,0.006744430046136803,0.0
vijayawada,2026-08-31,0.0,1.8097623586654663,16.51,80.65,Normal,-0.2182182474793326,Inland,0.0,0.0,0.0,2.3412625285075954,1.3085193204060952,2.3412625285075954,0.0003232347794282334,0.0
visakhapatnam,2026-08-31,0.2,0.0,17.69,83.22,Normal,-0.2182182474793326,East coast,0.2,0.0,0.056156118586659434,1.2640032811164423,0.02307078789210748,1.2640032811164423,0.00030792920209846174,0.0
agartala,2026-09-02,5.2,13.19789981842041,23.83,91.29,Normal,-0.8058062678777715,Inland,5.2,4.841704837481181,3.859101709374438,4.352037457951099,5.070711617498444,4.352037457951099,0.004544243632142878,0.0
ahmedabad,2026-09-02,0.0,0.23664042353630066,23.02,72.57,Normal,-0.8058062678777715,Inland,0.0,0.0,0.0,0.3153081747913812,0.0,0.3153081747913812,0.000447826023241124,0.0
amritsar,2026-09-02,3.4,0.0,31.63,74.87,Normal,-0.8058062678777715,Inland,3.4,2.7585145092010497,2.2371609234809875,0.8681252458470721,0.0,0.8681252458470721,0.006482394947167081,0.0
bengaluru,2026-09-02,0.0,0.0,12.97,77.59,Normal,-0.8058062678777715,Inland,0.0,0.0,0.0,0.8007371065110279,0.0,0.8007371065110279,0.00034765873961832875,0.0
bhopal,2026-09-02,0.0,0.0,23.26,77.41,Normal,-0.8058062678777715,Inland,0.0,0.0,0.0,0.9125659550257322,0.0,0.9125659550257322,0.0005078978237010977,0.0
bhubaneswar,2026-09-02,2.0,0.0,20.3,85.82,Normal,-0.8058062678777715,East coast,2.0,1.2875516498088837,2.378000982346073,6.845490538029479,10.32039310112901,6.845490538029479,0.0012859458231412157,0.0
chandigarh,2026-09-02,0.6000000000000001,1.4270790815353394,30.73,76.78,Normal,-0.8058062678777715,Inland,0.6000000000000001,0.12543207369744766,0.1210324973613024,0.8426696567216709,0.0,0.8426696567216709,0.00504058513247152,0.0
chennai,2026-09-02,0.0,0.0,13.08,80.27,Normal,-0.8058062678777715,East coast,0.0,0.0,0.0,0.8264269971102551,0.0,0.8264269971102551,0.0003455570297005091,0.0
dehradun,2026-09-02,20.3,6.9432053565979,30.32,78.03,Normal,-0.8058062678777715,Hill / Himalayan orographic,20.3,26.12498112736996,23.39154214916373,13.231784819889716,16.817682440087367,13.231784819889716,0.051602905442194584,0.0
delhi,2026-09-02,0.5,2.7367453575134277,28.61,77.21,Normal,-0.8058062678777715,Inland,0.5,0.06927700787782685,0.06613081112504003,0.710720617889458,0.0,0.710720617889458,0.011538686155277153,0.0
gangtok,2026-09-02,36.5,26.57552719116211,27.33,88.61,Normal,-0.8058062678777715,Hill / Himalayan orographic,36.5,50.21696699853802,40.239433397873746,32.10405758683895,57.70539180472149,32.10405758683895,0.02676247167969652,0.0
guwahati,2026-09-02,13.700000000000001,14.19855785369873,26.14,91.74,Normal,-0.8058062678777715,Inland,13.700000000000001,16.751504361536597,14.648151444680837,0.5602581120157698,0.0,0.5602581120157698,0.0006713175033276895,0.0
hyderabad,2026-09-02,0.0,4.398191452026367,17.39,78.49,Normal,-0.8058062678777715,Inland,0.0,0.0,0.0,1.7979166528417398,0.6294804636519956,1.7979166528417398,0.0003317371461605115,0.0
jabalpur,2026-09-02,55.3,11.338301658630371,23.18,79.95,Normal,-0.8058062678777715,Inland,55.3,86.80987918910631,78.24457784643813,11.749104717639709,20.697089444041666,11.749104717639709,0.02306817641730268,0.0
jaipur,2026-09-02,0.0,0.0,26.91,75.79,Normal,-0.8058062678777715,Inland,0.0,0.0,0.0,0.07398337645101694,0.0,0.07398337645101694,0.00033111627851204937,0.0
jodhpur,2026-09-02,0.0,0.0,26.24,73.02,Normal,-0.8058062678777715,Inland,0.0,0.0,0.0,0.08042448382107344,0.0,0.08042448382107344,0.00021085229496799703,0.0
kochi,2026-09-02,0.0,0.0,9.93,76.27,Normal,-0.8058062678777715,West-coast orographic,0.0,0.0,0.0,0.14728894984264232,0.0,0.14728894984264232,0.0003872808458329416,0.0
kolkata,2026-09-02,8.3,23.50339126586914,22.57,88.36,Normal,-0.8058062678777715,East coast,8.3,8.560208492279052,16.701767853328146,5.659247362084492,7.313502084150128,5.659247362084492,0.010108408750822945,0.0
lucknow,2026-09-02,16.9,36.899864196777344,26.85,80.95,Normal,-0.8058062678777715,Inland,16.9,20.770426229960965,18.933870168832645,2.764773653733283,2.0343372744889607,2.764773653733283,0.0038038424607638593,0.0
madurai,2026-09-02,0.0,0.0,9.93,78.12,Normal,-0.8058062678777715,Inland,0.0,0.0,0.0,0.6385561651463246,0.0,0.6385561651463246,0.00037039904832474876,0.0
mangaluru,2026-09-02,0.2,3.1209311485290527,12.91,74.86,Normal,-0.8058062678777715,West-coast orographic,0.2,0.0,0.0,0.7842610704443306,0.0,0.7842610704443306,0.0003872808458329416,0.0
mumbai,2026-09-02,6.8,4.257719993591309,19.08,72.88,Normal,-0.8058062678777715,West-coast orographic,6.8,6.851630926563727,11.098869936657355,11.67773774265227,11.916693093958399,11.67773774265227,0.010929852858707694,0.0
nagpur,2026-09-02,1.3,0.05490860715508461,21.15,79.09,Normal,-0.8058062678777715,Inland,1.3,0.6653101086616516,0.6501666009426117,2.6234074365441384,1.9056993383268868,2.6234074365441384,0.0017121381074813849,0.0
panaji,2026-09-02,6.7,9.726802825927734,15.49,73.83,Normal,-0.8058062678777715,West-coast orographic,6.7,6.606344079971319,10.9967216661661,6.243898557053098,5.444782347355614,6.243898557053098,0.004412215978992422,0.0
patna,2026-09-02,16.9,17.318735122680664,25.59,85.14,Normal,-0.8058062678777715,Inland,16.9,20.770426229960965,18.933870168832645,2.386866343168146,1.416585483738786,2.386866343168146,0.0010451427367843618,0.0
pune,2026-09-02,0.0,0.0,18.52,73.86,Normal,-0.8058062678777715,Inland,0.0,0.0,0.0,0.5676183726762384,0.0,0.5676183726762384,0.00030706365353662916,0.0
raipur,2026-09-02,1.3,1.062676191329956,21.25,81.63,Normal,-0.8058062678777715,Inland,1.3,0.6653101086616516,0.6501666009426117,1.5180756319122444,0.2882957702858536,1.5180756319122444,0.0020339669876000372,0.0
ranchi,2026-09-02,35.5,31.459543228149414,23.34,85.31,Normal,-0.8058062678777715,Inland,35.5,47.9020671122973,40.90435788387015,27.482042134187054,46.35418640761323,27.482042134187054,0.02160934141780313,0.0
shillong,2026-09-02,9.6,39.243682861328125,25.58,91.89,Normal,-0.8058062678777715,Hill / Himalayan orographic,9.6,9.902713290789187,5.515011589527127,1.8591268409306767,0.861798800200616,1.8591268409306767,0.0006649474285521513,0.0
shimla,2026-09-02,6.1,25.464706420898438,31.1,77.17,Normal,-0.8058062678777715,Hill / Himalayan orographic,6.1,5.81861944437028,2.6620589047520085,12.105035429053178,14.735214789475556,12.105035429053178,0.007303257470580161,0.0
srinagar,2026-09-02,5.0,4.00662899017334,34.08,74.8,Normal,-0.8058062678777715,Hill / Himalayan orographic,5.0,4.641861987113953,1.8922585439682,1.6438908206955742,0.4853147306474339,1.6438908206955742,0.013797028246856673,0.0
surat,2026-09-02,0.6000000000000001,0.5289862751960754,21.17,72.83,Normal,-0.8058062678777715,West-coast orographic,0.6000000000000001,0.12543207369744766,0.502079648971558,0.6853950635836009,0.0,0.6853950635836009,0.002371823982351268,0.0
thiruvananthapuram,2026-09-02,0.0,0.0,8.52,76.94,Normal,-0.8058062678777715,West-coast orographic,0.0,0.0,0.0,0.25123435396554444,0.0,0.25123435396554444,0.00037155337997957027,0.0
varanasi,2026-09-02,35.2,16.01776695251465,25.32,82.97,Normal,-0.8058062678777715,Inland,35.2,47.20759714642509,40.66219859339615,20.550092613154415,38.634468638593376,20.550092613154415,0.061005218142454576,0.0
vijayawada,2026-09-02,0.0,0.0,16.51,80.65,Normal,-0.8058062678777715,Inland,0.0,0.0,0.0,2.65210639410686,1.9562503276990157,2.65210639410686,0.0004457634357038232,0.0
visakhapatnam,2026-09-02,0.5,0.0,17.69,83.22,Normal,-0.8058062678777715,East coast,0.5,0.06927700787782685,0.2912331566214564,2.522309944154321,0.9523592098919613,2.522309944154321,0.004871741198012435,0.0
agartala,2026-09-03,12.5,4.037816524505615,23.83,91.29,Normal,-0.15762137664613163,Inland,12.5,14.625444641113287,12.912317132949834,4.425207014537244,5.3913328349077645,4.425207014537244,0.0027745812517639664,0.0
ahmedabad,2026-09-03,0.0,0.0,23.02,72.57,Normal,-0.15762137664613163,Inland,0.0,0.0,0.0,0.17907381497426053,0.0,0.17907381497426053,0.0003927051320464034,0.0
amritsar,2026-09-03,0.0,0.0,31.63,74.87,Normal,-0.15762137664613163,Inland,0.0,0.0,0.0,0.5002435678056095,0.0,0.5002435678056095,0.0002859056199107987,0.0
bengaluru,2026-09-03,1.0,1.6505608558654785,12.97,77.59,Normal,-0.15762137664613163,Inland,1.0,0.4197980207204808,0.4033355435310298,0.5231327471694196,0.0,0.5231327471694196,0.0006217808405382933,0.0
bhopal,2026-09-03,2.6,1.6026957035064697,23.26,77.41,Normal,-0.15762137664613163,Inland,2.6,2.0115590453147902,1.670052490234375,0.8822733534180145,0.0,0.8822733534180145,0.001222041154018449,0.0
bhubaneswar,2026-09-03,3.2,2.7432658672332764,20.3,85.82,Normal,-0.15762137664613163,East coast,3.2,2.57623071193695,4.982098770141601,4.8013897122756966,5.1816867958333654,4.8013897122756966,0.002123196428682058,0.0
chandigarh,2026-09-03,1.8,6.835815906524658,30.73,76.78,Normal,-0.15762137664613163,Inland,1.8,1.1108578521013261,0.9301667368412024,0.7482056161866342,0.0,0.7482056161866342,0.002770866277055013,0.0
chennai,2026-09-03,0.3,0.0,13.08,80.27,Normal,-0.15762137664613163,East coast,0.3,0.0,0.08382549881935118,1.2933215264702886,0.04085459991895938,1.2933215264702886,0.0002505655768815133,0.0
dehradun,2026-09-03,12.4,32.28029251098633,30.32,78.03,Normal,-0.15762137664613163,Hill / Himalayan orographic,12.4,14.4605833663246,9.454882311635204,5.343384947519738,3.4829240948727884,5.343384947519738,0.011410379185415691,0.0
delhi,2026-09-03,2.3,1.1814205646514893,28.61,77.21,Normal,-0.15762137664613163,Inland,2.3,1.6596957409381865,1.3125816977024085,0.326112112577068,0.0,0.326112112577068,0.0021602077449720393,0.0
gangtok,2026-09-03,11.9,11.660117149353027,27.33,88.61,Normal,-0.15762137664613163,Hill / Himalayan orographic,11.9,13.636276992381168,8.929910526275638,9.6795128042812,9.382610653780652,9.6795128042812,0.002903923939130552,0.0
guwahati,2026-09-03,12.0,0.0,26.14,91.74,Normal,-0.15762137664613163,Inland,12.0,13.801138267169854,12.334806728363038,1.38450164112708,0.17872707980430344,1.38450164112708,0.0006407649084329083,0.0
hyderabad,2026-09-03,0.30000000000000004,1.3207207918167114,17.39,78.49,Normal,-0.15762137664613163,Inland,0.30000000000000004,0.00425116578117013,0.00425116578117013,1.057559757281408,0.03341236068936914,1.057559757281408,0.00024054377821445833,0.0
jabalpur,2026-09-03,61.1,38.81059646606445,23.18,79.95,Normal,-0.15762137664613163,Inland,61.1,93.34338460953039,99.32602339385255,16.92850686884376,31.949373809586085,16.92850686884376,0.10269964844335791,0.0
jaipur,2026-09-03,1.7,0.13749679923057556,26.91,75.79,Normal,-0.15762137664613163,Inland,1.7,1.0541080391407014,0.8923140814900402,0.2603888202753783,0.0,0.2603888202753783,0.0009085690728285536,0.0
jodhpur,2026-09-03,0.0,0.0,26.24,73.02,Normal,-0.15762137664613163,Inland,0.0,0.0,0.0,0.07901740682570539,0.0,0.07901740682570539,0.00013065396061309804,0.0
kochi,2026-09-03,0.2,0.0,9.93,76.27,Normal,-0.15762137664613163,West-coast orographic,0.2,0.0,0.0,1.3920681962505808,0.5334038449907748,1.3920681962505808,0.0002882866409749992,0.0
kolkata,2026-09-03,11.7,68.07449340820312,22.57,88.36,Normal,-0.15762137664613163,East coast,11.7,13.296570442944041,25.294740155339234,6.350146803856121,9.24603036897536,6.350146803856121,0.02079796466357601,0.0
lucknow,2026-09-03,10.9,4.222838878631592,26.85,80.95,Normal,-0.15762137664613163,Inland,10.9,11.906960025984656,10.532206039428706,3.005836024811994,2.3349304734907133,3.005836024811994,0.007352449353448034,0.0
madurai,2026-09-03,0.2,20.40458106994629,9.93,78.12,Normal,-0.15762137664613163,Inland,0.2,0.0,0.0,0.7219211099824108,0.0,0.7219211099824108,0.00026858051566815757,0.0
mangaluru,2026-09-03,0.2,0.32342830300331116,12.91,74.86,Normal,-0.15762137664613163,West-coast orographic,0.2,0.0,0.0,2.175353818365478,0.9845962497067577,2.175353818365478,0.0002882866409749992,0.0
mumbai,2026-09-03,10.8,5.478837490081787,19.08,72.88,Normal,-0.15762137664613163,West-coast orographic,10.8,11.759084771254962,15.59614821848723,9.814331216596564,9.79334162094669,9.814331216596564,0.01213738103524558,0.0
nagpur,2026-09-03,0.5,9.653395652770996,21.15,79.09,Normal,-0.15762137664613163,Inland,0.5,0.06927700787782685,0.06613081112504003,1.150923631574255,0.06401031987042677,1.150923631574255,0.002437469663609787,0.0
panaji,2026-09-03,7.0,12.989325523376465,15.49,73.83,Normal,-0.15762137664613163,West-coast orographic,7.0,7.256321422344464,11.388388977050782,7.35373781041741,7.246529531041896,7.35373781041741,0.0013327525378971248,0.0
patna,2026-09-03,11.700000000000001,5.071717262268066,25.59,85.14,Normal,-0.15762137664613163,Inland,11.700000000000001,13.296570442944045,11.801481552124024,3.2893994177102597,2.7703540693304944,3.2893994177102597,0.0014144704434706074,0.0
pune,2026-09-03,0.1,6.410261631011963,18.52,73.86,Normal,-0.15762137664613163,Inland,0.1,0.0,0.0,0.685283444805488,0.0,0.685283444805488,0.00018922285982713428,0.0
raipur,2026-09-03,0.30000000000000004,13.867542266845703,21.25,81.63,Normal,-0.15762137664613163,Inland,0.30000000000000004,0.00425116578117013,0.00425116578117013,1.2909744238101548,0.12250141590545836,1.2909744238101548,0.00035845384079765676,0.0
ranchi,2026-09-03,3.2,5.446104526519775,23.34,85.31,Normal,-0.15762137664613163,Inland,3.2,2.57623071193695,2.0590617513656615,3.1017323324674533,2.490748016680455,3.1017323324674533,0.0009114383331021946,0.0
shillong,2026-09-03,11.0,3.7221784591674805,25.58,91.89,Normal,-0.15762137664613163,Hill / Himalayan orographic,11.0,12.05483528071435,7.801022696936572,2.0895586516814606,1.0730713881068517,2.0895586516814606,0.000676185012988875,0.0
shimla,2026-09-03,5.6,10.451937675476074,31.1,77.17,Normal,-0.15762137664613163,Hill / Himalayan orographic,5.6,5.266741542816162,2.3868181249977627,5.324462140389797,3.473844938172705,5.324462140389797,0.007335963889991341,0.0
srinagar,2026-09-03,3.5,0.0,34.08,74.8,Normal,-0.15762137664613163,Hill / Himalayan orographic,3.5,2.8292574310302734,1.149008773697747,0.12641475608126423,0.0,0.12641475608126423,0.001221126056520845,0.0
surat,2026-09-03,0.9,0.8761691451072693,21.17,72.83,Normal,-0.15762137664613163,West-coast orographic,0.9,0.32478977710008655,0.5889201152324672,0.09427253073436664,0.0,0.09427253073436664,0.001250856196968345,0.0
thiruvananthapuram,2026-09-03,0.0,0.0,8.52,76.94,Normal,-0.15762137664613163,West-coast orographic,0.0,0.0,0.0,0.28432318520067695,0.0,0.28432318520067695,0.0002882866409749992,0.0
varanasi,2026-09-03,7.3,4.0439629554748535,25.32,82.97,Normal,-0.15762137664613163,Inland,7.3,7.595394706726072,6.26695657285533,0.7050161455505493,0.0,0.7050161455505493,0.004213665299163558,0.0
vijayawada,2026-09-03,0.1,0.09260683506727219,16.51,80.65,Normal,-0.15762137664613163,Inland,0.1,0.0,0.0,2.147818367844451,1.000940800322252,2.147818367844451,0.0003232347794282334,0.0
visakhapatnam,2026-09-03,0.0,0.0,17.69,83.22,Normal,-0.15762137664613163,East coast,0.0,0.0,0.0,0.6799541075648865,0.0,0.6799541075648865,0.00030792920209846174,0.0
agartala,2026-09-04,18.3,2.4989821910858154,23.83,91.29,Normal,-0.18542220900289985,Inland,18.3,23.89542403221129,23.58168623462522,8.966541032870731,13.89333990132052,8.966541032870731,0.011524115389196673,0.0
ahmedabad,2026-09-04,0.0,0.0,23.02,72.57,Normal,-0.18542220900289985,Inland,0.0,0.0,0.0,0.024408643252951452,0.0,0.024408643252951452,0.00012971253800163102,0.0
amritsar,2026-09-04,0.2,0.0,31.63,74.87,Normal,-0.18542220900289985,Inland,0.2,0.0,0.0,1.4459112711484736,0.2573116920299967,1.4459112711484736,0.00020325789571328721,0.0
bengaluru,2026-09-04,0.1,3.876821517944336,12.97,77.59,Normal,-0.18542220900289985,Inland,0.1,0.0,0.0,0.8062508566411072,0.0,0.8062508566411072,0.0002527524525594099,0.0
bhopal,2026-09-04,62.0,9.755139350891113,23.26,77.41,Normal,-0.18542220900289985,Inland,62.0,92.30142253046156,104.01572770011573,24.460735554440213,44.74247054064298,24.460735554440213,0.07216467288282383,0.0
bhubaneswar,2026-09-04,1.4000000000000001,0.042187366634607315,20.3,85.82,Normal,-0.18542220900289985,East coast,1.4000000000000001,0.8473266267776492,1.3473996162414545,4.252026060751999,3.006779607228791,4.252026060751999,0.0010610308465226492,0.0
chandigarh,2026-09-04,9.1,43.63813018798828,30.73,76.78,Normal,-0.18542220900289985,Inland,9.1,10.214273273517987,8.876045817303405,9.510569710813595,15.273814450779854,9.510569710813595,0.01588757948187125,0.0
chennai,2026-09-04,0.7,10.962789535522461,13.08,80.27,Normal,-0.18542220900289985,East coast,0.7,0.21943433731794357,0.4788661897182462,1.212922169342709,0.04595546278794568,1.212922169342709,0.0017212243558293997,0.0
dehradun,2026-09-04,24.0,3.812687635421753,30.32,78.03,Normal,-0.18542220900289985,Hill / Himalayan orographic,24.0,31.934278869968754,31.436484444322936,11.534742833659182,14.667673020411142,11.534742833659182,0.017611460466116013,0.0
delhi,2026-09-04,0.1,0.7234600186347961,28.61,77.21,Normal,-0.18542220900289985,Inland,0.1,0.0,0.0,1.067778738675208,0.03370060804481713,1.067778738675208,0.00041597539844645185,0.0
gangtok,2026-09-04,0.8999999999999999,7.357221603393555,27.33,88.61,Normal,-0.18542220900289985,Hill / Himalayan orographic,0.8999999999999999,0.4292631387710572,0.018093492686748414,7.093869731088889,6.8992107767046225,7.093869731088889,0.0005312341198914883,0.0
guwahati,2026-09-04,31.6,10.65594482421875,26.14,91.74,Normal,-0.18542220900289985,Inland,31.6,41.877172988476794,39.01605627471511,8.823978818735068,13.551200637256333,8.823978818735068,0.0032641121512558785,0.0
hyderabad,2026-09-04,0.2,0.0,17.39,78.49,Normal,-0.18542220900289985,Inland,0.2,0.0,0.0,1.1691604255754913,0.09308942854401164,1.1691604255754913,0.00012035938168081018,0.0
jabalpur,2026-09-04,35.8,8.968439102172852,23.18,79.95,Normal,-0.18542220900289985,Inland,35.8,48.59559745693404,42.123241106824715,34.330749880516606,75.54231139163136,34.330749880516606,0.1544023966182171,0.0
jaipur,2026-09-04,0.1,0.0,26.91,75.79,Normal,-0.18542220900289985,Inland,0.1,0.0,0.0,0.46784967601054844,0.0,0.46784967601054844,0.00016939625633777158,0.0
jodhpur,2026-09-04,0.0,0.0,26.24,73.02,Normal,-0.18542220900289985,Inland,0.0,0.0,0.0,0.03399975012235791,0.0,0.03399975012235791,0.00011060265495958621,0.0
kochi,2026-09-04,0.0,0.0,9.93,76.27,Normal,-0.18542220900289985,West-coast orographic,0.0,0.0,0.0,2.334165106071061,0.8597916330656465,2.334165106071061,0.0003374207528589342,0.0
kolkata,2026-09-04,14.0,10.235962867736816,22.57,88.36,Normal,-0.18542220900289985,East coast,14.0,18.394284509931285,27.794300712161245,6.963591793093106,9.496250942110368,6.963591793093106,0.028794387336787144,0.0
lucknow,2026-09-04,7.7,10.0405855178833,26.85,80.95,Normal,-0.18542220900289985,Inland,7.7,8.260792966142908,7.044311882719699,9.123818824460793,14.270795513907014,9.123818824460793,0.021922242110645737,0.0
madurai,2026-09-04,1.2,7.147037982940674,9.93,78.12,Normal,-0.18542220900289985,Inland,1.2,0.6681640362739563,0.7089703083038329,1.5878677197375202,0.36082323909519576,1.5878677197375202,0.00039178401427464494,0.0
mangaluru,2026-09-04,0.0,2.9966015815734863,12.91,74.86,Normal,-0.18542220900289985,West-coast orographic,0.0,0.0,0.0,3.0510969317597367,1.4055077440496506,3.0510969317597367,0.00015679161406280468,0.0
mumbai,2026-09-04,10.3,1.5778412818908691,19.08,72.88,Normal,-0.18542220900289985,West-coast orographic,10.3,11.736950176239016,15.633011754353841,9.615681443435827,8.534168471353505,9.615681443435827,0.006558665948985325,0.0
nagpur,2026-09-04,2.4,2.7731964588165283,21.15,79.09,Normal,-0.18542220900289985,Inland,2.4,1.9391080498815778,1.7088398027420035,1.7057102119250949,0.514967266041907,1.7057102119250949,0.00042141446756113787,0.0
panaji,2026-09-04,24.9,8.12071418762207,15.49,73.83,Normal,-0.18542220900289985,West-coast orographic,24.9,33.733994466446035,34.17705236611907,11.30601948309022,11.091558478734203,11.30601948309022,0.003596381966659019,0.0
patna,2026-09-04,12.5,0.6130241751670837,25.59,85.14,Normal,-0.18542220900289985,Inland,12.5,15.673507500874278,14.255479523794996,5.615151322919535,5.863007461157561,5.615151322919535,0.0016054179128712216,0.0
pune,2026-09-04,0.0,0.7981942296028137,18.52,73.86,Normal,-0.18542220900289985,Inland,0.0,0.0,0.0,0.3392850693066312,0.0,0.3392850693066312,7.850552604046483e-05,0.0
raipur,2026-09-04,0.4,19.292327880859375,21.25,81.63,Normal,-0.18542220900289985,Inland,0.4,0.07296817019581799,0.10846247643232358,1.6375474556599072,0.4296119595341701,1.6375474556599072,0.003982520869771627,0.0
ranchi,2026-09-04,1.4,0.0529266856610775,23.34,85.31,Normal,-0.18542220900289985,Inland,1.4,0.8473266267776489,0.8039777159690856,2.033111544355657,0.7440927795482273,2.033111544355657,0.00029098782332163514,0.0
shillong,2026-09-04,6.8,4.059505462646484,25.58,91.89,Normal,-0.18542220900289985,Hill / Himalayan orographic,6.8,7.053530790805816,3.4979879345212663,6.408877965993807,5.910976173628176,6.408877965993807,0.0008194022793625192,0.0
shimla,2026-09-04,7.9,0.0,31.1,77.17,Normal,-0.18542220900289985,Hill / Himalayan orographic,7.9,8.562334667013934,4.801364142100015,11.160150717630234,13.717777603084103,11.160150717630234,0.006757264390464993,0.0
srinagar,2026-09-04,4.0,1.4874752759933472,34.08,74.8,Normal,-0.18542220900289985,Hill / Himalayan orographic,4.0,3.6703269445896143,1.4874868965148933,2.3670037828202752,0.6527246479025159,2.3670037828202752,0.002245835470037064,0.0
surat,2026-09-04,1.1,0.0,21.17,72.83,Normal,-0.18542220900289985,West-coast orographic,1.1,0.589832634329796,1.3164494991302491,0.2531866658343783,0.0,0.2531866658343783,0.0002949772292377542,0.0
thiruvananthapuram,2026-09-04,0.0,0.0,8.52,76.94,Normal,-0.18542220900289985,West-coast orographic,0.0,0.0,0.0,0.628238305182256,0.0,0.628238305182256,0.00028463205869205685,0.0
varanasi,2026-09-04,0.2,9.614413261413574,25.32,82.97,Normal,-0.18542220900289985,Inland,0.2,0.0,0.0,0.20194908278090865,0.0,0.20194908278090865,0.00026382752686533186,0.0
vijayawada,2026-09-04,0.7,0.0,16.51,80.65,Normal,-0.18542220900289985,Inland,0.7,0.21943433731794357,0.25512358784675593,1.785863668534103,0.5852960092711037,1.785863668534103,0.0016729316296667032,0.0
visakhapatnam,2026-09-04,0.1,0.06204475462436676,17.69,83.22,Normal,-0.18542220900289985,East coast,0.1,0.0,0.026521015912294416,0.5980916677713458,0.0,0.5980916677713458,0.0002656760349045638,0.0
agartala,2026-09-05,0.8,11.566143989562988,23.83,91.29,Normal,0.26879759493749156,Inland,0.8,0.3414254665374753,0.3706060647964486,5.382289930137755,5.560195941527199,5.382289930137755,0.0006066748069775492,0.0
ahmedabad,2026-09-05,5.1,0.0,23.02,72.57,Normal,0.26879759493749156,Inland,5.1,4.922448851267496,4.2986666679382335,6.5351895601274475,7.8870824789648015,6.5351895601274475,0.004436917872871689,0.0
amritsar,2026-09-05,0.0,5.6830878257751465,31.63,74.87,Normal,0.26879759493749156,Inland,0.0,0.0,0.0,1.0114773779115656,0.005701937743780211,1.0114773779115656,0.00017323570649407474,0.0
bengaluru,2026-09-05,0.1,8.548032760620117,12.97,77.59,Normal,0.26879759493749156,Inland,0.1,0.0,0.0,0.8159018886188433,0.0,0.8159018886188433,0.00023982538897239307,0.0
bhopal,2026-09-05,9.5,26.3914794921875,23.26,77.41,Normal,0.26879759493749156,Inland,9.5,10.713352913404242,9.293724076055708,11.051359000187128,19.200779742523167,11.051359000187128,0.010557549074542146,0.0
bhubaneswar,2026-09-05,0.2,0.0,20.3,85.82,Normal,0.26879759493749156,East coast,0.2,0.0,0.06947699397802354,1.8236374212933166,0.3016466985798427,1.8236374212933166,0.0002316538296219278,0.0
chandigarh,2026-09-05,8.5,35.95228576660156,30.73,76.78,Normal,0.26879759493749156,Inland,8.5,9.43068329862846,8.107685089111328,7.919731511308428,11.641483410754804,7.919731511308428,0.009356681131143529,0.0
chennai,2026-09-05,0.0,0.2631383240222931,13.08,80.27,Normal,0.26879759493749156,East coast,0.0,0.0,0.0,0.4332845195851968,0.0,0.4332845195851968,0.00027496543276729754,0.0
dehradun,2026-09-05,19.0,4.15025520324707,30.32,78.03,Normal,0.26879759493749156,Hill / Himalayan orographic,19.0,24.88207795509925,23.06241669654846,11.674466621377748,14.724908572149115,11.674466621377748,0.012502569172865947,0.0
delhi,2026-09-05,3.1999999999999997,6.080350875854492,28.61,77.21,Normal,0.26879759493749156,Inland,3.1999999999999997,2.7593098545074453,2.3803950793167656,5.4457493438984494,5.630878816143107,5.4457493438984494,0.009022140723128163,0.0
gangtok,2026-09-05,10.9,4.640847682952881,27.33,88.61,Normal,0.26879759493749156,Hill / Himalayan orographic,10.9,12.64858100128174,9.129154594345849,11.820418457959347,14.78469534167718,11.820418457959347,0.002018423629509082,0.0
guwahati,2026-09-05,20.6,4.83929967880249,26.14,91.74,Normal,0.26879759493749156,Inland,20.6,26.81637724706875,26.64914215696214,4.616760331489004,4.271441247030477,4.616760331489004,0.007641120487584183,0.0
hyderabad,2026-09-05,0.0,0.0,17.39,78.49,Normal,0.26879759493749156,Inland,0.0,0.0,0.0,0.8355956335271887,0.0,0.8355956335271887,0.00011420280884936208,0.0
jabalpur,2026-09-05,1.4,4.612009525299072,23.18,79.95,Normal,0.26879759493749156,Inland,1.4,0.8473266267776489,0.8039777159690856,2.911316125610647,1.8602156607289215,2.911316125610647,0.001233980162469971,0.0
jaipur,2026-09-05,1.3,23.37516212463379,26.91,75.79,Normal,0.26879759493749156,Inland,1.3,0.7590630263090138,0.7564740121364593,0.6762378955426203,0.0,0.6762378955426203,0.00040423673988590025,0.0
jodhpur,2026-09-05,0.0,0.0,26.24,73.02,Normal,0.26879759493749156,Inland,0.0,0.0,0.0,0.033187351515744284,0.0,0.033187351515744284,0.00010226068828168256,0.0
kochi,2026-09-05,0.1,0.0,9.93,76.27,Normal,0.26879759493749156,West-coast orographic,0.1,0.0,0.0,4.441712193807884,3.5666503757122996,4.441712193807884,0.0003628551696383676,0.0
kolkata,2026-09-05,1.2,0.0,22.57,88.36,Normal,0.26879759493749156,East coast,1.2,0.6681640362739563,1.2274759962904545,3.8835071363495666,2.304662831389078,3.8835071363495666,0.0014388943209656464,0.0
lucknow,2026-09-05,4.3,6.918900012969971,26.85,80.95,Normal,0.26879759493749156,Inland,4.3,4.106522738138834,3.428061084747317,8.476608447400722,12.740510469552078,8.476608447400722,0.01070288556392393,0.0
madurai,2026-09-05,3.4,0.0,9.93,78.12,Normal,0.26879759493749156,Inland,3.4,2.9699442839622496,2.604179258346558,1.9852445239632048,0.7071098551418888,1.9852445239632048,0.0018211772531873684,0.0
mangaluru,2026-09-05,0.2,0.0,12.91,74.86,Normal,0.26879759493749156,West-coast orographic,0.2,0.0,0.0,5.412502072135731,4.827041077512829,5.412502072135731,0.00017027174405651613,0.0
mumbai,2026-09-05,7.4,2.456392526626587,19.08,72.88,Normal,0.26879759493749156,West-coast orographic,7.4,7.906451474198512,12.237964200973513,15.615326988961323,17.249678035638997,15.615326988961323,0.006466360315588224,0.0
nagpur,2026-09-05,0.0,9.597953796386719,21.15,79.09,Normal,0.26879759493749156,Inland,0.0,0.0,0.0,0.8355956335271887,0.0,0.8355956335271887,0.00011592225389015492,0.0
panaji,2026-09-05,7.9,4.775257587432861,15.49,73.83,Normal,0.26879759493749156,West-coast orographic,7.9,8.562334667013934,12.768257692208875,18.002132435748916,20.374470745854808,18.002132435748916,0.0026096897455469333,0.0
patna,2026-09-05,1.4,0.0,25.59,85.14,Normal,0.26879759493749156,Inland,1.4,0.8473266267776489,0.8039777159690856,1.1558887314402473,0.08616935729334801,1.1558887314402473,0.00037926908460780796,0.0
pune,2026-09-05,0.1,0.7936451435089111,18.52,73.86,Normal,0.26879759493749156,Inland,0.1,0.0,0.0,0.5514855457657171,0.0,0.5514855457657171,7.546258366409617e-05,0.0
raipur,2026-09-05,0.5,0.4318348467350006,21.25,81.63,Normal,0.26879759493749156,Inland,0.5,0.09945883937180053,0.1338006734848023,1.6512894582054738,0.4475548967427654,1.6512894582054738,0.005962283299497308,0.0
ranchi,2026-09-05,0.0,0.0,23.34,85.31,Normal,0.26879759493749156,Inland,0.0,0.0,0.0,1.4872175264829086,0.2836245820457719,1.4872175264829086,0.00011242231277609727,0.0
shillong,2026-09-05,2.0,5.84981107711792,25.58,91.89,Normal,0.26879759493749156,Hill / Himalayan orographic,2.0,1.5301358163356789,0.4919136877493422,7.3290179435758915,7.687002472791029,7.3290179435758915,0.0005174257053359053,0.0
shimla,2026-09-05,7.5,0.0,31.1,77.17,Normal,0.26879759493749156,Hill / Himalayan orographic,7.5,8.008236794952953,4.305216607683487,10.0137039856059,11.147757367719183,10.0137039856059,0.008606438580696473,0.0
srinagar,2026-09-05,4.8,0.0,34.08,74.8,Normal,0.26879759493749156,Hill / Himalayan orographic,4.8,4.600332681337992,1.9260554695129393,1.9027177095915788,0.40071208688989907,1.9027177095915788,0.0015065987834662492,0.0
surat,2026-09-05,4.7,0.0,21.17,72.83,Normal,0.26879759493749156,West-coast orographic,4.7,4.4795657157897955,8.171512808137244,3.381403180430188,1.6985005414215328,3.381403180430188,0.0021810059316496213,0.0
thiruvananthapuram,2026-09-05,0.0,0.0,8.52,76.94,Normal,0.26879759493749156,West-coast orographic,0.0,0.0,0.0,0.6367609122830333,0.0,0.6367609122830333,0.0003021431998676409,0.0
varanasi,2026-09-05,0.0,1.2657215595245361,25.32,82.97,Normal,0.26879759493749156,Inland,0.0,0.0,0.0,0.07443386541944647,0.0,0.07443386541944647,0.00024393172408016163,0.0
vijayawada,2026-09-05,0.6,0.0,16.51,80.65,Normal,0.26879759493749156,Inland,0.6,0.173444852232933,0.1620618575811386,1.8002132334517762,0.5951865408822274,1.8002132334517762,0.003025661831991421,0.0
visakhapatnam,2026-09-05,0.1,3.2987027168273926,17.69,83.22,Normal,0.26879759493749156,East coast,0.1,0.0,0.026521015912294416,0.6527150871090368,0.0,0.6527150871090368,0.00028202129206504156,0.0
agartala,2026-09-06,2.8,11.739315032958984,23.83,91.29,Normal,0.014522423168834862,Inland,2.8,2.430598955154421,2.055711870193481,9.020351070283368,14.022480197795616,9.020351070283368,0.0027708373551006424,0.0
ahmedabad,2026-09-06,0.0,0.0,23.02,72.57,Normal,0.014522423168834862,Inland,0.0,0.0,0.0,0.06031151749585063,0.0,0.06031151749585063,0.00012725818062333627,0.0
amritsar,2026-09-06,2.7,5.625783443450928,31.63,74.87,Normal,0.014522423168834862,Inland,2.7,2.31944428920746,2.014635133743286,2.157752090958829,0.848703841969581,2.157752090958829,0.0007415554467888416,0.0
bengaluru,2026-09-06,0.1,0.0,12.97,77.59,Normal,0.014522423168834862,Inland,0.1,0.0,0.0,0.9746943578255992,0.0,0.9746943578255992,0.0002666149937692491,0.0
bhopal,2026-09-06,1.7000000000000002,14.486809730529785,23.26,77.41,Normal,0.014522423168834862,Inland,1.7000000000000002,1.1959105730056763,1.1133189392089853,3.601021259711662,2.633989564777972,3.601021259711662,0.006225597519035242,0.0
bhubaneswar,2026-09-06,0.1,1.648492455482483,20.3,85.82,Normal,0.014522423168834862,East coast,0.1,0.0,0.026521015912294416,2.0575447519036025,0.44815057903168565,2.0575447519036025,0.00020706548366190971,0.0
chandigarh,2026-09-06,0.4,24.397220611572266,30.73,76.78,Normal,0.014522423168834862,Inland,0.4,0.07296817019581799,0.10846247643232358,2.7492742023178294,1.7110746989555423,2.7492742023178294,0.023479663282039848,0.0
chennai,2026-09-06,0.6,0.01406124234199524,13.08,80.27,Normal,0.014522423168834862,East coast,0.6,0.173444852232933,0.35881455004215235,1.488069801477277,0.09501536764780029,1.488069801477277,0.002814608753245158,0.0
dehradun,2026-09-06,11.0,31.24212646484375,30.32,78.03,Normal,0.014522423168834862,Hill / Himalayan orographic,11.0,12.795015464782715,9.183169442356224,14.851020558743281,22.9718914616302,14.851020558743281,0.007826904006365515,0.0
delhi,2026-09-06,4.8,7.581384658813477,28.61,77.21,Normal,0.014522423168834862,Inland,4.8,4.600332681337992,3.846395311355593,9.108849759904198,14.234870814208895,9.108849759904198,0.02810375714378797,0.0
gangtok,2026-09-06,4.0,34.9663200378418,27.33,88.61,Normal,0.014522423168834862,Hill / Himalayan orographic,4.0,3.6703269445896143,1.4874868965148933,16.698150929734382,26.93558842641072,16.698150929734382,0.0016380234582843327,0.0
guwahati,2026-09-06,8.9,0.030720427632331848,26.14,91.74,Normal,0.014522423168834862,Inland,8.9,9.96470011426546,8.667206687927255,3.5969413571293165,2.6300734645135813,3.5969413571293165,0.0012067744817132096,0.0
hyderabad,2026-09-06,0.3,0.0,17.39,78.49,Normal,0.014522423168834862,Inland,0.3,0.00425955459475517,0.006391217652708412,1.370371308837872,0.19692492666808398,1.370371308837872,0.0001269615726533835,0.0
jabalpur,2026-09-06,1.4,5.602912425994873,23.18,79.95,Normal,0.014522423168834862,Inland,1.4,0.8473266267776489,0.8039777159690856,3.469266213500094,2.504405532675677,3.469266213500094,0.0015017517851829611,0.0
jaipur,2026-09-06,0.1,44.495018005371094,26.91,75.79,Normal,0.014522423168834862,Inland,0.1,0.0,0.0,0.49731610193339093,0.0,0.49731610193339093,0.0001741174679633702,0.0
jodhpur,2026-09-06,0.0,0.0,26.24,73.02,Normal,0.014522423168834862,Inland,0.0,0.0,0.0,0.04227187788116652,0.0,0.04227187788116652,0.00011368542735088522,0.0
kochi,2026-09-06,0.30000000000000004,0.0,9.93,76.27,Normal,0.014522423168834862,West-coast orographic,0.30000000000000004,0.02620052479207526,0.07889456227421818,4.800810499825065,4.100801879616317,4.800810499825065,0.0003605727497996611,0.0
kolkata,2026-09-06,1.5,0.71312415599823,22.57,88.36,Normal,0.014522423168834862,East coast,1.5,0.9766299134492882,1.520043867975473,6.288463216199721,8.05573677843789,6.288463216199721,0.0015753422870085287,0.0
lucknow,2026-09-06,0.1,0.0,26.85,80.95,Normal,0.014522423168834862,Inland,0.1,0.0,0.0,0.9007275769060608,0.0,0.9007275769060608,0.000303060176134547,0.0
madurai,2026-09-06,7.7,7.398043632507324,9.93,78.12,Normal,0.014522423168834862,Inland,7.7,8.260792966142908,7.044311882719699,11.365428973995293,19.66153348398018,11.365428973995293,0.0034842972469549924,0.0
mangaluru,2026-09-06,0.0,0.0,12.91,74.86,Normal,0.014522423168834862,West-coast orographic,0.0,0.0,0.0,3.3712276562149954,1.6848764747912395,3.3712276562149954,0.00016755188848082393,0.0
mumbai,2026-09-06,6.3,16.749969482421875,19.08,72.88,Normal,0.014522423168834862,West-coast orographic,6.3,6.345444626808168,10.865470383161139,11.239330344394697,11.04333119700342,11.239330344394697,0.0029956200880783385,0.0
nagpur,2026-09-06,2.1,19.14730453491211,21.15,79.09,Normal,0.014522423168834862,Inland,2.1,1.6949622297286988,1.4162953662872315,2.379649917072816,1.2027655076153023,2.379649917072816,0.0006896827288083863,0.0
panaji,2026-09-06,0.5,1.3635847568511963,15.49,73.83,Normal,0.014522423168834862,West-coast orographic,0.5,0.09945883937180053,0.5112206149539527,1.012989880769116,0.0,1.012989880769116,0.0008717804842630793,0.0
patna,2026-09-06,18.9,1.6832544803619385,25.59,85.14,Normal,0.014522423168834862,Inland,18.9,24.753793540367703,24.536499902716592,6.2640240365107935,7.28914284467485,6.2640240365107935,0.004323550571543079,0.0
pune,2026-09-06,1.5,0.19449739158153534,18.52,73.86,Normal,0.014522423168834862,Inland,1.5,0.9766299134492882,0.8641274762153625,2.1883144140252524,0.8888725885885748,2.1883144140252524,0.0001923512726992098,0.0
raipur,2026-09-06,0.8,1.6550482511520386,21.25,81.63,Normal,0.014522423168834862,Inland,0.8,0.3414254665374753,0.3706060647964486,2.093080696100166,0.7916751249956149,2.093080696100166,0.001453402436328405,0.0
ranchi,2026-09-06,1.7,0.0,23.34,85.31,Normal,0.014522423168834862,Inland,1.7,1.195910573005676,1.113318939208985,2.9575121411216436,1.9211471462869443,2.9575121411216436,0.0010674560469931572,0.0
shillong,2026-09-06,7.7,3.0022623538970947,25.58,91.89,Normal,0.014522423168834862,Hill / Himalayan orographic,7.7,8.260792966142908,4.374610726596744,5.636845371762071,4.382743410801483,5.636845371762071,0.0011343948942446822,0.0
shimla,2026-09-06,2.6,6.424335956573486,31.1,77.17,Normal,0.014522423168834862,Hill / Himalayan orographic,2.6,2.208289623260498,0.8802760529518128,4.244031416602566,2.3776060779534354,4.244031416602566,0.001668464697673824,0.0
srinagar,2026-09-06,1.5999999999999999,0.6150340437889099,34.08,74.8,Normal,0.014522423168834862,Hill / Himalayan orographic,1.5999999999999999,1.0684638023376463,0.3376759239935104,1.136999215977775,0.02169061860372899,1.136999215977775,0.00019788073005945787,0.0
surat,2026-09-06,0.30000000000000004,0.0,21.17,72.83,Normal,0.014522423168834862,West-coast orographic,0.30000000000000004,0.02620052479207526,0.07889456227421818,0.09809479562603719,0.0,0.09809479562603719,0.00012395297547562915,0.0
thiruvananthapuram,2026-09-06,0.0,0.0,8.52,76.94,Normal,0.014522423168834862,West-coast orographic,0.0,0.0,0.0,0.7778644291231637,0.0,0.7778644291231637,0.0003002425537945273,0.0
varanasi,2026-09-06,0.1,2.544677495956421,25.32,82.97,Normal,0.014522423168834862,Inland,0.1,0.0,0.0,0.22146294887818646,0.0,0.22146294887818646,0.0002711799010753257,0.0
vijayawada,2026-09-06,0.5,19.079368591308594,16.51,80.65,Normal,0.014522423168834862,Inland,0.5,0.09945883937180053,0.1338006734848023,2.101616063498421,0.7984474869225339,2.101616063498421,0.005979661812783544,0.0
visakhapatnam,2026-09-06,0.0,0.11011721193790436,17.69,83.22,Normal,0.014522423168834862,East coast,0.0,0.0,0.0,0.5175002551576707,0.0,0.5175002551576707,0.00028024718831979554,0.0
agartala,2026-09-07,12.0,0.31215420365333557,23.83,91.29,Normal,0.14228786869167323,Inland,12.0,14.752963623099602,13.167658408028739,9.687475070859229,15.747217052289097,9.687475070859229,0.0022473742716367056,0.0
ahmedabad,2026-09-07,0.0,0.0,23.02,72.57,Normal,0.14228786869167323,Inland,0.0,0.0,0.0,0.06031151749585063,0.0,0.06031151749585063,0.00012725818062333627,0.0
amritsar,2026-09-07,0.2,0.0,31.63,74.87,Normal,0.14228786869167323,Inland,0.2,0.0,0.0,1.4973720744465628,0.2900932270866793,1.4973720744465628,0.0001907119187639444,0.0
bengaluru,2026-09-07,0.1,0.0,12.97,77.59,Normal,0.14228786869167323,Inland,0.1,0.0,0.0,0.9746943578255992,0.0,0.9746943578255992,0.0002666149937692491,0.0
bhopal,2026-09-07,9.5,2.2375056743621826,23.26,77.41,Normal,0.14228786869167323,Inland,9.5,10.713352913404242,9.293724076055708,11.45771293114706,19.796917895353765,11.45771293114706,0.015242612065082933,0.0
bhubaneswar,2026-09-07,0.2,9.61803913116455,20.3,85.82,Normal,0.14228786869167323,East coast,0.2,0.0,0.06947699397802354,2.0575447519036025,0.44815057903168565,2.0575447519036025,0.0002316538296219278,0.0
chandigarh,2026-09-07,0.6,2.1350951194763184,30.73,76.78,Normal,0.14228786869167323,Inland,0.6,0.173444852232933,0.1620618575811386,2.954058606253941,1.9165920129580656,2.954058606253941,0.006776888272885288,0.0
chennai,2026-09-07,2.1,7.514907360076904,13.08,80.27,Normal,0.14228786869167323,East coast,2.1,1.6949622297286988,2.8404017597367863,1.9168081152795782,0.36046603868192467,1.9168081152795782,0.004659671254866563,0.0
dehradun,2026-09-07,0.7,0.00991958286613226,30.32,78.03,Normal,0.14228786869167323,Hill / Himalayan orographic,0.7,0.21943433731794357,0.0,4.478704056321516,2.7007911618220652,4.478704056321516,0.004855126815248804,0.0
delhi,2026-09-07,0.0,0.8768049478530884,28.61,77.21,Normal,0.14228786869167323,Inland,0.0,0.0,0.0,0.7747508967624487,0.0,0.7747508967624487,0.00040719074274364673,0.0
gangtok,2026-09-07,19.3,16.515077590942383,27.33,88.61,Normal,0.14228786869167323,Hill / Himalayan orographic,19.3,25.266931199293875,23.602074211026423,11.730917226539459,14.748032634165533,11.730917226539459,0.036147381344130126,0.0
guwahati,2026-09-07,57.3,2.2371268272399902,26.14,91.74,Normal,0.14228786869167323,Inland,57.3,87.96116089318645,87.07022895259985,7.033309372885152,9.265841419053187,7.033309372885152,0.005062778985345689,0.0
hyderabad,2026-09-07,0.2,13.77873706817627,17.39,78.49,Normal,0.14228786869167323,Inland,0.2,0.0,0.0,1.370371308837872,0.19692492666808398,1.370371308837872,0.0001269615726533835,0.0
jabalpur,2026-09-07,2.7,0.0,23.18,79.95,Normal,0.14228786869167323,Inland,2.7,2.31944428920746,2.014635133743286,3.9363185031300936,3.131855648590575,3.9363185031300936,0.003104215617667096,0.0
jaipur,2026-09-07,2.0,0.010025807656347752,26.91,75.79,Normal,0.14228786869167323,Inland,2.0,1.5301358163356789,1.3560850413640342,0.9031105712536901,0.0,0.9031105712536901,0.0006967299715240831,0.0
jodhpur,2026-09-07,0.0,0.0,26.24,73.02,Normal,0.14228786869167323,Inland,0.0,0.0,0.0,0.04227187788116652,0.0,0.04227187788116652,0.00011368542735088522,0.0
kochi,2026-09-07,1.1,0.0,9.93,76.27,Normal,0.14228786869167323,West-coast orographic,1.1,0.589832634329796,1.3164494991302491,7.768034276269973,6.587979808140501,7.768034276269973,0.004556165192347467,0.0
kolkata,2026-09-07,1.8,0.0,22.57,88.36,Normal,0.14228786869167323,East coast,1.8,1.2881376345952351,2.2443144035339344,6.1974112896656335,7.590712293540081,6.1974112896656335,0.009129609592153875,0.0
lucknow,2026-09-07,3.6000000000000005,3.8130574226379395,26.85,80.95,Normal,0.14228786869167323,Inland,3.6000000000000005,3.159546978473664,2.6911869129767783,6.894992977686832,8.781902686401596,6.894992977686832,0.00859637794822603,0.0
madurai,2026-09-07,43.2,0.0,9.93,78.12,Normal,0.14228786869167323,Inland,43.2,63.95137121674708,49.89930571925179,15.556140831386308,29.546092089141794,15.556140831386308,0.007945558104546158,0.0
mangaluru,2026-09-07,0.0,0.0,12.91,74.86,Normal,0.14228786869167323,West-coast orographic,0.0,0.0,0.0,3.3712276562149954,1.6848764747912395,3.3712276562149954,0.0001874490045314931,0.0
mumbai,2026-09-07,5.5,9.334851264953613,19.08,72.88,Normal,0.14228786869167323,West-coast orographic,5.5,5.318419268925988,9.575672351859213,10.751492863647673,10.35473671382506,10.751492863647673,0.008104757545776399,0.0
nagpur,2026-09-07,10.2,0.7412986159324646,21.15,79.09,Normal,0.14228786869167323,Inland,10.2,11.579507698059084,9.843434987664216,5.6215011534691,5.8817810793475855,5.6215011534691,0.004307370960644184,0.0
panaji,2026-09-07,0.1,0.296221524477005,15.49,73.83,Normal,0.14228786869167323,West-coast orographic,0.1,0.0,0.0,0.5136009681478131,0.0,0.5136009681478131,0.00011521344032985024,0.0
patna,2026-09-07,13.7,0.0,25.59,85.14,Normal,0.14228786869167323,Inland,13.7,17.820435902731752,15.961604040822671,5.187844614402411,5.00821843163702,5.187844614402411,0.0011239804159546792,0.0
pune,2026-09-07,0.1,1.0853911638259888,18.52,73.86,Normal,0.14228786869167323,Inland,0.1,0.0,0.0,0.683290630373571,0.0,0.683290630373571,8.389364382959801e-05,0.0
raipur,2026-09-07,4.3,0.24120186269283295,21.25,81.63,Normal,0.14228786869167323,Inland,4.3,4.106522738138834,3.428061084747317,5.401399813586674,5.581481065604112,5.401399813586674,0.021044383220365257,0.0
ranchi,2026-09-07,2.1,1.2511769533157349,23.34,85.31,Normal,0.14228786869167323,Inland,2.1,1.6949622297286988,1.4162953662872315,2.8701336604465535,1.815644915218642,2.8701336604465535,0.0006750032635638086,0.0
shillong,2026-09-07,34.5,0.8404953479766846,25.58,91.89,Normal,0.14228786869167323,Hill / Himalayan orographic,34.5,45.97141761532017,39.984239037512864,11.895403785802246,14.815411848017431,11.895403785802246,0.00994620941920756,0.0
shimla,2026-09-07,0.5,4.727609157562256,31.1,77.17,Normal,0.14228786869167323,Hill / Himalayan orographic,0.5,0.09945883937180053,0.0,4.470308718558696,2.681969421717565,4.470308718558696,0.01171258253618248,0.0
srinagar,2026-09-07,1.0,0.0,34.08,74.8,Normal,0.14228786869167323,Hill / Himalayan orographic,1.0,0.49662038922309876,0.07250799983739827,0.7583126769818355,0.0,0.7583126769818355,0.00023579694997264542,0.0
surat,2026-09-07,0.7000000000000001,0.11846493929624557,21.17,72.83,Normal,0.14228786869167323,West-coast orographic,0.7000000000000001,0.26470319986343394,0.6731739056110384,0.3510893729867817,0.0,0.3510893729867817,0.0011727541513649028,0.0
thiruvananthapuram,2026-09-07,0.0,0.0,8.52,76.94,Normal,0.14228786869167323,West-coast orographic,0.0,0.0,0.0,0.7778644291231637,0.0,0.7778644291231637,0.0003358916535063287,0.0
varanasi,2026-09-07,0.5,0.0,25.32,82.97,Normal,0.14228786869167323,Inland,0.5,0.09945883937180053,0.1338006734848023,0.6188689205021868,0.0,0.6188689205021868,0.005963232280005767,0.0
vijayawada,2026-09-07,6.4,1.7272825241088867,16.51,80.65,Normal,0.14228786869167323,Inland,6.4,6.462730869054796,5.501915812005802,3.5237296173182737,2.558369122034958,3.5237296173182737,0.013344059865388336,0.0
visakhapatnam,2026-09-07,0.0,0.19576396048069,17.69,83.22,Normal,0.14228786869167323,East coast,0.0,0.0,0.0,0.5175002551576707,0.0,0.5175002551576707,0.00031352289619530855,0.0
agartala,2026-09-08,20.4,0.0,23.83,91.29,Normal,-0.29887070160557544,Inland,20.4,26.593594515815713,26.456435158561625,10.31706998096257,17.59310587589236,10.31706998096257,0.022253035427718875,0.0
ahmedabad,2026-09-08,0.0,0.0,23.02,72.57,Normal,-0.29887070160557544,Inland,0.0,0.0,0.0,0.19859812247506167,0.0,0.19859812247506167,0.00012971253800163102,0.0
amritsar,2026-09-08,0.0,0.0,31.63,74.87,Normal,-0.29887070160557544,Inland,0.0,0.0,0.0,0.881045515152974,0.0,0.881045515152974,0.00020325789571328721,0.0
bengaluru,2026-09-08,0.0,0.0,12.97,77.59,Normal,-0.29887070160557544,Inland,0.0,0.0,0.0,0.4782855275789626,0.0,0.4782855275789626,0.0002527524525594099,0.0
bhopal,2026-09-08,0.4,0.852416455745697,23.26,77.41,Normal,-0.29887070160557544,Inland,0.4,0.07296817019581799,0.10846247643232358,1.9978394412769207,0.716106234057329,1.9978394412769207,0.010321667032301437,0.0
bhubaneswar,2026-09-08,0.0,0.0,20.3,85.82,Normal,-0.29887070160557544,East coast,0.0,0.0,0.0,1.1186460739085091,0.028776285542341965,1.1186460739085091,0.00018636140284314688,0.0
chandigarh,2026-09-08,0.0,0.3685079514980316,30.73,76.78,Normal,-0.29887070160557544,Inland,0.0,0.0,0.0,1.0316183670071957,0.014719629861300237,1.0316183670071957,0.00044096876150660097,0.0
chennai,2026-09-08,0.0,13.787450790405273,13.08,80.27,Normal,-0.29887070160557544,East coast,0.0,0.0,0.0,0.3218503915381601,0.0,0.3218503915381601,0.00025902900981811396,0.0
dehradun,2026-09-08,0.7,4.423232555389404,30.32,78.03,Normal,-0.29887070160557544,Hill / Himalayan orographic,0.7,0.21943433731794357,0.0,4.410339034241381,2.557784850826499,4.410339034241381,0.0038016473323384944,0.0
delhi,2026-09-08,0.0,0.0,28.61,77.21,Normal,-0.29887070160557544,Inland,0.0,0.0,0.0,0.623610267868557,0.0,0.623610267868557,0.00041597539844645185,0.0
gangtok,2026-09-08,12.6,0.7410343289375305,27.33,88.61,Normal,-0.29887070160557544,Hill / Himalayan orographic,12.6,15.841245675676701,12.31054386138916,15.004732157620081,23.426794173912914,15.004732157620081,0.003423562408977613,0.0
guwahati,2026-09-08,9.7,10.586505889892578,26.14,91.74,Normal,-0.29887070160557544,Inland,9.7,10.949590348895878,9.484310222864147,3.9195468951440255,3.106377939833766,3.9195468951440255,0.0013432018137251105,0.0
hyderabad,2026-09-08,0.1,0.0,17.39,78.49,Normal,-0.29887070160557544,Inland,0.1,0.0,0.0,1.0971945775696907,0.05603109459735373,1.0971945775696907,0.00012035938168081018,0.0
jabalpur,2026-09-08,10.9,1.7033116817474365,23.18,79.95,Normal,-0.29887070160557544,Inland,10.9,12.64858100128174,11.502134902954099,12.893917195223741,23.1317321431075,12.893917195223741,0.029220706538700656,0.0
jaipur,2026-09-08,4.1,0.6023175716400146,26.91,75.79,Normal,-0.29887070160557544,Inland,4.1,3.8336768531799317,3.258753871917726,5.289295551782454,5.306130759051891,5.289295551782454,0.0069200305950151255,0.0
jodhpur,2026-09-08,0.0,0.0,26.24,73.02,Normal,-0.29887070160557544,Inland,0.0,0.0,0.0,0.02267540663412297,0.0,0.02267540663412297,0.00011060265495958621,0.0
kochi,2026-09-08,1.8,0.0,9.93,76.27,Normal,-0.29887070160557544,West-coast orographic,1.8,1.2881376345952351,3.3775897952947713,7.503657896622659,6.230640910087709,7.503657896622659,0.007306117650343726,0.0
kolkata,2026-09-08,9.5,0.05466032773256302,22.57,88.36,Normal,-0.29887070160557544,East coast,9.5,10.713352913404242,19.95885617494583,3.1957871693483773,1.7928830273651823,3.1957871693483773,0.010464347259329492,0.0
lucknow,2026-09-08,10.4,7.821637153625488,26.85,80.95,Normal,-0.29887070160557544,Inland,10.4,11.894392654418947,9.987084893584244,7.8675741364360405,11.547483742677143,7.8675741364360405,0.013844228362974841,0.0
madurai,2026-09-08,0.0,0.0,9.93,78.12,Normal,-0.29887070160557544,Inland,0.0,0.0,0.0,0.3884587431431303,0.0,0.3884587431431303,0.00013205058387535771,0.0
mangaluru,2026-09-08,0.0,0.642712414264679,12.91,74.86,Normal,-0.29887070160557544,West-coast orographic,0.0,0.0,0.0,2.516845003680244,1.0591732980556219,2.516845003680244,0.00015679161406280468,0.0
mumbai,2026-09-08,4.8,0.17561207711696625,19.08,72.88,Normal,-0.29887070160557544,West-coast orographic,4.8,4.600332681337992,8.208468132019044,8.379075261762553,7.34203359729616,8.379075261762553,0.002141910441691819,0.0
nagpur,2026-09-08,5.3999999999999995,0.00425116578117013,21.15,79.09,Normal,-0.29887070160557544,Inland,5.3999999999999995,5.201016298929852,4.520998734677777,3.8431251299879388,2.990285822909413,3.8431251299879388,0.0033323582552763345,0.0
panaji,2026-09-08,0.0,18.15445327758789,15.49,73.83,Normal,-0.29887070160557544,West-coast orographic,0.0,0.0,0.0,0.126125189132013,0.0,0.126125189132013,9.63690784150356e-05,0.0
patna,2026-09-08,17.599999999999998,2.3171305656433105,25.59,85.14,Normal,-0.29887070160557544,Inland,17.599999999999998,22.790552749633783,21.658550472029702,7.2427562594552315,9.735199897222747,7.2427562594552315,0.002319789151535205,0.0
pune,2026-09-08,0.30000000000000004,0.0,18.52,73.86,Normal,-0.29887070160557544,Inland,0.30000000000000004,0.02620052479207526,0.054901902824640275,0.5010916863732009,0.0,0.5010916863732009,7.850552604046483e-05,0.0
raipur,2026-09-08,4.9,0.0,21.25,81.63,Normal,-0.29887070160557544,Inland,4.9,4.72109964688619,3.9971524302164743,4.708694232082658,4.392703866330288,4.708694232082658,0.014785953158862867,0.0
ranchi,2026-09-08,5.8,17.052780151367188,23.34,85.31,Normal,-0.29887070160557544,Inland,5.8,5.682698294321698,4.881695697917488,3.8951702203179357,3.0693473926021313,3.8951702203179357,0.002186180228302219,0.0
shillong,2026-09-08,14.0,1.0934584140777588,25.58,91.89,Normal,-0.29887070160557544,Hill / Himalayan orographic,14.0,18.394284509931285,15.745567512512206,4.498365499542376,2.744870695586782,4.498365499542376,0.002156730145009902,0.0
shimla,2026-09-08,0.0,7.889294147491455,31.1,77.17,Normal,-0.29887070160557544,Hill / Himalayan orographic,0.0,0.0,0.0,2.0682329348147115,0.5723433762142496,2.0682329348147115,0.00029367489979425766,0.0
srinagar,2026-09-08,0.8,0.0,34.08,74.8,Normal,-0.29887070160557544,Hill / Himalayan orographic,0.8,0.3414254665374753,0.0,0.6088714240641251,0.0,0.6088714240641251,0.0002543767844501859,0.0
surat,2026-09-08,0.0,0.8031550645828247,21.17,72.83,Normal,-0.29887070160557544,West-coast orographic,0.0,0.0,0.0,0.006723027482579749,0.0,0.006723027482579749,0.00012603185827327512,0.0
thiruvananthapuram,2026-09-08,0.0,0.0,8.52,76.94,Normal,-0.29887070160557544,West-coast orographic,0.0,0.0,0.0,0.507621653393417,0.0,0.507621653393417,0.00028463205869205685,0.0
varanasi,2026-09-08,6.8,5.386048316955566,25.32,82.97,Normal,-0.29887070160557544,Inland,6.8,7.053530790805816,5.793303966522217,3.7314332405000235,2.7958771002774174,3.7314332405000235,0.011113695557949345,0.0
vijayawada,2026-09-08,0.4,0.0,16.51,80.65,Normal,-0.29887070160557544,Inland,0.4,0.07296817019581799,0.10846247643232358,1.6285116231677148,0.41561239030969643,1.6285116231677148,0.003108241233243004,0.0
visakhapatnam,2026-09-08,0.0,0.3848040997982025,17.69,83.22,Normal,-0.29887070160557544,East coast,0.0,0.0,0.0,0.2964331701649139,0.0,0.2964331701649139,0.0002656760349045638,0.0
agartala,2026-09-09,6.1000000000000005,13.960022926330566,23.83,91.29,Normal,-0.3838756481838144,Inland,6.1000000000000005,6.075790474414827,5.242851570674348,6.910922787387827,8.837637596981265,6.910922787387827,0.001568369216477381,0.0
ahmedabad,2026-09-09,0.0,0.0,23.02,72.57,Normal,-0.3838756481838144,Inland,0.0,0.0,0.0,0.25672790433924,0.0,0.25672790433924,0.0001455303489406126,0.0
amritsar,2026-09-09,0.0,0.0,31.63,74.87,Normal,-0.3838756481838144,Inland,0.0,0.0,0.0,0.854266923368748,0.0,0.854266923368748,0.00020892537544822153,0.0
bengaluru,2026-09-09,0.0,6.019927501678467,12.97,77.59,Normal,-0.3838756481838144,Inland,0.0,0.0,0.0,0.4782855275789626,0.0,0.4782855275789626,0.0002835701253032378,0.0
bhopal,2026-09-09,1.7,0.0,23.26,77.41,Normal,-0.3838756481838144,Inland,1.7,1.195910573005676,1.113318939208985,2.3590867979519623,1.1708091742501834,2.3590867979519623,0.0035864495197015303,0.0
bhubaneswar,2026-09-09,1.2,0.0,20.3,85.82,Normal,-0.3838756481838144,East coast,1.2,0.6681640362739563,1.2274759962904545,2.8638316629011222,1.3173540379012276,2.8638316629011222,0.0010733492260930622,0.0
chandigarh,2026-09-09,0.0,0.0,30.73,76.78,Normal,-0.3838756481838144,Inland,0.0,0.0,0.0,1.0026247616186934,0.004172497389061974,1.0026247616186934,0.0004947239695293937,0.0
chennai,2026-09-09,0.0,0.0,13.08,80.27,Normal,-0.3838756481838144,East coast,0.0,0.0,0.0,0.35181573021233636,0.0,0.35181573021233636,0.00029061174995764674,0.0
dehradun,2026-09-09,0.1,0.0,30.32,78.03,Normal,-0.3838756481838144,Hill / Himalayan orographic,0.1,0.0,0.0,2.5823235275570156,0.7907855202518485,2.5823235275570156,0.00035911010130853474,0.0
delhi,2026-09-09,0.0,0.0,28.61,77.21,Normal,-0.3838756481838144,Inland,0.0,0.0,0.0,0.6011138874932533,0.0,0.6011138874932533,0.0004666852747621015,0.0
gangtok,2026-09-09,10.9,37.322147369384766,27.33,88.61,Normal,-0.3838756481838144,Hill / Himalayan orographic,10.9,12.64858100128174,9.129154594345849,12.999983874372836,16.86505393199655,12.999983874372836,0.0036273563730287142,0.0
guwahati,2026-09-09,14.7,0.5189805030822754,26.14,91.74,Normal,-0.3838756481838144,Inland,14.7,19.047298603057857,17.22683411536858,4.092035363823056,3.386726192456934,4.092035363823056,0.002157245756873768,0.0
hyderabad,2026-09-09,0.0,0.0,17.39,78.49,Normal,-0.3838756481838144,Inland,0.0,0.0,0.0,0.811380039707977,0.0,0.811380039707977,0.0001350367748942572,0.0
jabalpur,2026-09-09,0.1,3.842559814453125,23.18,79.95,Normal,-0.3838756481838144,Inland,0.1,0.0,0.0,1.4205745575381237,0.2374458296888885,1.4205745575381237,0.0003344596839955446,0.0
jaipur,2026-09-09,0.0,0.0,26.91,75.79,Normal,-0.3838756481838144,Inland,0.0,0.0,0.0,0.27427022236469406,0.0,0.27427022236469406,0.0001900523832213217,0.0
jodhpur,2026-09-09,0.0,0.0,26.24,73.02,Normal,-0.3838756481838144,Inland,0.0,0.0,0.0,0.05161032018685838,0.0,0.05161032018685838,0.00012409039814103247,0.0
kochi,2026-09-09,2.3,0.9079473614692688,9.93,76.27,Normal,-0.3838756481838144,West-coast orographic,2.3,1.8367680060863494,4.787447681427002,6.469651119599108,5.309928065649277,6.469651119599108,0.0018374962529100704,0.0
kolkata,2026-09-09,24.4,15.119041442871094,22.57,88.36,Normal,-0.3838756481838144,East coast,24.4,32.734152468403096,60.91441855851075,11.813422857681822,26.908034636191278,11.813422857681822,0.1134782378128166,0.0
lucknow,2026-09-09,0.30000000000000004,28.404176712036133,26.85,80.95,Normal,-0.3838756481838144,Inland,0.30000000000000004,0.02620052479207526,0.054901902824640275,0.8835908919237998,0.0,0.8835908919237998,0.00033079179024496526,0.0
madurai,2026-09-09,0.0,0.0,9.93,78.12,Normal,-0.3838756481838144,Inland,0.0,0.0,0.0,0.3884587431431303,0.0,0.3884587431431303,0.0001481534658516573,0.0
mangaluru,2026-09-09,0.2,8.815918922424316,12.91,74.86,Normal,-0.3838756481838144,West-coast orographic,0.2,0.0,0.0,4.539772701996039,3.7780388865660157,4.539772701996039,0.00017591100520444018,0.0
mumbai,2026-09-09,2.7,1.2426164150238037,19.08,72.88,Normal,-0.3838756481838144,West-coast orographic,2.7,2.31944428920746,5.310868594599706,1.038074604862973,0.004781882696769592,1.038074604862973,0.00035854727147461863,0.0
nagpur,2026-09-09,12.6,0.07652097940444946,21.15,79.09,Normal,-0.3838756481838144,Inland,12.6,15.841245675676701,14.473043746948248,6.499266019783004,7.796975395438892,6.499266019783004,0.003940860269371158,0.0
panaji,2026-09-09,0.1,6.168910503387451,15.49,73.83,Normal,-0.3838756481838144,West-coast orographic,0.1,0.0,0.0,0.2619239229968914,0.0,0.2619239229968914,0.00010812125687817909,0.0
patna,2026-09-09,17.7,7.812039375305176,25.59,85.14,Normal,-0.3838756481838144,Inland,17.7,22.948391504287716,22.098653612251724,8.044388872344273,11.866144843380127,8.044388872344273,0.0025315620338011166,0.0
pune,2026-09-09,0.30000000000000004,8.266138076782227,18.52,73.86,Normal,-0.3838756481838144,Inland,0.30000000000000004,0.02620052479207526,0.054901902824640275,0.5676938974165998,0.0,0.5676938974165998,8.807944186847022e-05,0.0
raipur,2026-09-09,6.2,0.15258102118968964,21.25,81.63,Normal,-0.3838756481838144,Inland,6.2,6.210617550611498,5.329206317784832,4.6543004512406485,4.33060888509726,4.6543004512406485,0.013596437900072958,0.0
ranchi,2026-09-09,2.3,13.110536575317383,23.34,85.31,Normal,-0.3838756481838144,Inland,2.3,1.8367680060863494,1.6578700685501107,1.7157562854036807,0.5248624039651301,1.7157562854036807,0.000542854963461036,0.0
shillong,2026-09-09,21.1,4.030102252960205,25.58,91.89,Normal,-0.3838756481838144,Hill / Himalayan orographic,21.1,27.373334075201335,25.613587238440356,3.773798143661072,1.7807969458940898,3.773798143661072,0.0033480370091889004,0.0
shimla,2026-09-09,0.0,0.0,31.1,77.17,Normal,-0.3838756481838144,Hill / Himalayan orographic,0.0,0.0,0.0,1.5925564761223703,0.20301860026259008,1.5925564761223703,0.0003018627333859657,0.0
srinagar,2026-09-09,0.0,0.0,34.08,74.8,Normal,-0.3838756481838144,Hill / Himalayan orographic,0.0,0.0,0.0,0.25095870062258846,0.0,0.25095870062258846,0.00012635191594866525,0.0
surat,2026-09-09,0.1,0.0,21.17,72.83,Normal,-0.3838756481838144,West-coast orographic,0.1,0.0,0.0,0.045557133894842006,0.0,0.045557133894842006,0.00014140089175791704,0.0
thiruvananthapuram,2026-09-09,0.0,0.0,8.52,76.94,Normal,-0.3838756481838144,West-coast orographic,0.0,0.0,0.0,0.6410349054372908,0.0,0.6410349054372908,0.00031933551551780473,0.0
varanasi,2026-09-09,8.7,0.032558586448431015,25.32,82.97,Normal,-0.3838756481838144,Inland,8.7,9.702609340657874,8.38744588851929,4.20612205608637,3.588992981249115,4.20612205608637,0.027474164306042197,0.0
vijayawada,2026-09-09,2.4,10.526566505432129,16.51,80.65,Normal,-0.3838756481838144,Inland,2.4,1.9391080498815778,1.7088398027420035,1.3316221224805864,0.17644962549738052,1.3316221224805864,0.0011297977417227326,0.0
visakhapatnam,2026-09-09,0.0,1.53921639919281,17.69,83.22,Normal,-0.3838756481838144,East coast,0.0,0.0,0.0,0.2964331701649139,0.0,0.2964331701649139,0.0002980689880620944,0.0
agartala,2026-09-10,0.30000000000000004,6.097805023193359,23.83,91.29,Normal,-0.791073856675267,Inland,0.30000000000000004,0.02620052479207526,0.054901902824640275,3.129531823976197,2.08787547485559,3.129531823976197,0.00014557404679345606,0.0
ahmedabad,2026-09-10,0.0,0.0,23.02,72.57,Normal,-0.791073856675267,Inland,0.0,0.0,0.0,0.28712678147903326,0.0,0.28712678147903326,0.0002864008604694308,0.0
amritsar,2026-09-10,0.0,0.0,31.63,74.87,Normal,-0.791073856675267,Inland,0.0,0.0,0.0,1.0400286573141957,0.019056382422145034,1.0400286573141957,0.0004428443122719487,0.0
bengaluru,2026-09-10,0.1,0.0,12.97,77.59,Normal,-0.791073856675267,Inland,0.1,0.0,0.0,0.9459452898192838,0.0,0.9459452898192838,0.00037952778312372857,0.0
bhopal,2026-09-10,0.0,0.0,23.26,77.41,Normal,-0.791073856675267,Inland,0.0,0.0,0.0,0.8438553970515971,0.0,0.8438553970515971,0.0005314653437188532,0.0
bhubaneswar,2026-09-10,1.5999999999999999,9.383519172668457,20.3,85.82,Normal,-0.791073856675267,East coast,1.5999999999999999,1.0684638023376463,1.6854255282878885,4.862782894367763,4.057075094994943,4.862782894367763,0.0004998263830907873,0.0
chandigarh,2026-09-10,0.0,0.0,30.73,76.78,Normal,-0.791073856675267,Inland,0.0,0.0,0.0,1.4435467018474764,0.25580541528212725,1.4435467018474764,0.0007902503868490496,0.0
chennai,2026-09-10,0.1,0.0,13.08,80.27,Normal,-0.791073856675267,East coast,0.1,0.0,0.026521015912294416,0.7861126779267162,0.0,0.7861126779267162,0.000352490498687676,0.0
dehradun,2026-09-10,0.0,1.8664718866348267,30.32,78.03,Normal,-0.791073856675267,Hill / Himalayan orographic,0.0,0.0,0.0,1.652298600220661,0.24908781352713033,1.652298600220661,0.00046106024128877055,0.0
delhi,2026-09-10,0.0,0.0,28.61,77.21,Normal,-0.791073856675267,Inland,0.0,0.0,0.0,0.6978257455374911,0.0,0.6978257455374911,0.0006245687903777502,0.0
gangtok,2026-09-10,8.5,5.786808967590332,27.33,88.61,Normal,-0.791073856675267,Hill / Himalayan orographic,8.5,9.43068329862846,5.273243935902916,15.337508023812747,24.23226369231154,15.337508023812747,0.0031794809664334573,0.0
guwahati,2026-09-10,7.9,0.0,26.14,91.74,Normal,-0.791073856675267,Inland,7.9,8.562334667013934,7.264397062821816,2.493396916572791,1.417320182426118,2.493396916572791,0.0012620611858823647,0.0
hyderabad,2026-09-10,1.5,0.0,17.39,78.49,Normal,-0.791073856675267,Inland,1.5,0.9766299134492882,0.8641274762153625,3.0695187181714916,2.044417321588646,3.0695187181714916,0.0006307089722233065,0.0
jabalpur,2026-09-10,2.5,2.3079473972320557,23.18,79.95,Normal,-0.791073856675267,Inland,2.5,2.042712828692265,1.7715360927581782,2.202429741407613,0.9145410602694535,2.202429741407613,0.0031785313973686797,0.0
jaipur,2026-09-10,0.0,0.0,26.91,75.79,Normal,-0.791073856675267,Inland,0.0,0.0,0.0,0.2625034783738403,0.0,0.2625034783738403,0.00030363663605190844,0.0
jodhpur,2026-09-10,0.0,0.0,26.24,73.02,Normal,-0.791073856675267,Inland,0.0,0.0,0.0,0.0023205610325259863,0.0,0.0023205610325259863,0.00018799941245442467,0.0
kochi,2026-09-10,1.9000000000000001,0.10044228285551071,9.93,76.27,Normal,-0.791073856675267,West-coast orographic,1.9000000000000001,1.3995460490385694,3.6832939931324558,7.2680486785794605,5.820586833071296,7.2680486785794605,0.005963362484467672,0.0
kolkata,2026-09-10,3.0,33.856685638427734,22.57,88.36,Normal,-0.791073856675267,East coast,3.0,2.5948572492599524,4.2269057281229045,2.912825821315835,1.3978295750669891,2.912825821315835,0.0025379842234676355,0.0
lucknow,2026-09-10,0.0,0.0,26.85,80.95,Normal,-0.791073856675267,Inland,0.0,0.0,0.0,0.5832194117832142,0.0,0.5832194117832142,0.00038038929355239807,0.0
madurai,2026-09-10,0.0,0.0,9.93,78.12,Normal,-0.791073856675267,Inland,0.0,0.0,0.0,0.5969181309141932,0.0,0.5969181309141932,0.00019829639615084936,0.0
mangaluru,2026-09-10,1.6,2.541001319885254,12.91,74.86,Normal,-0.791073856675267,West-coast orographic,1.6,1.0684638023376465,3.037219452857971,7.815176948563269,6.640348689096118,7.815176948563269,0.0013354839212612487,0.0
mumbai,2026-09-10,1.1,3.3762388229370117,19.08,72.88,Normal,-0.791073856675267,West-coast orographic,1.1,0.589832634329796,1.3164494991302491,0.4180680263347416,0.0,0.4180680263347416,0.000993467046429013,0.0
nagpur,2026-09-10,0.8,0.1225707083940506,21.15,79.09,Normal,-0.791073856675267,Inland,0.8,0.3414254665374753,0.3706060647964486,2.333648514681381,1.131276540331498,2.333648514681381,0.000697245172947491,0.0
panaji,2026-09-10,2.2,0.0,15.49,73.83,Normal,-0.791073856675267,West-coast orographic,2.2,1.7658651179075242,4.481554960792448,0.49806728143683654,0.0,0.49806728143683654,0.000768549142703457,0.0
patna,2026-09-10,11.7,8.353129386901855,25.59,85.14,Normal,-0.791073856675267,Inland,11.7,14.066496105194096,12.68949366251627,6.544149470226251,7.9095566382463325,6.544149470226251,0.0039273517236035355,0.0
pune,2026-09-10,0.4,0.0,18.52,73.86,Normal,-0.791073856675267,Inland,0.4,0.07296817019581799,0.10846247643232358,1.3113200992845615,0.1669318432917176,1.3113200992845615,0.002269285043030432,0.0
raipur,2026-09-10,23.3,0.249508798122406,21.25,81.63,Normal,-0.791073856675267,Inland,23.3,30.61345372285934,29.967509329717004,11.45530144043526,19.79338013797289,11.45530144043526,0.03133549256921286,0.0
ranchi,2026-09-10,18.4,7.523141860961914,23.34,85.31,Normal,-0.791073856675267,Inland,18.4,24.05326278686522,23.74082184597378,8.358776440755506,12.485658437283279,8.358776440755506,0.005895941665018081,0.0
shillong,2026-09-10,13.9,0.0,25.58,91.89,Normal,-0.791073856675267,Hill / Himalayan orographic,13.9,18.203001640864777,15.279828869212757,1.8042801245521787,0.36650403962368644,1.8042801245521787,0.0012245078820388516,0.0
shimla,2026-09-10,0.0,0.0,31.1,77.17,Normal,-0.791073856675267,Hill / Himalayan orographic,0.0,0.0,0.0,1.3966921098793739,0.09637633911731078,1.3966921098793739,0.00038756684087340573,0.0
srinagar,2026-09-10,0.0,0.0,34.08,74.8,Normal,-0.791073856675267,Hill / Himalayan orographic,0.0,0.0,0.0,0.05774895802715234,0.0,0.05774895802715234,0.00018363378439274403,0.0
surat,2026-09-10,0.6,0.0,21.17,72.83,Normal,-0.791073856675267,West-coast orographic,0.6,0.173444852232933,0.5841127634048461,0.2617369977777206,0.0,0.2617369977777206,0.0033635080207330983,0.0
thiruvananthapuram,2026-09-10,0.0,0.0,8.52,76.94,Normal,-0.791073856675267,West-coast orographic,0.0,0.0,0.0,1.0512487071604435,0.014269670955676167,1.0512487071604435,0.0004616963044247552,0.0
varanasi,2026-09-10,24.3,2.4152419567108154,25.32,82.97,Normal,-0.791073856675267,Inland,24.3,32.53418406879452,31.51099795792343,9.739754391846528,15.90881311074795,9.739754391846528,0.13640690224850938,0.0
vijayawada,2026-09-10,0.6,0.0,16.51,80.65,Normal,-0.791073856675267,Inland,0.6,0.173444852232933,0.1620618575811386,2.217758578607562,0.9424162779607833,2.217758578607562,0.0032170823279149777,0.0
visakhapatnam,2026-09-10,0.0,1.223524570465088,17.69,83.22,Normal,-0.791073856675267,East coast,0.0,0.0,0.0,0.5403483300365671,0.0,0.5403483300365671,0.0004834809823253946,0.0
agartala,2026-09-11,0.0,9.180703163146973,23.83,91.29,Normal,-0.7904822506045349,Inland,0.0,0.0,0.0,4.62759494337479,4.95081921705426,4.62759494337479,0.00017339716358086123,0.0
ahmedabad,2026-09-11,1.7,0.0,23.02,72.57,Normal,-0.7904822506045349,Inland,1.7,1.262361793682496,1.238434571699355,0.8760694743780276,0.0,0.8760694743780276,0.0017198116910641934,0.0
amritsar,2026-09-11,0.0,0.0,31.63,74.87,Normal,-0.7904822506045349,Inland,0.0,0.0,0.0,0.5006076426511664,0.0,0.5006076426511664,0.00011727106141267811,0.0
bengaluru,2026-09-11,5.4,0.0,12.97,77.59,Normal,-0.7904822506045349,Inland,5.4,5.197101147969565,4.782386302947999,5.125223680011699,5.630885604318357,5.125223680011699,0.0030982751124304865,0.0
bhopal,2026-09-11,0.0,0.4041897654533386,23.26,77.41,Normal,-0.7904822506045349,Inland,0.0,0.0,0.0,0.8035782448486974,0.0,0.8035782448486974,0.00018907873905685827,0.0
bhubaneswar,2026-09-11,16.4,1.9721698760986328,20.3,85.82,Normal,-0.7904822506045349,East coast,16.4,20.302865668949686,36.01367952102503,22.266141758319037,39.24745951835906,22.266141758319037,0.011649048059546462,0.0
chandigarh,2026-09-11,0.0,0.0,30.73,76.78,Normal,-0.7904822506045349,Inland,0.0,0.0,0.0,0.541368630248827,0.0,0.541368630248827,0.00011727106141267811,0.0
chennai,2026-09-11,2.4,9.805695533752441,13.08,80.27,Normal,-0.7904822506045349,East coast,2.4,2.051554775238037,3.5830127193814265,2.0157930710052,0.5933557265565296,2.0157930710052,0.0016951461278871685,0.0
dehradun,2026-09-11,1.2,0.6455590128898621,30.32,78.03,Normal,-0.7904822506045349,Hill / Himalayan orographic,1.2,0.773294985294342,0.07907782282680267,1.223185814150513,0.14467873148033164,1.223185814150513,0.0006628271553820405,0.0
delhi,2026-09-11,0.0,0.0,28.61,77.21,Normal,-0.7904822506045349,Inland,0.0,0.0,0.0,0.5568455751120677,0.0,0.5568455751120677,0.00014308192627299484,0.0
gangtok,2026-09-11,13.1,19.43700408935547,27.33,88.61,Normal,-0.7904822506045349,Hill / Himalayan orographic,13.1,16.583043898068965,13.36619804382324,13.367000578221454,20.79150731945439,13.367000578221454,0.004656988526613838,0.0
guwahati,2026-09-11,15.9,0.0,26.14,91.74,Normal,-0.7904822506045349,Inland,15.9,19.90569176349162,18.263585644772174,4.004960486010323,3.92211617919702,4.004960486010323,0.0009678877668903512,0.0
hyderabad,2026-09-11,6.5,0.0,17.39,78.49,Normal,-0.7904822506045349,Inland,6.5,6.586012399196625,5.672193431854248,2.576638742187674,1.6994934013896343,2.576638742187674,0.0014242387667795689,0.0
jabalpur,2026-09-11,5.699999999999999,4.925325393676758,23.18,79.95,Normal,-0.7904822506045349,Inland,5.699999999999999,5.566955502827963,5.086983966827393,6.227391881379683,7.753355600021442,6.227391881379683,0.01915709394577025,0.0
jaipur,2026-09-11,0.0,0.0,26.91,75.79,Normal,-0.7904822506045349,Inland,0.0,0.0,0.0,0.41747930855254917,0.0,0.41747930855254917,0.00012232431131873584,0.0
jodhpur,2026-09-11,0.0,0.0,26.24,73.02,Normal,-0.7904822506045349,Inland,0.0,0.0,0.0,0.03743379878443499,0.0,0.03743379878443499,0.00010510723248478377,0.0
kochi,2026-09-11,1.3,0.0,9.93,76.27,Normal,-0.7904822506045349,West-coast orographic,1.3,0.8671408593654634,2.030397472381589,7.848058090698085,7.471561363536175,7.848058090698085,0.00232124950734578,0.0
kolkata,2026-09-11,2.7,26.862060546875,22.57,88.36,Normal,-0.7904822506045349,East coast,2.7,2.4617086887359623,4.196806007594019,4.41486860604856,3.724561773916123,4.41486860604856,0.0018400696863259648,0.0
lucknow,2026-09-11,1.4,7.70202112197876,26.85,80.95,Normal,-0.7904822506045349,Inland,1.4,1.006561630964279,0.9807301449087876,1.8212636351710165,0.6703482077830576,1.8212636351710165,0.0011334620182106834,0.0
madurai,2026-09-11,1.4,0.5271830558776855,9.93,78.12,Normal,-0.7904822506045349,Inland,1.4,1.006561630964279,0.9807301449087876,3.2523993543004397,2.568556934864266,3.2523993543004397,0.0012866926276624985,0.0
mangaluru,2026-09-11,2.9,0.0,12.91,74.86,Normal,-0.7904822506045349,West-coast orographic,2.9,2.6110147714614875,5.400178842327105,11.633118483049874,11.088334837533349,11.633118483049874,0.01002606645778233,0.0
mumbai,2026-09-11,0.7000000000000001,13.202913284301758,19.08,72.88,Normal,-0.7904822506045349,West-coast orographic,0.7000000000000001,0.2726657897233964,0.7676012736558914,0.5595974156558614,0.0,0.5595974156558614,0.000792053852625838,0.0
nagpur,2026-09-11,1.0,0.0,21.15,79.09,Normal,-0.7904822506045349,Inland,1.0,0.6124614298343655,0.6575329780578612,2.0415756584139766,0.8464432939430879,2.0415756584139766,0.0006493325970999175,0.0
panaji,2026-09-11,0.30000000000000004,0.0,15.49,73.83,Normal,-0.7904822506045349,West-coast orographic,0.30000000000000004,0.0529266856610775,0.1723073680698871,0.12172333512683933,0.0,0.12172333512683933,0.00015675340070768067,0.0
patna,2026-09-11,16.3,12.113842010498047,25.59,85.14,Normal,-0.7904822506045349,Inland,16.3,20.223430887858076,18.65940888856586,12.333127472146556,22.37375988863579,12.333127472146556,0.0017042097401205238,0.0
pune,2026-09-11,0.0,0.0,18.52,73.86,Normal,-0.7904822506045349,Inland,0.0,0.0,0.0,0.38038905659964195,0.0,0.38038905659964195,0.0001173314094416272,0.0
raipur,2026-09-11,24.6,7.63868522644043,21.25,81.63,Normal,-0.7904822506045349,Inland,24.6,32.86112294847317,30.476338802285746,18.328387983224932,36.34534459789319,18.328387983224932,0.023894786371308933,0.0
ranchi,2026-09-11,28.1,7.630092144012451,23.34,85.31,Normal,-0.7904822506045349,Inland,28.1,37.60132115558509,34.50989629536554,11.976931987161326,21.097043778532093,11.976931987161326,0.0031665719187399643,0.0
shillong,2026-09-11,22.1,1.649635672569275,25.58,91.89,Normal,-0.7904822506045349,Hill / Himalayan orographic,22.1,28.426113382304212,26.937831138067523,3.2243708299492635,1.3362607883413162,3.2243708299492635,0.0019477611033393376,0.0
shimla,2026-09-11,0.0,0.0,31.1,77.17,Normal,-0.7904822506045349,Hill / Himalayan orographic,0.0,0.0,0.0,0.6194884142270842,0.0,0.6194884142270842,0.00011475156106910139,0.0
srinagar,2026-09-11,0.0,0.0,34.08,74.8,Normal,-0.7904822506045349,Hill / Himalayan orographic,0.0,0.0,0.0,0.1087058105227421,0.0,0.1087058105227421,0.00010371624200704431,0.0
surat,2026-09-11,0.2,0.0,21.17,72.83,Normal,-0.7904822506045349,West-coast orographic,0.2,0.0,0.0,0.2387290297924468,0.0,0.2387290297924468,0.0002131194975673492,0.0
thiruvananthapuram,2026-09-11,0.0,0.0,8.52,76.94,Normal,-0.7904822506045349,West-coast orographic,0.0,0.0,0.0,0.3718925720412171,0.0,0.3718925720412171,0.00022395736269856755,0.0
varanasi,2026-09-11,4.0,0.9638640880584717,25.32,82.97,Normal,-0.7904822506045349,Inland,4.0,3.8683280944824223,3.5240137076377884,3.774016436154877,3.3475028754405627,3.774016436154877,0.025034185464535192,0.0
vijayawada,2026-09-11,2.0999999999999996,0.0,16.51,80.65,Normal,-0.7904822506045349,Inland,2.0999999999999996,1.7461086332797953,1.636913534720161,2.1229161657110356,1.020701767684947,2.1229161657110356,0.003281952355972919,0.0
visakhapatnam,2026-09-11,2.6,6.955589771270752,17.69,83.22,Normal,-0.7904822506045349,East coast,2.6,2.2421221137046827,3.8929978214093097,3.482171727463077,2.7416704085577246,3.482171727463077,0.00241873463769853,0.0
agartala,2026-09-13,1.5,1.6335874795913696,23.83,91.29,Normal,-1.3402395205297954,Inland,1.5,1.0494810551404952,1.0351876968267004,5.4636456422591895,6.499455564532304,5.4636456422591895,0.0022837734918848343,0.0
ahmedabad,2026-09-13,2.7,13.190499305725098,23.02,72.57,Normal,-1.3402395205297954,Inland,2.7,2.4617086887359623,2.1601084066897003,1.6463593279002824,0.5173039126935847,1.6463593279002824,0.0017678240876296603,0.0
amritsar,2026-09-13,0.0,0.0,31.63,74.87,Normal,-1.3402395205297954,Inland,0.0,0.0,0.0,0.5709247969159518,0.0,0.5709247969159518,0.0003149893988992246,0.0
bengaluru,2026-09-13,0.0,0.0,12.97,77.59,Normal,-1.3402395205297954,Inland,0.0,0.0,0.0,1.1372597900690788,0.05140864774804517,1.1372597900690788,0.0004753317476440828,0.0
bhopal,2026-09-13,16.5,1.4796513319015503,23.26,77.41,Normal,-1.3402395205297954,Inland,16.5,20.382300450041303,18.857320510462706,10.107463299643356,16.66191795867159,10.107463299643356,0.003609102156897528,0.0
bhubaneswar,2026-09-13,5.2,9.403191566467285,20.3,85.82,Normal,-1.3402395205297954,East coast,5.2,4.984487255414328,9.74452428340912,12.960949766778397,21.964481963606634,12.960949766778397,0.012239599507567504,0.0
chandigarh,2026-09-13,0.0,1.0548095703125,30.73,76.78,Normal,-1.3402395205297954,Inland,0.0,0.0,0.0,0.614400296027439,0.0,0.614400296027439,0.0003149893988992246,0.0
chennai,2026-09-13,4.0,0.0,13.08,80.27,Normal,-1.3402395205297954,East coast,4.0,3.8683280944824223,6.251113152204234,3.993308739705813,3.1953705365592224,3.993308739705813,0.024840737707947994,0.0
dehradun,2026-09-13,3.5,0.08927623927593231,30.32,78.03,Normal,-1.3402395205297954,Hill / Himalayan orographic,3.5,3.1379867434501647,1.3170097370028002,3.6134886460822266,1.6444489240574183,3.6134886460822266,0.009237598308294747,0.0
delhi,2026-09-13,0.0,0.1182471513748169,28.61,77.21,Normal,-1.3402395205297954,Inland,0.0,0.0,0.0,0.6908514010282276,0.0,0.6908514010282276,0.0003780736280958366,0.0
gangtok,2026-09-13,15.4,38.20722579956055,27.33,88.61,Normal,-1.3402395205297954,Hill / Himalayan orographic,15.4,19.508517858033553,18.18288172086079,8.572343118092036,8.912899582117465,8.572343118092036,0.0019680583921527356,0.0
guwahati,2026-09-13,5.9,3.4144692420959473,26.14,91.74,Normal,-1.3402395205297954,Inland,5.9,5.802081680297855,5.272381238937379,3.7605067666706677,3.321503492020569,3.7605067666706677,0.0008605582503700769,0.0
hyderabad,2026-09-13,0.0,22.472219467163086,17.39,78.49,Normal,-1.3402395205297954,Inland,0.0,0.0,0.0,1.7715306059384635,0.6096205290403858,1.7715306059384635,0.0004582175323282806,0.0
jabalpur,2026-09-13,13.8,0.43464839458465576,23.18,79.95,Normal,-1.3402395205297954,Inland,13.8,17.857193654583366,15.940667366027833,10.599769926750634,18.15093164472747,10.599769926750634,0.008560419193528703,0.0
jaipur,2026-09-13,8.5,0.03150968253612518,26.91,75.79,Normal,-1.3402395205297954,Inland,8.5,9.42792433726637,8.346276886651568,8.474520643057522,13.232950564540213,8.474520643057522,0.0038458487927785466,0.0
jodhpur,2026-09-13,0.0,6.857333183288574,26.24,73.02,Normal,-1.3402395205297954,Inland,0.0,0.0,0.0,0.06465627482515462,0.0,0.06465627482515462,0.00028232321471192664,0.0
kochi,2026-09-13,0.2,0.0,9.93,76.27,Normal,-1.3402395205297954,West-coast orographic,0.2,0.0,0.0,3.6475495550851655,2.9850647755285142,3.6475495550851655,0.0010492189968033798,0.0
kolkata,2026-09-13,6.3,0.018440645188093185,22.57,88.36,Normal,-1.3402395205297954,East coast,6.3,6.348807644844056,14.080952946624526,12.644166288295857,21.363096384877867,12.644166288295857,0.007318515808357929,0.0
lucknow,2026-09-13,13.0,0.0,26.85,80.95,Normal,-1.3402395205297954,Inland,13.0,16.435403614777805,14.93986491584778,16.374369275934892,31.73482021998696,16.374369275934892,0.026779717061953538,0.0
madurai,2026-09-13,0.2,27.67424964904785,9.93,78.12,Normal,-1.3402395205297954,Inland,0.2,0.0,0.00025780651252717756,2.099107340319982,0.9771929327806994,2.099107340319982,0.0006060987214599565,0.0
mangaluru,2026-09-13,0.30000000000000004,0.0,12.91,74.86,Normal,-1.3402395205297954,West-coast orographic,0.30000000000000004,0.0529266856610775,0.1723073680698871,4.350923476403097,3.7144840160665273,4.350923476403097,0.0010492189968033798,0.0
mumbai,2026-09-13,0.1,43.32622528076172,19.08,72.88,Normal,-1.3402395205297954,West-coast orographic,0.1,0.0,0.0,0.36323603256291387,0.0,0.36323603256291387,0.000463433665889706,0.0
nagpur,2026-09-13,5.3999999999999995,30.323631286621094,21.15,79.09,Normal,-1.3402395205297954,Inland,5.3999999999999995,5.197101147969564,4.782386302947998,3.635001485318141,3.0956129543328386,3.635001485318141,0.0027158787136077377,0.0
panaji,2026-09-13,1.6,0.0,15.49,73.83,Normal,-1.3402395205297954,West-coast orographic,1.6,1.0924004793167115,3.0946528434753433,1.7796407929556024,0.7019843068175315,1.7796407929556024,0.0031386985595937356,0.0
patna,2026-09-13,0.0,0.8768100738525391,25.59,85.14,Normal,-1.3402395205297954,Inland,0.0,0.0,0.0,2.862461539135728,2.081551661929509,2.862461539135728,0.0002896726638262791,0.0
pune,2026-09-13,0.0,0.2995738983154297,18.52,73.86,Normal,-1.3402395205297954,Inland,0.0,0.0,0.0,0.5377920239055979,0.0,0.5377920239055979,0.0002846618055200997,0.0
raipur,2026-09-13,10.6,7.8664469718933105,21.25,81.63,Normal,-1.3402395205297954,Inland,10.6,12.134240818023683,10.804172289131385,10.856691660362937,18.972710847556318,10.856691660362937,0.01827630422765397,0.0
ranchi,2026-09-13,2.3,0.0,23.34,85.31,Normal,-1.3402395205297954,Inland,2.3,1.9446510314941405,1.7891273570060726,2.7628659690315085,2.004324275881548,2.7628659690315085,0.0020570439693971274,0.0
shillong,2026-09-13,10.9,0.18083585798740387,25.58,91.89,Normal,-1.3402395205297954,Hill / Himalayan orographic,10.9,12.59046943664551,8.554228706019261,6.722955282837421,5.193621277417794,6.722955282837421,0.001465263499181909,0.0
shimla,2026-09-13,0.4,1.2577788829803467,31.1,77.17,Normal,-1.3402395205297954,Hill / Himalayan orographic,0.4,0.07725782096385975,0.0,2.529679596244251,0.7030265993297353,2.529679596244251,0.005416626321741766,0.0
srinagar,2026-09-13,3.0,0.0,34.08,74.8,Normal,-1.3402395205297954,Hill / Himalayan orographic,3.0,2.6651199738184617,1.0128368197500175,0.3824324603081308,0.0,0.3824324603081308,0.002322993525933333,0.0
surat,2026-09-13,11.299999999999999,126.85166931152344,21.17,72.83,Normal,-1.3402395205297954,West-coast orographic,11.299999999999999,13.253057718276981,16.909091913972897,2.884334776869634,1.8366804500619007,2.884334776869634,0.00820358245349172,0.0
thiruvananthapuram,2026-09-13,0.0,0.0,8.52,76.94,Normal,-1.3402395205297954,West-coast orographic,0.0,0.0,0.0,1.2616528401179514,0.2794502215164294,1.2616528401179514,0.0007938906548811624,0.0
varanasi,2026-09-13,0.6,0.0,25.32,82.97,Normal,-1.3402395205297954,Inland,0.6,0.1776331588625909,0.23491646766662605,3.1676424320926055,2.443696433819529,3.1676424320926055,0.012685264586658017,0.0
vijayawada,2026-09-13,0.0,49.03411102294922,16.51,80.65,Normal,-1.3402395205297954,Inland,0.0,0.0,0.0,1.7754582785816275,0.6153891729024393,1.7754582785816275,0.0007408657478231457,0.0
visakhapatnam,2026-09-13,0.6,9.216839790344238,17.69,83.22,Normal,-1.3402395205297954,East coast,0.6,0.1776331588625909,0.4458691924810414,4.490672052609143,3.890645467692802,4.490672052609143,0.006274951160535395,0.0
agartala,2026-09-14,0.0,0.36064064502716064,23.83,91.29,Normal,-0.7990080022870909,Inland,0.0,0.0,0.0,4.62759494337479,4.95081921705426,4.62759494337479,0.00017339716358086123,0.0
ahmedabad,2026-09-14,47.2,53.41473388671875,23.02,72.57,Normal,-0.7990080022870909,Inland,47.2,70.16658511780861,53.52516524396974,17.849516026158152,35.715330196850665,17.849516026158152,0.0027299636398308747,0.0
amritsar,2026-09-14,2.9000000000000004,0.0,31.63,74.87,Normal,-0.7990080022870909,Inland,2.9000000000000004,2.611014771461488,2.295584788616533,1.1202627826045475,0.04295477493787736,1.1202627826045475,0.0011029532777035102,0.0
bengaluru,2026-09-14,0.30000000000000004,0.0,12.97,77.59,Normal,-0.7990080022870909,Inland,0.30000000000000004,0.0529266856610775,0.06642042204737665,1.0486038140376144,0.009323067479000456,1.0486038140376144,0.00013406088720172257,0.0
bhopal,2026-09-14,11.100000000000001,7.1431097984313965,23.26,77.41,Normal,-0.7990080022870909,Inland,11.100000000000001,12.894621849060062,11.75966394324051,10.488944893404867,17.786486983885403,10.488944893404867,0.01178102223055593,0.0
bhubaneswar,2026-09-14,3.8000000000000003,0.0,20.3,85.82,Normal,-0.7990080022870909,East coast,3.8000000000000003,3.584618449211121,5.348947048187256,6.300244257724602,5.653994304107421,6.300244257724602,0.01045080410664852,0.0
chandigarh,2026-09-14,5.1,92.41300201416016,30.73,76.78,Normal,-0.7990080022870909,Inland,5.1,4.8980189959208165,4.3769791603088395,4.223466461020071,4.291530819510054,4.223466461020071,0.001819829116275688,0.0
chennai,2026-09-14,5.2,0.0,13.08,80.27,Normal,-0.7990080022870909,East coast,5.2,4.984487255414328,9.74452428340912,8.076425805046227,10.843903101507268,8.076425805046227,0.015563440169810995,0.0
dehradun,2026-09-14,6.2,55.10389709472656,30.32,78.03,Normal,-0.7990080022870909,Hill / Himalayan orographic,6.2,6.212126153707506,3.286371157174447,13.009505059296815,19.847235122782948,13.009505059296815,0.003238906471993308,0.0
delhi,2026-09-14,0.0,0.0,28.61,77.21,Normal,-0.7990080022870909,Inland,0.0,0.0,0.0,0.5568455751120677,0.0,0.5568455751120677,0.00014308192627299484,0.0
gangtok,2026-09-14,4.3999999999999995,18.077308654785156,27.33,88.61,Normal,-0.7990080022870909,Hill / Himalayan orographic,4.3999999999999995,4.299901610612869,1.7120223545267805,8.667512456466557,9.003101756699596,8.667512456466557,0.001235247502986908,0.0
guwahati,2026-09-14,0.5,0.35679909586906433,26.14,91.74,Normal,-0.7990080022870909,Inland,0.5,0.1344084441661835,0.1848566888272763,3.580220606795448,3.0158335940143752,3.580220606795448,0.0009406457305881002,0.0
hyderabad,2026-09-14,3.1,29.386186599731445,17.39,78.49,Normal,-0.7990080022870909,Inland,3.1,2.719225176175436,2.4431023780645518,2.550402896367636,1.659813907648179,2.550402896367636,0.0017823555474522444,0.0
jabalpur,2026-09-14,4.4,4.009740829467773,23.18,79.95,Normal,-0.7990080022870909,Inland,4.4,4.29990161061287,3.893310102224352,4.276659615357665,4.369733818903937,4.276659615357665,0.01620523551133791,0.0
jaipur,2026-09-14,0.0,1.8152670860290527,26.91,75.79,Normal,-0.7990080022870909,Inland,0.0,0.0,0.0,0.41747930855254917,0.0,0.41747930855254917,0.00012232431131873584,0.0
jodhpur,2026-09-14,0.5,0.0,26.24,73.02,Normal,-0.7990080022870909,Inland,0.5,0.1344084441661835,0.1848566888272763,0.6598310174399528,0.0,0.6598310174399528,0.0011355159949420638,0.0
kochi,2026-09-14,1.7,0.0,9.93,76.27,Normal,-0.7990080022870909,West-coast orographic,1.7,1.262361793682496,3.300616841316223,9.573941146562762,8.65731919611734,9.573941146562762,0.009824921858387277,0.0
kolkata,2026-09-14,0.1,6.231457710266113,22.57,88.36,Normal,-0.7990080022870909,East coast,0.1,0.0,0.042317322045564654,2.576329569753674,1.2252131910992692,2.576329569753674,0.00020179106911055072,0.0
lucknow,2026-09-14,0.1,0.0,26.85,80.95,Normal,-0.7990080022870909,Inland,0.1,0.0,0.0,2.4088423747651233,1.4874570658925863,2.4088423747651233,0.00017245820995658373,0.0
madurai,2026-09-14,10.5,13.540910720825195,9.93,78.12,Normal,-0.7990080022870909,Inland,10.5,11.982433834075929,10.622800184087708,4.1013781216084455,4.102853318567241,4.1013781216084455,0.0026474059488486947,0.0
mangaluru,2026-09-14,0.0,0.0,12.91,74.86,Normal,-0.7990080022870909,West-coast orographic,0.0,0.0,0.0,0.9133706948994829,0.0,0.9133706948994829,0.00026658372243499614,0.0
mumbai,2026-09-14,4.300000000000001,30.296720504760742,19.08,72.88,Normal,-0.7990080022870909,West-coast orographic,4.300000000000001,4.239685702323914,7.738992799561601,4.26301222912499,3.5596536038727953,4.26301222912499,0.0038818280079310945,0.0
nagpur,2026-09-14,0.8,7.670914173126221,21.15,79.09,Normal,-0.7990080022870909,Inland,0.8,0.4344901353120805,0.5127245128154759,2.3683625178060486,1.3975935221002074,2.3683625178060486,0.0006493325970999175,0.0
panaji,2026-09-14,2.6,0.0,15.49,73.83,Normal,-0.7990080022870909,West-coast orographic,2.6,2.2421221137046827,5.095607147216797,0.8447266097426742,0.0,0.8447266097426742,0.0006546485741762691,0.0
patna,2026-09-14,0.30000000000000004,0.0,25.59,85.14,Normal,-0.7990080022870909,Inland,0.30000000000000004,0.0529266856610775,0.06642042204737665,1.2141049497415368,0.0663402994953761,1.2141049497415368,0.00010962056484688716,0.0
pune,2026-09-14,0.2,0.03131117299199104,18.52,73.86,Normal,-0.7990080022870909,Inland,0.2,0.0,0.00025780651252717756,0.8548347070659065,0.0,0.8548347070659065,0.0001173314094416272,0.0
raipur,2026-09-14,5.6,0.8280174732208252,21.25,81.63,Normal,-0.7990080022870909,Inland,5.6,5.449392414093018,4.985451412200929,6.51097610208336,8.287173973401076,6.51097610208336,0.01620479243431407,0.0
ranchi,2026-09-14,1.1,0.0,23.34,85.31,Normal,-0.7990080022870909,Inland,1.1,0.6904792666435241,0.7120817184448245,1.4579432516403241,0.28944105596740877,1.4579432516403241,0.0006195983842253044,0.0
shillong,2026-09-14,9.0,0.05082056671380997,25.58,91.89,Normal,-0.7990080022870909,Hill / Himalayan orographic,9.0,10.0246977637796,5.699773010015488,5.068436210973316,3.4980507656602935,5.068436210973316,0.0011712516957907762,0.0
shimla,2026-09-14,0.4,9.329127311706543,31.1,77.17,Normal,-0.7990080022870909,Hill / Himalayan orographic,0.4,0.07725782096385975,0.0,2.68860093387539,0.9530343719554739,2.68860093387539,0.0014433936244116628,0.0
srinagar,2026-09-14,0.30000000000000004,0.0,34.08,74.8,Normal,-0.7990080022870909,Hill / Himalayan orographic,0.30000000000000004,0.0529266856610775,0.0,0.11148131888337533,0.0,0.11148131888337533,0.00010371624200704431,0.0
surat,2026-09-14,18.3,10.058791160583496,21.17,72.83,Normal,-0.7990080022870909,West-coast orographic,18.3,23.43432061166473,24.797936336329727,5.464823603102061,4.882640691359235,5.464823603102061,0.003916413659655551,0.0
thiruvananthapuram,2026-09-14,1.0,0.5622031688690186,8.52,76.94,Normal,-0.7990080022870909,West-coast orographic,1.0,0.6124614298343655,1.2058264743198042,3.306013963338945,2.4850380136957444,3.306013963338945,0.001696218890237167,0.0
varanasi,2026-09-14,0.0,0.0,25.32,82.97,Normal,-0.7990080022870909,Inland,0.0,0.0,0.0,1.1984601535267378,0.0634600999991747,1.1984601535267378,0.0003159413280741397,0.0
vijayawada,2026-09-14,3.6,4.445018291473389,16.51,80.65,Normal,-0.7990080022870909,Inland,3.6,3.279123544692993,3.0179295027256012,2.335902845435363,1.3255344436178302,2.335902845435363,0.021333237112900742,0.0
visakhapatnam,2026-09-14,1.5,10.57758903503418,17.69,83.22,Normal,-0.7990080022870909,East coast,1.5,1.0494810551404952,1.8808515589636874,3.2625608448620933,2.1687390799163357,3.2625608448620933,0.0018401495422471457,0.0
agartala,2026-09-17,10.2,5.4056830406188965,23.83,91.29,Normal,0.8511761298221261,Inland,10.2,11.527012882232665,10.193648178007917,5.835715129631301,7.163639728710479,5.835715129631301,0.005831378546786341,0.0
ahmedabad,2026-09-17,0.2,0.0,23.02,72.57,Normal,0.8511761298221261,Inland,0.2,0.0,0.00025780651252717756,0.3535025431651555,0.0,0.3535025431651555,0.00020374145456258369,0.0
amritsar,2026-09-17,4.6,11.463397979736328,31.63,74.87,Normal,0.8511761298221261,Inland,4.6,4.42033342719078,4.0613981640338945,0.9027870178503348,0.0,0.9027870178503348,0.0014404509753482568,0.0
bengaluru,2026-09-17,4.4,4.64180326461792,12.97,77.59,Normal,0.8511761298221261,Inland,4.4,4.29990161061287,3.893310102224352,0.47522549798880465,0.0,0.47522549798880465,0.006249645989059263,0.0
bhopal,2026-09-17,0.5,3.7970712184906006,23.26,77.41,Normal,0.8511761298221261,Inland,0.5,0.1344084441661835,0.1848566888272763,4.034394576362913,3.977291078034668,4.034394576362913,0.013798631977309376,0.0
bhubaneswar,2026-09-17,1.8,0.0,20.3,85.82,Normal,0.8511761298221261,East coast,1.8,1.3638626337051392,2.701868591308598,5.832454214797027,5.094372141453953,5.832454214797027,0.028189679847213933,0.0
chandigarh,2026-09-17,1.2,0.3018821179866791,30.73,76.78,Normal,0.8511761298221261,Inland,1.2,0.773294985294342,0.7909515798091888,1.4795362765873246,0.3216042932756648,1.4795362765873246,0.0004471429014752321,0.0
chennai,2026-09-17,2.2,0.0,13.08,80.27,Normal,0.8511761298221261,East coast,2.2,1.8377472877502445,3.400583876071334,2.1323130459663617,0.7714892789123747,2.1323130459663617,0.003585264820099381,0.0
dehradun,2026-09-17,9.5,5.5306077003479,30.32,78.03,Normal,0.8511761298221261,Hill / Himalayan orographic,9.5,10.585919952392585,6.4476702969443345,7.012337849479774,5.571366694484512,7.012337849479774,0.004293036731820405,0.0
delhi,2026-09-17,0.2,0.0,28.61,77.21,Normal,0.8511761298221261,Inland,0.2,0.0,0.00025780651252717756,1.4860202717088888,0.33341750004010084,1.4860202717088888,0.00023125204882174836,0.0
gangtok,2026-09-17,7.8,30.751527786254883,27.33,88.61,Normal,0.8511761298221261,Hill / Himalayan orographic,7.8,8.464076582590744,4.413333035017314,7.744456475517785,7.581550789204948,7.744456475517785,0.005621280233988783,0.0
guwahati,2026-09-17,12.6,2.8578171730041504,26.14,91.74,Normal,0.8511761298221261,Inland,12.6,15.84484248161316,14.386485057875822,1.010873953124456,0.00015451535446941298,1.010873953124456,0.0016428696597788753,0.0
hyderabad,2026-09-17,0.6,0.0,17.39,78.49,Normal,0.8511761298221261,Inland,0.6,0.1776331588625909,0.23491646766662605,1.2600629034981632,0.0991388910424523,1.2600629034981632,0.0017683293476264297,0.0
jabalpur,2026-09-17,0.4,2.023247718811035,23.18,79.95,Normal,0.8511761298221261,Inland,0.4,0.07725782096385975,0.12699667245149607,3.797736057572127,3.3931513298698133,3.797736057572127,0.0038405452591270123,0.0
jaipur,2026-09-17,8.1,0.047264520078897476,26.91,75.79,Normal,0.8511761298221261,Inland,8.1,8.903699402582083,7.728320944072949,2.8757876997134346,2.0974313696363365,2.8757876997134346,0.004627855116195082,0.0
jodhpur,2026-09-17,0.4,0.0,26.24,73.02,Normal,0.8511761298221261,Inland,0.4,0.07725782096385975,0.12699667245149607,0.7176112793852093,0.0,0.7176112793852093,0.001280808125225322,0.0
kochi,2026-09-17,6.8,7.754499435424805,9.93,76.27,Normal,0.8511761298221261,West-coast orographic,6.8,7.055252635478971,11.040486677941821,4.336468025373757,3.690494539737502,4.336468025373757,0.008929353169215691,0.0
kolkata,2026-09-17,0.0,0.004259814042598009,22.57,88.36,Normal,0.8511761298221261,East coast,0.0,0.0,0.0,1.8258318420441095,0.3784082063490991,1.8258318420441095,0.0002604347991794278,0.0
lucknow,2026-09-17,6.5,0.0,26.85,80.95,Normal,0.8511761298221261,Inland,6.5,6.586012399196625,5.672193431854248,6.845388348166607,9.108787153369688,6.845388348166607,0.008304201098656216,0.0
madurai,2026-09-17,1.7,0.0,9.93,78.12,Normal,0.8511761298221261,Inland,1.7,1.262361793682496,1.238434571699355,2.078824349886067,0.9147756522050662,2.078824349886067,0.02258432698331305,0.0
mangaluru,2026-09-17,0.7,2.636831045150757,12.91,74.86,Normal,0.8511761298221261,West-coast orographic,0.7,0.2726657897233963,0.7676012736558913,5.181332025258231,4.710581959872914,5.181332025258231,0.0060718241810139165,0.0
mumbai,2026-09-17,3.0,0.8065441846847534,19.08,72.88,Normal,0.8511761298221261,West-coast orographic,3.0,2.6651199738184617,5.470744699732877,2.356565108720101,1.2006277041800337,2.356565108720101,0.0057828353329266325,0.0
nagpur,2026-09-17,1.6,0.08077214658260345,21.15,79.09,Normal,0.8511761298221261,Inland,1.6,1.0924004793167115,1.0868733870983127,1.5944796895437756,0.4646439962834459,1.5944796895437756,0.001380559033864721,0.0
panaji,2026-09-17,4.5,27.150638580322266,15.49,73.83,Normal,0.8511761298221261,West-coast orographic,4.5,4.360117518901825,7.876080654407371,1.4072735931535898,0.48575606450073705,1.4072735931535898,0.0033558429893772537,0.0
patna,2026-09-17,14.5,6.620372295379639,25.59,85.14,Normal,0.8511761298221261,Inland,14.5,18.711460952341127,16.82379401397705,2.5091476295627326,1.6201949275087049,2.5091476295627326,0.002007925525434537,0.0
pune,2026-09-17,0.7999999999999999,0.0,18.52,73.86,Normal,0.8511761298221261,Inland,0.7999999999999999,0.35094276070594776,0.4318348467350005,0.7857630130290053,0.0,0.7857630130290053,0.0009446192817076977,0.0
raipur,2026-09-17,1.1,0.0,21.25,81.63,Normal,0.8511761298221261,Inland,1.1,0.6904792666435241,0.7120817184448245,1.7482906384952228,0.5754875684487989,1.7482906384952228,0.003748094934405277,0.0
ranchi,2026-09-17,25.0,11.325621604919434,23.34,85.31,Normal,0.8511761298221261,Inland,25.0,33.59041074622764,31.005330581226474,6.010569632424019,7.386357758478992,6.010569632424019,0.007757763864417793,0.0
shillong,2026-09-17,56.5,0.5816160440444946,25.58,91.89,Normal,0.8511761298221261,Hill / Himalayan orographic,56.5,84.21306925188036,58.647073217063195,8.345811577610013,8.69831250288599,8.345811577610013,0.0058546584397549005,0.0
shimla,2026-09-17,0.0,15.323144912719727,31.1,77.17,Normal,0.8511761298221261,Hill / Himalayan orographic,0.0,0.0,0.0,0.7128599414947667,0.0,0.7128599414947667,0.00013605983858328124,0.0
srinagar,2026-09-17,1.2,10.389094352722168,34.08,74.8,Normal,0.8511761298221261,Hill / Himalayan orographic,1.2,0.773294985294342,0.07907782282680267,0.03976763971756912,0.0,0.03976763971756912,0.0002626175173721851,0.0
surat,2026-09-17,9.1,0.5841127634048462,21.17,72.83,Normal,0.8511761298221261,West-coast orographic,9.1,10.136942201502196,14.101121612032086,1.1227744525927872,0.1878294709013559,1.1227744525927872,0.013019727166295325,0.0
thiruvananthapuram,2026-09-17,1.1,3.0469863414764404,8.52,76.94,Normal,0.8511761298221261,West-coast orographic,1.1,0.6904792666435241,1.4133012056350713,0.8674212745836986,0.0,0.8674212745836986,0.005491296240211511,0.0
varanasi,2026-09-17,35.0,2.9329745769500732,25.32,82.97,Normal,0.8511761298221261,Inland,35.0,44.98078254509725,38.764880154460705,10.399097363255299,17.49102618712935,10.399097363255299,0.04471078568534786,0.0
vijayawada,2026-09-17,0.30000000000000004,0.0,16.51,80.65,Normal,0.8511761298221261,Inland,0.30000000000000004,0.0529266856610775,0.06642042204737665,1.0583697783827997,0.013592298028675245,1.0583697783827997,0.0003170295589310068,0.0
visakhapatnam,2026-09-17,1.8,4.325925350189209,17.69,83.22,Normal,0.8511761298221261,East coast,1.8,1.3638626337051392,2.701868591308598,3.1594372051814386,1.9441280795253861,3.1594372051814386,0.02295165807765457,0.0
agartala,2026-09-20,13.0,5.808665752410889,23.83,91.29,Normal,-0.985823056872033,Inland,13.0,16.533601662037935,14.6673379346718,8.548360068649453,13.54436628696915,8.548360068649453,0.016764047200751614,0.0
ahmedabad,2026-09-20,3.7,0.3586835563182831,23.02,72.57,Normal,-0.985823056872033,Inland,3.7,3.4993397629261,3.0332187938108683,6.671755377170026,8.975494342059688,6.671755377170026,0.06318884460206788,0.0
amritsar,2026-09-20,0.0,0.0,31.63,74.87,Normal,-0.985823056872033,Inland,0.0,0.0,0.0,0.32000852490688647,0.0,0.32000852490688647,0.0007668909204471515,0.0
bengaluru,2026-09-20,7.9,51.596092224121094,12.97,77.59,Normal,-0.985823056872033,Inland,7.9,8.447164987676285,7.524890222630949,2.947568785634158,2.2089151389997927,2.947568785634158,0.022282916090012688,0.0
bhopal,2026-09-20,5.4,0.0,23.26,77.41,Normal,-0.985823056872033,Inland,5.4,5.256959527333581,4.711828079223634,10.08741399087339,19.11058029869295,10.08741399087339,0.05747478228646394,0.0
bhubaneswar,2026-09-20,10.6,0.8015599250793457,20.3,85.82,Normal,-0.985823056872033,East coast,10.6,11.894779064178469,21.792630699608225,4.043539211799772,3.974757911127173,4.043539211799772,0.004777170566598559,0.0
chandigarh,2026-09-20,0.0,0.0,30.73,76.78,Normal,-0.985823056872033,Inland,0.0,0.0,0.0,1.5921576480860025,0.3711984465225442,1.5921576480860025,0.0009025010846055954,0.0
chennai,2026-09-20,18.599999999999998,0.0,13.08,80.27,Normal,-0.985823056872033,East coast,18.599999999999998,24.314497385025025,35.517622355824905,2.0239305639394445,0.6837485882507183,2.0239305639394445,0.0055303989096628274,0.0
dehradun,2026-09-20,1.0,0.0,30.32,78.03,Normal,-0.985823056872033,Hill / Himalayan orographic,1.0,0.5371817143624608,0.03717875671125639,5.95711445189572,4.539212129447777,5.95711445189572,0.001564799669329322,0.0
delhi,2026-09-20,2.4,0.0,28.61,77.21,Normal,-0.985823056872033,Inland,2.4,2.0520278930664064,1.8703912717103952,5.983224591049722,7.466103478992021,5.983224591049722,0.003977605535920659,0.0
gangtok,2026-09-20,9.4,5.601260662078857,27.33,88.61,Normal,-0.985823056872033,Hill / Himalayan orographic,9.4,10.287248137082768,5.8410160457142775,13.671380630854287,19.909638760361982,13.671380630854287,0.0027761114338819702,0.0
guwahati,2026-09-20,3.3000000000000003,8.20557975769043,26.14,91.74,Normal,-0.985823056872033,Inland,3.3000000000000003,2.9472200739383694,2.566704958677292,4.824152798862079,5.376494129593084,4.824152798862079,0.00104291627039051,0.0
hyderabad,2026-09-20,1.5,7.80470085144043,17.39,78.49,Normal,-0.985823056872033,Inland,1.5,1.0059376096725463,0.9372071808576594,4.132768038549156,4.160230417211535,4.132768038549156,0.0012133535038240575,0.0
jabalpur,2026-09-20,5.3,2.6730875968933105,23.18,79.95,Normal,-0.985823056872033,Inland,5.3,5.123430185317998,4.554942996501922,6.933225779099644,9.494319294044862,6.933225779099644,0.021716792312424175,0.0
jaipur,2026-09-20,0.0,0.0,26.91,75.79,Normal,-0.985823056872033,Inland,0.0,0.0,0.0,0.38945652199641784,0.0,0.38945652199641784,0.0007122090880866508,0.0
jodhpur,2026-09-20,0.0,0.0,26.24,73.02,Normal,-0.985823056872033,Inland,0.0,0.0,0.0,0.27303140576064466,0.0,0.27303140576064466,0.0005636508085606485,0.0
kochi,2026-09-20,6.2,2.2026443481445312,9.93,76.27,Normal,-0.985823056872033,West-coast orographic,6.2,6.319412970542911,10.644209306479897,14.098287230376986,13.33312697648387,14.098287230376986,0.08274933202042346,0.0
kolkata,2026-09-20,2.7,0.06945136934518814,22.57,88.36,Normal,-0.985823056872033,East coast,2.7,2.4663040256500253,4.491951936153656,6.703836270349645,10.015277411262986,6.703836270349645,0.0011290812141761572,0.0
lucknow,2026-09-20,0.0,0.14740408957004547,26.85,80.95,Normal,-0.985823056872033,Inland,0.0,0.0,0.0,0.3989302382956683,0.0,0.3989302382956683,0.00020976182989193185,0.0
madurai,2026-09-20,4.5,5.185102462768555,9.93,78.12,Normal,-0.985823056872033,Inland,4.5,4.416951197529884,3.8356937885284443,6.392026441351881,8.08924131593598,6.392026441351881,0.01758316809598004,0.0
mangaluru,2026-09-20,0.4,2.5319418907165527,12.91,74.86,Normal,-0.985823056872033,West-coast orographic,0.4,0.08236025273799896,0.43484895825386105,1.9579384989181439,1.0120910017568332,1.9579384989181439,0.06639606318225727,0.0
mumbai,2026-09-20,0.1,0.011539497412741184,19.08,72.88,Normal,-0.985823056872033,West-coast orographic,0.1,0.0,0.0,2.861605889070951,1.641091401999875,2.861605889070951,0.0006695277669038674,0.0
nagpur,2026-09-20,0.30000000000000004,17.668046951293945,21.15,79.09,Normal,-0.985823056872033,Inland,0.30000000000000004,0.03154218602925543,0.06869088202714944,2.6430858198036873,1.8678410966942742,2.6430858198036873,0.00017830040014293097,0.0
panaji,2026-09-20,1.3,0.03878403082489967,15.49,73.83,Normal,-0.985823056872033,West-coast orographic,1.3,0.8279438731074336,2.2821554732322693,1.733035112101845,0.8485134248650188,1.733035112101845,0.006978920855432719,0.0
patna,2026-09-20,5.699999999999999,0.0,25.59,85.14,Normal,-0.985823056872033,Inland,5.699999999999999,5.649439729054768,5.129282894134519,5.457646973600107,6.749969611857147,5.457646973600107,0.0037501381131502323,0.0
pune,2026-09-20,0.7,1.1669843196868896,18.52,73.86,Normal,-0.985823056872033,Inland,0.7,0.2919704675674446,0.29902473449707034,2.2617730414627903,1.2140022363506477,2.2617730414627903,0.0027133721941291714,0.0
raipur,2026-09-20,8.2,1.8258706331253052,21.25,81.63,Normal,-0.985823056872033,Inland,8.2,8.839458810695996,7.838201236724848,4.5581493150885235,4.733711996174196,4.5581493150885235,0.021527294648456676,0.0
ranchi,2026-09-20,4.5,0.0,23.34,85.31,Normal,-0.985823056872033,Inland,4.5,4.416951197529884,3.8356937885284443,4.321405574787866,4.378314575037033,4.321405574787866,0.005815380969542347,0.0
shillong,2026-09-20,17.3,6.455605506896973,25.58,91.89,Normal,-0.985823056872033,Hill / Himalayan orographic,17.3,21.789330306053166,22.08222767777407,4.690474933426737,3.2247205396987417,4.690474933426737,0.0009675078245951255,0.0
shimla,2026-09-20,0.0,0.0,31.1,77.17,Normal,-0.985823056872033,Hill / Himalayan orographic,0.0,0.0,0.0,0.9349527844233518,0.01537305471974598,0.9349527844233518,0.00023761669577498183,0.0
srinagar,2026-09-20,0.0,0.0,34.08,74.8,Normal,-0.985823056872033,Hill / Himalayan orographic,0.0,0.0,0.0,0.0720616766829689,0.0,0.0720616766829689,0.0005128405367478177,0.0
surat,2026-09-20,3.2,1.1682255268096924,21.17,72.83,Normal,-0.985823056872033,West-coast orographic,3.2,2.7840992188453684,6.297003645896913,15.627779302921416,16.087609919073184,15.627779302921416,0.06844662563578797,0.0
thiruvananthapuram,2026-09-20,0.0,5.429556369781494,8.52,76.94,Normal,-0.985823056872033,West-coast orographic,0.0,0.0,0.0,0.2017521157498038,0.0,0.2017521157498038,0.0005474128205414284,0.0
varanasi,2026-09-20,1.3,0.0,25.32,82.97,Normal,-0.985823056872033,Inland,1.3,0.8279438731074336,0.7751312500238422,2.5976379024947116,1.8040823561833002,2.5976379024947116,0.004875436890560758,0.0
vijayawada,2026-09-20,1.6,1.61749267578125,16.51,80.65,Normal,-0.985823056872033,Inland,1.6,1.099469865560531,1.0632496809959413,2.2793353005252106,1.2391114330419943,2.2793353005252106,0.0012133535038240575,0.0
visakhapatnam,2026-09-20,2.8,9.093022346496582,17.69,83.22,Normal,-0.985823056872033,East coast,2.8,2.542740023136139,4.659320249197618,3.952986713924117,3.6656119363182427,3.952986713924117,0.002392241427372345,0.0
agartala,2026-09-21,0.3,2.9167678356170654,23.83,91.29,Normal,-1.0906467670953686,Inland,0.3,0.00850994203239679,0.029584593996405614,4.164422620727355,4.220108743075991,4.164422620727355,0.00021667637040805005,0.0
ahmedabad,2026-09-21,0.2,15.854907989501953,23.02,72.57,Normal,-1.0906467670953686,Inland,0.2,0.0,0.004258007160387938,1.4959183473665159,0.2789460445018958,1.4959183473665159,0.0007670964726656803,0.0
amritsar,2026-09-21,0.0,0.0,31.63,74.87,Normal,-1.0906467670953686,Inland,0.0,0.0,0.0,0.38561447830604134,0.0,0.38561447830604134,0.0007731409798156314,0.0
bengaluru,2026-09-21,10.6,0.16179315745830536,12.97,77.59,Normal,-1.0906467670953686,Inland,10.6,11.894779064178469,10.535073126481674,2.451425066348066,1.5780719080925147,2.451425066348066,0.015093662511337813,0.0
bhopal,2026-09-21,4.5,9.61617374420166,23.26,77.41,Normal,-1.0906467670953686,Inland,4.5,4.416951197529884,3.8356937885284443,10.165341522068076,19.355027716369943,10.165341522068076,0.08008927142516026,0.0
bhubaneswar,2026-09-21,0.0,7.237247943878174,20.3,85.82,Normal,-1.0906467670953686,East coast,0.0,0.0,0.0,1.6465054222054076,0.2611854920485707,1.6465054222054076,0.00014572997208462765,0.0
chandigarh,2026-09-21,0.0,0.0,30.73,76.78,Normal,-1.0906467670953686,Inland,0.0,0.0,0.0,1.734733918078457,0.5161019063653907,1.734733918078457,0.0009098553424917512,0.0
chennai,2026-09-21,11.3,1.99750554561615,13.08,80.27,Normal,-1.0906467670953686,East coast,11.3,13.095973834991455,22.747649507045132,7.874215292052331,15.028725576410118,7.874215292052331,0.04074286708497189,0.0
dehradun,2026-09-21,0.0,0.0,30.32,78.03,Normal,-1.0906467670953686,Hill / Himalayan orographic,0.0,0.0,0.0,1.1428977299668295,0.08682635751352537,1.1428977299668295,0.0002498792947374614,0.0
delhi,2026-09-21,0.0,0.0,28.61,77.21,Normal,-1.0906467670953686,Inland,0.0,0.0,0.0,0.7965116487828757,0.0,0.7965116487828757,0.0003182834104651634,0.0
gangtok,2026-09-21,0.0,21.589550018310547,27.33,88.61,Normal,-1.0906467670953686,Hill / Himalayan orographic,0.0,0.0,0.0,3.6095572609377227,1.777757020628148,3.6095572609377227,0.00017119023567227645,0.0
guwahati,2026-09-21,8.9,0.8044883012771606,26.14,91.74,Normal,-1.0906467670953686,Inland,8.9,9.6928633429713,8.621252812131413,2.3599157961464314,1.3736115700677285,2.3599157961464314,0.0015147877511559917,0.0
hyderabad,2026-09-21,3.3,16.997453689575195,17.39,78.49,Normal,-1.0906467670953686,Inland,3.3,2.947220073938369,2.5667049586772914,4.953923403411248,5.579678616092599,4.953923403411248,0.007642719537355074,0.0
jabalpur,2026-09-21,7.6,12.94947338104248,23.18,79.95,Normal,-1.0906467670953686,Inland,7.6,8.097753055078186,7.263663597106931,7.777867503873816,12.049932810529917,7.777867503873816,0.03324888532537321,0.0
jaipur,2026-09-21,0.0,0.0,26.91,75.79,Normal,-1.0906467670953686,Inland,0.0,0.0,0.0,0.4615166985656973,0.0,0.4615166985656973,0.0007180138179963819,0.0
jodhpur,2026-09-21,0.0,4.433987617492676,26.24,73.02,Normal,-1.0906467670953686,Inland,0.0,0.0,0.0,0.27303140576064466,0.0,0.27303140576064466,0.0005682454299046259,0.0
kochi,2026-09-21,12.6,25.1112060546875,9.93,76.27,Normal,-1.0906467670953686,West-coast orographic,12.6,15.537046235343023,19.023076493790025,12.620993631684119,11.74264319810483,12.620993631684119,0.09948040552701026,0.0
kolkata,2026-09-21,0.8,0.01971346326172352,22.57,88.36,Normal,-1.0906467670953686,East coast,0.8,0.36452104568481464,0.6798782932758329,4.675809688968605,4.709041066081874,4.675809688968605,0.0008613613622184275,0.0
lucknow,2026-09-21,0.0,0.0,26.85,80.95,Normal,-1.0906467670953686,Inland,0.0,0.0,0.0,0.4718246457253692,0.0,0.4718246457253692,0.00021147232193958928,0.0
madurai,2026-09-21,52.900000000000006,22.77104949951172,9.93,78.12,Normal,-1.0906467670953686,Inland,52.900000000000006,82.0089984577224,79.737726331242,3.4280320092842493,2.6381199675859426,3.4280320092842493,0.0035135651435100374,0.0
mangaluru,2026-09-21,1.3,24.86390495300293,12.91,74.86,Normal,-1.0906467670953686,West-coast orographic,1.3,0.8279438731074336,2.2821554732322693,2.7065422112326196,1.4371358252270356,2.7065422112326196,0.026525763439880914,0.0
mumbai,2026-09-21,0.4,0.0,19.08,72.88,Normal,-1.0906467670953686,West-coast orographic,0.4,0.08236025273799896,0.43484895825386105,3.9230013532979697,2.906110408598929,3.9230013532979697,0.009894016635067004,0.0
nagpur,2026-09-21,15.4,6.765737533569336,21.15,79.09,Normal,-1.0906467670953686,Inland,15.4,19.47168630240744,17.091498801355872,10.572397376329173,20.020488792176295,10.572397376329173,0.002902424673025981,0.0
panaji,2026-09-21,0.0,0.0,15.49,73.83,Normal,-1.0906467670953686,West-coast orographic,0.0,0.0,0.0,0.5074752207476787,0.0,0.5074752207476787,0.0008098040935689976,0.0
patna,2026-09-21,0.0,18.828842163085938,25.59,85.14,Normal,-1.0906467670953686,Inland,0.0,0.0,0.0,0.417948101810662,0.0,0.417948101810662,0.00017313060192378557,0.0
pune,2026-09-21,5.7,5.194060325622559,18.52,73.86,Normal,-1.0906467670953686,Inland,5.7,5.649439729054769,5.12928289413452,8.759737048723258,14.066866952775815,8.759737048723258,0.01878055304698529,0.0
raipur,2026-09-21,3.2,1.0364036560058594,21.25,81.63,Normal,-1.0906467670953686,Inland,3.2,2.7840992188453684,2.5015542507171626,4.459434760325753,4.57616249374484,4.459434760325753,0.020086787991604415,0.0
ranchi,2026-09-21,6.8,1.7876489162445068,23.34,85.31,Normal,-1.0906467670953686,Inland,6.8,7.093554461797076,6.066190911806551,4.403262180975924,4.491691672573669,4.403262180975924,0.0051964498408554214,0.0
shillong,2026-09-21,5.6,11.517580032348633,25.58,91.89,Normal,-1.0906467670953686,Hill / Himalayan orographic,5.6,5.524018211364745,2.696764038330918,5.6100189226960016,4.231900073066628,5.6100189226960016,0.0011631320022743143,0.0
shimla,2026-09-21,0.0,0.0,31.1,77.17,Normal,-1.0906467670953686,Hill / Himalayan orographic,0.0,0.0,0.0,0.9349527844233518,0.01537305471974598,0.9349527844233518,0.0002395542744690608,0.0
srinagar,2026-09-21,0.9,0.0,34.08,74.8,Normal,-1.0906467670953686,Hill / Himalayan orographic,0.9,0.44461705625057213,0.00876619445160032,1.5704275905898186,0.2772203678406181,1.5704275905898186,0.0021902556845704775,0.0
surat,2026-09-21,1.6,7.5920023918151855,21.17,72.83,Normal,-1.0906467670953686,West-coast orographic,1.6,1.099469865560531,3.129790408611297,4.81715258053132,3.8449447313021,4.81715258053132,0.00888542793967236,0.0
thiruvananthapuram,2026-09-21,3.2,25.860313415527344,8.52,76.94,Normal,-1.0906467670953686,West-coast orographic,3.2,2.7840992188453684,6.297003645896913,8.668002909350323,7.5966893027006765,8.668002909350323,0.025741234460638356,0.0
varanasi,2026-09-21,3.9000000000000004,0.0,25.32,82.97,Normal,-1.0906467670953686,Inland,3.9000000000000004,3.7900633395095737,3.329840856790547,6.316209771894277,7.893466274392766,6.316209771894277,0.11131630909861692,0.0
vijayawada,2026-09-21,22.7,0.6023204326629639,16.51,80.65,Normal,-1.0906467670953686,Inland,22.7,29.93940908752653,27.976374926051793,2.6075536712064675,1.8179931569788916,2.6075536712064675,0.00841349536598749,0.0
visakhapatnam,2026-09-21,0.0,0.32852137088775635,17.69,83.22,Normal,-1.0906467670953686,East coast,0.0,0.0,0.0,1.247957489652368,0.05041042908469866,1.247957489652368,0.00018120195348630508,0.0
agartala,2026-09-24,14.0,7.311337471008301,23.83,91.29,Normal,-0.6587330858706862,Inland,14.0,18.12372226007023,16.19584916116261,3.9982694244017174,3.857816570871781,3.9982694244017174,0.0025914554715781475,0.0
ahmedabad,2026-09-24,0.0,0.0,23.02,72.57,Normal,-0.6587330858706862,Inland,0.0,0.0,0.0,0.6078443974314356,0.0,0.6078443974314356,0.0008118306531543295,0.0
amritsar,2026-09-24,0.0,0.0,31.63,74.87,Normal,-0.6587330858706862,Inland,0.0,0.0,0.0,0.20657581239531764,0.0,0.20657581239531764,0.0008093836325838137,0.0
bengaluru,2026-09-24,0.0,0.0,12.97,77.59,Normal,-0.6587330858706862,Inland,0.0,0.0,0.0,0.2659345259961993,0.0,0.2659345259961993,0.0001390465535395615,0.0
bhopal,2026-09-24,0.0,3.689422607421875,23.26,77.41,Normal,-0.6587330858706862,Inland,0.0,0.0,0.0,0.5226225973211279,0.0,0.5226225973211279,0.0003353886052255482,0.0
bhubaneswar,2026-09-24,12.1,45.258480072021484,20.3,85.82,Normal,-0.6587330858706862,East coast,12.1,14.617818862370084,24.053227227819153,4.855169659317216,5.1052312811785585,4.855169659317216,0.01492470979004587,0.0
chandigarh,2026-09-24,0.0,0.0,30.73,76.78,Normal,-0.6587330858706862,Inland,0.0,0.0,0.0,1.3684666236809384,0.17091867970890517,1.3684666236809384,0.0009932673964970292,0.0
chennai,2026-09-24,0.1,0.0,13.08,80.27,Normal,-0.6587330858706862,East coast,0.1,0.0,0.03533781036734579,0.7002105190558363,0.0,0.7002105190558363,0.00012613350279640844,0.0
dehradun,2026-09-24,0.0,0.0,30.32,78.03,Normal,-0.6587330858706862,Hill / Himalayan orographic,0.0,0.0,0.0,0.8282068092933471,0.004046966907818245,0.8282068092933471,0.0002894590817528884,0.0
delhi,2026-09-24,0.0,0.0,28.61,77.21,Normal,-0.6587330858706862,Inland,0.0,0.0,0.0,0.48958647694767576,0.0,0.48958647694767576,0.00034748127697518266,0.0
gangtok,2026-09-24,8.1,14.764869689941406,27.33,88.61,Normal,-0.6587330858706862,Hill / Himalayan orographic,8.1,8.704846962199492,4.544447660048802,11.32955916543479,12.916288562455387,11.32955916543479,0.0035022701500447575,0.0
guwahati,2026-09-24,9.5,0.7587709426879883,26.14,91.74,Normal,-0.6587330858706862,Inland,9.5,10.413384998696458,9.206572074120347,1.2254322355678215,0.10132397982897966,1.2254322355678215,0.001647052623222023,0.0
hyderabad,2026-09-24,34.5,6.921657562255859,17.39,78.49,Normal,-0.6587330858706862,Inland,34.5,44.990577377551936,39.61562103817122,12.695873127991362,26.4617243712715,12.695873127991362,0.03192547314443148,0.0
jabalpur,2026-09-24,1.2000000000000002,0.33142411708831787,23.18,79.95,Normal,-0.6587330858706862,Inland,1.2000000000000002,0.7794070577621464,0.7215917986631396,1.6319728992311977,0.40695079793062344,1.6319728992311977,0.0010169066246431629,0.0
jaipur,2026-09-24,0.0,0.0,26.91,75.79,Normal,-0.6587330858706862,Inland,0.0,0.0,0.0,0.247666529492827,0.0,0.247666529492827,0.0007278572904695944,0.0
jodhpur,2026-09-24,0.0,0.0,26.24,73.02,Normal,-0.6587330858706862,Inland,0.0,0.0,0.0,0.19508435502455077,0.0,0.19508435502455077,0.0006111939018665906,0.0
kochi,2026-09-24,2.6,9.077841758728027,9.93,76.27,Normal,-0.6587330858706862,West-coast orographic,2.6,2.2671315956115725,5.30681783489927,1.8407071861572306,0.9218054113045671,1.8407071861572306,0.007170812682052706,0.0
kolkata,2026-09-24,17.7,64.81671142578125,22.57,88.36,Normal,-0.6587330858706862,East coast,17.7,22.868290600776678,33.45775073440476,6.551694103456122,9.72250907680659,6.551694103456122,0.0066726809200884024,0.0
lucknow,2026-09-24,0.0,6.298422336578369,26.85,80.95,Normal,-0.6587330858706862,Inland,0.0,0.0,0.0,0.1705467357307698,0.0,0.1705467357307698,0.00022746171658680244,0.0
madurai,2026-09-24,0.0,0.0,9.93,78.12,Normal,-0.6587330858706862,Inland,0.0,0.0,0.0,0.15659627561130818,0.0,0.15659627561130818,0.00013043376361783103,0.0
mangaluru,2026-09-24,4.8,0.12760969996452332,12.91,74.86,Normal,-0.6587330858706862,West-coast orographic,4.8,4.627648425588788,8.492856273651123,9.948361932645808,8.444583891636109,9.948361932645808,0.02483413617492061,0.0
mumbai,2026-09-24,18.0,12.477252006530762,19.08,72.88,Normal,-0.6587330858706862,West-coast orographic,18.0,23.53730312483652,25.142066845582164,21.205859785745414,23.901496162565795,21.205859785745414,0.019663849413567518,0.0
nagpur,2026-09-24,15.0,0.00425116578117013,21.15,79.09,Normal,-0.6587330858706862,Inland,15.0,19.174701497287497,16.8355989041578,7.831399308585513,12.138508115906445,7.831399308585513,0.0019407216244382434,0.0
panaji,2026-09-24,9.700000000000001,14.678901672363281,15.49,73.83,Normal,-0.6587330858706862,West-coast orographic,9.700000000000001,10.665658721923839,15.430801653843062,6.675277318321643,5.725126808956011,6.675277318321643,0.009195803910989253,0.0
patna,2026-09-24,5.1,42.94392776489258,25.59,85.14,Normal,-0.6587330858706862,Inland,5.1,4.950150976181037,4.347483720650542,3.0168066336172688,2.276062822971325,3.0168066336172688,0.004443462093541707,0.0
pune,2026-09-24,3.6,0.0,18.52,73.86,Normal,-0.6587330858706862,Inland,3.6,3.3333249974250774,2.898616034868286,4.316103377930499,4.372971074718408,4.316103377930499,0.007506214817733953,0.0
raipur,2026-09-24,16.9,12.838841438293457,21.25,81.63,Normal,-0.6587330858706862,Inland,16.9,21.0153613503774,19.053097668851425,4.003908851534336,3.8704965591462965,4.003908851534336,0.004641953647271723,0.0
ranchi,2026-09-24,12.7,45.683956146240234,23.34,85.31,Normal,-0.6587330858706862,Inland,12.7,15.803158995191657,14.036992945913536,4.876314027446584,5.491218075588963,4.876314027446584,0.014444498728452838,0.0
shillong,2026-09-24,13.9,0.41654375195503235,25.58,91.89,Normal,-0.6587330858706862,Hill / Himalayan orographic,13.9,17.994579755513126,15.522753402599395,1.1835982233704463,0.10736157992098307,1.1835982233704463,0.0007209608684589469,0.0
shimla,2026-09-24,0.0,0.0,31.1,77.17,Normal,-0.6587330858706862,Hill / Himalayan orographic,0.0,0.0,0.0,0.6527416738165516,0.0,0.6527416738165516,0.000250790176197732,0.0
srinagar,2026-09-24,2.3000000000000003,0.39124980568885803,34.08,74.8,Normal,-0.6587330858706862,Hill / Himalayan orographic,2.3000000000000003,1.9464331054687505,0.6119683901001426,1.3427571623185408,0.16890009501293782,1.3427571623185408,0.003294453032124968,0.0
surat,2026-09-24,1.5000000000000002,0.0,21.17,72.83,Normal,-0.6587330858706862,West-coast orographic,1.5000000000000002,1.0059376096725465,2.7685678195953374,3.1957923273372226,2.2094637232518184,3.1957923273372226,0.004702803482814,0.0
thiruvananthapuram,2026-09-24,1.6,4.4073028564453125,8.52,76.94,Normal,-0.6587330858706862,West-coast orographic,1.6,1.099469865560531,3.129790408611297,1.2463172628980301,0.4466230115100692,1.2463172628980301,0.0023396921787227696,0.0
varanasi,2026-09-24,5.8999999999999995,4.097663879394531,25.32,82.97,Normal,-0.6587330858706862,Inland,5.8999999999999995,5.900282764434814,5.317265968322753,2.5838996412767794,1.784808992651345,2.5838996412767794,0.019107085877869613,0.0
vijayawada,2026-09-24,90.8,137.51397705078125,16.51,80.65,Normal,-0.6587330858706862,Inland,90.8,113.3339287027323,227.169901317005,13.064279985883736,27.365979776396934,13.064279985883736,0.006485016638941726,1.0
visakhapatnam,2026-09-24,5.3,185.81861877441406,17.69,83.22,Normal,-0.6587330858706862,East coast,5.3,5.123430185317998,10.120560216903693,2.050074571816552,0.6909861640618412,2.050074571816552,0.0008798871667943534,0.0
agartala,2026-09-25,3.6,2.9711222648620605,23.83,91.29,Normal,-0.45506279871127386,Inland,3.6,3.3141545057296753,2.817232904434204,4.829915415235344,5.62683916153841,4.829915415235344,0.0014546822293703171,0.0
ahmedabad,2026-09-25,0.0,0.0,23.02,72.57,Normal,-0.45506279871127386,Inland,0.0,0.0,0.0,0.4679592649332036,0.0,0.4679592649332036,0.0002450497686356896,0.0
amritsar,2026-09-25,0.0,11.29600715637207,31.63,74.87,Normal,-0.45506279871127386,Inland,0.0,0.0,0.0,0.2971380407224226,0.0,0.2971380407224226,0.0003527407875702449,0.0
bengaluru,2026-09-25,0.1,0.11228836327791214,12.97,77.59,Normal,-0.45506279871127386,Inland,0.1,0.0,0.0,0.9587004742576506,0.0,0.9587004742576506,0.00013583073529773444,0.0
bhopal,2026-09-25,0.0,9.081941604614258,23.26,77.41,Normal,-0.45506279871127386,Inland,0.0,0.0,0.0,0.5092949971779608,0.0,0.5092949971779608,0.0004312985722422425,0.0
bhubaneswar,2026-09-25,13.9,38.06557846069336,20.3,85.82,Normal,-0.45506279871127386,East coast,13.9,18.0072660446167,26.756214515649177,4.52723302252025,5.289262118423525,4.52723302252025,0.007383412877761749,0.0
chandigarh,2026-09-25,0.0,0.0,30.73,76.78,Normal,-0.45506279871127386,Inland,0.0,0.0,0.0,0.6189658475928131,0.0,0.6189658475928131,0.0005062352071582327,0.0
chennai,2026-09-25,0.0,0.0,13.08,80.27,Normal,-0.45506279871127386,East coast,0.0,0.0,0.0,0.7492225690808307,0.0,0.7492225690808307,0.00011417230761090004,0.0
dehradun,2026-09-25,0.0,14.565729141235352,30.32,78.03,Normal,-0.45506279871127386,Hill / Himalayan orographic,0.0,0.0,0.0,0.6947441592301649,0.0,0.6947441592301649,0.00038559749590892525,0.0
delhi,2026-09-25,0.0,0.0,28.61,77.21,Normal,-0.45506279871127386,Inland,0.0,0.0,0.0,0.4999620222544567,0.0,0.4999620222544567,0.00046043707767229563,0.0
gangtok,2026-09-25,32.8,41.3140754699707,27.33,88.61,Normal,-0.45506279871127386,Hill / Himalayan orographic,32.8,42.21490647362881,39.607324518183226,16.146926426862887,27.051365972844422,16.146926426862887,0.009101538611124869,0.0
guwahati,2026-09-25,57.5,0.0,26.14,91.74,Normal,-0.45506279871127386,Inland,57.5,86.94717594688693,94.38674290704333,5.976159892714289,8.157513456992465,5.976159892714289,0.0012154647543932853,0.0
hyderabad,2026-09-25,110.4,0.0,17.39,78.49,Normal,-0.45506279871127386,Inland,110.4,127.22396513363557,288.118310546875,20.920098588194886,48.943985665141845,20.920098588194886,0.007246009084783711,1.0
jabalpur,2026-09-25,5.1000000000000005,13.005768775939941,23.18,79.95,Normal,-0.45506279871127386,Inland,5.1000000000000005,4.939510265986125,4.371666609446208,3.8972052846566405,3.6586685049069887,3.8972052846566405,0.007123286461227121,0.0
jaipur,2026-09-25,0.0,0.0,26.91,75.79,Normal,-0.45506279871127386,Inland,0.0,0.0,0.0,0.2272008061042536,0.0,0.2272008061042536,0.0003114211893902549,0.0
jodhpur,2026-09-25,0.0,0.0,26.24,73.02,Normal,-0.45506279871127386,Inland,0.0,0.0,0.0,0.2540060661522575,0.0,0.2540060661522575,0.0002121079108609577,0.0
kochi,2026-09-25,7.3999999999999995,5.632175922393799,9.93,76.27,Normal,-0.45506279871127386,West-coast orographic,7.3999999999999995,7.8631206989288325,12.46242679912895,5.424338527838844,5.061440063367525,5.424338527838844,0.0015254252102905195,0.0
kolkata,2026-09-25,34.300000000000004,72.35855865478516,22.57,88.36,Normal,-0.45506279871127386,East coast,34.300000000000004,44.38426498693923,76.35840138985415,14.92807404349552,38.608466170326786,14.92807404349552,0.11585553246730122,0.0
lucknow,2026-09-25,2.4,21.376798629760742,26.85,80.95,Normal,-0.45506279871127386,Inland,2.4,2.047136783599855,1.7896201705932617,1.4268300623591936,0.15456841773208874,1.4268300623591936,0.0007754593630695284,0.0
madurai,2026-09-25,0.0,0.0,9.93,78.12,Normal,-0.45506279871127386,Inland,0.0,0.0,0.0,0.20733798395769615,0.0,0.20733798395769615,0.0001689605233261731,0.0
mangaluru,2026-09-25,24.2,56.17428970336914,12.91,74.86,Normal,-0.45506279871127386,West-coast orographic,24.2,32.010480754229484,35.31472846773056,8.483915006793264,7.728761643680163,8.483915006793264,0.00520005364160032,0.0
mumbai,2026-09-25,10.700000000000001,12.672209739685059,19.08,72.88,Normal,-0.45506279871127386,West-coast orographic,10.700000000000001,12.231824493408205,17.38143121908283,17.42165048979751,19.07445663349766,17.42165048979751,0.0074537008017174795,0.0
nagpur,2026-09-25,8.4,7.256119251251221,21.15,79.09,Normal,-0.45506279871127386,Inland,8.4,9.18714680671692,8.032174215316779,2.909270704349809,2.086655470664014,2.909270704349809,0.0017592656904057286,0.0
panaji,2026-09-25,29.0,7.627769947052002,15.49,73.83,Normal,-0.45506279871127386,West-coast orographic,29.0,38.092793011274495,40.035460764626514,4.609368287655509,3.5971106399683626,4.609368287655509,0.0015056578394252026,0.0
patna,2026-09-25,58.0,48.87337112426758,25.59,85.14,Normal,-0.45506279871127386,Inland,58.0,87.32786393541953,96.36665223650388,7.107961222455616,11.334953639122356,7.107961222455616,0.001970112049451276,0.0
pune,2026-09-25,5.8,0.0,18.52,73.86,Normal,-0.45506279871127386,Inland,5.8,5.72443413734436,5.235195116996762,2.981805319353446,2.156845833747591,2.981805319353446,0.002735287693159315,0.0
raipur,2026-09-25,10.6,40.01985168457031,21.25,81.63,Normal,-0.45506279871127386,Inland,10.6,12.06113052368164,10.493253134902652,3.4665013028870653,2.7909309792023635,3.4665013028870653,0.003622105171852988,0.0
ranchi,2026-09-25,42.8,38.24895477294922,23.34,85.31,Normal,-0.45506279871127386,Inland,42.8,65.52864890842262,50.31384795826567,6.813731828433949,10.540907228037645,6.813731828433949,0.0012414753332853818,0.0
shillong,2026-09-25,50.6,2.251842975616455,25.58,91.89,Normal,-0.45506279871127386,Hill / Himalayan orographic,50.6,77.59138470570976,53.120982033981775,5.5230338301987,4.134614600529671,5.5230338301987,0.0012500482641293318,0.0
shimla,2026-09-25,0.0,0.0,31.1,77.17,Normal,-0.45506279871127386,Hill / Himalayan orographic,0.0,0.0,0.0,0.7244043553509841,0.0,0.7244043553509841,0.00035008940623669,0.0
srinagar,2026-09-25,1.0,0.0,34.08,74.8,Normal,-0.45506279871127386,Hill / Himalayan orographic,1.0,0.5213851779699326,0.06109356135129927,0.20410815378508088,0.0,0.20410815378508088,0.00043996656254028613,0.0
surat,2026-09-25,0.0,0.0,21.17,72.83,Normal,-0.45506279871127386,West-coast orographic,0.0,0.0,0.0,0.405299537139652,0.0,0.405299537139652,0.00027722919047552607,0.0
thiruvananthapuram,2026-09-25,7.4,1.1428382396697998,8.52,76.94,Normal,-0.45506279871127386,West-coast orographic,7.4,7.863120698928833,12.462426799128952,4.804133566504567,4.021535796884395,4.804133566504567,0.0012728201976784084,0.0
varanasi,2026-09-25,11.3,7.233534336090088,25.32,82.97,Normal,-0.45506279871127386,Inland,11.3,13.265132427215576,11.867995961507164,3.2719439945127724,2.5042577302250213,3.2719439945127724,0.010774143397062615,0.0
vijayawada,2026-09-25,57.3,81.50569915771484,16.51,80.65,Normal,-0.45506279871127386,Inland,57.3,86.79490075147389,93.59477917525909,12.688061624727897,26.74008802769883,12.688061624727897,0.00701331973431744,0.0
visakhapatnam,2026-09-25,8.3,17.25351905822754,17.69,83.22,Normal,-0.45506279871127386,East coast,8.3,9.045166301727296,15.091403090984787,1.688778375976506,0.21796945732498613,1.688778375976506,0.0017997705482302104,0.0
agartala,2026-09-26,14.8,1.4620622396469116,23.83,91.29,Normal,-0.5911280851293259,Inland,14.8,19.01904486071679,16.922841504812244,2.68214808920536,1.7805966675604377,2.68214808920536,0.0009203525424693037,0.0
ahmedabad,2026-09-26,0.0,0.0,23.02,72.57,Normal,-0.5911280851293259,Inland,0.0,0.0,0.0,0.36311002171233636,0.0,0.36311002171233636,0.0002309278471305937,0.0
amritsar,2026-09-26,0.0,0.0,31.63,74.87,Normal,-0.5911280851293259,Inland,0.0,0.0,0.0,0.2152337481605764,0.0,0.2152337481605764,0.00035463389692343004,0.0
bengaluru,2026-09-26,0.9,2.8513970375061035,12.97,77.59,Normal,-0.5911280851293259,Inland,0.9,0.43695539236068726,0.4870663285255432,1.4887100418412342,0.18116874260719848,1.4887100418412342,0.0003103139467988259,0.0
bhopal,2026-09-26,0.4,1.0684638023376465,23.26,77.41,Normal,-0.5911280851293259,Inland,0.4,0.07844462245702744,0.09211684048175814,1.3710855588660686,0.1356962666338236,1.3710855588660686,0.006160111301231857,0.0
bhubaneswar,2026-09-26,6.9,21.173933029174805,20.3,85.82,Normal,-0.5911280851293259,East coast,6.9,7.374226093292236,14.031048611211036,1.0781497583852877,0.0014057707349000232,1.0781497583852877,0.001367429671271275,0.0
chandigarh,2026-09-26,0.1,0.05488765612244606,30.73,76.78,Normal,-0.5911280851293259,Inland,0.1,0.0,0.0,1.035699987884627,0.0,1.035699987884627,0.0005089516796930424,0.0
chennai,2026-09-26,2.7,0.24175752699375153,13.08,80.27,Normal,-0.5911280851293259,East coast,2.7,2.465080082416535,4.247097998145669,1.6420439250760468,0.13868092326934336,1.6420439250760468,0.0002547335836689734,0.0
dehradun,2026-09-26,1.3,1.0618386268615723,30.32,78.03,Normal,-0.5911280851293259,Hill / Himalayan orographic,1.3,0.7786582708358767,0.19895687755197278,1.7784164322108185,0.2992225935770693,1.7784164322108185,0.0014281297517415414,0.0
delhi,2026-09-26,0.2,0.0,28.61,77.21,Normal,-0.5911280851293259,Inland,0.2,0.0,0.0,0.8798994649118395,0.0,0.8798994649118395,0.00043389664172954886,0.0
gangtok,2026-09-26,37.4,1.6475553512573242,27.33,88.61,Normal,-0.5911280851293259,Hill / Himalayan orographic,37.4,49.84809955058653,43.46342739105226,13.118008277256529,17.830728298969493,13.118008277256529,0.0020517682834122245,0.0
guwahati,2026-09-26,2.2,1.1060500144958496,26.14,91.74,Normal,-0.5911280851293259,Inland,2.2,1.8381220102310187,1.6712158727645872,2.686256650769755,1.7847735789976062,2.686256650769755,0.0004894088425156715,0.0
hyderabad,2026-09-26,7.0,0.0,17.39,78.49,Normal,-0.5911280851293259,Inland,7.0,7.480725526809692,6.37897580464681,2.6773801117601015,1.7757493702250755,2.6773801117601015,0.0006548834018200885,0.0
jabalpur,2026-09-26,9.2,76.9605484008789,23.18,79.95,Normal,-0.5911280851293259,Inland,9.2,9.972816505432128,8.859281033107214,2.991909196006161,2.1666231624170846,2.991909196006161,0.0020835749095314744,0.0
jaipur,2026-09-26,0.0,0.0,26.91,75.79,Normal,-0.5911280851293259,Inland,0.0,0.0,0.0,0.13178675622501868,0.0,0.13178675622501868,0.00031309261182487023,0.0
jodhpur,2026-09-26,0.0,0.0,26.24,73.02,Normal,-0.5911280851293259,Inland,0.0,0.0,0.0,0.14807844240874019,0.0,0.14807844240874019,0.00021324642468596383,0.0
kochi,2026-09-26,2.4,0.0,9.93,76.27,Normal,-0.5911280851293259,West-coast orographic,2.4,2.047136783599855,5.03753645658493,1.7419557328655768,0.7998790475059948,1.7419557328655768,0.001754248587312245,0.0
kolkata,2026-09-26,23.5,13.814167976379395,22.57,88.36,Normal,-0.5911280851293259,East coast,23.5,30.925081604405452,50.00442008721616,3.7687961894132926,3.2085841630947365,3.7687961894132926,0.006449305258472716,0.0
lucknow,2026-09-26,19.9,71.39987182617188,26.85,80.95,Normal,-0.5911280851293259,Inland,19.9,25.846901803646446,24.694939576520884,2.9011794581392425,2.0788257260753125,2.9011794581392425,0.001277436474096219,0.0
madurai,2026-09-26,0.0,5.815948009490967,9.93,78.12,Normal,-0.5911280851293259,Inland,0.0,0.0,0.0,0.2127812166924884,0.0,0.2127812166924884,0.00015921865319228008,0.0
mangaluru,2026-09-26,6.1,13.920968055725098,12.91,74.86,Normal,-0.5911280851293259,West-coast orographic,6.1,6.1217423081398,10.57794798348425,8.71450204159276,7.879004253586659,8.71450204159276,0.0033910950515415044,0.0
mumbai,2026-09-26,3.0,0.0,19.08,72.88,Normal,-0.5911280851293259,West-coast orographic,3.0,2.650207471847545,5.900585914563528,3.696368664350543,2.8795720578575503,3.696368664350543,0.0022457816287828306,0.0
nagpur,2026-09-26,39.1,6.189473628997803,21.15,79.09,Normal,-0.5911280851293259,Inland,39.1,54.91922541437922,43.48321652017401,6.716286266196281,10.233447793550559,6.716286266196281,0.0031318585177942016,0.0
panaji,2026-09-26,25.3,0.4373069107532501,15.49,73.83,Normal,-0.5911280851293259,West-coast orographic,25.3,33.80774296546469,36.779182873068464,7.326156459213773,6.594625860729499,7.326156459213773,0.0029421197293587422,0.0
patna,2026-09-26,7.0,10.374160766601562,25.59,85.14,Normal,-0.5911280851293259,Inland,7.0,7.480725526809692,6.37897580464681,2.050694421683878,0.8585964548895038,2.050694421683878,0.0014993394730424686,0.0
pune,2026-09-26,1.1,0.0,18.52,73.86,Normal,-0.5911280851293259,Inland,1.1,0.6132528781890869,0.6455899763107296,0.5004006811115598,0.0,0.5004006811115598,0.0004030587475770113,0.0
raipur,2026-09-26,16.400000000000002,61.42656707763672,21.25,81.63,Normal,-0.5911280851293259,Inland,16.400000000000002,20.422953042117037,18.554101928977463,3.381365112428575,2.632100329709053,3.381365112428575,0.0013076724410795543,0.0
ranchi,2026-09-26,15.4,31.544069290161133,23.34,85.31,Normal,-0.5911280851293259,Inland,15.4,19.397703832195653,17.54778133375676,2.6372190338020074,1.7349201741127653,2.6372190338020074,0.0009449668792059085,0.0
shillong,2026-09-26,3.2,2.123757839202881,25.58,91.89,Normal,-0.5911280851293259,Hill / Himalayan orographic,3.2,2.7764484882354736,1.1043072759369275,3.991004518506043,2.435448660015835,3.991004518506043,0.000551339868506625,0.0
shimla,2026-09-26,0.0,0.0,31.1,77.17,Normal,-0.5911280851293259,Hill / Himalayan orographic,0.0,0.0,0.0,0.5928209822307446,0.0,0.5928209822307446,0.00035196829101562374,0.0
srinagar,2026-09-26,2.1,0.0,34.08,74.8,Normal,-0.5911280851293259,Hill / Himalayan orographic,2.1,1.6989309191703796,0.5476408940846805,0.19327096300968463,0.0,0.19327096300968463,0.0005799192123683707,0.0
surat,2026-09-26,0.30000000000000004,0.0,21.17,72.83,Normal,-0.5911280851293259,West-coast orographic,0.30000000000000004,0.030831816140562296,0.13275172375142574,0.5335698278415437,0.0,0.5335698278415437,0.0002612532924495763,0.0
thiruvananthapuram,2026-09-26,5.7,0.5231020450592041,8.52,76.94,Normal,-0.5911280851293259,West-coast orographic,5.7,5.606720805168152,9.938384968208867,4.199618976502327,3.148635986494508,4.199618976502327,0.0029186639697582964,0.0
varanasi,2026-09-26,4.1,15.835923194885254,25.32,82.97,Normal,-0.5911280851293259,Inland,4.1,4.007408575578168,3.4167621294657393,1.4976565887353943,0.189223350257923,1.4976565887353943,0.003657390244688057,0.0
vijayawada,2026-09-26,1.0,0.0,16.51,80.65,Normal,-0.5911280851293259,Inland,1.0,0.5213851779699326,0.5369262456893924,1.771683407024778,0.5123108167006836,1.771683407024778,0.00020725652078951615,0.0
visakhapatnam,2026-09-26,0.30000000000000004,2.360948085784912,17.69,83.22,Normal,-0.5911280851293259,East coast,0.30000000000000004,0.030831816140562296,0.09994820341467853,0.666669224593128,0.0,0.666669224593128,9.772437671028551e-05,0.0
