loc,date,fc,obs,lat,lon,ls,anom,ltype,RAW,QM_GLOBAL,QM_REGIME,ML_REGIME,ML_REGIME_QM,PROB_WARN,P_ML,P_RAW
agartala,2026-06-05,0.0,0.32516780495643616,23.83,91.29,Normal,-0.42578306451251235,Inland,0.0,0.0,0.0,3.3213571572689475,2.1876752791680976,3.3213571572689475,0.00016683391792327753,0.0
ahmedabad,2026-06-05,2.0,0.0,23.02,72.57,Normal,-0.42578306451251235,Inland,2.0,0.26357088357210157,0.4318348467350006,0.04173879144761077,0.0,0.04173879144761077,0.00017014651927340445,0.0
amritsar,2026-06-05,21.400000000000002,0.47381168603897095,31.63,74.87,Normal,-0.42578306451251235,Inland,21.400000000000002,17.37989716439877,19.537604189600263,8.357947986772556,13.174438644826965,8.357947986772556,0.017540866434474455,0.0
bengaluru,2026-06-05,6.3,0.2562004625797272,12.97,77.59,Normal,-0.42578306451251235,Inland,6.3,3.5325694620609274,3.850227017895916,0.09417586174153161,0.0,0.09417586174153161,0.0007992801408514322,0.0
bhopal,2026-06-05,0.0,5.917975902557373,23.26,77.41,Normal,-0.42578306451251235,Inland,0.0,0.0,0.0,0.187339175987643,0.0,0.187339175987643,0.00016488945075467822,0.0
bhubaneswar,2026-06-05,2.2,0.0,20.3,85.82,Normal,-0.42578306451251235,East coast,2.2,0.3714534401893618,0.07073260098695755,1.5634143300242396,0.2333178295118719,1.5634143300242396,0.00013492809815668485,0.0
chandigarh,2026-06-05,9.8,5.595516204833984,30.73,76.78,Normal,-0.42578306451251235,Inland,9.8,7.081444149017336,7.013486206054689,1.6040363236166193,0.5184220523872618,1.6040363236166193,0.005908961586087829,0.0
chennai,2026-06-05,1.7000000000000002,0.0,13.08,80.27,Normal,-0.42578306451251235,East coast,1.7000000000000002,0.13805948615074115,0.022585132624954013,0.18658065643529775,0.0,0.18658065643529775,6.758869984288437e-05,0.0
dehradun,2026-06-05,8.100000000000001,1.1075376272201538,30.32,78.03,Normal,-0.42578306451251235,Hill / Himalayan orographic,8.100000000000001,5.269090566635133,5.188521921494432,2.101591470309465,0.5928471309910692,2.101591470309465,0.004595337130716182,0.0
delhi,2026-06-05,9.9,11.959850311279297,28.61,77.21,Normal,-0.42578306451251235,Inland,9.9,7.194598836898804,7.075423374176027,2.3238359324565923,1.2758661356736434,2.3238359324565923,0.005908961586087829,0.0
gangtok,2026-06-05,43.7,25.241361618041992,27.33,88.61,Normal,-0.42578306451251235,Hill / Himalayan orographic,43.7,36.466749885909174,40.27467197079184,14.765108393198183,23.998619362185526,14.765108393198183,0.009496453370334978,0.0
guwahati,2026-06-05,15.0,12.466423988342285,26.14,91.74,Normal,-0.42578306451251235,Inland,15.0,11.36653494358064,12.689499934214465,3.8323463817478336,2.8675409855527825,3.8323463817478336,0.0009544972156788103,0.0
hyderabad,2026-06-05,8.1,0.8143084645271301,17.39,78.49,Normal,-0.42578306451251235,Inland,8.1,5.269090566635132,5.531646464211599,1.385252329879189,0.2705006079562102,1.385252329879189,0.0025164915370119345,0.0
jabalpur,2026-06-05,0.0,0.26326295733451843,23.18,79.95,Normal,-0.42578306451251235,Inland,0.0,0.0,0.0,0.17812363136270723,0.0,0.17812363136270723,0.00012671120256824132,0.0
jaipur,2026-06-05,7.7,2.363612651824951,26.91,75.79,Normal,-0.42578306451251235,Inland,7.7,4.979183775583905,5.2590227903638604,1.104708861201122,0.10167618276084055,1.104708861201122,0.002295474451301793,0.0
jodhpur,2026-06-05,0.4,1.5393738746643066,26.24,73.02,Normal,-0.42578306451251235,Inland,0.4,0.0,0.0,0.1252374510879013,0.0,0.1252374510879013,0.0003130070622792513,0.0
kochi,2026-06-05,150.1,64.08123016357422,9.93,76.27,Normal,-0.42578306451251235,West-coast orographic,150.1,141.169966117903,126.99592111825953,15.397348769061615,18.27399908689744,15.397348769061615,0.006310767822671369,1.0
kolkata,2026-06-05,3.7,0.7210891842842102,22.57,88.36,Normal,-0.42578306451251235,East coast,3.7,1.4178621768951416,0.4268952066248113,2.645906783414086,1.2203995408394466,2.645906783414086,0.00220059082398569,0.0
lucknow,2026-06-05,0.8999999999999999,0.4161112308502197,26.85,80.95,Normal,-0.42578306451251235,Inland,0.8999999999999999,0.0,0.004251165781170123,0.3047102863940037,0.0,0.3047102863940037,0.0002661916972263696,0.0
madurai,2026-06-05,0.0,0.0,9.93,78.12,Normal,-0.42578306451251235,Inland,0.0,0.0,0.0,0.0,0.0,0.0,6.758869984288437e-05,0.0
mangaluru,2026-06-05,175.5,22.278793334960938,12.91,74.86,Normal,-0.42578306451251235,West-coast orographic,175.5,173.9567176860386,182.84222128241362,18.432047164908838,21.73881992950843,18.432047164908838,0.007994343718572822,1.0
mumbai,2026-06-05,0.5,0.0,19.08,72.88,Normal,-0.42578306451251235,West-coast orographic,0.5,0.0,0.0,0.9863343560749144,0.2261943872286758,0.9863343560749144,0.00022028501768418232,0.0
nagpur,2026-06-05,0.30000000000000004,0.0,21.15,79.09,Normal,-0.42578306451251235,Inland,0.30000000000000004,0.0,0.0,0.5186993495213424,0.0,0.5186993495213424,0.00013000934184548909,0.0
panaji,2026-06-05,20.400000000000002,2.2982003688812256,15.49,73.83,Normal,-0.42578306451251235,West-coast orographic,20.400000000000002,16.603475455084013,11.09672634124756,17.57737540154974,20.358453041152572,17.57737540154974,0.047449442843687156,0.0
patna,2026-06-05,0.0,0.8606483936309814,25.59,85.14,Normal,-0.42578306451251235,Inland,0.0,0.0,0.0,0.23833826877884576,0.0,0.23833826877884576,0.00013875925117413882,0.0
pune,2026-06-05,2.4,0.03027249500155449,18.52,73.86,Normal,-0.42578306451251235,Inland,2.4,0.4494320735335352,0.661172680854798,0.7885815925811185,0.0,0.7885815925811185,0.00012505787540220613,0.0
raipur,2026-06-05,0.7000000000000001,0.0,21.25,81.63,Normal,-0.42578306451251235,Inland,0.7000000000000001,0.0,0.0,0.6077647413016849,0.0,0.6077647413016849,0.00013281899265162096,0.0
ranchi,2026-06-05,0.0,0.23257865011692047,23.34,85.31,Normal,-0.42578306451251235,Inland,0.0,0.0,0.0,0.6957931976803055,0.0,0.6957931976803055,0.00015346542959299912,0.0
shillong,2026-06-05,0.3,4.624168395996094,25.58,91.89,Normal,-0.42578306451251235,Hill / Himalayan orographic,0.3,0.0,0.0,3.041933146733263,1.061155745013019,3.041933146733263,0.00017626142054393465,0.0
shimla,2026-06-05,4.7,9.47036075592041,31.1,77.17,Normal,-0.42578306451251235,Hill / Himalayan orographic,4.7,2.128359290350855,2.4867226276397707,3.188785937790101,1.1866152510034962,3.188785937790101,0.007315547651553505,0.0
srinagar,2026-06-05,25.400000000000002,2.604656457901001,34.08,74.8,Normal,-0.42578306451251235,Hill / Himalayan orographic,25.400000000000002,20.410995147671247,25.449360848485885,7.122252182866455,6.041574790064535,7.122252182866455,0.0230537092530841,0.0
surat,2026-06-05,1.1,0.0,21.17,72.83,Normal,-0.42578306451251235,West-coast orographic,1.1,0.0,0.0,0.16515364741505398,0.0,0.16515364741505398,0.00018564170718549593,0.0
thiruvananthapuram,2026-06-05,101.5,32.28325653076172,8.52,76.94,Normal,-0.42578306451251235,West-coast orographic,101.5,80.68535894946177,52.499135245996364,13.291936034384955,15.347907269566184,13.291936034384955,0.00492791616098861,1.0
varanasi,2026-06-05,0.0,0.0,25.32,82.97,Normal,-0.42578306451251235,Inland,0.0,0.0,0.0,0.18887968677164713,0.0,0.18887968677164713,0.00016710344484214637,0.0
vijayawada,2026-06-05,0.8,0.3138890564441681,16.51,80.65,Normal,-0.42578306451251235,Inland,0.8,0.0,0.0,0.6077647413016849,0.0,0.6077647413016849,8.783194923893975e-05,0.0
visakhapatnam,2026-06-05,3.3,0.6185067296028137,17.69,83.22,Normal,-0.42578306451251235,East coast,3.3,1.0911536937952038,0.2546108079453309,1.5993651984157329,0.24879196253458216,1.5993651984157329,8.67379099966453e-05,0.0
agartala,2026-06-06,0.30000000000000004,14.651121139526367,23.83,91.29,Normal,1.0456917328095896,Inland,0.30000000000000004,0.0,0.0,3.7239145237507874,2.6879741886396147,3.7239145237507874,0.0001628569751081266,0.0
ahmedabad,2026-06-06,0.0,0.0,23.02,72.57,Normal,1.0456917328095896,Inland,0.0,0.0,0.0,0.0,0.0,0.0,0.0002511701009136116,0.0
amritsar,2026-06-06,1.2,0.0,31.63,74.87,Normal,1.0456917328095896,Inland,1.2,0.012050310615450156,0.06922886431217169,1.620968670018683,0.5327089091038888,1.620968670018683,0.0002795535602488565,0.0
bengaluru,2026-06-06,0.0,0.0,12.97,77.59,Normal,1.0456917328095896,Inland,0.0,0.0,0.0,0.03555211900890834,0.0,0.03555211900890834,9.839194966175584e-05,0.0
bhopal,2026-06-06,0.7,2.5285513401031494,23.26,77.41,Normal,1.0456917328095896,Inland,0.7,0.0,0.0,0.9963110616042253,0.059520462109626866,0.9963110616042253,0.00014033940224169515,0.0
bhubaneswar,2026-06-06,4.8,0.0,20.3,85.82,Normal,1.0456917328095896,East coast,4.8,2.2134810548968025,0.7943703308701515,3.761367438860243,2.368365788003057,3.761367438860243,0.0018652922812565527,0.0
chandigarh,2026-06-06,2.3,0.0,30.73,76.78,Normal,1.0456917328095896,Inland,2.3,0.41044275686144843,0.5730794692039499,0.6660071697543324,0.0,0.6660071697543324,0.0002732213363223149,0.0
chennai,2026-06-06,2.0,0.7089607119560242,13.08,80.27,Normal,1.0456917328095896,East coast,2.0,0.26357088357210157,0.05726131492040374,0.3462716736690126,0.0,0.3462716736690126,9.839194966175584e-05,0.0
dehradun,2026-06-06,4.8,6.695068359375,30.32,78.03,Normal,1.0456917328095896,Hill / Himalayan orographic,4.8,2.2134810548968025,2.541512359619141,1.8071720223012597,0.40326363831447415,1.8071720223012597,0.003858787389896898,0.0
delhi,2026-06-06,2.6,0.0,28.61,77.21,Normal,1.0456917328095896,Inland,2.6,0.528213769197464,0.7394018721580504,1.7962442134156367,0.719287527314227,1.7962442134156367,0.00026009564549559893,0.0
gangtok,2026-06-06,14.700000000000001,22.936561584472656,27.33,88.61,Normal,1.0456917328095896,Hill / Himalayan orographic,14.700000000000001,11.159799997329726,12.784297959527304,13.718104962567518,20.029452319871357,13.718104962567518,0.0027171646894566907,0.0
guwahati,2026-06-06,1.7,0.0,26.14,91.74,Normal,1.0456917328095896,Inland,1.7,0.13805948615074107,0.2958893716335294,3.2775057550245923,2.1489189980670176,3.2775057550245923,0.00014436292649247192,0.0
hyderabad,2026-06-06,10.1,0.0,17.39,78.49,Normal,1.0456917328095896,Inland,10.1,7.375308895111082,7.25993142811939,5.696902563615966,6.994820210271898,5.696902563615966,0.011479511809400034,0.0
jabalpur,2026-06-06,0.8,0.0,23.18,79.95,Normal,1.0456917328095896,Inland,0.8,0.0,0.0,1.0775966999377955,0.08761435506139652,1.0775966999377955,0.00013284807103775969,0.0
jaipur,2026-06-06,0.0,0.0,26.91,75.79,Normal,1.0456917328095896,Inland,0.0,0.0,0.0,0.20559904704528215,0.0,0.20559904704528215,0.00023138297174434848,0.0
jodhpur,2026-06-06,0.0,0.0,26.24,73.02,Normal,1.0456917328095896,Inland,0.0,0.0,0.0,0.20434881986395598,0.0,0.20434881986395598,0.0002862571856091803,0.0
kochi,2026-06-06,47.8,50.275787353515625,9.93,76.27,Normal,1.0456917328095896,West-coast orographic,47.8,38.429753499635574,24.22677963082238,26.946774427792253,31.1252223168154,26.946774427792253,0.016530399868583616,0.0
kolkata,2026-06-06,2.5,0.002423967234790325,22.57,88.36,Normal,1.0456917328095896,East coast,2.5,0.4888229213654996,0.08468344807624817,1.8360830234150491,0.4277022452506931,1.8360830234150491,0.000129419094142282,0.0
lucknow,2026-06-06,3.3000000000000003,0.0,26.85,80.95,Normal,1.0456917328095896,Inland,3.3000000000000003,1.0911536937952042,1.2605368423461925,1.7965112342178335,0.7195413803936096,1.7965112342178335,0.0002532741857194392,0.0
madurai,2026-06-06,0.0,0.0,9.93,78.12,Normal,1.0456917328095896,Inland,0.0,0.0,0.0,0.03408930974125777,0.0,0.03408930974125777,0.00014559471899311784,0.0
mangaluru,2026-06-06,163.6,82.06427001953125,12.91,74.86,Normal,1.0456917328095896,West-coast orographic,163.6,158.595995494668,156.67800978818394,48.10328429651367,57.69180931900861,48.10328429651367,0.02831965867019813,1.0
mumbai,2026-06-06,0.6000000000000001,0.584871232509613,19.08,72.88,Normal,1.0456917328095896,West-coast orographic,0.6000000000000001,0.0,0.0,3.8324070397423524,3.0113171714061644,3.8324070397423524,0.00031102384806544833,0.0
nagpur,2026-06-06,2.2,0.05490860715508461,21.15,79.09,Normal,1.0456917328095896,Inland,2.2,0.3714534401893618,0.5452898991107946,1.3177268865886924,0.21996588782720883,1.3177268865886924,0.00013947281883712988,0.0
panaji,2026-06-06,3.4,8.552362442016602,15.49,73.83,Normal,1.0456917328095896,West-coast orographic,3.4,1.1452290058135983,1.0051872718334207,6.418404382345936,6.170726785304477,6.418404382345936,0.00033018841478647446,0.0
patna,2026-06-06,0.0,0.0,25.59,85.14,Normal,1.0456917328095896,Inland,0.0,0.0,0.0,0.11085851731242292,0.0,0.11085851731242292,0.00014759639335414816,0.0
pune,2026-06-06,5.800000000000001,0.0,18.52,73.86,Normal,1.0456917328095896,Inland,5.800000000000001,3.1476610255241395,3.3163432121276863,7.015476224791789,9.47490037990518,7.015476224791789,0.028932162277149096,0.0
raipur,2026-06-06,2.1,0.0,21.25,81.63,Normal,1.0456917328095896,Inland,2.1,0.29481896966695786,0.5175003290176392,1.4716791087656511,0.3437132827042839,1.4716791087656511,0.00014777592661444173,0.0
ranchi,2026-06-06,0.30000000000000004,0.1323167234659195,23.34,85.31,Normal,1.0456917328095896,Inland,0.30000000000000004,0.0,0.0,1.3941157205991836,0.2776092538693668,1.3941157205991836,0.00015660655127099158,0.0
shillong,2026-06-06,9.0,1.350035309791565,25.58,91.89,Normal,1.0456917328095896,Hill / Himalayan orographic,9.0,6.033338023821512,6.795331645011901,6.563081337513157,4.912164563301074,6.563081337513157,0.0014184385293154543,0.0
shimla,2026-06-06,0.30000000000000004,1.166989803314209,31.1,77.17,Normal,1.0456917328095896,Hill / Himalayan orographic,0.30000000000000004,0.0,0.0,0.5103878008916155,0.0,0.5103878008916155,0.00030787337809117904,0.0
srinagar,2026-06-06,6.8,2.8743703365325928,34.08,74.8,Normal,1.0456917328095896,Hill / Himalayan orographic,6.8,4.108306438128153,4.023697834014892,1.312299800974182,0.08837507871565992,1.312299800974182,0.004268844979325253,0.0
surat,2026-06-06,0.0,0.0,21.17,72.83,Normal,1.0456917328095896,West-coast orographic,0.0,0.0,0.0,0.520821089006124,0.0,0.520821089006124,0.00029081515385184336,0.0
thiruvananthapuram,2026-06-06,85.0,4.9169111251831055,8.52,76.94,Normal,1.0456917328095896,West-coast orographic,85.0,64.50931081886094,43.86598033393211,25.64177831904134,30.083268724955296,25.64177831904134,0.009903027096048695,1.0
varanasi,2026-06-06,0.2,1.7898889780044556,25.32,82.97,Normal,1.0456917328095896,Inland,0.2,0.0,0.0,0.2639004570352475,0.0,0.2639004570352475,0.00017052366103237,0.0
vijayawada,2026-06-06,1.7000000000000002,0.0,16.51,80.65,Normal,1.0456917328095896,Inland,1.7000000000000002,0.13805948615074115,0.2958893716335296,1.0991659084376344,0.09805487068867565,1.0991659084376344,0.00011485829494146355,0.0
visakhapatnam,2026-06-06,4.5,2.9894495010375977,17.69,83.22,Normal,1.0456917328095896,East coast,4.5,1.9993810851469527,0.71312415599823,2.0995458267608567,0.5966414438926462,2.0995458267608567,0.0008776322455574568,0.0
agartala,2026-06-07,0.8,2.338111400604248,23.83,91.29,Normal,-0.5081305705833984,Inland,0.8,0.0,0.0,4.5639532950551915,4.348081171305381,4.5639532950551915,0.00016168607173619486,0.0
ahmedabad,2026-06-07,0.0,0.0,23.02,72.57,Normal,-0.5081305705833984,Inland,0.0,0.0,0.0,0.0,0.0,0.0,0.00014153772385683803,0.0
amritsar,2026-06-07,0.0,0.0,31.63,74.87,Normal,-0.5081305705833984,Inland,0.0,0.0,0.0,0.21339486245023062,0.0,0.21339486245023062,0.0003406885098973566,0.0
bengaluru,2026-06-07,1.9000000000000001,0.8089657425880432,12.97,77.59,Normal,-0.5081305705833984,Inland,1.9000000000000001,0.23232279747724532,0.39586393594741826,0.1352123294300468,0.0,0.1352123294300468,7.021439293426952e-05,0.0
bhopal,2026-06-07,0.2,7.2677106857299805,23.26,77.41,Normal,-0.5081305705833984,Inland,0.2,0.0,0.0,0.40141291626512626,0.0,0.40141291626512626,0.00014249266357224322,0.0
bhubaneswar,2026-06-07,2.9,6.216013431549072,20.3,85.82,Normal,-0.5081305705833984,East coast,2.9,0.8064413905143735,0.1510312631726265,1.9000945388935422,0.4906392940339589,1.9000945388935422,0.00015430680957151052,0.0
chandigarh,2026-06-07,0.0,0.0,30.73,76.78,Normal,-0.5081305705833984,Inland,0.0,0.0,0.0,0.02896706919769034,0.0,0.02896706919769034,0.0003329719671506523,0.0
chennai,2026-06-07,1.2,0.0,13.08,80.27,Normal,-0.5081305705833984,East coast,1.2,0.012050310615450156,0.0,0.08227545198547509,0.0,0.08227545198547509,7.021439293426952e-05,0.0
dehradun,2026-06-07,0.0,0.0,30.32,78.03,Normal,-0.5081305705833984,Hill / Himalayan orographic,0.0,0.0,0.0,0.03561162214743834,0.0,0.03561162214743834,0.0003293278131130986,0.0
delhi,2026-06-07,0.9,0.0,28.61,77.21,Normal,-0.5081305705833984,Inland,0.9,0.0,0.00425116578117013,0.3518139479938108,0.0,0.3518139479938108,0.00031697673599169376,0.0
gangtok,2026-06-07,34.8,4.236844062805176,27.33,88.61,Normal,-0.5081305705833984,Hill / Himalayan orographic,34.8,27.51288840694962,34.00458053588865,23.138631076604042,39.62273229661067,23.138631076604042,0.0032463890669675514,0.0
guwahati,2026-06-07,10.5,0.0,26.14,91.74,Normal,-0.5081305705833984,Inland,10.5,7.645530376434321,7.611741882732933,3.8072091390206593,2.80603179502653,3.8072091390206593,0.0009461521815474188,0.0
hyderabad,2026-06-07,7.4,7.322762966156006,17.39,78.49,Normal,-0.5081305705833984,Inland,7.4,4.69225088119507,4.926362803075232,1.385252329879189,0.2705006079562102,1.385252329879189,0.0012148406559916568,0.0
jabalpur,2026-06-07,0.30000000000000004,0.0,23.18,79.95,Normal,-0.5081305705833984,Inland,0.30000000000000004,0.0,0.0,0.5909519161082175,0.0,0.5909519161082175,0.0001228012353541124,0.0
jaipur,2026-06-07,0.8,0.004296774975955486,26.91,75.79,Normal,-0.5081305705833984,Inland,0.8,0.0,0.0,0.198208110474123,0.0,0.198208110474123,0.0002352895258791515,0.0
jodhpur,2026-06-07,0.0,0.0,26.24,73.02,Normal,-0.5081305705833984,Inland,0.0,0.0,0.0,0.0030839322114845405,0.0,0.0030839322114845405,0.00027049703483522994,0.0
kochi,2026-06-07,64.7,25.31049156188965,9.93,76.27,Normal,-0.5081305705833984,West-coast orographic,64.7,49.127229785162605,34.93922210864784,9.631409725848712,11.0638661062054,9.631409725848712,0.0019315000729507885,1.0
kolkata,2026-06-07,0.8,0.27029529213905334,22.57,88.36,Normal,-0.5081305705833984,East coast,0.8,0.0,0.0,1.487591800181731,0.12761286792432897,1.487591800181731,0.00012506155103251458,0.0
lucknow,2026-06-07,0.0,0.0,26.85,80.95,Normal,-0.5081305705833984,Inland,0.0,0.0,0.0,0.04974631215163583,0.0,0.04974631215163583,0.00024833337700395377,0.0
madurai,2026-06-07,0.0,0.0,9.93,78.12,Normal,-0.5081305705833984,Inland,0.0,0.0,0.0,0.0,0.0,0.0,7.021439293426952e-05,0.0
mangaluru,2026-06-07,175.4,37.74465560913086,12.91,74.86,Normal,-0.5081305705833984,West-coast orographic,175.4,173.82763598695146,182.6223539589327,25.374237595055167,29.86965504713899,25.374237595055167,0.008480131028757254,1.0
mumbai,2026-06-07,0.0,0.7798282504081726,19.08,72.88,Normal,-0.5081305705833984,West-coast orographic,0.0,0.0,0.0,0.38184125025162996,0.0,0.38184125025162996,0.00025191981493126957,0.0
nagpur,2026-06-07,1.3,0.0,21.15,79.09,Normal,-0.5081305705833984,Inland,1.3,0.05624496936798096,0.11941113978624347,0.45294738036832083,0.0,0.45294738036832083,0.00012599761574061104,0.0
panaji,2026-06-07,23.4,24.82895851135254,15.49,73.83,Normal,-0.5081305705833984,West-coast orographic,23.4,19.08331400064321,12.907185003078729,18.494868611459577,21.92163360738449,18.494868611459577,0.04931602246586136,0.0
patna,2026-06-07,0.0,0.0,25.59,85.14,Normal,-0.5081305705833984,Inland,0.0,0.0,0.0,0.23833826877884576,0.0,0.23833826877884576,0.00013447756355654638,0.0
pune,2026-06-07,0.0,0.0,18.52,73.86,Normal,-0.5081305705833984,Inland,0.0,0.0,0.0,0.050245181621316214,0.0,0.050245181621316214,0.00014301920347225205,0.0
raipur,2026-06-07,0.8,0.0,21.25,81.63,Normal,-0.5081305705833984,Inland,0.8,0.0,0.0,0.6077647413016849,0.0,0.6077647413016849,0.00012872057971135452,0.0
ranchi,2026-06-07,0.0,4.313887596130371,23.34,85.31,Normal,-0.5081305705833984,Inland,0.0,0.0,0.0,0.6957931976803055,0.0,0.6957931976803055,0.00014873002162823354,0.0
shillong,2026-06-07,5.300000000000001,3.440509796142578,25.58,91.89,Normal,-0.5081305705833984,Hill / Himalayan orographic,5.300000000000001,2.664648127555852,3.201292409896851,6.875369510937236,5.586511416202892,6.875369510937236,0.0022612747807877662,0.0
shimla,2026-06-07,0.2,0.0,31.1,77.17,Normal,-0.5081305705833984,Hill / Himalayan orographic,0.2,0.0,0.0,0.5097032642429178,0.0,0.5097032642429178,0.00037519920172026543,0.0
srinagar,2026-06-07,3.5,0.0,34.08,74.8,Normal,-0.5081305705833984,Hill / Himalayan orographic,3.5,1.2041068410873412,1.5144896149635314,1.7771049816308808,0.39133209329188506,1.7771049816308808,0.014130529366714223,0.0
surat,2026-06-07,0.0,0.0,21.17,72.83,Normal,-0.5081305705833984,West-coast orographic,0.0,0.0,0.0,0.0036434893827352755,0.0,0.0036434893827352755,0.0001544279205327241,0.0
thiruvananthapuram,2026-06-07,36.0,9.598837852478027,8.52,76.94,Normal,-0.5081305705833984,West-coast orographic,36.0,28.81706176660312,18.307207030574833,1.4594549622184818,0.5602372512855643,1.4594549622184818,0.001796241219356855,0.0
varanasi,2026-06-07,0.6000000000000001,0.0,25.32,82.97,Normal,-0.5081305705833984,Inland,0.6000000000000001,0.0,0.0,0.583038821239416,0.0,0.583038821239416,0.00016194728344912557,0.0
vijayawada,2026-06-07,2.3,0.0,16.51,80.65,Normal,-0.5081305705833984,Inland,2.3,0.41044275686144843,0.5730794692039499,0.7283918292489738,0.0,0.7283918292489738,9.124398250302946e-05,0.0
visakhapatnam,2026-06-07,8.0,0.7041534781455994,17.69,83.22,Normal,-0.5081305705833984,East coast,8.0,5.208084454536439,3.6789920670645575,2.30788720574996,0.9479866445684785,2.30788720574996,0.0024783953784979097,0.0
agartala,2026-06-08,0.6000000000000001,1.5888314247131348,23.83,91.29,Normal,-0.3817976214454973,Inland,0.6000000000000001,0.0,0.0,4.5639532950551915,4.348081171305381,4.5639532950551915,0.00016683391792327753,0.0
ahmedabad,2026-06-08,0.0,0.0,23.02,72.57,Normal,-0.3817976214454973,Inland,0.0,0.0,0.0,0.0,0.0,0.0,0.00017014651927340445,0.0
amritsar,2026-06-08,0.2,0.0,31.63,74.87,Normal,-0.3817976214454973,Inland,0.2,0.0,0.0,0.9644853657399536,0.04788141211983207,0.9644853657399536,0.00040953484975996717,0.0
bengaluru,2026-06-08,3.9,4.7009735107421875,12.97,77.59,Normal,-0.3817976214454973,Inland,3.9,1.558325963815053,1.7865351565678926,0.15314871771847482,0.0,0.15314871771847482,0.0005107137805771427,0.0
bhopal,2026-06-08,0.4,0.0,23.26,77.41,Normal,-0.3817976214454973,Inland,0.4,0.0,0.0,0.6076420359127823,0.0,0.6076420359127823,0.00016488945075467822,0.0
bhubaneswar,2026-06-08,1.1,18.526308059692383,20.3,85.82,Normal,-0.3817976214454973,East coast,1.1,0.0,0.0,0.9204738961627695,0.0048336071000800954,0.9204738961627695,0.00013492809815668485,0.0
chandigarh,2026-06-08,0.0,0.0,30.73,76.78,Normal,-0.3817976214454973,Inland,0.0,0.0,0.0,0.02896706919769034,0.0,0.02896706919769034,0.00040025957228514964,0.0
chennai,2026-06-08,1.0,0.0,13.08,80.27,Normal,-0.3817976214454973,East coast,1.0,0.0,0.0,0.05386454977563769,0.0,0.05386454977563769,6.758869984288437e-05,0.0
dehradun,2026-06-08,0.0,0.0,30.32,78.03,Normal,-0.3817976214454973,Hill / Himalayan orographic,0.0,0.0,0.0,0.03561162214743834,0.0,0.03561162214743834,0.00039587929233418233,0.0
delhi,2026-06-08,0.0,0.0,28.61,77.21,Normal,-0.3817976214454973,Inland,0.0,0.0,0.0,0.06978694168178809,0.0,0.06978694168178809,0.00038103322659086404,0.0
gangtok,2026-06-08,21.900000000000002,12.921259880065918,27.33,88.61,Normal,-0.3817976214454973,Hill / Himalayan orographic,21.900000000000002,17.752267139812687,22.416366926426626,19.78435764302968,36.42914407926072,19.78435764302968,0.0032241039438116615,0.0
guwahati,2026-06-08,0.30000000000000004,2.484438896179199,26.14,91.74,Normal,-0.3817976214454973,Inland,0.30000000000000004,0.0,0.0,2.6170060624085463,1.620173146317651,2.6170060624085463,0.00014187947178688162,0.0
hyderabad,2026-06-08,2.8,1.3161906003952026,17.39,78.49,Normal,-0.3817976214454973,Inland,2.8,0.7064967751502991,0.9106149077415462,0.8543396587598143,0.0,0.8543396587598143,8.403317936349178e-05,0.0
jabalpur,2026-06-08,0.0,0.0,23.18,79.95,Normal,-0.3817976214454973,Inland,0.0,0.0,0.0,0.17812363136270723,0.0,0.17812363136270723,0.00012671120256824132,0.0
jaipur,2026-06-08,0.0,0.0,26.91,75.79,Normal,-0.3817976214454973,Inland,0.0,0.0,0.0,0.019271217206670674,0.0,0.019271217206670674,0.00028284286359371986,0.0
jodhpur,2026-06-08,0.0,0.0,26.24,73.02,Normal,-0.3817976214454973,Inland,0.0,0.0,0.0,0.0030839322114845405,0.0,0.0030839322114845405,0.0003130070622792513,0.0
kochi,2026-06-08,94.9,38.742706298828125,9.93,76.27,Normal,-0.3817976214454973,West-coast orographic,94.9,73.98844080359878,47.97470027539207,17.59880134779543,20.37991551823617,17.59880134779543,0.0065057984425842446,1.0
kolkata,2026-06-08,1.2000000000000002,0.25620734691619873,22.57,88.36,Normal,-0.3817976214454973,East coast,1.2000000000000002,0.039606787413358754,0.0,1.28976090334979,0.08490467025674106,1.28976090334979,0.00013518629747674468,0.0
lucknow,2026-06-08,0.0,0.0,26.85,80.95,Normal,-0.3817976214454973,Inland,0.0,0.0,0.0,0.3981415866838823,0.0,0.3981415866838823,0.0002661916972263696,0.0
madurai,2026-06-08,0.30000000000000004,0.0,9.93,78.12,Normal,-0.3817976214454973,Inland,0.30000000000000004,0.0,0.0,0.0891532266658956,0.0,0.0891532266658956,6.758869984288437e-05,0.0
mangaluru,2026-06-08,209.2,3.1191656589508057,12.91,74.86,Normal,-0.3817976214454973,West-coast orographic,209.2,217.45725027840749,256.9375092954841,18.432047164908838,21.73881992950843,18.432047164908838,0.007994343718572822,1.0
mumbai,2026-06-08,0.2,0.0,19.08,72.88,Normal,-0.3817976214454973,West-coast orographic,0.2,0.0,0.0,0.7758335675694017,0.0,0.7758335675694017,0.00022028501768418232,0.0
nagpur,2026-06-08,0.2,0.0,21.15,79.09,Normal,-0.3817976214454973,Inland,0.2,0.0,0.0,0.29144405751116376,0.0,0.29144405751116376,0.00013000934184548909,0.0
panaji,2026-06-08,106.8,12.236678123474121,15.49,73.83,Normal,-0.3817976214454973,West-coast orographic,106.8,86.06318715750328,57.117588955843004,24.457121905004733,29.138267843188768,24.457121905004733,0.11411871022468512,1.0
patna,2026-06-08,0.0,0.0,25.59,85.14,Normal,-0.3817976214454973,Inland,0.0,0.0,0.0,0.23833826877884576,0.0,0.23833826877884576,0.00013875925117413882,0.0
pune,2026-06-08,1.0,0.0,18.52,73.86,Normal,-0.3817976214454973,Inland,1.0,0.0,0.05273202434182174,0.28291457758270655,0.0,0.28291457758270655,0.00012505787540220613,0.0
raipur,2026-06-08,0.0,0.0,21.25,81.63,Normal,-0.3817976214454973,Inland,0.0,0.0,0.0,0.14577346440176236,0.0,0.14577346440176236,0.00013281899265162096,0.0
ranchi,2026-06-08,0.0,0.0,23.34,85.31,Normal,-0.3817976214454973,Inland,0.0,0.0,0.0,0.6957931976803055,0.0,0.6957931976803055,0.00015346542959299912,0.0
shillong,2026-06-08,10.8,37.796329498291016,25.58,91.89,Normal,-0.3817976214454973,Hill / Himalayan orographic,10.8,7.8810903835296635,9.208047253731905,6.316425199136369,4.614074171951928,6.316425199136369,0.0012780048672241607,0.0
shimla,2026-06-08,0.0,0.0,31.1,77.17,Normal,-0.3817976214454973,Hill / Himalayan orographic,0.0,0.0,0.0,0.26368162225461583,0.0,0.26368162225461583,0.000451016316348008,0.0
srinagar,2026-06-08,0.2,0.0,34.08,74.8,Normal,-0.3817976214454973,Hill / Himalayan orographic,0.2,0.0,0.0,0.11752291732167303,0.0,0.11752291732167303,0.00047920231428750734,0.0
surat,2026-06-08,0.0,0.0,21.17,72.83,Normal,-0.3817976214454973,West-coast orographic,0.0,0.0,0.0,0.0036434893827352755,0.0,0.0036434893827352755,0.00018564170718549593,0.0
thiruvananthapuram,2026-06-08,70.1,37.35289001464844,8.52,76.94,Normal,-0.3817976214454973,West-coast orographic,70.1,52.478779237767476,36.56350917496004,10.059373238976713,11.661886678835804,10.059373238976713,0.0018169671558029064,1.0
varanasi,2026-06-08,0.0,0.0,25.32,82.97,Normal,-0.3817976214454973,Inland,0.0,0.0,0.0,0.18887968677164713,0.0,0.18887968677164713,0.00016710344484214637,0.0
vijayawada,2026-06-08,0.0,0.6973838806152344,16.51,80.65,Normal,-0.3817976214454973,Inland,0.0,0.0,0.0,0.14577346440176236,0.0,0.14577346440176236,8.783194923893975e-05,0.0
visakhapatnam,2026-06-08,2.8000000000000003,0.0,17.69,83.22,Normal,-0.3817976214454973,East coast,2.8000000000000003,0.7064967751502995,0.1208697929978372,1.6340585537965775,0.26327269801013686,1.6340585537965775,8.67379099966453e-05,0.0
agartala,2026-06-09,0.0,0.40258869528770447,23.83,91.29,Normal,0.447947255500236,Inland,0.0,0.0,0.0,3.208027351220521,2.09318801863236,3.208027351220521,0.0001628569751081266,0.0
ahmedabad,2026-06-09,0.0,0.0,23.02,72.57,Normal,0.447947255500236,Inland,0.0,0.0,0.0,0.0,0.0,0.0,0.0002444717463763833,0.0
amritsar,2026-06-09,0.0,0.0,31.63,74.87,Normal,0.447947255500236,Inland,0.0,0.0,0.0,0.13012854702631177,0.0,0.13012854702631177,0.0002795535602488565,0.0
bengaluru,2026-06-09,1.9000000000000001,2.0694000720977783,12.97,77.59,Normal,0.447947255500236,Inland,1.9000000000000001,0.23232279747724532,0.39586393594741826,0.15779218656440355,0.0,0.15779218656440355,9.186300190996063e-05,0.0
bhopal,2026-06-09,0.0,0.7361522316932678,23.26,77.41,Normal,0.447947255500236,Inland,0.0,0.0,0.0,0.2239244342347338,0.0,0.2239244342347338,0.00014466896975085777,0.0
bhubaneswar,2026-06-09,0.30000000000000004,9.880963325500488,20.3,85.82,Normal,0.447947255500236,East coast,0.30000000000000004,0.0,0.0,1.2821380503493516,0.0847252678899776,1.2821380503493516,0.00015767584645101827,0.0
chandigarh,2026-06-09,0.0,0.0,30.73,76.78,Normal,0.447947255500236,Inland,0.0,0.0,0.0,0.0,0.0,0.0,0.0002732213363223149,0.0
chennai,2026-06-09,0.0,0.0,13.08,80.27,Normal,0.447947255500236,East coast,0.0,0.0,0.0,0.0063223866565689305,0.0,0.0063223866565689305,9.186300190996063e-05,0.0
dehradun,2026-06-09,0.0,0.0,30.32,78.03,Normal,0.447947255500236,Hill / Himalayan orographic,0.0,0.0,0.0,0.0,0.0,0.0,0.000270230935946441,0.0
delhi,2026-06-09,0.0,0.0,28.61,77.21,Normal,0.447947255500236,Inland,0.0,0.0,0.0,0.02781535063791648,0.0,0.02781535063791648,0.00026009564549559893,0.0
gangtok,2026-06-09,58.8,6.188802719116211,27.33,88.61,Normal,0.447947255500236,Hill / Himalayan orographic,58.8,45.46535167953876,51.56668166644305,21.372969194487656,39.356430782371596,21.372969194487656,0.02472561322713407,0.0
guwahati,2026-06-09,0.0,0.8550050258636475,26.14,91.74,Normal,0.447947255500236,Inland,0.0,0.0,0.0,1.4771348012715886,0.3484769915187157,1.4771348012715886,0.00014436292649247192,0.0
hyderabad,2026-06-09,8.5,0.0,17.39,78.49,Normal,0.447947255500236,Inland,8.5,5.513115015029907,5.667310308728898,2.1075280456907635,1.0659092583699565,2.1075280456907635,0.002970065585784981,0.0
jabalpur,2026-06-09,0.0,0.0,23.18,79.95,Normal,0.447947255500236,Inland,0.0,0.0,0.0,0.2632985696388321,0.0,0.2632985696388321,0.0001293047910689717,0.0
jaipur,2026-06-09,0.0,0.0,26.91,75.79,Normal,0.447947255500236,Inland,0.0,0.0,0.0,0.07948267389921469,0.0,0.07948267389921469,0.00023138297174434848,0.0
jodhpur,2026-06-09,0.0,0.0,26.24,73.02,Normal,0.447947255500236,Inland,0.0,0.0,0.0,0.07870604852312149,0.0,0.07870604852312149,0.0002862571856091803,0.0
kochi,2026-06-09,95.7,56.298667907714844,9.93,76.27,Normal,0.447947255500236,West-coast orographic,95.7,74.80018845764278,48.44022112181589,40.42858443977004,47.58860675966185,40.42858443977004,0.03071375080628911,1.0
kolkata,2026-06-09,0.0,0.0424194298684597,22.57,88.36,Normal,0.447947255500236,East coast,0.0,0.0,0.0,0.8764697072530223,0.0008772752445588237,0.8764697072530223,0.00012596725919312255,0.0
lucknow,2026-06-09,0.0,0.4161112308502197,26.85,80.95,Normal,0.447947255500236,Inland,0.0,0.0,0.0,0.21784596087236624,0.0,0.21784596087236624,0.0002532741857194392,0.0
madurai,2026-06-09,0.0,0.0,9.93,78.12,Normal,0.447947255500236,Inland,0.0,0.0,0.0,0.00017237882008093265,0.0,0.00017237882008093265,0.00013593398536955386,0.0
mangaluru,2026-06-09,92.3,25.733444213867188,12.91,74.86,Normal,0.447947255500236,West-coast orographic,92.3,71.35026092795576,46.74876171257414,45.26138306572094,53.9880353600005,45.26138306572094,0.037493469872738945,1.0
mumbai,2026-06-09,0.9,0.0,19.08,72.88,Normal,0.447947255500236,West-coast orographic,0.9,0.0,0.0,2.280320401995086,1.1595716837257786,2.280320401995086,0.00028526967245212767,0.0
nagpur,2026-06-09,0.0,0.0,21.15,79.09,Normal,0.447947255500236,Inland,0.0,0.0,0.0,0.18506370187047108,0.0,0.18506370187047108,0.00012792202346509942,0.0
panaji,2026-06-09,139.7,7.772320747375488,15.49,73.83,Normal,0.447947255500236,West-coast orographic,139.7,127.74546941283958,88.89306148177228,51.85926233942296,60.6941056308234,51.85926233942296,0.20981296428506252,1.0
patna,2026-06-09,0.0,0.0,25.59,85.14,Normal,0.447947255500236,Inland,0.0,0.0,0.0,0.18318064453503535,0.0,0.18318064453503535,0.00014759639335414816,0.0
pune,2026-06-09,4.8,0.0,18.52,73.86,Normal,0.447947255500236,Inland,4.8,2.2134810548968025,2.485398998260498,3.768537351767167,2.73221186052076,3.768537351767167,0.003750424064173051,0.0
raipur,2026-06-09,0.0,2.1745474338531494,21.25,81.63,Normal,0.447947255500236,Inland,0.0,0.0,0.0,0.22361760317873863,0.0,0.22361760317873863,0.0001355375815190784,0.0
ranchi,2026-06-09,0.0,0.0,23.34,85.31,Normal,0.447947255500236,Inland,0.0,0.0,0.0,0.764788342375891,0.0,0.764788342375891,0.00015660655127099158,0.0
shillong,2026-06-09,0.0,1.4075685739517212,25.58,91.89,Normal,0.447947255500236,Hill / Himalayan orographic,0.0,0.0,0.0,1.800351811368355,0.40055716464778984,1.800351811368355,0.00017119748217649445,0.0
shimla,2026-06-09,0.0,0.0,31.1,77.17,Normal,0.447947255500236,Hill / Himalayan orographic,0.0,0.0,0.0,0.07534563724636467,0.0,0.07534563724636467,0.00030787337809117904,0.0
srinagar,2026-06-09,0.0,0.0,34.08,74.8,Normal,0.447947255500236,Hill / Himalayan orographic,0.0,0.0,0.0,0.025093514157682028,0.0,0.025093514157682028,0.0003622626343641709,0.0
surat,2026-06-09,0.0,0.0,21.17,72.83,Normal,0.447947255500236,West-coast orographic,0.0,0.0,0.0,0.06837345888802951,0.0,0.06837345888802951,0.0002667339026649792,0.0
thiruvananthapuram,2026-06-09,39.5,18.773712158203125,8.52,76.94,Normal,0.447947255500236,West-coast orographic,39.5,32.186679830516496,19.717843727538337,2.9489842015201146,1.681800743685464,2.9489842015201146,0.010171504967478021,0.0
varanasi,2026-06-09,0.0,0.0,25.32,82.97,Normal,0.447947255500236,Inland,0.0,0.0,0.0,0.14017534632837303,0.0,0.14017534632837303,0.00017052366103237,0.0
vijayawada,2026-06-09,0.0,0.0,16.51,80.65,Normal,0.447947255500236,Inland,0.0,0.0,0.0,0.17238102677770512,0.0,0.17238102677770512,0.00010723681494060034,0.0
visakhapatnam,2026-06-09,0.0,0.0,17.69,83.22,Normal,0.447947255500236,East coast,0.0,0.0,0.0,0.3257992094126047,0.0,0.3257992094126047,0.00010590109330017272,0.0
agartala,2026-06-11,1.4000000000000001,5.1946611404418945,23.83,91.29,Normal,-0.1374470919824313,Inland,1.4000000000000001,0.06976891487836838,0.15256933867931366,5.923475810709621,7.406582441833023,5.923475810709621,0.00017953077354315784,0.0
ahmedabad,2026-06-11,0.0,0.0,23.02,72.57,Normal,-0.1374470919824313,Inland,0.0,0.0,0.0,0.0,0.0,0.0,0.0002822432128917092,0.0
amritsar,2026-06-11,0.0,7.427511692047119,31.63,74.87,Normal,-0.1374470919824313,Inland,0.0,0.0,0.0,0.23659872987825517,0.0,0.23659872987825517,0.00036998458046666856,0.0
bengaluru,2026-06-11,0.8,0.6842714548110962,12.97,77.59,Normal,-0.1374470919824313,Inland,0.8,0.0,0.0,0.08308148479022008,0.0,0.08308148479022008,7.671568403677855e-05,0.0
bhopal,2026-06-11,0.0,0.0,23.26,77.41,Normal,-0.1374470919824313,Inland,0.0,0.0,0.0,0.1888589154343116,0.0,0.1888589154343116,0.00016702324589436496,0.0
bhubaneswar,2026-06-11,0.2,0.0,20.3,85.82,Normal,-0.1374470919824313,East coast,0.2,0.0,0.0,0.7613819886082682,0.0,0.7613819886082682,0.00014519712158055418,0.0
chandigarh,2026-06-11,0.0,0.7298277616500854,30.73,76.78,Normal,-0.1374470919824313,Inland,0.0,0.0,0.0,0.07622184429045525,0.0,0.07622184429045525,0.0003616047262184439,0.0
chennai,2026-06-11,0.5,0.0,13.08,80.27,Normal,-0.1374470919824313,East coast,0.5,0.0,0.0,0.15352697708774246,0.0,0.15352697708774246,8.149991904565238e-05,0.0
dehradun,2026-06-11,0.0,2.555210828781128,30.32,78.03,Normal,-0.1374470919824313,Hill / Himalayan orographic,0.0,0.0,0.0,0.11394318582430628,0.0,0.11394318582430628,0.0003799446896715837,0.0
delhi,2026-06-11,0.0,0.0,28.61,77.21,Normal,-0.1374470919824313,Inland,0.0,0.0,0.0,0.0760195688537512,0.0,0.0760195688537512,0.0003442345147682745,0.0
gangtok,2026-06-11,55.1,19.478593826293945,27.33,88.61,Normal,-0.1374470919824313,Hill / Himalayan orographic,55.1,42.70046046907797,49.274529704079704,17.75559576076879,32.37255210926831,17.75559576076879,0.01845536592862392,0.0
guwahati,2026-06-11,10.1,0.6576041579246521,26.14,91.74,Normal,-0.1374470919824313,Inland,10.1,7.375308895111082,7.25993142811939,5.730258543704071,7.065512494004285,5.730258543704071,0.0012665732447930192,0.0
hyderabad,2026-06-11,13.2,0.30023953318595886,17.39,78.49,Normal,-0.1374470919824313,Inland,13.2,10.016702931267872,11.002804985988291,2.7048414892592074,1.6730610661902716,2.7048414892592074,0.005795924936413321,0.0
jabalpur,2026-06-11,0.0,0.0,23.18,79.95,Normal,-0.1374470919824313,Inland,0.0,0.0,0.0,0.17960559657520392,0.0,0.17960559657520392,0.00013635494491790877,0.0
jaipur,2026-06-11,0.0,0.0,26.91,75.79,Normal,-0.1374470919824313,Inland,0.0,0.0,0.0,0.022609661019222304,0.0,0.022609661019222304,0.00026713273177579155,0.0
jodhpur,2026-06-11,0.0,0.0,26.24,73.02,Normal,-0.1374470919824313,Inland,0.0,0.0,0.0,0.004499383746801902,0.0,0.004499383746801902,0.0003304824678110038,0.0
kochi,2026-06-11,37.7,12.231358528137207,9.93,76.27,Normal,-0.1374470919824313,West-coast orographic,37.7,30.75427187900165,18.649762727911845,8.52977518696279,9.76244856388147,8.52977518696279,0.00476178393746477,0.0
kolkata,2026-06-11,0.0,0.5135133266448975,22.57,88.36,Normal,-0.1374470919824313,East coast,0.0,0.0,0.0,0.7171927652132372,0.0,0.7171927652132372,0.0001454749689141084,0.0
lucknow,2026-06-11,0.0,1.7763179540634155,26.85,80.95,Normal,-0.1374470919824313,Inland,0.0,0.0,0.0,0.2899681654246796,0.0,0.2899681654246796,0.0002670817832568362,0.0
madurai,2026-06-11,0.1,0.0,9.93,78.12,Normal,-0.1374470919824313,Inland,0.1,0.0,0.0,0.01932634932470171,0.0,0.01932634932470171,8.149991904565238e-05,0.0
mangaluru,2026-06-11,184.2,38.94773483276367,12.91,74.86,Normal,-0.1374470919824313,West-coast orographic,184.2,185.18682550662047,201.97067842525377,18.293872614454173,21.336724798873604,18.293872614454173,0.008066210556790318,1.0
mumbai,2026-06-11,0.0,0.0,19.08,72.88,Normal,-0.1374470919824313,West-coast orographic,0.0,0.0,0.0,0.3840096202923966,0.0,0.3840096202923966,0.00025002651891881014,0.0
nagpur,2026-06-11,0.6000000000000001,2.2686474323272705,21.15,79.09,Normal,-0.1374470919824313,Inland,0.6000000000000001,0.0,0.0,0.5456079687911719,0.0,0.5456079687911719,0.0001399040640167447,0.0
panaji,2026-06-11,76.2,18.837482452392578,15.49,73.83,Normal,-0.1374470919824313,West-coast orographic,76.2,57.218145684106894,37.40253419341456,24.988821497066713,29.56192563326039,24.988821497066713,0.06266672446874351,1.0
patna,2026-06-11,0.0,24.440889358520508,25.59,85.14,Normal,-0.1374470919824313,Inland,0.0,0.0,0.0,0.24974335392326422,0.0,0.24974335392326422,0.00015564371470937243,0.0
pune,2026-06-11,2.3,0.0,18.52,73.86,Normal,-0.1374470919824313,Inland,2.3,0.41044275686144843,0.5730794692039499,0.7916963789142135,0.0,0.7916963789142135,0.00014194423062303767,0.0
raipur,2026-06-11,0.0,0.3066963255405426,21.25,81.63,Normal,-0.1374470919824313,Inland,0.0,0.0,0.0,0.14711441039424253,0.0,0.14711441039424253,0.00014292752053657803,0.0
ranchi,2026-06-11,0.0,5.644804954528809,23.34,85.31,Normal,-0.1374470919824313,Inland,0.0,0.0,0.0,0.698719186598598,0.0,0.698719186598598,0.0001651450476375154,0.0
shillong,2026-06-11,13.6,0.8652005195617676,25.58,91.89,Normal,-0.1374470919824313,Hill / Himalayan orographic,13.6,10.340467495484786,10.885614883329238,6.660398168357651,5.0900899375805215,6.660398168357651,0.0018413766040937109,0.0
shimla,2026-06-11,0.0,0.0,31.1,77.17,Normal,-0.1374470919824313,Hill / Himalayan orographic,0.0,0.0,0.0,0.330933893092784,0.0,0.330933893092784,0.00040746166398835726,0.0
srinagar,2026-06-11,0.0,0.0,34.08,74.8,Normal,-0.1374470919824313,Hill / Himalayan orographic,0.0,0.0,0.0,0.03712736004754966,0.0,0.03712736004754966,0.00043292691861387917,0.0
surat,2026-06-11,0.0,0.0,21.17,72.83,Normal,-0.1374470919824313,West-coast orographic,0.0,0.0,0.0,0.0,0.0,0.0,0.00030794386584862823,0.0
thiruvananthapuram,2026-06-11,9.1,15.549378395080566,8.52,76.94,Normal,-0.1374470919824313,West-coast orographic,9.1,6.222284549077353,5.641036836701995,0.46938392670432194,0.0,0.46938392670432194,0.0015754245617742254,0.0
varanasi,2026-06-11,0.30000000000000004,0.8567332625389099,25.32,82.97,Normal,-0.1374470919824313,Inland,0.30000000000000004,0.0,0.0,0.5752026660585529,0.0,0.5752026660585529,0.00017982080905489371,0.0
vijayawada,2026-06-11,0.30000000000000004,16.204015731811523,16.51,80.65,Normal,-0.1374470919824313,Inland,0.30000000000000004,0.0,0.0,0.5846924109847162,0.0,0.5846924109847162,0.00010590922657640063,0.0
visakhapatnam,2026-06-11,0.0,1.8367550373077393,17.69,83.22,Normal,-0.1374470919824313,East coast,0.0,0.0,0.0,0.2318046650949674,0.0,0.2318046650949674,0.00010459003939776597,0.0
agartala,2026-06-12,0.6000000000000001,22.797359466552734,23.83,91.29,Normal,-0.4787416332836503,Inland,0.6000000000000001,0.0,0.0,2.7830063945842336,1.8260327942974657,2.7830063945842336,0.00013565297824042177,0.0
ahmedabad,2026-06-12,0.0,0.0,23.02,72.57,Normal,-0.4787416332836503,Inland,0.0,0.0,0.0,0.0,0.0,0.0,0.00010614855982152043,0.0
amritsar,2026-06-12,0.4,30.822298049926758,31.63,74.87,Normal,-0.4787416332836503,Inland,0.4,0.0,0.0,0.4597422586662563,0.0,0.4597422586662563,0.0002687221644531948,0.0
bengaluru,2026-06-12,2.8000000000000003,0.0,12.97,77.59,Normal,-0.4787416332836503,Inland,2.8000000000000003,0.6933981156349187,0.9047217684984209,0.49048039453173825,0.0,0.49048039453173825,8.46003297810316e-05,0.0
bhopal,2026-06-12,0.0,0.0,23.26,77.41,Normal,-0.4787416332836503,Inland,0.0,0.0,0.0,0.2101613474299771,0.0,0.2101613474299771,0.00011536061883509643,0.0
bhubaneswar,2026-06-12,1.4000000000000001,0.0,20.3,85.82,Normal,-0.4787416332836503,East coast,1.4000000000000001,0.06831071354448795,0.0037897183466702646,0.5782206979617144,0.0,0.5782206979617144,0.00014456086538067146,0.0
chandigarh,2026-06-12,0.8,27.424163818359375,30.73,76.78,Normal,-0.4787416332836503,Inland,0.8,0.0,0.0,0.4203057662740395,0.0,0.4203057662740395,0.00028521594183516044,0.0
chennai,2026-06-12,0.0,0.0,13.08,80.27,Normal,-0.4787416332836503,East coast,0.0,0.0,0.0,0.0,0.0,0.0,7.961459956154878e-05,0.0
dehradun,2026-06-12,1.6,45.93534469604492,30.32,78.03,Normal,-0.4787416332836503,Hill / Himalayan orographic,1.6,0.12229443307965986,0.3124203040225557,0.5653150935715017,0.0,0.5653150935715017,0.0002608519805415373,0.0
delhi,2026-06-12,3.6,1.1752468347549438,28.61,77.21,Normal,-0.4787416332836503,Inland,3.6,1.3334806990623473,1.6534327888488773,3.941970396693977,2.9710086577928982,3.941970396693977,0.009680017271206199,0.0
gangtok,2026-06-12,12.9,24.115795135498047,27.33,88.61,Normal,-0.4787416332836503,Hill / Himalayan orographic,12.9,9.731709210532056,10.263601542092134,14.36090904803085,23.567771799496835,14.36090904803085,0.002395685886165309,0.0
guwahati,2026-06-12,33.9,13.748117446899414,26.14,91.74,Normal,-0.4787416332836503,Inland,33.9,27.0004477335939,34.42946451377869,6.796084876510936,8.450366520202818,6.796084876510936,0.0009639963906780834,0.0
hyderabad,2026-06-12,8.8,0.0,17.39,78.49,Normal,-0.4787416332836503,Inland,8.8,5.759877020053654,5.760437649419826,3.4170110955382778,2.3546958879400384,3.4170110955382778,0.004173397363029829,0.0
jabalpur,2026-06-12,0.1,0.0,23.18,79.95,Normal,-0.4787416332836503,Inland,0.1,0.0,0.0,0.4762870476075132,0.0,0.4762870476075132,0.00010624721691597908,0.0
jaipur,2026-06-12,0.0,0.0,26.91,75.79,Normal,-0.4787416332836503,Inland,0.0,0.0,0.0,0.0803607898325319,0.0,0.0803607898325319,0.0001352047043333451,0.0
jodhpur,2026-06-12,0.0,0.0,26.24,73.02,Normal,-0.4787416332836503,Inland,0.0,0.0,0.0,2.8400877399452682e-05,0.0,2.8400877399452682e-05,0.00010564795367255357,0.0
kochi,2026-06-12,96.5,11.260770797729492,9.93,76.27,Normal,-0.4787416332836503,West-coast orographic,96.5,71.68495271324157,46.69392739744089,32.345576088852596,37.81646964103053,32.345576088852596,0.017674699594211387,1.0
kolkata,2026-06-12,0.0,9.967584609985352,22.57,88.36,Normal,-0.4787416332836503,East coast,0.0,0.0,0.0,0.009915396366690699,0.0,0.009915396366690699,0.00012352323675543457,0.0
lucknow,2026-06-12,7.7,0.0,26.85,80.95,Normal,-0.4787416332836503,Inland,7.7,4.931112600962322,5.246459552447003,3.1958832328079385,2.179630873369623,3.1958832328079385,0.003373702408210108,0.0
madurai,2026-06-12,2.9,18.917593002319336,9.93,78.12,Normal,-0.4787416332836503,Inland,2.9,0.7986990839242938,0.9640131032466889,0.3473223241791089,0.0,0.3473223241791089,8.421513169455383e-05,0.0
mangaluru,2026-06-12,214.3,14.058730125427246,12.91,74.86,Normal,-0.4787416332836503,West-coast orographic,214.3,221.3517868470763,261.24510046514456,35.38299214142154,41.310162486509604,35.38299214142154,0.06098504183141326,1.0
mumbai,2026-06-12,0.30000000000000004,0.0,19.08,72.88,Normal,-0.4787416332836503,West-coast orographic,0.30000000000000004,0.0,0.0,1.019060689740744,0.13365747487727667,1.019060689740744,0.00014609497084579678,0.0
nagpur,2026-06-12,0.0,0.45627352595329285,21.15,79.09,Normal,-0.4787416332836503,Inland,0.0,0.0,0.0,0.15809227896745884,0.0,0.15809227896745884,0.00011404395707740232,0.0
panaji,2026-06-12,49.5,0.0,15.49,73.83,Normal,-0.4787416332836503,West-coast orographic,49.5,38.73195344824252,25.020695466968373,20.499343177700062,24.968010010130083,20.499343177700062,0.020690910925621798,0.0
patna,2026-06-12,0.0,0.0,25.59,85.14,Normal,-0.4787416332836503,Inland,0.0,0.0,0.0,0.07385750932673159,0.0,0.07385750932673159,9.526939575915666e-05,0.0
pune,2026-06-12,0.0,0.0,18.52,73.86,Normal,-0.4787416332836503,Inland,0.0,0.0,0.0,0.010191374018211569,0.0,0.010191374018211569,0.00010732049853603274,0.0
raipur,2026-06-12,2.3000000000000003,0.5489600896835327,21.25,81.63,Normal,-0.4787416332836503,Inland,2.3000000000000003,0.39586555168032656,0.6163282150030144,0.9911793232627568,0.0630733141648027,0.9911793232627568,0.00010471777793941572,0.0
ranchi,2026-06-12,0.5,11.760111808776855,23.34,85.31,Normal,-0.4787416332836503,Inland,0.5,0.0,0.0,0.6165013527740149,0.0,0.6165013527740149,0.00010018305832442445,0.0
shillong,2026-06-12,27.8,0.16150280833244324,25.58,91.89,Normal,-0.4787416332836503,Hill / Himalayan orographic,27.8,22.680658288435506,26.958259058589427,9.460222263963185,9.448555378389484,9.460222263963185,0.0018806809980732476,0.0
shimla,2026-06-12,0.5,16.429115295410156,31.1,77.17,Normal,-0.4787416332836503,Hill / Himalayan orographic,0.5,0.0,0.0,0.502059813063743,0.0,0.502059813063743,0.0001438263195002036,0.0
srinagar,2026-06-12,0.30000000000000004,1.2066330909729004,34.08,74.8,Normal,-0.4787416332836503,Hill / Himalayan orographic,0.30000000000000004,0.0,0.0,0.008537536466177125,0.0,0.008537536466177125,0.00014413441909119152,0.0
surat,2026-06-12,0.0,0.0,21.17,72.83,Normal,-0.4787416332836503,West-coast orographic,0.0,0.0,0.0,0.005490389081448646,0.0,0.005490389081448646,0.00010576075503951228,0.0
thiruvananthapuram,2026-06-12,66.4,50.43071746826172,8.52,76.94,Normal,-0.4787416332836503,West-coast orographic,66.4,48.63078475698782,33.71158137389614,11.56296036072546,12.921956182555165,11.56296036072546,0.0024669886308593273,1.0
varanasi,2026-06-12,0.1,0.0,25.32,82.97,Normal,-0.4787416332836503,Inland,0.1,0.0,0.0,0.2674251602513753,0.0,0.2674251602513753,0.00012796440119475873,0.0
vijayawada,2026-06-12,0.3,0.0,16.51,80.65,Normal,-0.4787416332836503,Inland,0.3,0.0,0.0,0.6985810640948293,0.0,0.6985810640948293,8.44503947636038e-05,0.0
visakhapatnam,2026-06-12,0.2,0.0,17.69,83.22,Normal,-0.4787416332836503,East coast,0.2,0.0,0.0,0.10062789259734463,0.0,0.10062789259734463,7.99877311039885e-05,0.0
agartala,2026-06-15,7.300000000000001,7.951452255249023,23.83,91.29,Normal,-0.3988125604786659,Inland,7.300000000000001,4.538327407836915,4.741473406155905,8.047740548342514,12.19412040588618,8.047740548342514,0.0018695775196221447,0.0
ahmedabad,2026-06-15,0.0,0.0,23.02,72.57,Normal,-0.3988125604786659,Inland,0.0,0.0,0.0,0.0,0.0,0.0,0.00010630676920959934,0.0
amritsar,2026-06-15,0.0,0.0,31.63,74.87,Normal,-0.3988125604786659,Inland,0.0,0.0,0.0,0.0733852755589237,0.0,0.0733852755589237,0.0002766621768694597,0.0
bengaluru,2026-06-15,17.7,8.105762481689453,12.97,77.59,Normal,-0.3988125604786659,Inland,17.7,13.946436004004514,15.67723678901277,5.373876283038158,5.717330075840788,5.373876283038158,0.048690418390642774,0.0
bhopal,2026-06-15,0.9,1.9808237552642822,23.26,77.41,Normal,-0.3988125604786659,Inland,0.9,0.0,0.011698017269372986,0.49985420292750243,0.0,0.49985420292750243,0.00010991014816929771,0.0
bhubaneswar,2026-06-15,2.1,2.7542812824249268,20.3,85.82,Normal,-0.3988125604786659,East coast,2.1,0.2727344399690629,0.056541876651878896,0.6056246640835008,0.0,0.6056246640835008,0.00014392318147975176,0.0
chandigarh,2026-06-15,0.0,0.0,30.73,76.78,Normal,-0.3988125604786659,Inland,0.0,0.0,0.0,0.10518916993008413,0.0,0.10518916993008413,0.0002936431575730853,0.0
chennai,2026-06-15,7.199999999999999,0.0,13.08,80.27,Normal,-0.3988125604786659,East coast,7.199999999999999,4.457486894925435,2.7192612053067577,0.2030428170102873,0.0,0.2030428170102873,0.0011524210997184683,0.0
dehradun,2026-06-15,0.0,0.0,30.32,78.03,Normal,-0.3988125604786659,Hill / Himalayan orographic,0.0,0.0,0.0,0.13412416129295027,0.0,0.13412416129295027,0.00026697714224349633,0.0
delhi,2026-06-15,0.5,0.0,28.61,77.21,Normal,-0.3988125604786659,Inland,0.5,0.0,0.0,0.383011006671298,0.0,0.383011006671298,0.00021423244163374625,0.0
gangtok,2026-06-15,14.9,8.621548652648926,27.33,88.61,Normal,-0.3988125604786659,Hill / Himalayan orographic,14.9,11.309851367950454,12.736474330570774,15.388021928206156,26.78945027278178,15.388021928206156,0.0024340436310398765,0.0
guwahati,2026-06-15,56.2,0.7441086769104004,26.14,91.74,Normal,-0.3988125604786659,Inland,56.2,42.46352736016273,57.07949108846452,10.467871590341911,18.89212359069316,10.467871590341911,0.0038233527504081288,0.0
hyderabad,2026-06-15,0.7,0.0,17.39,78.49,Normal,-0.3988125604786659,Inland,0.7,0.0,0.0,0.4152514086731016,0.0,0.4152514086731016,8.384362132451654e-05,0.0
jabalpur,2026-06-15,0.0,0.2937154173851013,23.18,79.95,Normal,-0.3988125604786659,Inland,0.0,0.0,0.0,0.20243093924891184,0.0,0.20243093924891184,0.00010577852350908346,0.0
jaipur,2026-06-15,1.3,0.06671828031539917,26.91,75.79,Normal,-0.3988125604786659,Inland,1.3,0.0548899607360363,0.1374292317032814,0.5141250251525671,0.0,0.5141250251525671,0.0001392001865941008,0.0
jodhpur,2026-06-15,0.2,0.0,26.24,73.02,Normal,-0.3988125604786659,Inland,0.2,0.0,0.0,0.04442283211720211,0.0,0.04442283211720211,0.00010877008890919128,0.0
kochi,2026-06-15,64.8,1.1161365509033203,9.93,76.27,Normal,-0.3988125604786659,West-coast orographic,64.8,47.721732060218,33.25928426029565,16.55196665967942,19.61548695670269,16.55196665967942,0.0033384841937512425,1.0
kolkata,2026-06-15,2.7,0.0,22.57,88.36,Normal,-0.3988125604786659,East coast,2.7,0.6123113644123075,0.09577795216015404,0.6480728379066112,0.0,0.6480728379066112,0.0001229783421928715,0.0
lucknow,2026-06-15,0.0,0.0,26.85,80.95,Normal,-0.3988125604786659,Inland,0.0,0.0,0.0,0.17880896412852504,0.0,0.17880896412852504,0.00013704031497144262,0.0
madurai,2026-06-15,5.7,0.0,9.93,78.12,Normal,-0.3988125604786659,Inland,5.7,3.0193649291992184,3.144447588920593,0.49150225384241564,0.0,0.49150225384241564,0.0008486522783338253,0.0
mangaluru,2026-06-15,106.0,5.887582302093506,12.91,74.86,Normal,-0.3988125604786659,West-coast orographic,106.0,79.90482866317355,54.04493930617206,25.548951941121594,29.66604614137311,25.548951941121594,0.049464476199612854,1.0
mumbai,2026-06-15,0.0,0.0,19.08,72.88,Normal,-0.3988125604786659,West-coast orographic,0.0,0.0,0.0,0.5351974710387267,0.0,0.5351974710387267,0.00013094850951914455,0.0
nagpur,2026-06-15,0.0,0.8679724335670471,21.15,79.09,Normal,-0.3988125604786659,Inland,0.0,0.0,0.0,0.16090325040022008,0.0,0.16090325040022008,0.00011354087344494894,0.0
panaji,2026-06-15,0.0,1.7419847249984741,15.49,73.83,Normal,-0.3988125604786659,West-coast orographic,0.0,0.0,0.0,0.4396923591234793,0.0,0.4396923591234793,0.00012319963110190622,0.0
patna,2026-06-15,0.0,0.0,25.59,85.14,Normal,-0.3988125604786659,Inland,0.0,0.0,0.0,0.07881265593872121,0.0,0.07881265593872121,9.750683084495811e-05,0.0
pune,2026-06-15,0.0,0.0,18.52,73.86,Normal,-0.3988125604786659,Inland,0.0,0.0,0.0,0.010914317623771425,0.0,0.010914317623771425,9.964674105446623e-05,0.0
raipur,2026-06-15,0.30000000000000004,0.4318348467350006,21.25,81.63,Normal,-0.3988125604786659,Inland,0.30000000000000004,0.0,0.0,0.45374622323340574,0.0,0.45374622323340574,0.00010425583071602395,0.0
ranchi,2026-06-15,0.30000000000000004,15.771299362182617,23.34,85.31,Normal,-0.3988125604786659,Inland,0.30000000000000004,0.0,0.0,0.6556319906531775,0.0,0.6556319906531775,0.00010018305832442445,0.0
shillong,2026-06-15,2.1,8.540002822875977,25.58,91.89,Normal,-0.3988125604786659,Hill / Himalayan orographic,2.1,0.2727344399690629,0.5252310267441409,4.9649075665815605,2.6984826474456525,4.9649075665815605,0.0001135031459327495,0.0
shimla,2026-06-15,0.0,0.0,31.1,77.17,Normal,-0.3988125604786659,Hill / Himalayan orographic,0.0,0.0,0.0,0.18151162317396796,0.0,0.18151162317396796,0.0001480765444422144,0.0
srinagar,2026-06-15,7.0,5.387645721435547,34.08,74.8,Normal,-0.3988125604786659,Hill / Himalayan orographic,7.0,4.2958058691024785,4.107997812567087,1.3154502511762345,0.09509729631027718,1.3154502511762345,0.002254759873421068,0.0
surat,2026-06-15,0.1,0.0,21.17,72.83,Normal,-0.3988125604786659,West-coast orographic,0.1,0.0,0.0,0.08154834681311494,0.0,0.08154834681311494,0.00010224794302023471,0.0
thiruvananthapuram,2026-06-15,50.199999999999996,0.893973171710968,8.52,76.94,Normal,-0.3988125604786659,West-coast orographic,50.199999999999996,38.99255107386301,25.149759121585898,4.75929462216704,4.365513232018876,4.75929462216704,0.0014878741560011052,0.0
varanasi,2026-06-15,0.0,0.0,25.32,82.97,Normal,-0.3988125604786659,Inland,0.0,0.0,0.0,0.07737130811836025,0.0,0.07737130811836025,0.00012796440119475873,0.0
vijayawada,2026-06-15,2.9,0.0,16.51,80.65,Normal,-0.3988125604786659,Inland,2.9,0.7986990839242938,0.9640131032466889,0.8333300490394366,0.0,0.8333300490394366,8.407784663088854e-05,0.0
visakhapatnam,2026-06-15,4.2,14.891555786132812,17.69,83.22,Normal,-0.3988125604786659,East coast,4.2,1.7466787009610267,0.6542284264985251,1.0394489598967591,0.04409793458528556,1.0394489598967591,0.0005830375376293396,0.0
agartala,2026-06-18,2.7,19.79201889038086,23.83,91.29,Normal,-0.7751462089317295,Inland,2.7,0.6123113644123075,0.8454304337501526,5.397469743357552,5.748120767932621,5.397469743357552,0.00013628690448723506,0.0
ahmedabad,2026-06-18,0.0,0.0,23.02,72.57,Normal,-0.7751462089317295,Inland,0.0,0.0,0.0,0.12378172947524722,0.0,0.12378172947524722,0.0001363946177084758,0.0
amritsar,2026-06-18,2.0,16.56609535217285,31.63,74.87,Normal,-0.7751462089317295,Inland,2.0,0.24991650104522714,0.42999480262398726,4.738930594348609,4.514095080421881,4.738930594348609,0.0003347213017546459,0.0
bengaluru,2026-06-18,1.3,0.0,12.97,77.59,Normal,-0.7751462089317295,Inland,1.3,0.0548899607360363,0.1374292317032814,0.256316552985188,0.0,0.256316552985188,0.0001085910886583924,0.0
bhopal,2026-06-18,2.6999999999999997,6.771956443786621,23.26,77.41,Normal,-0.7751462089317295,Inland,2.6999999999999997,0.6123113644123073,0.8454304337501523,1.5128821714757434,0.44064282207297756,1.5128821714757434,0.00014369901887276396,0.0
bhubaneswar,2026-06-18,1.1,0.0,20.3,85.82,Normal,-0.7751462089317295,East coast,1.1,0.0,0.0,0.7378832365211615,0.0,0.7378832365211615,0.00012942463268064233,0.0
chandigarh,2026-06-18,0.30000000000000004,0.0,30.73,76.78,Normal,-0.7751462089317295,Inland,0.30000000000000004,0.0,0.0,1.82616057921062,0.7586440972660006,1.82616057921062,0.0003552645710873642,0.0
chennai,2026-06-18,1.5,0.0,13.08,80.27,Normal,-0.7751462089317295,East coast,1.5,0.10948855392634871,0.0061771776527166375,0.3540158731251915,0.0,0.3540158731251915,0.00010062001532811432,0.0
dehradun,2026-06-18,0.1,0.0,30.32,78.03,Normal,-0.7751462089317295,Hill / Himalayan orographic,0.1,0.0,0.0,2.0260636070233056,0.47851450583820954,2.0260636070233056,0.0003427945150943127,0.0
delhi,2026-06-18,1.2,0.0,28.61,77.21,Normal,-0.7751462089317295,Inland,1.2,0.009597593266516899,0.0823653668165207,0.88052119254621,0.013741912280162253,0.88052119254621,0.00025919372966270917,0.0
gangtok,2026-06-18,7.5,25.000829696655273,27.33,88.61,Normal,-0.7751462089317295,Hill / Himalayan orographic,7.5,4.744915199279785,4.309383968698898,13.844125807570691,22.273539609220276,13.844125807570691,0.0014822521610978014,0.0
guwahati,2026-06-18,3.6,0.0,26.14,91.74,Normal,-0.7751462089317295,Inland,3.6,1.3334806990623473,1.6534327888488773,4.828797457727964,4.654855483847614,4.828797457727964,0.0009349219206461003,0.0
hyderabad,2026-06-18,0.0,0.0,17.39,78.49,Normal,-0.7751462089317295,Inland,0.0,0.0,0.0,0.33436542350382753,0.0,0.33436542350382753,0.00010809666882999265,0.0
jabalpur,2026-06-18,0.8,0.0,23.18,79.95,Normal,-0.7751462089317295,Inland,0.8,0.0,0.0,0.7330954278958461,0.0,0.7330954278958461,0.0001317662471940194,0.0
jaipur,2026-06-18,5.2,0.0,26.91,75.79,Normal,-0.7751462089317295,Inland,5.2,2.560713887214662,2.7809315884113315,3.492262971045897,2.43668618912794,3.492262971045897,0.012262276664132871,0.0
jodhpur,2026-06-18,0.0,0.0,26.24,73.02,Normal,-0.7751462089317295,Inland,0.0,0.0,0.0,0.21839728578379383,0.0,0.21839728578379383,0.0001354127124498787,0.0
kochi,2026-06-18,39.9,0.733742356300354,9.93,76.27,Normal,-0.7751462089317295,West-coast orographic,39.9,32.32157714819674,20.24341955491924,17.279917867268203,20.505813820072763,17.279917867268203,0.010443439468179171,0.0
kolkata,2026-06-18,0.0,0.0,22.57,88.36,Normal,-0.7751462089317295,East coast,0.0,0.0,0.0,0.025154050416604904,0.0,0.025154050416604904,0.00011058950347552158,0.0
lucknow,2026-06-18,0.0,0.0,26.85,80.95,Normal,-0.7751462089317295,Inland,0.0,0.0,0.0,0.23325218807829953,0.0,0.23325218807829953,0.00015171728571663446,0.0
madurai,2026-06-18,9.4,9.433577537536621,9.93,78.12,Normal,-0.7751462089317295,Inland,9.4,6.5826467490196245,6.506787921905517,1.4096595353107189,0.30090528846742637,1.4096595353107189,0.0064319048202464,0.0
mangaluru,2026-06-18,53.4,20.584320068359375,12.91,74.86,Normal,-0.7751462089317295,West-coast orographic,53.4,40.5833156758797,25.966059138080887,19.70723275634673,24.558882596140332,19.70723275634673,0.05478705262891713,0.0
mumbai,2026-06-18,0.0,0.0,19.08,72.88,Normal,-0.7751462089317295,West-coast orographic,0.0,0.0,0.0,1.1221150321833826,0.25181945810044243,1.1221150321833826,0.0001934349669432499,0.0
nagpur,2026-06-18,3.7,0.0,21.15,79.09,Normal,-0.7751462089317295,Inland,3.7,1.409613847732544,1.7534305244101591,3.034574225704497,2.038002990207712,3.034574225704497,0.00931552459908733,0.0
panaji,2026-06-18,0.0,0.0,15.49,73.83,Normal,-0.7751462089317295,West-coast orographic,0.0,0.0,0.0,0.9817251017117646,0.020702237103611663,0.9817251017117646,0.00018153511599021833,0.0
patna,2026-06-18,0.30000000000000004,4.104630947113037,25.59,85.14,Normal,-0.7751462089317295,Inland,0.30000000000000004,0.0,0.0,0.352268410064573,0.0,0.352268410064573,0.00010488481893852284,0.0
pune,2026-06-18,0.0,0.0,18.52,73.86,Normal,-0.7751462089317295,Inland,0.0,0.0,0.0,0.4004964739507899,0.0,0.4004964739507899,0.00013754523866643464,0.0
raipur,2026-06-18,1.5999999999999999,0.009823993779718876,21.25,81.63,Normal,-0.7751462089317295,Inland,1.5999999999999999,0.12229443307965983,0.22525806762278108,0.967755382961917,0.0531021438419461,0.967755382961917,0.00011589067337032768,0.0
ranchi,2026-06-18,0.0,0.0,23.34,85.31,Normal,-0.7751462089317295,Inland,0.0,0.0,0.0,0.5761788399596501,0.0,0.5761788399596501,0.00011029435673194036,0.0
shillong,2026-06-18,2.3,0.48171466588974,25.58,91.89,Normal,-0.7751462089317295,Hill / Himalayan orographic,2.3,0.3958655516803264,0.6074395909905432,5.073139119284776,2.773342149125734,5.073139119284776,0.00011141695173503375,0.0
shimla,2026-06-18,0.4,0.6508412957191467,31.1,77.17,Normal,-0.7751462089317295,Hill / Himalayan orographic,0.4,0.0,0.0,2.1114069034032417,0.5971013765972307,2.1114069034032417,0.00018695130211873718,0.0
srinagar,2026-06-18,9.0,5.0679426193237305,34.08,74.8,Normal,-0.7751462089317295,Hill / Himalayan orographic,9.0,6.036276305220853,6.518613243103029,4.898910413340578,2.6528350162278738,4.898910413340578,0.008596562068785523,0.0
surat,2026-06-18,0.0,0.0,21.17,72.83,Normal,-0.7751462089317295,West-coast orographic,0.0,0.0,0.0,0.3108041016557095,0.0,0.3108041016557095,0.00014003285299519594,0.0
thiruvananthapuram,2026-06-18,20.5,10.028807640075684,8.52,76.94,Normal,-0.7751462089317295,West-coast orographic,20.5,16.391398768746114,11.592576899261577,1.6455145392287476,0.5993925489431444,1.6455145392287476,0.005985277438488078,0.0
varanasi,2026-06-18,0.0,0.0,25.32,82.97,Normal,-0.7751462089317295,Inland,0.0,0.0,0.0,0.12137631444086466,0.0,0.12137631444086466,0.00014499648174308815,0.0
vijayawada,2026-06-18,1.0,0.7607181668281555,16.51,80.65,Normal,-0.7751462089317295,Inland,1.0,0.0,0.05490860715508461,0.7298257634522335,0.0,0.7298257634522335,9.3461057655797e-05,0.0
visakhapatnam,2026-06-18,0.8,23.24974822998047,17.69,83.22,Normal,-0.7751462089317295,East coast,0.8,0.0,0.0,0.23097830324364277,0.0,0.23097830324364277,8.973991002625278e-05,0.0
agartala,2026-06-19,14.1,2.0199084281921387,23.83,91.29,Normal,-0.8420683221214957,Inland,14.1,10.684570121765134,11.99331054902413,7.406034834911057,9.492482030303448,7.406034834911057,0.0011565241166409709,0.0
ahmedabad,2026-06-19,0.0,0.695507824420929,23.02,72.57,Normal,-0.8420683221214957,Inland,0.0,0.0,0.0,0.00019729745836923358,0.0,0.00019729745836923358,0.0002335326560567992,0.0
amritsar,2026-06-19,17.1,0.10495828837156296,31.63,74.87,Normal,-0.8420683221214957,Inland,17.1,13.310439049856996,15.123674750208261,9.80813057666339,16.20683664848882,9.80813057666339,0.03176496611908003,0.0
bengaluru,2026-06-19,5.4,0.0,12.97,77.59,Normal,-0.8420683221214957,Inland,5.4,2.724029103184614,2.846840094327927,0.5911578165358968,0.0,0.5911578165358968,0.0015850289336212678,0.0
bhopal,2026-06-19,5.6,0.0,23.26,77.41,Normal,-0.8420683221214957,Inland,5.6,2.8932721601592277,3.015506759881973,3.2614281257322415,2.11457849338744,3.2614281257322415,0.00950764255599897,0.0
bhubaneswar,2026-06-19,1.6,0.0,20.3,85.82,Normal,-0.8420683221214957,East coast,1.6,0.12308145057410004,0.008851282279815128,1.2095654329605217,0.07465355356377454,1.2095654329605217,0.0001098196762553168,0.0
chandigarh,2026-06-19,0.0,0.0,30.73,76.78,Normal,-0.8420683221214957,Inland,0.0,0.0,0.0,0.18239000162936841,0.0,0.18239000162936841,0.0002654681870033669,0.0
chennai,2026-06-19,0.30000000000000004,0.6132528781890869,13.08,80.27,Normal,-0.8420683221214957,East coast,0.30000000000000004,0.0,0.0,0.07445104402347287,0.0,0.07445104402347287,0.00014619820731421974,0.0
dehradun,2026-06-19,0.0,0.0,30.32,78.03,Normal,-0.8420683221214957,Hill / Himalayan orographic,0.0,0.0,0.0,0.41600961321601504,0.0,0.41600961321601504,0.00017777396720747375,0.0
delhi,2026-06-19,1.7000000000000002,0.0,28.61,77.21,Normal,-0.8420683221214957,Inland,1.7000000000000002,0.13692622900009166,0.30510763704776755,1.8912244197472499,0.7898740484739541,1.8912244197472499,0.00019248653863446167,0.0
gangtok,2026-06-19,35.1,58.666683197021484,27.33,88.61,Normal,-0.8420683221214957,Hill / Himalayan orographic,35.1,27.35386557910178,33.76056826806017,17.935993864677453,35.72214725427444,17.935993864677453,0.0014881853893678914,0.0
guwahati,2026-06-19,14.8,0.36057335138320923,26.14,91.74,Normal,-0.8420683221214957,Inland,14.8,11.283699066043459,12.568445711608696,3.8084236315669346,2.711996769462528,3.8084236315669346,0.0005301348869447282,0.0
hyderabad,2026-06-19,0.1,2.9698307514190674,17.39,78.49,Normal,-0.8420683221214957,Inland,0.1,0.0,0.0,0.2771410396073161,0.0,0.2771410396073161,0.00014439017493673542,0.0
jabalpur,2026-06-19,0.6000000000000001,1.9395346641540527,23.18,79.95,Normal,-0.8420683221214957,Inland,0.6000000000000001,0.0,0.0,0.6567205014790304,0.0,0.6567205014790304,0.00013478929702264174,0.0
jaipur,2026-06-19,1.5,0.00143225840292871,26.91,75.79,Normal,-0.8420683221214957,Inland,1.5,0.1092366721481085,0.19213748842477799,0.6024549878529,0.0,0.6024549878529,0.00019328106361459721,0.0
jodhpur,2026-06-19,0.0,0.0,26.24,73.02,Normal,-0.8420683221214957,Inland,0.0,0.0,0.0,0.1266803761592011,0.0,0.1266803761592011,0.0003673970865220688,0.0
kochi,2026-06-19,31.7,10.874527931213379,9.93,76.27,Normal,-0.8420683221214957,West-coast orographic,31.7,25.21825610018791,15.578694472700047,8.739778322459678,9.601679565904876,8.739778322459678,0.004074499439973009,0.0
kolkata,2026-06-19,0.8999999999999999,50.551612854003906,22.57,88.36,Normal,-0.8420683221214957,East coast,0.8999999999999999,0.0,0.0,0.22698297452322844,0.0,0.22698297452322844,0.00010953395059033386,0.0
lucknow,2026-06-19,0.1,0.0,26.85,80.95,Normal,-0.8420683221214957,Inland,0.1,0.0,0.0,0.5938774163234665,0.0,0.5938774163234665,0.00017194819744853915,0.0
madurai,2026-06-19,7.9,0.0,9.93,78.12,Normal,-0.8420683221214957,Inland,7.9,5.127378067970278,5.439567149976217,0.4066352036095728,0.0,0.4066352036095728,0.0018774882516399524,0.0
mangaluru,2026-06-19,9.0,0.8772410750389099,12.91,74.86,Normal,-0.8420683221214957,West-coast orographic,9.0,6.0073103563564,5.765054391551224,14.859083923267137,17.862653311387675,14.859083923267137,0.005836066922675066,0.0
mumbai,2026-06-19,0.2,0.0,19.08,72.88,Normal,-0.8420683221214957,West-coast orographic,0.2,0.0,0.0,0.6553052474495588,0.0,0.6553052474495588,0.0003611220128658938,0.0
nagpur,2026-06-19,0.8,0.026706842705607414,21.15,79.09,Normal,-0.8420683221214957,Inland,0.8,0.0,0.0,0.3934091330975681,0.0,0.3934091330975681,0.0001480997335317213,0.0
panaji,2026-06-19,0.0,0.0,15.49,73.83,Normal,-0.8420683221214957,West-coast orographic,0.0,0.0,0.0,0.2229554603963826,0.0,0.2229554603963826,0.00034877518542333967,0.0
patna,2026-06-19,0.30000000000000004,1.6739100217819214,25.59,85.14,Normal,-0.8420683221214957,Inland,0.30000000000000004,0.0,0.0,0.8395106941491981,0.0,0.8395106941491981,0.00013391285726316264,0.0
pune,2026-06-19,0.1,0.0,18.52,73.86,Normal,-0.8420683221214957,Inland,0.1,0.0,0.0,0.293984976331768,0.0,0.293984976331768,0.0001905198113119202,0.0
raipur,2026-06-19,0.1,1.0370985269546509,21.25,81.63,Normal,-0.8420683221214957,Inland,0.1,0.0,0.0,0.3552633045228295,0.0,0.3552633045228295,0.0001413518279147797,0.0
ranchi,2026-06-19,0.30000000000000004,25.729293823242188,23.34,85.31,Normal,-0.8420683221214957,Inland,0.30000000000000004,0.0,0.0,1.6589077574913502,0.5751680782643644,1.6589077574913502,0.00012731005564077435,0.0
shillong,2026-06-19,0.1,3.5049428939819336,25.58,91.89,Normal,-0.8420683221214957,Hill / Himalayan orographic,0.1,0.0,0.0,2.0828064108744164,0.5276934046732211,2.0828064108744164,0.00012019894819912084,0.0
shimla,2026-06-19,0.0,3.6133172512054443,31.1,77.17,Normal,-0.8420683221214957,Hill / Himalayan orographic,0.0,0.0,0.0,0.3003812010368056,0.0,0.3003812010368056,0.00021834081099577168,0.0
srinagar,2026-06-19,7.2,0.0,34.08,74.8,Normal,-0.8420683221214957,Hill / Himalayan orographic,7.2,4.412821979522706,4.1613520119507195,3.0452278829530837,1.1473589519267082,3.0452278829530837,0.004147990387354547,0.0
surat,2026-06-19,0.6000000000000001,0.5405504703521729,21.17,72.83,Normal,-0.8420683221214957,West-coast orographic,0.6000000000000001,0.0,0.0,0.46926516910787697,0.0,0.46926516910787697,0.00025690376984369856,0.0
thiruvananthapuram,2026-06-19,10.5,0.8373622298240662,8.52,76.94,Normal,-0.8420683221214957,West-coast orographic,10.5,7.5881945498784376,7.317882420282401,3.596483230804275,2.644447992988386,3.596483230804275,0.0013980834938881576,0.0
varanasi,2026-06-19,0.1,0.0,25.32,82.97,Normal,-0.8420683221214957,Inland,0.1,0.0,0.0,0.5346583479102432,0.0,0.5346583479102432,0.00018837427153388836,0.0
vijayawada,2026-06-19,0.1,0.0,16.51,80.65,Normal,-0.8420683221214957,Inland,0.1,0.0,0.0,0.3445798686121245,0.0,0.3445798686121245,0.00014056382762300836,0.0
visakhapatnam,2026-06-19,23.6,21.359251022338867,17.69,83.22,Normal,-0.8420683221214957,East coast,23.6,18.88400911966958,17.98806843761048,9.811657424590429,15.919644365029233,9.811657424590429,0.005263050698541237,0.0
agartala,2026-06-22,11.1,5.733531951904297,23.83,91.29,Normal,-1.0411805484196865,Inland,11.1,8.106705045700075,8.267608707547184,7.430702638273419,9.532147475415439,7.430702638273419,0.0011346729750876595,0.0
ahmedabad,2026-06-22,0.0,0.0,23.02,72.57,Normal,-1.0411805484196865,Inland,0.0,0.0,0.0,0.151315180320068,0.0,0.151315180320068,0.0002335326560567992,0.0
amritsar,2026-06-22,9.200000000000001,8.715869903564453,31.63,74.87,Normal,-1.0411805484196865,Inland,9.200000000000001,6.277121128790147,6.4057993888855,9.416769018620826,15.233150018060622,9.416769018620826,0.01648886121363077,0.0
bengaluru,2026-06-22,12.399999999999999,0.0,12.97,77.59,Normal,-1.0411805484196865,Inland,12.399999999999999,9.374313494818551,9.646654889474826,1.8310420808341807,0.7423418795071942,1.8310420808341807,0.00369945522713741,0.0
bhopal,2026-06-22,5.1,0.0,23.26,77.41,Normal,-1.0411805484196865,Inland,5.1,2.493724546432496,2.669842670758565,2.4646437554350835,1.2802599663253518,2.4646437554350835,0.00950764255599897,0.0
bhubaneswar,2026-06-22,5.9,1.5676805973052979,20.3,85.82,Normal,-1.0411805484196865,East coast,5.9,3.1205957055091855,1.497615276575087,8.297869008385844,9.870628361362176,8.297869008385844,0.0047554030021914676,0.0
chandigarh,2026-06-22,0.0,2.632953405380249,30.73,76.78,Normal,-1.0411805484196865,Inland,0.0,0.0,0.0,0.20115642084201377,0.0,0.20115642084201377,0.0002654681870033669,0.0
chennai,2026-06-22,1.4,0.48815038800239563,13.08,80.27,Normal,-1.0411805484196865,East coast,1.4,0.07821357220411317,0.0,0.07586098385661345,0.0,0.07586098385661345,0.00014052622276130168,0.0
dehradun,2026-06-22,0.0,0.12449616938829422,30.32,78.03,Normal,-1.0411805484196865,Hill / Himalayan orographic,0.0,0.0,0.0,0.37964393648568506,0.0,0.37964393648568506,0.00017777396720747375,0.0
delhi,2026-06-22,0.0,0.0,28.61,77.21,Normal,-1.0411805484196865,Inland,0.0,0.0,0.0,0.12986738313682225,0.0,0.12986738313682225,0.00019248653863446167,0.0
gangtok,2026-06-22,34.8,24.047243118286133,27.33,88.61,Normal,-1.0411805484196865,Hill / Himalayan orographic,34.8,27.167706971698337,33.01524297565555,20.20605577148544,39.524176429285305,20.20605577148544,0.0014402502320703346,0.0
guwahati,2026-06-22,3.0,11.31120777130127,26.14,91.74,Normal,-1.0411805484196865,Inland,3.0,0.82885428160429,1.0648619186878208,3.585573418590627,2.5105538831196483,3.585573418590627,0.00013022228923655088,0.0
hyderabad,2026-06-22,0.8,0.0,17.39,78.49,Normal,-1.0411805484196865,Inland,0.8,0.0,0.0,0.509742250221128,0.0,0.509742250221128,0.00014439017493673542,0.0
jabalpur,2026-06-22,0.5,0.0,23.18,79.95,Normal,-1.0411805484196865,Inland,0.5,0.0,0.0,0.8798589730261231,0.013367581197168119,0.8798589730261231,0.00013478929702264174,0.0
jaipur,2026-06-22,0.0,0.011119713075459003,26.91,75.79,Normal,-1.0411805484196865,Inland,0.0,0.0,0.0,0.09744038457929037,0.0,0.09744038457929037,0.00019328106361459721,0.0
jodhpur,2026-06-22,0.0,0.0,26.24,73.02,Normal,-1.0411805484196865,Inland,0.0,0.0,0.0,0.18362629272915604,0.0,0.18362629272915604,0.0003673970865220688,0.0
kochi,2026-06-22,22.6,30.932146072387695,9.93,76.27,Normal,-1.0411805484196865,West-coast orographic,22.6,18.12643394470215,12.385886717623487,10.517061427628759,12.638935519974648,10.517061427628759,0.017011505284221497,0.0
kolkata,2026-06-22,5.1,12.894621849060059,22.57,88.36,Normal,-1.0411805484196865,East coast,5.1,2.493724546432496,0.9616936415433898,1.9385847695944247,0.6419212976845569,1.9385847695944247,0.0022085051742867,0.0
lucknow,2026-06-22,0.30000000000000004,0.0,26.85,80.95,Normal,-1.0411805484196865,Inland,0.30000000000000004,0.0,0.0,0.8462390210934819,0.0,0.8462390210934819,0.00017396762569816678,0.0
madurai,2026-06-22,0.8999999999999999,1.5606611967086792,9.93,78.12,Normal,-1.0411805484196865,Inland,0.8999999999999999,0.0,0.029819085914641635,0.14691411091827392,0.0,0.14691411091827392,0.00015139251252570423,0.0
mangaluru,2026-06-22,8.4,8.492852210998535,12.91,74.86,Normal,-1.0411805484196865,West-coast orographic,8.4,5.4762907613164415,5.431357333736707,8.076827426085789,8.51071573417118,8.076827426085789,0.016650338122420387,0.0
mumbai,2026-06-22,0.0,11.782967567443848,19.08,72.88,Normal,-1.0411805484196865,West-coast orographic,0.0,0.0,0.0,0.4097197159063259,0.0,0.4097197159063259,0.0003611220128658938,0.0
nagpur,2026-06-22,0.5,0.0,21.15,79.09,Normal,-1.0411805484196865,Inland,0.5,0.0,0.0,0.650436451067951,0.0,0.650436451067951,0.0001480997335317213,0.0
panaji,2026-06-22,7.7,15.764620780944824,15.49,73.83,Normal,-1.0411805484196865,West-coast orographic,7.7,4.927808260917664,5.202669034004211,6.1927717124877475,5.681278039404784,6.1927717124877475,0.023491527761848006,0.0
patna,2026-06-22,0.30000000000000004,0.1007075309753418,25.59,85.14,Normal,-1.0411805484196865,Inland,0.30000000000000004,0.0,0.0,1.3011066525244352,0.2602932330518188,1.3011066525244352,0.00013548564383116264,0.0
pune,2026-06-22,0.1,18.208250045776367,18.52,73.86,Normal,-1.0411805484196865,Inland,0.1,0.0,0.0,0.3158049699914478,0.0,0.3158049699914478,0.0001905198113119202,0.0
raipur,2026-06-22,0.0,0.0,21.25,81.63,Normal,-1.0411805484196865,Inland,0.0,0.0,0.0,0.323517242861973,0.0,0.323517242861973,0.0001413518279147797,0.0
ranchi,2026-06-22,4.2,17.246461868286133,23.34,85.31,Normal,-1.0411805484196865,Inland,4.2,1.7514486423032007,2.0621478970845537,4.745957950041151,4.541664847648302,4.745957950041151,0.0016538804464588054,0.0
shillong,2026-06-22,8.4,13.618049621582031,25.58,91.89,Normal,-1.0411805484196865,Hill / Himalayan orographic,8.4,5.4762907613164415,5.243882508208786,5.744473930596543,3.4173284139407762,5.744473930596543,0.0005913909696301467,0.0
shimla,2026-06-22,0.0,1.145555019378662,31.1,77.17,Normal,-1.0411805484196865,Hill / Himalayan orographic,0.0,0.0,0.0,0.26960487015299744,0.0,0.26960487015299744,0.00021834081099577168,0.0
srinagar,2026-06-22,4.8,0.0,34.08,74.8,Normal,-1.0411805484196865,Hill / Himalayan orographic,4.8,2.1719849896430974,2.4514205498093213,2.779645253536135,1.0218217584698914,2.779645253536135,0.01263985964457849,0.0
surat,2026-06-22,10.8,1.387267827987671,21.17,72.83,Normal,-1.0411805484196865,West-coast orographic,10.8,7.795497410297395,7.428786565613838,26.73989016882473,30.380910467591963,26.73989016882473,0.05468574916970718,0.0
thiruvananthapuram,2026-06-22,18.3,0.3911132514476776,8.52,76.94,Normal,-1.0411805484196865,West-coast orographic,18.3,14.366144355502762,10.687956624968514,3.385436891834046,2.5313241686759818,3.385436891834046,0.005395974961341947,0.0
varanasi,2026-06-22,0.2,0.25395697355270386,25.32,82.97,Normal,-1.0411805484196865,Inland,0.2,0.0,0.0,1.5357044213159876,0.4658899370236236,1.5357044213159876,0.0002009211857816141,0.0
vijayawada,2026-06-22,4.3,0.6558148860931396,16.51,80.65,Normal,-1.0411805484196865,Inland,4.3,1.8097168512590982,2.0993085829416906,1.9642521442097487,0.8450203066760861,1.9642521442097487,0.002583569869355932,0.0
visakhapatnam,2026-06-22,0.1,0.0,17.69,83.22,Normal,-1.0411805484196865,East coast,0.1,0.0,0.0,0.6407143103657434,0.0,0.6407143103657434,0.00011333310097319127,0.0
agartala,2026-06-23,14.899999999999999,0.6397023797035217,23.83,91.29,Normal,-0.9628452727831571,Inland,14.899999999999999,11.361417520345094,12.641025823427212,8.044096346854198,11.952149148580787,8.044096346854198,0.0013413078397059143,0.0
ahmedabad,2026-06-23,0.5,0.0,23.02,72.57,Normal,-0.9628452727831571,Inland,0.5,0.0,0.0,0.19621192629713452,0.0,0.19621192629713452,0.0002335326560567992,0.0
amritsar,2026-06-23,0.0,0.0,31.63,74.87,Normal,-0.9628452727831571,Inland,0.0,0.0,0.0,0.15937232520797304,0.0,0.15937232520797304,0.000264553696223733,0.0
bengaluru,2026-06-23,5.5,0.019935233518481255,12.97,77.59,Normal,-0.9628452727831571,Inland,5.5,2.814306918908899,2.93117342710495,0.5701967433907396,0.0,0.5701967433907396,0.0036023679384243534,0.0
bhopal,2026-06-23,0.6,2.2404959201812744,23.26,77.41,Normal,-0.9628452727831571,Inland,0.6,0.0,0.0,0.8486081099374602,0.0,0.8486081099374602,0.00015215290291260093,0.0
bhubaneswar,2026-06-23,6.6,5.339478969573975,20.3,85.82,Normal,-0.9628452727831571,East coast,6.6,3.820227816733282,2.245393218994142,6.494092084609581,7.507551206813606,6.494092084609581,0.0012711356099618146,0.0
chandigarh,2026-06-23,0.0,0.0,30.73,76.78,Normal,-0.9628452727831571,Inland,0.0,0.0,0.0,0.20958540742627343,0.0,0.20958540742627343,0.0002654681870033669,0.0
chennai,2026-06-23,0.30000000000000004,0.0,13.08,80.27,Normal,-0.9628452727831571,East coast,0.30000000000000004,0.0,0.0,0.12294879595047532,0.0,0.12294879595047532,0.00014052622276130168,0.0
dehradun,2026-06-23,0.0,0.0,30.32,78.03,Normal,-0.9628452727831571,Hill / Himalayan orographic,0.0,0.0,0.0,0.45659972945156163,0.0,0.45659972945156163,0.00017777396720747375,0.0
delhi,2026-06-23,1.5,0.0,28.61,77.21,Normal,-0.9628452727831571,Inland,1.5,0.1092366721481085,0.19213748842477799,1.130359443472024,0.14347132846802374,1.130359443472024,0.00019248653863446167,0.0
gangtok,2026-06-23,28.1,14.667546272277832,27.33,88.61,Normal,-0.9628452727831571,Hill / Himalayan orographic,28.1,22.577254062819765,26.298151863606773,24.943396990219465,41.55714804723282,24.943396990219465,0.0032292329301002658,0.0
guwahati,2026-06-23,1.1,1.9866694211959839,26.14,91.74,Normal,-0.9628452727831571,Inland,1.1,0.004983808379620314,0.08672490805387488,1.9572885860266749,0.8398868772649805,1.9572885860266749,0.00013022228923655088,0.0
hyderabad,2026-06-23,5.8,10.819999694824219,17.39,78.49,Normal,-0.9628452727831571,Inland,5.8,3.0448211903925326,3.207963691733951,2.6939613390242343,1.6146201182920772,2.6939613390242343,0.011500088587011893,0.0
jabalpur,2026-06-23,1.2,2.267261028289795,23.18,79.95,Normal,-0.9628452727831571,Inland,1.2,0.031258105710148754,0.10197935894131664,0.8323033660233549,0.0,0.8323033660233549,0.00013478929702264174,0.0
jaipur,2026-06-23,0.7,0.014322582632303238,26.91,75.79,Normal,-0.9628452727831571,Inland,0.7,0.0,0.0,0.3142566910822151,0.0,0.3142566910822151,0.00019328106361459721,0.0
jodhpur,2026-06-23,0.0,0.0,26.24,73.02,Normal,-0.9628452727831571,Inland,0.0,0.0,0.0,0.19168348406110292,0.0,0.19168348406110292,0.0003673970865220688,0.0
kochi,2026-06-23,56.7,9.336620330810547,9.93,76.27,Normal,-0.9628452727831571,West-coast orographic,56.7,42.16424261190127,25.572292683464482,26.239729941671744,29.75468069481591,26.239729941671744,0.04152259277796303,0.0
kolkata,2026-06-23,0.2,0.023542355746030807,22.57,88.36,Normal,-0.9628452727831571,East coast,0.2,0.0,0.0,0.3597963817004158,0.0,0.3597963817004158,0.00010953395059033386,0.0
lucknow,2026-06-23,0.6000000000000001,0.6366869807243347,26.85,80.95,Normal,-0.9628452727831571,Inland,0.6000000000000001,0.0,0.0,0.9351071145061748,0.040782721469764215,0.9351071145061748,0.00017396762569816678,0.0
madurai,2026-06-23,2.1,0.0,9.93,78.12,Normal,-0.9628452727831571,Inland,2.1,0.28849801093339916,0.5063596123456956,0.260580613956985,0.0,0.260580613956985,0.00015139251252570423,0.0
mangaluru,2026-06-23,62.3,36.823184967041016,12.91,74.86,Normal,-0.9628452727831571,West-coast orographic,62.3,45.154223376444435,27.347890878940404,37.79942905147862,45.0605745097143,37.79942905147862,0.1921235659307953,0.0
mumbai,2026-06-23,2.2,6.827450752258301,19.08,72.88,Normal,-0.9628452727831571,West-coast orographic,2.2,0.3570191621780396,0.2262266980452477,2.6876631987935853,1.4716990309587783,2.6876631987935853,0.0003611220128658938,0.0
nagpur,2026-06-23,0.30000000000000004,14.418035507202148,21.15,79.09,Normal,-0.9628452727831571,Inland,0.30000000000000004,0.0,0.0,0.6655243267871183,0.0,0.6655243267871183,0.0001480997335317213,0.0
panaji,2026-06-23,16.7,66.74803161621094,15.49,73.83,Normal,-0.9628452727831571,West-coast orographic,16.7,12.93657081604002,9.995828618381333,17.11201165064073,19.627535097707376,17.11201165064073,0.08822369832822514,0.0
patna,2026-06-23,0.9,3.3478200435638428,25.59,85.14,Normal,-0.9628452727831571,Inland,0.9,0.0,0.053256335854530344,1.068898755911037,0.11145543185305046,1.068898755911037,0.00013548564383116264,0.0
pune,2026-06-23,0.2,0.0,18.52,73.86,Normal,-0.9628452727831571,Inland,0.2,0.0,0.0,0.32634440105404117,0.0,0.32634440105404117,0.0001905198113119202,0.0
raipur,2026-06-23,2.4,1.557940125465393,21.25,81.63,Normal,-0.9628452727831571,Inland,2.4,0.4323659044504167,0.7003946611285207,1.117196776012554,0.13567459238124766,1.117196776012554,0.0001413518279147797,0.0
ranchi,2026-06-23,0.1,1.667786955833435,23.34,85.31,Normal,-0.9628452727831571,Inland,0.1,0.0,0.0,1.7122607452016474,0.6430977622386502,1.7122607452016474,0.00012731005564077435,0.0
shillong,2026-06-23,1.5,30.940319061279297,25.58,91.89,Normal,-0.9628452727831571,Hill / Himalayan orographic,1.5,0.1092366721481085,0.22446988850831998,4.776276724680758,2.5163974627536674,4.776276724680758,0.0001282055383232883,0.0
shimla,2026-06-23,0.9,0.0,31.1,77.17,Normal,-0.9628452727831571,Hill / Himalayan orographic,0.9,0.0,0.03541967332363113,0.5840120602910731,0.0,0.5840120602910731,0.00021834081099577168,0.0
srinagar,2026-06-23,4.5,4.538349151611328,34.08,74.8,Normal,-0.9628452727831571,Hill / Himalayan orographic,4.5,1.9346625391642256,2.2831877702688153,3.1509347625551576,1.1918274281747774,3.1509347625551576,0.016542121587968764,0.0
surat,2026-06-23,2.4,8.176440238952637,21.17,72.83,Normal,-0.9628452727831571,West-coast orographic,2.4,0.4323659044504167,0.25055862456560185,2.5757640093511367,1.3378018160441127,2.5757640093511367,0.00025690376984369856,0.0
thiruvananthapuram,2026-06-23,40.4,2.9407670497894287,8.52,76.94,Normal,-0.9628452727831571,West-coast orographic,40.4,32.36059466007779,19.366668675582144,9.295285206456636,10.990457422460562,9.295285206456636,0.01231137429997783,0.0
varanasi,2026-06-23,1.3,0.0,25.32,82.97,Normal,-0.9628452727831571,Inland,1.3,0.054273812510073204,0.15767186880111697,1.5837873030545384,0.5111205518825248,1.5837873030545384,0.0002009211857816141,0.0
vijayawada,2026-06-23,11.399999999999999,0.4444099962711334,16.51,80.65,Normal,-0.9628452727831571,Inland,11.399999999999999,8.410412868499755,8.728105957421656,4.761119031958949,4.578990325059204,4.761119031958949,0.0035124846941275646,0.0
visakhapatnam,2026-06-23,0.0,0.0,17.69,83.22,Normal,-0.9628452727831571,East coast,0.0,0.0,0.0,0.14022097778637216,0.0,0.14022097778637216,0.00011333310097319127,0.0
agartala,2026-06-24,6.8,4.676222801208496,23.83,91.29,Break,-1.030849336606672,Inland,6.8,4.045724863420459,2.746667735496264,10.349226185397848,16.802699755392197,10.349226185397848,0.0006856492966795445,0.0
ahmedabad,2026-06-24,0.4,0.0,23.02,72.57,Break,-1.030849336606672,Inland,0.4,0.0,0.0,0.3798589874808523,0.0,0.3798589874808523,0.00034691439204081266,0.0
amritsar,2026-06-24,0.0,0.0,31.63,74.87,Break,-1.030849336606672,Inland,0.0,0.0,0.0,0.045931845761233075,0.0,0.045931845761233075,0.0003207663576489952,0.0
bengaluru,2026-06-24,5.3,0.0,12.97,77.59,Break,-1.030849336606672,Inland,5.3,2.633751287460328,2.555074307978654,0.22316207128885884,0.0,0.22316207128885884,0.0035340799719167444,0.0
bhopal,2026-06-24,0.6000000000000001,0.0,23.26,77.41,Break,-1.030849336606672,Inland,0.6000000000000001,0.0,0.0,0.8148934314466055,0.07885847060164972,0.8148934314466055,0.00018448692696675618,0.0
bhubaneswar,2026-06-24,5.2,0.09843718260526657,20.3,85.82,Break,-1.030849336606672,East coast,5.2,2.5637379169464123,2.5012317734087244,9.330586971803635,11.174359359838745,9.330586971803635,0.00209535212083956,0.0
chandigarh,2026-06-24,0.0,0.0,30.73,76.78,Break,-1.030849336606672,Inland,0.0,0.0,0.0,0.052031560542201996,0.0,0.052031560542201996,0.00032187509787828084,0.0
chennai,2026-06-24,4.5,4.551860332489014,13.08,80.27,Break,-1.030849336606672,East coast,4.5,1.9346625391642256,1.9434799658302169,0.2349678752508131,0.0,0.2349678752508131,0.003243993547938799,0.0
dehradun,2026-06-24,0.0,1.493954062461853,30.32,78.03,Break,-1.030849336606672,Hill / Himalayan orographic,0.0,0.0,0.0,0.2150574281693717,0.0,0.2150574281693717,0.00021555155162983762,0.0
delhi,2026-06-24,0.7,0.0,28.61,77.21,Break,-1.030849336606672,Inland,0.7,0.0,0.0,0.2711210982525836,0.0,0.2711210982525836,0.00023338986568082718,0.0
gangtok,2026-06-24,32.3,16.24510955810547,27.33,88.61,Break,-1.030849336606672,Hill / Himalayan orographic,32.3,25.605756802254536,22.048889807801583,22.403511440120386,34.24791620992478,22.403511440120386,0.0008903589643765324,0.0
guwahati,2026-06-24,4.3,4.293918609619141,26.14,91.74,Break,-1.030849336606672,Inland,4.3,1.8097168512590982,1.501176832340382,4.976758970464452,3.540274970659249,4.976758970464452,0.00177231442195233,0.0
hyderabad,2026-06-24,11.9,0.0,17.39,78.49,Break,-1.030849336606672,Inland,11.9,8.945283408164979,7.410087238658558,3.5628445165112583,2.549913457208537,3.5628445165112583,0.0023073002090000347,0.0
jabalpur,2026-06-24,0.0,0.0,23.18,79.95,Break,-1.030849336606672,Inland,0.0,0.0,0.0,0.33176430549558783,0.0,0.33176430549558783,0.0001634339831265859,0.0
jaipur,2026-06-24,2.1999999999999997,0.0,26.91,75.79,Break,-1.030849336606672,Inland,2.1999999999999997,0.3570191621780393,0.14238552802375345,1.1966027756948454,0.13647273729709486,1.1966027756948454,0.00023435318738667518,0.0
jodhpur,2026-06-24,0.1,0.0,26.24,73.02,Break,-1.030849336606672,Inland,0.1,0.0,0.0,0.21807419007657372,0.0,0.21807419007657372,0.00039682010647999435,0.0
kochi,2026-06-24,46.400000000000006,1.1006135940551758,9.93,76.27,Break,-1.030849336606672,West-coast orographic,46.400000000000006,36.99532144012452,34.008159311658474,26.366004639625057,37.95928811855111,26.366004639625057,0.017988676839602893,0.0
kolkata,2026-06-24,8.3,0.3703574538230896,22.57,88.36,Break,-1.030849336606672,East coast,8.3,5.414008813861477,3.9679812422596616,2.2006487265479726,0.8648737892984999,2.2006487265479726,0.0012552328615975238,0.0
lucknow,2026-06-24,0.2,0.0,26.85,80.95,Break,-1.030849336606672,Inland,0.2,0.0,0.0,0.4756174696405261,0.0,0.4756174696405261,0.0002109365200007932,0.0
madurai,2026-06-24,0.5,0.0,9.93,78.12,Break,-1.030849336606672,Inland,0.5,0.0,0.0,0.03332771125305251,0.0,0.03332771125305251,0.0001911010083183022,0.0
mangaluru,2026-06-24,116.3,13.635209083557129,12.91,74.86,Break,-1.030849336606672,West-coast orographic,116.3,87.48398584432714,65.46156344716725,38.89489739370183,60.536974825393386,38.89489739370183,0.08600327565384917,1.0
mumbai,2026-06-24,54.0,145.76063537597656,19.08,72.88,Break,-1.030849336606672,West-coast orographic,54.0,40.72264474328224,36.86695986628106,105.90500906561597,171.3921460744005,64.0,0.2546038845006006,0.0
nagpur,2026-06-24,0.8,37.4354133605957,21.15,79.09,Break,-1.030849336606672,Inland,0.8,0.0,0.0,0.6905548851571174,0.02893396585130712,0.6905548851571174,0.00017957257297333102,0.0
panaji,2026-06-24,172.6,49.78874206542969,15.49,73.83,Break,-1.030849336606672,West-coast orographic,172.6,163.66909439675496,90.36333996792567,33.20059162938218,56.628379345792226,33.20059162938218,0.16135395802123415,1.0
patna,2026-06-24,0.30000000000000004,2.4613680839538574,25.59,85.14,Break,-1.030849336606672,Inland,0.30000000000000004,0.0,0.0,0.7314763702561997,0.04253694310425048,0.7314763702561997,0.00016427828944635226,0.0
pune,2026-06-24,6.8,24.151643753051758,18.52,73.86,Break,-1.030849336606672,Inland,6.8,4.045724863420459,2.746667735496264,3.3353570823068264,2.141603621061498,3.3353570823068264,0.004975321456878761,0.0
raipur,2026-06-24,0.0,2.7883689403533936,21.25,81.63,Break,-1.030849336606672,Inland,0.0,0.0,0.0,0.491452748383192,0.0,0.491452748383192,0.00017139090822447745,0.0
ranchi,2026-06-24,0.0,14.715734481811523,23.34,85.31,Break,-1.030849336606672,Inland,0.0,0.0,0.0,1.3985592600439243,0.17564681858029396,1.3985592600439243,0.00015436553955582895,0.0
shillong,2026-06-24,22.700000000000003,15.999485969543457,25.58,91.89,Break,-1.030849336606672,Hill / Himalayan orographic,22.700000000000003,18.202191462198893,19.259570785742014,8.254498803366356,10.309606810184128,8.254498803366356,0.0004493314387726851,0.0
shimla,2026-06-24,0.1,1.296655297279358,31.1,77.17,Break,-1.030849336606672,Hill / Himalayan orographic,0.1,0.0,0.0,0.308265171816725,0.0,0.308265171816725,0.00026473670778573167,0.0
srinagar,2026-06-24,0.30000000000000004,0.0,34.08,74.8,Break,-1.030849336606672,Hill / Himalayan orographic,0.30000000000000004,0.0,0.0,0.2336198034207139,0.0,0.2336198034207139,0.0003157918905781115,0.0
surat,2026-06-24,0.9,0.0,21.17,72.83,Break,-1.030849336606672,West-coast orographic,0.9,0.0,0.0,2.4658085541123587,0.9740255273709633,2.4658085541123587,0.00038162801355965336,0.0
thiruvananthapuram,2026-06-24,13.7,0.0,8.52,76.94,Break,-1.030849336606672,West-coast orographic,13.7,10.329616493225096,10.34221126698736,1.3523577964820794,0.2125558108342904,1.3523577964820794,0.0022741365698322386,0.0
varanasi,2026-06-24,0.2,0.0,25.32,82.97,Break,-1.030849336606672,Inland,0.2,0.0,0.0,1.241563728229531,0.14515791856179927,1.241563728229531,0.00024361643587946178,0.0
vijayawada,2026-06-24,0.6000000000000001,0.0,16.51,80.65,Break,-1.030849336606672,Inland,0.6000000000000001,0.0,0.0,0.3056232623492178,0.0,0.3056232623492178,0.00017043547628726752,0.0
visakhapatnam,2026-06-24,2.0,0.0,17.69,83.22,Break,-1.030849336606672,East coast,2.0,0.26050673291087145,0.22980633092659142,0.5562802060223574,0.0,0.5562802060223574,0.00013741866001974515,0.0
agartala,2026-06-25,5.1000000000000005,3.422004222869873,23.83,91.29,Break,-1.3468484463590513,Inland,5.1000000000000005,2.4937245464324964,2.5305396938323974,10.100063457340468,16.71804657637897,10.100063457340468,0.001942650652331246,0.0
ahmedabad,2026-06-25,1.0,0.0,23.02,72.57,Break,-1.3468484463590513,Inland,1.0,0.0,0.0,0.4732546652504215,0.0,0.4732546652504215,0.0003191106168442421,0.0
amritsar,2026-06-25,1.7,36.13621520996094,31.63,74.87,Break,-1.3468484463590513,Inland,1.7,0.13692622900009155,0.11622403432925543,1.0399914711387612,0.13257335392402514,1.0399914711387612,0.00029505762232753883,0.0
bengaluru,2026-06-25,3.1,0.0,12.97,77.59,Break,-1.3468484463590513,Inland,3.1,0.876258157491684,0.9792463088035578,0.42722471464518375,0.0,0.42722471464518375,0.00016546411787521378,0.0
bhopal,2026-06-25,0.6,23.851228713989258,23.26,77.41,Break,-1.3468484463590513,Inland,0.6,0.0,0.0,0.9493044109187975,0.13031538400431436,0.9493044109187975,0.00016969884147900342,0.0
bhubaneswar,2026-06-25,0.0,0.0,20.3,85.82,Break,-1.3468484463590513,East coast,0.0,0.0,0.0,1.9103070801203372,0.5652001640976629,1.9103070801203372,0.00012248443813918605,0.0
chandigarh,2026-06-25,2.1,0.13370056450366974,30.73,76.78,Break,-1.3468484463590513,Inland,2.1,0.28849801093339916,0.13447075793872007,1.096925057004808,0.13399091365079313,1.096925057004808,0.0002960775257252117,0.0
chennai,2026-06-25,0.7000000000000001,0.0,13.08,80.27,Break,-1.3468484463590513,East coast,0.7000000000000001,0.0,0.0,0.026487711795672098,0.0,0.026487711795672098,0.00016003548888568174,0.0
dehradun,2026-06-25,0.4,1.2819846868515015,30.32,78.03,Break,-1.3468484463590513,Hill / Himalayan orographic,0.4,0.0,0.0,0.6996178592696934,0.0,0.6996178592696934,0.00019827388473056732,0.0
delhi,2026-06-25,0.2,0.0,28.61,77.21,Break,-1.3468484463590513,Inland,0.2,0.0,0.0,0.13722482143378698,0.0,0.13722482143378698,0.00021468266480015026,0.0
gangtok,2026-06-25,4.0,25.06758689880371,27.33,88.61,Break,-1.3468484463590513,Hill / Himalayan orographic,4.0,1.6430198743094242,1.6620338539455255,13.51197858364554,18.300615960880023,13.51197858364554,0.0029838052402854035,0.0
guwahati,2026-06-25,24.2,0.8846006989479065,26.14,91.74,Break,-1.3468484463590513,Inland,24.2,19.340886369569564,17.75119239347201,7.358344894168552,10.907558253682442,7.358344894168552,0.0006826061648841541,0.0
hyderabad,2026-06-25,2.0,2.3544116020202637,17.39,78.49,Break,-1.3468484463590513,Inland,2.0,0.26050673291087145,0.13218803697341197,0.5696484965844547,0.000461002299499688,0.5696484965844547,0.00016104107694627618,0.0
jabalpur,2026-06-25,2.7,11.169820785522461,23.18,79.95,Break,-1.3468484463590513,Inland,2.7,0.6023186302185058,0.4764636898040781,3.208740742853394,1.376594890634642,3.208740742853394,0.00015033320375917387,0.0
jaipur,2026-06-25,0.2,1.3556705713272095,26.91,75.79,Break,-1.3468484463590513,Inland,0.2,0.0,0.0,0.0940072538945651,0.0,0.0940072538945651,0.0002155687887796617,0.0
jodhpur,2026-06-25,0.0,0.0,26.24,73.02,Break,-1.3468484463590513,Inland,0.0,0.0,0.0,0.0754794630173672,0.0,0.0754794630173672,0.0003650180520703231,0.0
kochi,2026-06-25,5.800000000000001,6.752403736114502,9.93,76.27,Break,-1.3468484463590513,West-coast orographic,5.800000000000001,3.0448211903925335,2.584474078720376,5.639689089477602,3.949943287116004,5.639689089477602,0.014771811679939528,0.0
kolkata,2026-06-25,0.8999999999999999,0.0,22.57,88.36,Break,-1.3468484463590513,East coast,0.8999999999999999,0.0,0.0,1.0917103340308385,0.1385105005699413,1.0917103340308385,0.00012216576568806155,0.0
lucknow,2026-06-25,0.1,0.0,26.85,80.95,Break,-1.3468484463590513,Inland,0.1,0.0,0.0,0.5795142170980427,0.0033123318494497076,0.5795142170980427,0.00019402870200316782,0.0
madurai,2026-06-25,1.9000000000000001,0.0,9.93,78.12,Break,-1.3468484463590513,Inland,1.9000000000000001,0.23251545488834383,0.12990531600810387,0.1169448502144167,0.0,0.1169448502144167,0.00017948825108647347,0.0
mangaluru,2026-06-25,91.5,19.567832946777344,12.91,74.86,Break,-1.3468484463590513,West-coast orographic,91.5,65.49692810726383,58.18841333273341,51.846881334192815,67.15895039564671,51.846881334192815,0.10384380926237356,1.0
mumbai,2026-06-25,51.300000000000004,5.7743000984191895,19.08,72.88,Break,-1.3468484463590513,West-coast orographic,51.300000000000004,39.37331455160073,34.52751917158663,108.27670136411484,174.9496845221488,64.0,0.21488717427990348,0.0
nagpur,2026-06-25,17.1,4.985291957855225,21.15,79.09,Break,-1.3468484463590513,Inland,17.1,13.310439049856996,14.279941211027253,13.402779088424612,21.276960582111634,13.402779088424612,0.009469203206692324,0.0
panaji,2026-06-25,100.10000000000001,64.78394317626953,15.49,73.83,Break,-1.3468484463590513,West-coast orographic,100.10000000000001,73.37150953629518,63.0551898548004,39.01813109333846,60.6215629562859,39.01813109333846,0.16782456077313218,1.0
patna,2026-06-25,0.1,0.0,25.59,85.14,Break,-1.3468484463590513,Inland,0.1,0.0,0.0,0.6567524087889517,0.021076195621331995,0.6567524087889517,0.00015110984117133405,0.0
pune,2026-06-25,11.0,4.666656017303467,18.52,73.86,Break,-1.3468484463590513,Inland,11.0,8.002969167232514,5.380736846923828,5.0427525506841855,3.6159768447857386,5.0427525506841855,0.006499628671397401,0.0
raipur,2026-06-25,2.1,0.0,21.25,81.63,Break,-1.3468484463590513,Inland,2.1,0.28849801093339916,0.13447075793872007,3.0086204503253122,1.21121052138254,3.0086204503253122,0.00015765240663136477,0.0
ranchi,2026-06-25,0.0,6.905876636505127,23.34,85.31,Break,-1.3468484463590513,Inland,0.0,0.0,0.0,1.4574005360603675,0.18707393221017063,1.4574005360603675,0.00014199157846864593,0.0
shillong,2026-06-25,16.200000000000003,2.0396809577941895,25.58,91.89,Break,-1.3468484463590513,Hill / Himalayan orographic,16.200000000000003,12.465585343734059,12.163827557651418,9.25178801614433,10.849788010394406,9.25178801614433,0.0004357983021935931,0.0
shimla,2026-06-25,2.9,2.629201650619507,31.1,77.17,Break,-1.3468484463590513,Hill / Himalayan orographic,2.9,0.781450405716896,0.9389560640346236,2.187906844560251,0.8565058825752495,2.187906844560251,0.00024351753477781565,0.0
srinagar,2026-06-25,0.0,2.123520851135254,34.08,74.8,Break,-1.3468484463590513,Hill / Himalayan orographic,0.0,0.0,0.0,0.09712572581346295,0.0,0.09712572581346295,0.0002904817322688951,0.0
surat,2026-06-25,2.4,0.0,21.17,72.83,Break,-1.3468484463590513,West-coast orographic,2.4,0.4323659044504167,0.31856015661488424,7.613568646705199,8.003446804436956,7.613568646705199,0.00035844153069316474,0.0
thiruvananthapuram,2026-06-25,1.1,0.0,8.52,76.94,Break,-1.3468484463590513,West-coast orographic,1.1,0.004983808379620314,0.0005030207478914973,0.24278805971131906,0.0,0.24278805971131906,0.00016354255775830005,0.0
varanasi,2026-06-25,0.30000000000000004,0.0,25.32,82.97,Break,-1.3468484463590513,Inland,0.30000000000000004,0.0,0.0,1.696069167272628,0.19646892729864268,1.696069167272628,0.0002240897151719741,0.0
vijayawada,2026-06-25,2.1,32.84701156616211,16.51,80.65,Break,-1.3468484463590513,Inland,2.1,0.28849801093339916,0.13447075793872007,0.991024901204581,0.1313541607809834,0.991024901204581,0.00016007831359734465,0.0
visakhapatnam,2026-06-25,5.6000000000000005,0.11011721193790436,17.69,83.22,Break,-1.3468484463590513,East coast,5.6000000000000005,2.893272160159228,2.545376263822713,2.235309099341595,0.8876361070479188,2.235309099341595,0.002226963984071054,0.0
agartala,2026-06-26,4.2,2.782186985015869,23.83,91.29,Break,-1.2153805705503016,Inland,4.2,1.716709619760513,1.4509220679601038,10.46257534694495,18.064119385133797,10.46257534694495,0.002041113437433393,0.0
ahmedabad,2026-06-26,0.5,0.0,23.02,72.57,Break,-1.2153805705503016,Inland,0.5,0.0,0.0,1.8445400822067244,0.7717816588547529,1.8445400822067244,0.00015008014475866315,0.0
amritsar,2026-06-26,0.6000000000000001,6.462249279022217,31.63,74.87,Break,-1.2153805705503016,Inland,0.6000000000000001,0.0,0.0,0.3390487693752687,0.0,0.3390487693752687,0.00019675956327450754,0.0
bengaluru,2026-06-26,2.6,2.5564534664154053,12.97,77.59,Break,-1.2153805705503016,Inland,2.6,0.5717615672945979,0.19572350621223442,0.26052062620073857,0.0,0.26052062620073857,0.00011318411197225618,0.0
bhopal,2026-06-26,5.6,0.0,23.26,77.41,Break,-1.2153805705503016,Inland,5.6,2.9107667374610893,2.5917086144016213,4.526783337779475,3.2343040784251613,4.526783337779475,0.0018884594156139889,0.0
bhubaneswar,2026-06-26,1.8,1.648492455482483,20.3,85.82,Break,-1.2153805705503016,East coast,1.8,0.20960405617952393,0.17519227117642586,4.332034368632673,2.6487499553871854,4.332034368632673,0.00018768749947536335,0.0
chandigarh,2026-06-26,4.4,0.0,30.73,76.78,Break,-1.2153805705503016,Inland,4.4,1.8577551126480139,1.5514315967206607,3.032410635557971,1.9360873223340727,3.032410635557971,0.003429445058512429,0.0
chennai,2026-06-26,0.6000000000000001,1.0482677221298218,13.08,80.27,Break,-1.2153805705503016,East coast,0.6000000000000001,0.0,0.0,0.02638346621601134,0.0,0.02638346621601134,8.930430823371229e-05,0.0
dehradun,2026-06-26,1.8,0.0,30.32,78.03,Break,-1.2153805705503016,Hill / Himalayan orographic,1.8,0.20960405617952393,0.17519227117642586,1.1204078970351212,0.16038288084491592,1.1204078970351212,0.00011210108383049543,0.0
delhi,2026-06-26,0.0,0.0,28.61,77.21,Break,-1.2153805705503016,Inland,0.0,0.0,0.0,0.03914723852502177,0.0,0.03914723852502177,0.0001515314316632441,0.0
gangtok,2026-06-26,5.2,40.72620391845703,27.33,88.61,Break,-1.2153805705503016,Hill / Himalayan orographic,5.2,2.562424025535584,2.5012317734087244,16.65008775263011,21.91018655875375,16.65008775263011,0.0019692770799672184,0.0
guwahati,2026-06-26,1.9,0.0,26.14,91.74,Break,-1.2153805705503016,Inland,1.9,0.2523269239068033,0.12990531600810384,4.918371292000872,3.6872338162517555,4.918371292000872,9.627000489323974e-05,0.0
hyderabad,2026-06-26,2.7,0.0,17.39,78.49,Break,-1.2153805705503016,Inland,2.7,0.6165620255470281,0.4764636898040781,0.907338766377903,0.08040780293136583,0.907338766377903,9.336860263594594e-05,0.0
jabalpur,2026-06-26,0.8,2.2843246459960938,23.18,79.95,Break,-1.2153805705503016,Inland,0.8,0.0,0.0,0.8554643755968768,0.07231576880047921,0.8554643755968768,9.279129617814298e-05,0.0
jaipur,2026-06-26,0.2,0.635200023651123,26.91,75.79,Break,-1.2153805705503016,Inland,0.2,0.0,0.0,0.1711413830828258,0.0,0.1711413830828258,0.00014550528813173235,0.0
jodhpur,2026-06-26,0.0,0.0,26.24,73.02,Break,-1.2153805705503016,Inland,0.0,0.0,0.0,0.463325485405851,0.0,0.463325485405851,0.00015325048805723927,0.0
kochi,2026-06-26,36.3,3.740809679031372,9.93,76.27,Break,-1.2153805705503016,West-coast orographic,36.3,28.155182211196305,23.749755243937148,14.454020660875818,19.85399842806758,14.454020660875818,0.01346663360774124,0.0
kolkata,2026-06-26,0.0,0.879045844078064,22.57,88.36,Break,-1.2153805705503016,East coast,0.0,0.0,0.0,2.766170732343265,1.078202549226147,2.766170732343265,9.966814941623245e-05,0.0
lucknow,2026-06-26,0.0,0.6677449345588684,26.85,80.95,Break,-1.2153805705503016,Inland,0.0,0.0,0.0,0.08804194375879217,0.0,0.08804194375879217,0.00011166758353491462,0.0
madurai,2026-06-26,2.5,0.0,9.93,78.12,Break,-1.2153805705503016,Inland,2.5,0.5269611090421679,0.1943496680259704,0.20968304393310216,0.0,0.20968304393310216,0.00014714183103748616,0.0
mangaluru,2026-06-26,48.2,19.863727569580078,12.91,74.86,Break,-1.2153805705503016,West-coast orographic,48.2,37.34045418517379,34.19894456632596,30.56315311730562,43.13879236383279,30.56315311730562,0.03089533104457753,0.0
mumbai,2026-06-26,74.8,0.02307899482548237,19.08,72.88,Break,-1.2153805705503016,West-coast orographic,74.8,51.08996805195422,50.79988486639231,94.30543491216758,160.68133884406728,64.0,0.1503506896120713,1.0
nagpur,2026-06-26,3.9,0.8236290812492371,21.15,79.09,Break,-1.2153805705503016,Inland,3.9,1.573177528381347,1.3359299392700197,4.1979117638570855,2.780785654238926,4.1979117638570855,0.0038915506948966204,0.0
panaji,2026-06-26,131.6,19.760936737060547,15.49,73.83,Break,-1.2153805705503016,West-coast orographic,131.6,114.7487120055978,67.69219178417679,36.85673530160834,57.88667124378174,36.85673530160834,0.03685157114050641,1.0
patna,2026-06-26,0.0,4.6075286865234375,25.59,85.14,Break,-1.2153805705503016,Inland,0.0,0.0,0.0,0.2154763007828687,0.0,0.2154763007828687,9.974143964124486e-05,0.0
pune,2026-06-26,3.5,0.0,18.52,73.86,Break,-1.2153805705503016,Inland,3.5,1.2303739786148071,1.2254918174138145,6.3953853362030575,8.727526565283329,6.3953853362030575,0.006630710268249443,0.0
raipur,2026-06-26,3.1,7.4275593757629395,21.25,81.63,Break,-1.2153805705503016,Inland,3.1,0.8759232437610629,0.9792463088035578,3.4528894404792574,2.540422910300223,3.4528894404792574,0.00027591648745832725,0.0
ranchi,2026-06-26,0.7000000000000001,0.0,23.34,85.31,Break,-1.2153805705503016,Inland,0.7000000000000001,0.0,0.0,3.956046734729181,2.6731938160136677,3.956046734729181,0.00010124583541071609,0.0
shillong,2026-06-26,9.100000000000001,35.45536804199219,25.58,91.89,Break,-1.2153805705503016,Hill / Himalayan orographic,9.100000000000001,6.038727073669443,4.491210984365927,7.178809532287433,7.765183856687815,7.178809532287433,0.0003306097728873749,0.0
shimla,2026-06-26,3.4,1.1127173900604248,31.1,77.17,Break,-1.2153805705503016,Hill / Himalayan orographic,3.4,1.1732122701406478,1.2963173122856546,1.7180113148549825,0.5390292930957129,1.7180113148549825,0.00016022677194269105,0.0
srinagar,2026-06-26,0.0,0.0,34.08,74.8,Break,-1.2153805705503016,Hill / Himalayan orographic,0.0,0.0,0.0,0.004689011724805763,0.0,0.004689011724805763,0.0001673452419503372,0.0
surat,2026-06-26,0.0,0.0,21.17,72.83,Break,-1.2153805705503016,West-coast orographic,0.0,0.0,0.0,1.925020116381949,0.6580535383892144,1.925020116381949,0.000312449265428863,0.0
thiruvananthapuram,2026-06-26,13.0,0.0,8.52,76.94,Break,-1.2153805705503016,West-coast orographic,13.0,9.733382219587053,8.629266273118166,1.1041998148101475,0.15401752813158356,1.1041998148101475,0.0016135678995597977,0.0
varanasi,2026-06-26,1.0,0.0520937405526638,25.32,82.97,Break,-1.2153805705503016,Inland,1.0,0.0,0.0,1.458320945091535,0.4172245093400597,1.458320945091535,0.00017515588203294234,0.0
vijayawada,2026-06-26,1.2000000000000002,0.0,16.51,80.65,Break,-1.2153805705503016,Inland,1.2000000000000002,0.03837151229381571,0.010019575357437142,0.4686931493870376,0.0,0.4686931493870376,0.00014974291135751698,0.0
visakhapatnam,2026-06-26,1.2000000000000002,0.0,17.69,83.22,Break,-1.2153805705503016,East coast,1.2000000000000002,0.03837151229381571,0.022349464520812,1.0239426345273976,0.1336965138032222,1.0239426345273976,0.0001276436545341745,0.0
agartala,2026-06-27,12.0,1.3929941654205322,23.83,91.29,Normal,-0.587636223538943,Inland,12.0,9.156774611162705,9.502458517892023,15.440987463552792,30.950540722522256,15.440987463552792,0.0018785778768741937,0.0
ahmedabad,2026-06-27,2.3000000000000003,0.0,23.02,72.57,Normal,-0.587636223538943,Inland,2.3000000000000003,0.43052851051092134,0.6574973881244661,1.963273088516892,0.8379630408117142,1.963273088516892,0.00010211455572916695,0.0
amritsar,2026-06-27,0.0,0.0,31.63,74.87,Normal,-0.587636223538943,Inland,0.0,0.0,0.0,0.26559454709377645,0.0,0.26559454709377645,0.00022227260815933079,0.0
bengaluru,2026-06-27,4.5,0.0,12.97,77.59,Normal,-0.587636223538943,Inland,4.5,1.9251761794090299,2.23478950581999,0.45723769956064225,0.0,0.45723769956064225,0.0004054252672187752,0.0
bhopal,2026-06-27,2.9,0.0,23.26,77.41,Normal,-0.587636223538943,Inland,2.9,0.7850009989738467,1.056983360563004,1.2111032911403439,0.18035552927676868,1.2111032911403439,0.00010240681817362989,0.0
bhubaneswar,2026-06-27,0.8,0.3937487304210663,20.3,85.82,Normal,-0.587636223538943,East coast,0.8,0.0,0.0,2.274479058433553,1.1480392576299976,2.274479058433553,0.0002612823550891564,0.0
chandigarh,2026-06-27,1.8,0.0,30.73,76.78,Normal,-0.587636223538943,Inland,1.8,0.20960405617952393,0.4017777130007745,3.1923061228698204,2.221695835209977,3.1923061228698204,0.00020766493900710112,0.0
chennai,2026-06-27,0.0,0.08436746150255203,13.08,80.27,Normal,-0.587636223538943,East coast,0.0,0.0,0.0,0.020353799018754556,0.0,0.020353799018754556,6.254407489635136e-05,0.0
dehradun,2026-06-27,1.1,1.056087851524353,30.32,78.03,Normal,-0.587636223538943,Hill / Himalayan orographic,1.1,0.009953574799001223,0.09752683170979295,0.642403936995558,0.0,0.642403936995558,0.0001440789331048269,0.0
delhi,2026-06-27,0.2,0.0,28.61,77.21,Normal,-0.587636223538943,Inland,0.2,0.0,0.0,0.3864049589889338,0.0,0.3864049589889338,0.00016456535427165577,0.0
gangtok,2026-06-27,10.0,5.914587497711182,27.33,88.61,Normal,-0.587636223538943,Hill / Himalayan orographic,10.0,7.291242997261807,7.915935277938841,18.403204668537082,35.55666180607774,18.403204668537082,0.002611888462613078,0.0
guwahati,2026-06-27,5.0,0.0,26.14,91.74,Normal,-0.587636223538943,Inland,5.0,2.380833311080933,2.6317824840545656,4.261309733687676,3.834561507380635,4.261309733687676,0.002009967659763393,0.0
hyderabad,2026-06-27,4.5,0.0,17.39,78.49,Normal,-0.587636223538943,Inland,4.5,1.9251761794090299,2.23478950581999,1.6054414082830624,0.5294636123327147,1.6054414082830624,0.0019498339178941628,0.0
jabalpur,2026-06-27,0.4,0.15385094285011292,23.18,79.95,Normal,-0.587636223538943,Inland,0.4,0.0,0.0,0.5976518182304555,0.0,0.5976518182304555,8.080064506291113e-05,0.0
jaipur,2026-06-27,0.30000000000000004,0.0,26.91,75.79,Normal,-0.587636223538943,Inland,0.30000000000000004,0.0,0.0,0.43398084544885385,0.0,0.43398084544885385,0.00014026425513718525,0.0
jodhpur,2026-06-27,0.0,0.07658214122056961,26.24,73.02,Normal,-0.587636223538943,Inland,0.0,0.0,0.0,0.5477752990785615,0.0,0.5477752990785615,0.00012537353866043288,0.0
kochi,2026-06-27,55.199999999999996,13.319217681884766,9.93,76.27,Normal,-0.587636223538943,West-coast orographic,55.199999999999996,40.487151545843226,23.87557944964435,12.417209506864468,15.226326168530939,12.417209506864468,0.0017753598733288999,0.0
kolkata,2026-06-27,0.0,0.013489410281181335,22.57,88.36,Normal,-0.587636223538943,East coast,0.0,0.0,0.0,1.629814156064196,0.37995409415331427,1.629814156064196,0.00013875419442595726,0.0
lucknow,2026-06-27,0.0,2.2470006942749023,26.85,80.95,Normal,-0.587636223538943,Inland,0.0,0.0,0.0,0.07889461529958544,0.0,0.07889461529958544,0.0001523305176907116,0.0
madurai,2026-06-27,2.2,1.0397955179214478,9.93,78.12,Normal,-0.587636223538943,Inland,2.2,0.3978929859399801,0.5595029401779175,0.3703143825153737,0.0,0.3703143825153737,6.904084666126738e-05,0.0
mangaluru,2026-06-27,58.9,11.474425315856934,12.91,74.86,Normal,-0.587636223538943,West-coast orographic,58.9,42.18075981044461,24.741759802523188,14.687215851421566,18.88619494007157,14.687215851421566,0.0035371654885946475,0.0
mumbai,2026-06-27,21.2,0.007273946888744831,19.08,72.88,Normal,-0.587636223538943,West-coast orographic,21.2,16.571727333068846,11.213999989780026,33.89416140961734,43.526101812540894,33.89416140961734,0.053004359828517485,0.0
nagpur,2026-06-27,1.8,1.6889264583587646,21.15,79.09,Normal,-0.587636223538943,Inland,1.8,0.20960405617952393,0.4017777130007745,0.7585228217162215,0.0,0.7585228217162215,0.0001774676697951978,0.0
panaji,2026-06-27,42.7,10.821514129638672,15.49,73.83,Normal,-0.587636223538943,West-coast orographic,42.7,34.810503681901515,19.742635708291917,8.709601938634725,8.782022341020216,8.709601938634725,0.0020768194557387776,0.0
patna,2026-06-27,0.8,0.0,25.59,85.14,Normal,-0.587636223538943,Inland,0.8,0.0,0.0,0.7151815315491377,0.0,0.7151815315491377,9.102021421000827e-05,0.0
pune,2026-06-27,9.2,0.18163497745990753,18.52,73.86,Normal,-0.587636223538943,Inland,9.2,6.221817007064823,6.2621075357709595,15.166849357503102,30.403709038891023,15.166849357503102,0.09007098823941212,0.0
raipur,2026-06-27,0.2,4.359984397888184,21.25,81.63,Normal,-0.587636223538943,Inland,0.2,0.0,0.0,0.7048485659058094,0.0,0.7048485659058094,0.0002985936421895263,0.0
ranchi,2026-06-27,0.6,0.0,23.34,85.31,Normal,-0.587636223538943,Inland,0.6,0.0,0.0,2.88085159596211,1.8160160218795394,2.88085159596211,8.636770972054955e-05,0.0
shillong,2026-06-27,9.2,0.5982871055603027,25.58,91.89,Normal,-0.587636223538943,Hill / Himalayan orographic,9.2,6.221817007064823,6.801490599636657,6.359323332920798,4.034421017638368,6.359323332920798,0.001826401237012714,0.0
shimla,2026-06-27,1.5,17.791093826293945,31.1,77.17,Normal,-0.587636223538943,Hill / Himalayan orographic,1.5,0.11843194216489791,0.25174393684116747,0.8624203088755625,0.0,0.8624203088755625,0.00018085459837354834,0.0
srinagar,2026-06-27,0.1,0.11060003191232681,34.08,74.8,Normal,-0.587636223538943,Hill / Himalayan orographic,0.1,0.0,0.0,0.1436317781315807,0.0,0.1436317781315807,0.00017897668330244922,0.0
surat,2026-06-27,0.9,0.0,21.17,72.83,Normal,-0.587636223538943,West-coast orographic,0.9,0.0,0.0,0.8559731904770632,0.08924800706893142,0.8559731904770632,0.00020105936727204358,0.0
thiruvananthapuram,2026-06-27,20.9,3.190232753753662,8.52,76.94,Normal,-0.587636223538943,West-coast orographic,20.9,16.33237086868286,11.08306622462486,4.24708406030003,3.07599099835065,4.24708406030003,0.0004220420590515992,0.0
varanasi,2026-06-27,3.3,0.0,25.32,82.97,Normal,-0.587636223538943,Inland,3.3,1.1160505616664882,1.4349873924255399,1.745268180361411,0.6799584735201983,1.745268180361411,0.00013287311708154524,0.0
vijayawada,2026-06-27,0.4,45.649017333984375,16.51,80.65,Normal,-0.587636223538943,Inland,0.4,0.0,0.0,0.617315885725376,0.0,0.617315885725376,0.00015396099076734658,0.0
visakhapatnam,2026-06-27,0.5,0.0,17.69,83.22,Normal,-0.587636223538943,East coast,0.5,0.0,0.0,0.9636352566445784,0.002841956463798932,0.9636352566445784,0.00010523396638757582,0.0
agartala,2026-06-28,1.1,3.375445604324341,23.83,91.29,Normal,-0.15925127482255808,Inland,1.1,0.009953574799001223,0.09228845144830475,5.819943886150904,6.819725409850343,5.819943886150904,9.691307648457609e-05,0.0
ahmedabad,2026-06-28,3.4,0.0,23.02,72.57,Normal,-0.15925127482255808,Inland,3.4,1.1732122701406478,1.5635429505227258,2.1668546877929113,1.0796349435889079,2.1668546877929113,9.477469510789004e-05,0.0
amritsar,2026-06-28,0.30000000000000004,0.0,31.63,74.87,Normal,-0.15925127482255808,Inland,0.30000000000000004,0.0,0.0,2.83698306303468,1.771684521007957,2.83698306303468,0.0002018745664039752,0.0
bengaluru,2026-06-28,10.1,0.03987046703696251,12.97,77.59,Normal,-0.15925127482255808,Inland,10.1,7.407303272721121,7.3400508837641025,7.309607612794396,10.440769725516745,7.309607612794396,0.0012070006782770029,0.0
bhopal,2026-06-28,0.7000000000000001,8.251567840576172,23.26,77.41,Normal,-0.15925127482255808,Inland,0.7000000000000001,0.0,0.0,0.6634621500936008,0.0,0.6634621500936008,0.0001039133467182111,0.0
bhubaneswar,2026-06-28,0.0,0.0,20.3,85.82,Normal,-0.15925127482255808,East coast,0.0,0.0,0.0,1.2336699468619405,0.07833382911826517,1.2336699468619405,0.00027968790521818056,0.0
chandigarh,2026-06-28,0.0,0.0,30.73,76.78,Normal,-0.15925127482255808,Inland,0.0,0.0,0.0,0.6869394593973349,0.0,0.6869394593973349,0.00019732100809733224,0.0
chennai,2026-06-28,0.0,4.890562057495117,13.08,80.27,Normal,-0.15925127482255808,East coast,0.0,0.0,0.0,0.025999879711990123,0.0,0.025999879711990123,6.34642113433113e-05,0.0
dehradun,2026-06-28,0.0,0.16599489748477936,30.32,78.03,Normal,-0.15925127482255808,Hill / Himalayan orographic,0.0,0.0,0.0,0.5552923016670359,0.0,0.5552923016670359,0.00014967362099797734,0.0
delhi,2026-06-28,0.30000000000000004,2.46307110786438,28.61,77.21,Normal,-0.15925127482255808,Inland,0.30000000000000004,0.0,0.0,0.8496935696751999,0.0,0.8496935696751999,0.00015636790703212514,0.0
gangtok,2026-06-28,9.1,53.4678840637207,27.33,88.61,Normal,-0.15925127482255808,Hill / Himalayan orographic,9.1,6.038727073669439,6.651004428863524,17.36340965802272,34.544692523874,17.36340965802272,0.004873655344645688,0.0
guwahati,2026-06-28,19.9,20.314159393310547,26.14,91.74,Normal,-0.15925127482255808,Inland,19.9,15.552624531525831,17.745749174753822,5.450757277792453,6.052287935808927,5.450757277792453,0.000782494693222265,0.0
hyderabad,2026-06-28,10.4,0.0,17.39,78.49,Normal,-0.15925127482255808,Inland,10.4,7.548623669861232,7.491899778342542,6.583889515905954,8.364400011114142,6.583889515905954,0.006284037783943563,0.0
jabalpur,2026-06-28,0.30000000000000004,0.6519725918769836,23.18,79.95,Normal,-0.15925127482255808,Inland,0.30000000000000004,0.0,0.0,0.5978970735014437,0.0,0.5978970735014437,8.198934664969387e-05,0.0
jaipur,2026-06-28,0.0,0.0,26.91,75.79,Normal,-0.15925127482255808,Inland,0.0,0.0,0.0,0.11361076493427483,0.0,0.11361076493427483,0.0001301826010684042,0.0
jodhpur,2026-06-28,0.2,0.17869165539741516,26.24,73.02,Normal,-0.15925127482255808,Inland,0.2,0.0,0.0,1.0833354116041118,0.10716109871134533,1.0833354116041118,0.00011636204734360752,0.0
kochi,2026-06-28,56.7,23.504642486572266,9.93,76.27,Normal,-0.15925127482255808,West-coast orographic,56.7,41.16880498577343,24.26481808301702,11.648882615816,13.840774031346331,11.648882615816,0.0016223443024206694,0.0
kolkata,2026-06-28,0.30000000000000004,0.0005965555901639163,22.57,88.36,Normal,-0.15925127482255808,East coast,0.30000000000000004,0.0,0.0,2.7684493725583468,1.8106592193909652,2.7684493725583468,0.0001485297582287052,0.0
lucknow,2026-06-28,0.0,7.374226093292236,26.85,80.95,Normal,-0.15925127482255808,Inland,0.0,0.0,0.0,0.26598069939294233,0.0,0.26598069939294233,0.00015457137089240795,0.0
madurai,2026-06-28,1.4000000000000001,0.708970308303833,9.93,78.12,Normal,-0.15925127482255808,Inland,1.4000000000000001,0.08473654538393023,0.203727039694786,0.24880041146928172,0.0,0.24880041146928172,7.005655567333364e-05,0.0
mangaluru,2026-06-28,54.2,7.455592632293701,12.91,74.86,Normal,-0.15925127482255808,West-coast orographic,54.2,40.0327159192231,23.616087027395903,15.942302379645326,20.10512150228415,15.942302379645326,0.003232794332004253,0.0
mumbai,2026-06-28,29.1,6.915813446044922,19.08,72.88,Normal,-0.15925127482255808,West-coast orographic,29.1,23.148788381509444,13.521661602096115,49.48956990450208,61.07063802497266,49.48956990450208,0.09989649735927467,0.0
nagpur,2026-06-28,1.2,14.498929977416992,21.15,79.09,Normal,-0.15925127482255808,Inland,1.2,0.03837151229381565,0.1293629467487334,0.4494655327496503,0.0,0.4494655327496503,0.00018007823566849873,0.0
panaji,2026-06-28,39.4,36.37287521362305,15.49,73.83,Normal,-0.15925127482255808,West-coast orographic,39.4,31.128456347644065,18.678262213298254,13.806323947565476,18.03540476838004,13.806323947565476,0.0038324111549061265,0.0
patna,2026-06-28,1.0,6.850005149841309,25.59,85.14,Normal,-0.15925127482255808,Inland,1.0,0.0,0.06651330053806304,0.815155458252953,0.0,0.815155458252953,9.74331330138607e-05,0.0
pune,2026-06-28,4.2,3.987196207046509,18.52,73.86,Normal,-0.15925127482255808,Inland,4.2,1.716709619760513,2.0656477164505125,6.306459764096678,7.638778208845048,6.306459764096678,0.012294554911287581,0.0
raipur,2026-06-28,0.6000000000000001,1.9527639150619507,21.25,81.63,Normal,-0.15925127482255808,Inland,0.6000000000000001,0.0,0.0,1.0271371552084818,0.07109680235576536,1.0271371552084818,0.0003029854423971968,0.0
ranchi,2026-06-28,0.8,0.04932054132223129,23.34,85.31,Normal,-0.15925127482255808,Inland,0.8,0.0,0.0,3.120964142017795,2.1211282921666004,3.120964142017795,9.245286204859923e-05,0.0
shillong,2026-06-28,41.9,28.576635360717773,25.58,91.89,Normal,-0.15925127482255808,Hill / Himalayan orographic,41.9,33.91788614632395,38.78775956349518,6.5603897636829025,4.153229738023693,6.5603897636829025,0.0017331589709352834,0.0
shimla,2026-06-28,0.0,0.2593310475349426,31.1,77.17,Normal,-0.15925127482255808,Hill / Himalayan orographic,0.0,0.0,0.0,0.48122518857505464,0.0,0.48122518857505464,0.00016425687865230236,0.0
srinagar,2026-06-28,1.7999999999999998,0.0,34.08,74.8,Normal,-0.15925127482255808,Hill / Himalayan orographic,1.7999999999999998,0.20960405617952385,0.3788272539141831,0.8346625586843172,0.0,0.8346625586843172,0.00016255127902574165,0.0
surat,2026-06-28,1.2,0.0,21.17,72.83,Normal,-0.15925127482255808,West-coast orographic,1.2,0.03837151229381565,0.0,0.9926010790396302,0.23671008004934624,0.9926010790396302,0.0001866088103949248,0.0
thiruvananthapuram,2026-06-28,16.8,0.0,8.52,76.94,Normal,-0.15925127482255808,West-coast orographic,16.8,13.064136014137965,9.181071072400998,2.2848865938420557,0.9534528720396466,2.2848865938420557,0.0005071249681612714,0.0
varanasi,2026-06-28,0.0,0.0,25.32,82.97,Normal,-0.15925127482255808,Inland,0.0,0.0,0.0,0.12365504918555716,0.0,0.12365504918555716,0.00013482778141204994,0.0
vijayawada,2026-06-28,10.200000000000001,7.851832866668701,16.51,80.65,Normal,-0.15925127482255808,Inland,10.200000000000001,7.454410071767826,7.390667181956917,11.080131966088812,20.05009528645789,11.080131966088812,0.029974095528570353,0.0
visakhapatnam,2026-06-28,7.0,4.3154473304748535,17.69,83.22,Normal,-0.15925127482255808,East coast,7.0,4.205322649189359,2.9629129350870516,4.287456455638267,4.555671546052876,4.287456455638267,0.0046848581992046225,0.0
agartala,2026-06-29,7.4,19.342744827270508,23.83,91.29,Normal,-0.566309555946495,Inland,7.4,4.56777174472809,4.88760272979736,14.594156851925929,29.276128724145888,14.594156851925929,0.0017976727304360952,0.0
ahmedabad,2026-06-29,0.9,0.0,23.02,72.57,Normal,-0.566309555946495,Inland,0.9,0.0,0.05301302261650563,1.2835024174455552,0.24901265931786098,1.2835024174455552,0.00010211455572916695,0.0
amritsar,2026-06-29,0.0,0.0,31.63,74.87,Normal,-0.566309555946495,Inland,0.0,0.0,0.0,0.32235472612248695,0.0,0.32235472612248695,0.00022227260815933079,0.0
bengaluru,2026-06-29,6.9,0.0,12.97,77.59,Normal,-0.566309555946495,Inland,6.9,4.112766842262994,4.434903974533083,1.5061707587082374,0.44498980298800034,1.5061707587082374,0.0005256674461507571,0.0
bhopal,2026-06-29,0.0,0.0,23.26,77.41,Normal,-0.566309555946495,Inland,0.0,0.0,0.0,0.1704247181881147,0.0,0.1704247181881147,0.00010240681817362989,0.0
bhubaneswar,2026-06-29,4.0,0.0,20.3,85.82,Normal,-0.566309555946495,East coast,4.0,1.621021558841069,0.8726879979267459,6.646317495187002,7.654358752298229,6.646317495187002,0.0061850039952324335,0.0
chandigarh,2026-06-29,0.0,0.0,30.73,76.78,Normal,-0.566309555946495,Inland,0.0,0.0,0.0,0.30418664691996605,0.0,0.30418664691996605,0.00020766493900710112,0.0
chennai,2026-06-29,0.1,0.0,13.08,80.27,Normal,-0.566309555946495,East coast,0.1,0.0,0.0,0.1653929418952612,0.0,0.1653929418952612,6.254407489635136e-05,0.0
dehradun,2026-06-29,0.0,0.5913944244384766,30.32,78.03,Normal,-0.566309555946495,Hill / Himalayan orographic,0.0,0.0,0.0,0.10364890031543497,0.0,0.10364890031543497,0.0001440789331048269,0.0
delhi,2026-06-29,0.0,0.0,28.61,77.21,Normal,-0.566309555946495,Inland,0.0,0.0,0.0,0.12488025341356371,0.0,0.12488025341356371,0.00016456535427165577,0.0
gangtok,2026-06-29,35.8,21.16242790222168,27.33,88.61,Normal,-0.566309555946495,Hill / Himalayan orographic,35.8,27.69849669461636,35.41772254845961,21.74653576485438,39.61403474036355,21.74653576485438,0.0010316993688242856,0.0
guwahati,2026-06-29,13.9,0.0,26.14,91.74,Normal,-0.566309555946495,Inland,13.9,10.647838829994205,12.01290214596472,6.360936419075133,7.7726230715055,6.360936419075133,0.0009101034459433897,0.0
hyderabad,2026-06-29,13.799999999999999,0.10860848426818848,17.39,78.49,Normal,-0.566309555946495,Inland,13.799999999999999,10.554613615036015,11.927476168723029,6.426969802827661,7.934861909093036,6.426969802827661,0.005543288803616086,0.0
jabalpur,2026-06-29,1.9000000000000001,0.0,23.18,79.95,Normal,-0.566309555946495,Inland,1.9000000000000001,0.2523269239068034,0.4318348467350008,0.8438623076886332,0.0,0.8438623076886332,8.080064506291113e-05,0.0
jaipur,2026-06-29,0.0,0.13478997349739075,26.91,75.79,Normal,-0.566309555946495,Inland,0.0,0.0,0.0,0.08762282626132534,0.0,0.08762282626132534,0.00014026425513718525,0.0
jodhpur,2026-06-29,0.0,0.0,26.24,73.02,Normal,-0.566309555946495,Inland,0.0,0.0,0.0,0.5653755785298161,0.0,0.5653755785298161,0.00012537353866043288,0.0
kochi,2026-06-29,175.4,57.56112289428711,9.93,76.27,Normal,-0.566309555946495,West-coast orographic,175.4,171.72336185554173,79.11045211548415,22.292603391068692,26.275263026911173,22.292603391068692,0.015244731612915468,1.0
kolkata,2026-06-29,0.6000000000000001,0.008519628085196018,22.57,88.36,Normal,-0.566309555946495,East coast,0.6000000000000001,0.0,0.0,3.0261411653651105,2.2343591177944058,3.0261411653651105,0.00014528753022613472,0.0
lucknow,2026-06-29,0.0,0.3571658730506897,26.85,80.95,Normal,-0.566309555946495,Inland,0.0,0.0,0.0,0.08566042667498588,0.0,0.08566042667498588,0.0001523305176907116,0.0
madurai,2026-06-29,2.3,0.0,9.93,78.12,Normal,-0.566309555946495,Inland,2.3,0.43052851051092117,0.6574973881244658,0.22119223254222148,0.0,0.22119223254222148,6.904084666126738e-05,0.0
mangaluru,2026-06-29,139.0,32.499534606933594,12.91,74.86,Normal,-0.566309555946495,West-coast orographic,139.0,124.3745660898349,63.506156757238784,21.89894827185242,26.028089066995346,21.89894827185242,0.027827155795351124,1.0
mumbai,2026-06-29,62.8,118.46401977539062,19.08,72.88,Normal,-0.566309555946495,West-coast orographic,62.8,44.19088945334771,25.387039011094362,78.77293825093928,101.06467229009841,64.0,0.1111693906193878,0.0
nagpur,2026-06-29,27.099999999999998,5.504584312438965,21.15,79.09,Normal,-0.566309555946495,Inland,27.099999999999998,21.567658975982663,26.543321982611467,17.832115725996953,35.720197565827206,17.832115725996953,0.017414058090604437,0.0
panaji,2026-06-29,47.2,34.48929214477539,15.49,73.83,Normal,-0.566309555946495,West-coast orographic,47.2,36.90520963434777,20.691410382348014,13.366866330578842,16.28918916804278,13.366866330578842,0.0028971977716410638,0.0
patna,2026-06-29,0.1,9.166650772094727,25.59,85.14,Normal,-0.566309555946495,Inland,0.1,0.0,0.0,0.49280514625978367,0.0,0.49280514625978367,9.530617726150185e-05,0.0
pune,2026-06-29,10.9,11.739520072937012,18.52,73.86,Normal,-0.566309555946495,Inland,10.9,7.9711520481109615,7.915182112498458,11.841943905106886,22.730213480263583,11.841943905106886,0.05072232588912523,0.0
raipur,2026-06-29,8.7,0.4318348467350006,21.25,81.63,Normal,-0.566309555946495,Inland,8.7,5.6456109621789725,5.737909666697185,9.680486501056235,17.064765996759384,9.680486501056235,0.03706484886976336,0.0
ranchi,2026-06-29,0.0,0.0,23.34,85.31,Normal,-0.566309555946495,Inland,0.0,0.0,0.0,1.7260866425434953,0.667407424283325,1.7260866425434953,9.04346152908057e-05,0.0
shillong,2026-06-29,15.6,50.98494338989258,25.58,91.89,Normal,-0.566309555946495,Hill / Himalayan orographic,15.6,11.905421890778976,13.472772492000036,8.332662549894547,7.966953536429972,8.332662549894547,0.0015933900569008747,0.0
shimla,2026-06-29,0.7,23.22050666809082,31.1,77.17,Normal,-0.566309555946495,Hill / Himalayan orographic,0.7,0.0,0.0059209386073052605,0.7192619776709164,0.0,0.7192619776709164,0.00018085459837354834,0.0
srinagar,2026-06-29,1.1,0.0,34.08,74.8,Normal,-0.566309555946495,Hill / Himalayan orographic,1.1,0.009953574799001223,0.09752683170979295,0.25104656661889296,0.0,0.25104656661889296,0.00017897668330244922,0.0
surat,2026-06-29,0.0,0.0,21.17,72.83,Normal,-0.566309555946495,West-coast orographic,0.0,0.0,0.0,0.5343362681491215,0.0,0.5343362681491215,0.00020105936727204358,0.0
thiruvananthapuram,2026-06-29,61.1,10.765304565429688,8.52,76.94,Normal,-0.566309555946495,West-coast orographic,61.1,43.314679096184825,25.139696235428858,8.015515976892651,7.784928406453741,8.015515976892651,0.0008491211036912289,0.0
varanasi,2026-06-29,0.0,0.01302343513816595,25.32,82.97,Normal,-0.566309555946495,Inland,0.0,0.0,0.0,0.1213184365257459,0.0,0.1213184365257459,0.00013287311708154524,0.0
vijayawada,2026-06-29,10.9,14.035552024841309,16.51,80.65,Normal,-0.566309555946495,Inland,10.9,7.9711520481109615,7.915182112498458,5.704237902903124,6.630697632954145,5.704237902903124,0.013228845008048003,0.0
visakhapatnam,2026-06-29,1.5,0.0,17.69,83.22,Normal,-0.566309555946495,East coast,1.5,0.11843194216489791,0.016592684835195534,0.9847895450079636,0.012815808991197976,0.9847895450079636,0.00010523396638757582,0.0
agartala,2026-06-30,1.0,0.0,23.83,91.29,Normal,-0.9401070363488979,Inland,1.0,0.0,0.06651330053806304,6.182053562701238,7.455546316077964,6.182053562701238,0.00016391342240907448,0.0
ahmedabad,2026-06-30,0.6000000000000001,0.0,23.02,72.57,Normal,-0.9401070363488979,Inland,0.6000000000000001,0.0,0.0,1.3309521575623122,0.29598875042202133,1.3309521575623122,0.00023155421674149872,0.0
amritsar,2026-06-30,0.0,0.0,31.63,74.87,Normal,-0.9401070363488979,Inland,0.0,0.0,0.0,0.17000109053328194,0.0,0.17000109053328194,0.00029991490596030615,0.0
bengaluru,2026-06-30,4.0,4.684471130371094,12.97,77.59,Normal,-0.9401070363488979,Inland,4.0,1.621021558841069,1.9405545728962608,1.5366609103383129,0.47401017705396503,1.5366609103383129,0.0019776252484156455,0.0
bhopal,2026-06-30,3.3,0.0,23.26,77.41,Normal,-0.9401070363488979,Inland,3.3,1.1160505616664882,1.4349873924255399,0.7886535782270538,0.0,0.7886535782270538,0.00019399410657856283,0.0
bhubaneswar,2026-06-30,5.7,47.8052864074707,20.3,85.82,Normal,-0.9401070363488979,East coast,5.7,2.980586142539978,1.8156505332390482,11.570377866961655,21.12391676959038,11.570377866961655,0.011359755306021405,0.0
chandigarh,2026-06-30,0.30000000000000004,0.0,30.73,76.78,Normal,-0.9401070363488979,Inland,0.30000000000000004,0.0,0.0,0.602848920919081,0.0,0.602848920919081,0.0003331812047194032,0.0
chennai,2026-06-30,0.9,0.12655118107795715,13.08,80.27,Normal,-0.9401070363488979,East coast,0.9,0.0,0.0,0.07900401191598287,0.0,0.07900401191598287,0.00012066136303079203,0.0
dehradun,2026-06-30,0.0,22.462753295898438,30.32,78.03,Normal,-0.9401070363488979,Hill / Himalayan orographic,0.0,0.0,0.0,0.09105715341940576,0.0,0.09105715341940576,0.00020319043725256075,0.0
delhi,2026-06-30,0.0,0.17344485223293304,28.61,77.21,Normal,-0.9401070363488979,Inland,0.0,0.0,0.0,0.07682555233173469,0.0,0.07682555233173469,0.00026107326241579316,0.0
gangtok,2026-06-30,29.8,27.27838897705078,27.33,88.61,Normal,-0.9401070363488979,Hill / Himalayan orographic,29.8,23.736592544191442,27.72670060121096,25.866550620855506,50.062527439605496,25.866550620855506,0.002109387298530185,0.0
guwahati,2026-06-30,17.4,0.9117521047592163,26.14,91.74,Normal,-0.9401070363488979,Inland,17.4,13.55511989595162,15.905760567626363,9.195985875885778,15.9717576436733,9.195985875885778,0.0010568896663638377,0.0
hyderabad,2026-06-30,12.0,1.0337283611297607,17.39,78.49,Normal,-0.9401070363488979,Inland,12.0,9.156774611162705,9.502458517892023,5.9717506250793875,7.108524069395734,5.9717506250793875,0.0045749792423889196,0.0
jabalpur,2026-06-30,2.1,28.90941619873047,23.18,79.95,Normal,-0.9401070363488979,Inland,2.1,0.30749936699867253,0.5375411981344225,0.8650179503890788,0.0,0.8650179503890788,0.00012954124673374357,0.0
jaipur,2026-06-30,0.0,0.0,26.91,75.79,Normal,-0.9401070363488979,Inland,0.0,0.0,0.0,0.07403246660281575,0.0,0.07403246660281575,0.00022191804916421384,0.0
jodhpur,2026-06-30,0.0,0.0,26.24,73.02,Normal,-0.9401070363488979,Inland,0.0,0.0,0.0,0.5299725797031603,0.0,0.5299725797031603,0.00023550992540364904,0.0
kochi,2026-06-30,115.8,18.66654396057129,9.93,76.27,Normal,-0.9401070363488979,West-coast orographic,115.8,94.1962127446591,55.71029687016864,36.64298504312566,45.15252745746207,36.64298504312566,0.22530697533042118,1.0
kolkata,2026-06-30,26.099999999999998,0.0838254988193512,22.57,88.36,Normal,-0.9401070363488979,East coast,26.099999999999998,20.809864626312255,21.201037343371045,14.82928704874125,27.315679376951252,14.82928704874125,0.011589209997100008,0.0
lucknow,2026-06-30,0.9,0.7738714814186096,26.85,80.95,Normal,-0.9401070363488979,Inland,0.9,0.0,0.05301302261650563,0.6680679167799524,0.0,0.6680679167799524,0.00020790333925899105,0.0
madurai,2026-06-30,4.0,0.0,9.93,78.12,Normal,-0.9401070363488979,Inland,4.0,1.621021558841069,1.9405545728962608,0.7830355180593679,0.0,0.7830355180593679,0.00347531139194352,0.0
mangaluru,2026-06-30,137.4,55.61941909790039,12.91,74.86,Normal,-0.9401070363488979,West-coast orographic,137.4,122.29330034189175,62.456970449129,36.62365306805382,45.141089102654384,70.0,0.34969841720434613,1.0
mumbai,2026-06-30,124.3,52.07125473022461,19.08,72.88,Normal,-0.9401070363488979,West-coast orographic,124.3,105.25293703060714,57.74051755407722,94.2629033766864,139.49318560158008,94.2629033766864,0.7535503378178787,1.0
nagpur,2026-06-30,13.2,24.96728515625,21.15,79.09,Normal,-0.9401070363488979,Inland,13.2,9.94497587476458,11.276460907929145,9.114002794207735,15.679994440026366,9.114002794207735,0.017452920241367683,0.0
panaji,2026-06-30,101.0,70.77334594726562,15.49,73.83,Normal,-0.9401070363488979,West-coast orographic,101.0,76.45441693296176,44.97997033214812,30.133845868294337,38.0770020020745,30.133845868294337,0.037615205146954815,1.0
patna,2026-06-30,1.2000000000000002,0.9639148712158203,25.59,85.14,Normal,-0.9401070363488979,Inland,1.2000000000000002,0.03837151229381571,0.12936294674873347,0.7904834393523953,0.0,0.7904834393523953,0.00015469879623523656,0.0
pune,2026-06-30,8.1,0.6941363215446472,18.52,73.86,Normal,-0.9401070363488979,Inland,8.1,5.248246074510352,5.501172515324183,13.141971143111164,26.506366841467788,13.141971143111164,0.15308571387798298,0.0
raipur,2026-06-30,4.2,7.245226860046387,21.25,81.63,Normal,-0.9401070363488979,Inland,4.2,1.716709619760513,2.0656477164505125,8.038343554413808,12.500761568510258,8.038343554413808,0.07054849661918976,0.0
ranchi,2026-06-30,1.8,1.9367984533309937,23.34,85.31,Normal,-0.9401070363488979,Inland,1.8,0.20960405617952393,0.4017777130007745,3.623675898744712,2.6820072211024986,3.623675898744712,0.00014876257267876792,0.0
shillong,2026-06-30,3.2,9.335004806518555,25.58,91.89,Normal,-0.9401070363488979,Hill / Himalayan orographic,3.2,1.0143090963363648,1.2050283282027288,6.487792734766809,4.098610079075335,6.487792734766809,0.00015206316887202986,0.0
shimla,2026-06-30,0.0,2.378340482711792,31.1,77.17,Normal,-0.9401070363488979,Hill / Himalayan orographic,0.0,0.0,0.0,0.07212092373801571,0.0,0.07212092373801571,0.0002459362187413457,0.0
srinagar,2026-06-30,0.0,0.0,34.08,74.8,Normal,-0.9401070363488979,Hill / Himalayan orographic,0.0,0.0,0.0,0.07703162265364921,0.0,0.07703162265364921,0.0002673197408649817,0.0
surat,2026-06-30,0.0,30.186260223388672,21.17,72.83,Normal,-0.9401070363488979,West-coast orographic,0.0,0.0,0.0,0.999797199394024,0.23880479721435058,0.999797199394024,0.0004975913527416533,0.0
thiruvananthapuram,2026-06-30,11.7,1.7976524829864502,8.52,76.94,Normal,-0.9401070363488979,West-coast orographic,11.7,8.873570621366326,7.491131069864784,2.6904095041406784,1.363343240694856,2.6904095041406784,0.005500825213293815,0.0
varanasi,2026-06-30,0.0,0.18477201461791992,25.32,82.97,Normal,-0.9401070363488979,Inland,0.0,0.0,0.0,0.2325365738047688,0.0,0.2325365738047688,0.0003284781448707267,0.0
vijayawada,2026-06-30,6.300000000000001,0.0,16.51,80.65,Normal,-0.9401070363488979,Inland,6.300000000000001,3.4517227919896443,3.9007214836009396,5.451120950207087,6.05338249085975,5.451120950207087,0.013078594606063369,0.0
visakhapatnam,2026-06-30,0.5,0.0,17.69,83.22,Normal,-0.9401070363488979,East coast,0.5,0.0,0.0,0.9776343975771812,0.008342922795839985,0.9776343975771812,0.00018434211178752714,0.0
agartala,2026-07-02,11.6,7.0184326171875,23.83,91.29,Normal,-0.6757555045938877,Inland,11.6,8.7791692914342,9.022256374359133,19.7777292861636,38.01986603478869,19.7777292861636,0.006878948744859053,0.0
ahmedabad,2026-07-02,2.4,0.051953379064798355,23.02,72.57,Normal,-0.6757555045938877,Inland,2.4,0.4631640350818624,0.7234600186347958,2.17826212123621,1.08934991974197,2.17826212123621,0.00017438746666495816,0.0
amritsar,2026-07-02,4.2,32.87519073486328,31.63,74.87,Normal,-0.6757555045938877,Inland,4.2,1.716709619760513,2.0656477164505125,12.60519202679927,25.532802628674393,12.60519202679927,0.06238882025246326,0.0
bengaluru,2026-07-02,5.6,0.11228836327791214,12.97,77.59,Normal,-0.6757555045938877,Inland,5.6,2.9107667374610893,3.103415279388429,3.624109610726141,2.6823310704756698,3.624109610726141,0.0015294109238155136,0.0
bhopal,2026-07-02,0.0,1.0684638023376465,23.26,77.41,Normal,-0.6757555045938877,Inland,0.0,0.0,0.0,0.22634216457414477,0.0,0.22634216457414477,0.00016463021886088796,0.0
bhubaneswar,2026-07-02,32.7,39.21897506713867,20.3,85.82,Normal,-0.6757555045938877,East coast,32.7,25.472610975258718,26.722057439892975,18.261510446506804,37.76366258074949,18.261510446506804,0.02343861227070785,0.0
chandigarh,2026-07-02,19.3,14.809889793395996,30.73,76.78,Normal,-0.6757555045938877,Inland,19.3,15.110128691013045,17.374960413102734,7.964309424235215,12.327486855399883,7.964309424235215,0.01811621811287965,0.0
chennai,2026-07-02,6.3999999999999995,0.0,13.08,80.27,Normal,-0.6757555045938877,East coast,6.3999999999999995,3.566762217680612,2.3574930725471646,2.3233659248560787,1.1886223742264441,2.3233659248560787,0.0010301302875849378,0.0
dehradun,2026-07-02,47.4,85.40313720703125,30.32,78.03,Normal,-0.6757555045938877,Hill / Himalayan orographic,47.4,36.99225854451297,40.09151761511997,37.01625075232558,82.71645738947477,37.01625075232558,0.07920843995104349,0.0
delhi,2026-07-02,1.3,1.4597982168197632,28.61,77.21,Normal,-0.6757555045938877,Inland,1.3,0.05658722586929801,0.15855113476514818,0.7084913165792627,0.0,0.7084913165792627,0.00030267369122253374,0.0
gangtok,2026-07-02,7.8999999999999995,18.239273071289062,27.33,88.61,Normal,-0.6757555045938877,Hill / Himalayan orographic,7.8999999999999995,5.094669058225128,4.671258408228557,19.336435849402918,36.093542413163924,19.336435849402918,0.006144753152176884,0.0
guwahati,2026-07-02,3.3,0.17100100219249725,26.14,91.74,Normal,-0.6757555045938877,Inland,3.3,1.1160505616664882,1.4349873924255399,4.695324475435729,4.68012078249003,4.695324475435729,0.00013926615536072958,0.0
hyderabad,2026-07-02,2.7,0.9257413148880005,17.39,78.49,Normal,-0.6757555045938877,Inland,2.7,0.6165620255470281,0.8608864521980286,1.0565198401723574,0.0909328534382299,1.0565198401723574,0.00010857334160211333,0.0
jabalpur,2026-07-02,50.9,4.281711101531982,23.18,79.95,Normal,-0.6757555045938877,Inland,50.9,38.53307835137667,53.2344019547126,25.79301863929925,43.735962530817766,25.79301863929925,0.02737939986992818,0.0
jaipur,2026-07-02,0.0,1.2623426914215088,26.91,75.79,Normal,-0.6757555045938877,Inland,0.0,0.0,0.0,0.12883832133446937,0.0,0.12883832133446937,0.00023738806303504097,0.0
jodhpur,2026-07-02,0.0,0.0,26.24,73.02,Normal,-0.6757555045938877,Inland,0.0,0.0,0.0,0.6639701445353862,0.0,0.6639701445353862,0.00021380485734424952,0.0
kochi,2026-07-02,51.2,6.345250606536865,9.93,76.27,Normal,-0.6757555045938877,West-coast orographic,51.2,38.66940903936271,22.734913416530205,24.317239057603288,28.095516252995886,24.317239057603288,0.017178184579652842,0.0
kolkata,2026-07-02,29.5,0.006267872639000416,22.57,88.36,Normal,-0.6757555045938877,East coast,29.5,23.484676474470586,24.555212541360664,16.724451203723483,34.54254057394965,16.724451203723483,0.008530168633972636,0.0
lucknow,2026-07-02,0.8999999999999999,11.555926322937012,26.85,80.95,Normal,-0.6757555045938877,Inland,0.8999999999999999,0.0,0.027037520930170946,0.7443637748660764,0.0,0.7443637748660764,0.00022239659828975197,0.0
madurai,2026-07-02,2.2,0.0,9.93,78.12,Normal,-0.6757555045938877,Inland,2.2,0.3978929859399801,0.5595029401779175,0.40759471309254885,0.0,0.40759471309254885,9.568775261953391e-05,0.0
mangaluru,2026-07-02,83.0,36.602352142333984,12.91,74.86,Normal,-0.6757555045938877,West-coast orographic,83.0,58.38844451449247,29.713171702876252,35.87062108417185,44.69553467889954,35.87062108417185,0.023691753543964536,1.0
mumbai,2026-07-02,43.5,190.13381958007812,19.08,72.88,Normal,-0.6757555045938877,West-coast orographic,43.5,35.294804796291515,19.911306761457446,60.523695638933184,69.71309426678053,70.0,0.45610817176702667,0.0
nagpur,2026-07-02,17.1,71.49532318115234,21.15,79.09,Normal,-0.6757555045938877,Inland,17.1,13.309627955044794,15.493608795623484,16.25785239195461,32.57996623557481,16.25785239195461,0.09154550913278685,0.0
panaji,2026-07-02,48.9,22.085535049438477,15.49,73.83,Normal,-0.6757555045938877,West-coast orographic,48.9,37.645125370752,21.75379173068495,22.972616256190648,26.702239495553403,22.972616256190648,0.029197129965231654,0.0
patna,2026-07-02,17.200000000000003,2.025697708129883,25.59,85.14,Normal,-0.6757555045938877,Inland,17.200000000000003,13.391458602013738,15.630992719624446,7.234473964544013,10.188733755074155,7.234473964544013,0.003970673462098392,0.0
pune,2026-07-02,13.1,11.424583435058594,18.52,73.86,Normal,-0.6757555045938877,Inland,13.1,9.839179047175817,11.167958364463498,18.077574286850886,36.12470340136091,70.0,0.3551809012375466,0.0
raipur,2026-07-02,54.4,2.1591742038726807,21.25,81.63,Normal,-0.6757555045938877,Inland,54.4,40.123603044547124,60.309144239313156,26.99808434143464,44.85837261731881,26.99808434143464,0.2045085432569213,0.0
ranchi,2026-07-02,8.0,0.0,23.34,85.31,Normal,-0.6757555045938877,Inland,8.0,5.179706157299241,5.472054743085587,13.361632728860698,26.90477030447981,13.361632728860698,0.007514119499536824,0.0
shillong,2026-07-02,5.3999999999999995,0.6929284334182739,25.58,91.89,Normal,-0.6757555045938877,Hill / Himalayan orographic,5.3999999999999995,2.738074884414672,3.219623207251231,10.58412954719282,12.453488206816658,10.58412954719282,0.008252009640934307,0.0
shimla,2026-07-02,18.5,14.00389575958252,31.1,77.17,Normal,-0.6757555045938877,Hill / Himalayan orographic,18.5,14.477118608963313,16.843429973808075,6.125542914378419,3.9547245106200455,6.125542914378419,0.0068031025571060975,0.0
srinagar,2026-07-02,1.5,13.380179405212402,34.08,74.8,Normal,-0.6757555045938877,Hill / Himalayan orographic,1.5,0.11843194216489791,0.25174393684116747,0.44791008205866895,0.0,0.44791008205866895,0.0003052050515353309,0.0
surat,2026-07-02,9.8,47.09872817993164,21.17,72.83,Normal,-0.6757555045938877,West-coast orographic,9.8,7.005491964688873,5.585207644731573,23.82182369045536,27.363300341765473,70.0,0.46928706322574215,0.0
thiruvananthapuram,2026-07-02,13.8,0.0,8.52,76.94,Normal,-0.6757555045938877,West-coast orographic,13.8,10.554613615036017,8.202681508513571,5.467647334007622,5.061649744131001,5.467647334007622,0.0017486762650647583,0.0
varanasi,2026-07-02,38.5,1.119030237197876,25.32,82.97,Normal,-0.6757555045938877,Inland,38.5,30.263684260796225,38.11231409992937,18.99628939380132,37.14879505309967,18.99628939380132,0.08354641264368363,0.0
vijayawada,2026-07-02,0.4,0.05148782208561897,16.51,80.65,Normal,-0.6757555045938877,Inland,0.4,0.0,0.0,0.7545542070173654,0.0,0.7545542070173654,0.00021722254997487666,0.0
visakhapatnam,2026-07-02,16.0,0.0,17.69,83.22,Normal,-0.6757555045938877,East coast,16.0,12.282922195269315,11.218616858751338,15.766991532166374,32.38092703655997,15.766991532166374,0.038067529613309475,0.0
agartala,2026-07-03,2.9,24.0028076171875,23.83,91.29,Normal,-0.46809445494575724,Inland,2.9,0.8768074083328247,1.0753177574702657,10.768371896527412,19.694469580225437,10.768371896527412,0.0001800288292152853,0.0
ahmedabad,2026-07-03,1.8,1.2055920362472534,23.02,72.57,Normal,-0.46809445494575724,Inland,1.8,0.25650048255920416,0.42395399957895286,0.46120953000273635,0.0,0.46120953000273635,0.00018810027262437259,0.0
amritsar,2026-07-03,0.0,0.0,31.63,74.87,Normal,-0.46809445494575724,Inland,0.0,0.0,0.0,1.1650668496105525,0.1520940730189444,1.1650668496105525,0.000554336396004526,0.0
bengaluru,2026-07-03,6.2,0.0,12.97,77.59,Normal,-0.46809445494575724,Inland,6.2,3.5145266151428243,3.688632249832156,0.6377392311611517,0.0,0.6377392311611517,0.001787535262531275,0.0
bhopal,2026-07-03,31.7,32.7258415222168,23.26,77.41,Normal,-0.46809445494575724,Inland,31.7,24.296614660850125,33.1669309088525,15.946525019674231,31.396449369659813,15.946525019674231,0.0758673126147972,0.0
bhubaneswar,2026-07-03,22.8,4.855881690979004,20.3,85.82,Normal,-0.46809445494575724,East coast,22.8,17.713540299559295,16.820622025967708,14.613204445139893,25.768465865934537,14.613204445139893,0.021393443767750084,0.0
chandigarh,2026-07-03,3.6,0.0,30.73,76.78,Normal,-0.46809445494575724,Inland,3.6,1.4745465174236831,1.74856706857681,10.621393935466186,19.460523382957934,10.621393935466186,0.10110782971532854,0.0
chennai,2026-07-03,6.4,0.0,13.08,80.27,Normal,-0.46809445494575724,East coast,6.4,3.739940249919895,2.4445746660232555,0.7081829504359227,0.0,0.7081829504359227,0.001079119404143356,0.0
dehradun,2026-07-03,13.1,2.691941738128662,30.32,78.03,Normal,-0.46809445494575724,Hill / Himalayan orographic,13.1,9.955361557006839,10.871627703410821,13.009581866511345,16.927250143909166,13.009581866511345,0.01071246135431818,0.0
delhi,2026-07-03,0.6,0.0,28.61,77.21,Normal,-0.46809445494575724,Inland,0.6,0.0,0.0,0.9699960565824453,0.04219233021932919,0.9699960565824453,0.00020439181808231982,0.0
gangtok,2026-07-03,8.2,8.257369041442871,27.33,88.61,Normal,-0.46809445494575724,Hill / Himalayan orographic,8.2,5.344557689030968,5.067248077644649,23.007294911942434,41.34103690857492,23.007294911942434,0.01075706715236422,0.0
guwahati,2026-07-03,7.3999999999999995,14.631938934326172,26.14,91.74,Normal,-0.46809445494575724,Inland,7.3999999999999995,4.726503248214722,4.9440989494323695,6.757666988864036,10.327496276445826,6.757666988864036,0.0012771351980905335,0.0
hyderabad,2026-07-03,6.9,9.504170417785645,17.39,78.49,Normal,-0.46809445494575724,Inland,6.9,4.321682524681095,4.4304080009460405,1.8990608120792531,0.8074160760722868,1.8990608120792531,0.0011907068021400373,0.0
jabalpur,2026-07-03,84.1,41.12580490112305,23.18,79.95,Normal,-0.46809445494575724,Inland,84.1,53.813792956256606,98.99952263475713,46.96801042777328,91.36128162328895,46.96801042777328,0.04590794375212605,1.0
jaipur,2026-07-03,7.6,11.67042064666748,26.91,75.79,Normal,-0.46809445494575724,Inland,7.6,4.93008851369222,5.191372966766357,1.943504988093974,0.8642816989282766,1.943504988093974,0.013372369892658007,0.0
jodhpur,2026-07-03,0.2,0.0,26.24,73.02,Normal,-0.46809445494575724,Inland,0.2,0.0,0.0,0.07212264839296693,0.0,0.07212264839296693,0.000157173701639687,0.0
kochi,2026-07-03,54.300000000000004,37.807594299316406,9.93,76.27,Normal,-0.46809445494575724,West-coast orographic,54.300000000000004,38.46128471808177,23.2132150861952,18.618026617956147,21.252374942991747,18.618026617956147,0.005261179465290102,0.0
kolkata,2026-07-03,22.0,0.13487589359283447,22.57,88.36,Normal,-0.46809445494575724,East coast,22.0,17.02452902040984,15.443465968448256,10.952651360814746,17.834794464268228,10.952651360814746,0.020991648707745635,0.0
lucknow,2026-07-03,5.0,4.680112838745117,26.85,80.95,Normal,-0.46809445494575724,Inland,5.0,2.480764813423156,2.6624841690063477,2.503841644934072,1.7727492415549877,2.503841644934072,0.006605697469912795,0.0
madurai,2026-07-03,4.9,0.0,9.93,78.12,Normal,-0.46809445494575724,Inland,4.9,2.4100953857103984,2.552586487361362,0.5780159446791397,0.0,0.5780159446791397,0.0007010443132718212,0.0
mangaluru,2026-07-03,52.1,19.337383270263672,12.91,74.86,Normal,-0.46809445494575724,West-coast orographic,52.1,37.83726731863125,22.47926870206507,22.070164563373677,25.847122993995697,22.070164563373677,0.027199316836863253,0.0
mumbai,2026-07-03,116.89999999999999,115.7308120727539,19.08,72.88,Normal,-0.46809445494575724,West-coast orographic,116.89999999999999,82.32380422700646,57.026532404972954,61.70947342910927,69.87323211323955,70.0,0.7600051897606653,1.0
nagpur,2026-07-03,47.4,9.880842208862305,21.15,79.09,Normal,-0.46809445494575724,Inland,47.4,35.72698654837645,47.227550752843115,38.57086262515233,71.20879480875772,38.57086262515233,0.03754154155652706,0.0
panaji,2026-07-03,9.5,48.11589050292969,15.49,73.83,Normal,-0.46809445494575724,West-coast orographic,9.5,6.648307371139525,5.3978132009506234,8.268304125868259,8.605744691138213,8.268304125868259,0.026007746087228636,0.0
patna,2026-07-03,5.7,4.609860420227051,25.59,85.14,Normal,-0.46809445494575724,Inland,5.7,3.1426221338907867,3.1477427721023563,2.175753732418367,1.2942338392405082,2.175753732418367,0.009008722371962957,0.0
pune,2026-07-03,31.9,25.21837615966797,18.52,73.86,Normal,-0.46809445494575724,Inland,31.9,24.39382230400041,33.46417195746246,9.40005020078851,16.91524869338039,9.40005020078851,0.011700437319337769,0.0
raipur,2026-07-03,32.4,20.562177658081055,21.25,81.63,Normal,-0.46809445494575724,Inland,32.4,24.636841411876123,34.15920850684076,12.65459039062779,24.446869725386208,12.65459039062779,0.006678341754186634,0.0
ranchi,2026-07-03,20.2,7.3058600425720215,23.34,85.31,Normal,-0.46809445494575724,Inland,20.2,15.924600065805267,18.70926799486629,15.961201892161723,31.42170127750188,15.961201892161723,0.009822357285403946,0.0
shillong,2026-07-03,3.9000000000000004,4.848049640655518,25.58,91.89,Normal,-0.46809445494575724,Hill / Himalayan orographic,3.9000000000000004,1.687517015933991,1.6388039352496468,9.07135059571645,8.494036403189032,9.07135059571645,0.004968314193967363,0.0
shimla,2026-07-03,7.5,7.839624404907227,31.1,77.17,Normal,-0.46809445494575724,Hill / Himalayan orographic,7.5,4.841114501953125,4.459657802829493,7.439414104787998,5.628388323022756,7.439414104787998,0.008951829928080995,0.0
srinagar,2026-07-03,1.5,2.5489397048950195,34.08,74.8,Normal,-0.46809445494575724,Hill / Himalayan orographic,1.5,0.1220369584113355,0.35757096052169796,1.6629489668741444,0.25703640239646947,1.6629489668741444,0.00020131353407303878,0.0
surat,2026-07-03,41.8,25.160768508911133,21.17,72.83,Normal,-0.46809445494575724,West-coast orographic,41.8,32.096614472171694,18.853589013450502,50.44314203061042,66.3015259606799,70.0,0.5002310141062929,0.0
thiruvananthapuram,2026-07-03,2.7,12.133848190307617,8.52,76.94,Normal,-0.46809445494575724,West-coast orographic,2.7,0.7004978954792025,0.49960393352167953,0.8279984665670516,0.041484721982169695,0.8279984665670516,0.00012122745896600528,0.0
varanasi,2026-07-03,12.6,2.56184983253479,25.32,82.97,Normal,-0.46809445494575724,Inland,12.6,9.585832929204079,10.37802690204822,1.9354139858778687,0.8535511774713107,1.9354139858778687,0.009960354703011725,0.0
vijayawada,2026-07-03,0.7000000000000001,8.408077239990234,16.51,80.65,Normal,-0.46809445494575724,Inland,0.7000000000000001,0.0,0.0,1.0933715597056304,0.10355467282898304,1.0933715597056304,8.222071422672989e-05,0.0
visakhapatnam,2026-07-03,0.6000000000000001,0.8473111987113953,17.69,83.22,Normal,-0.46809445494575724,East coast,0.6000000000000001,0.0,0.0,0.3548129289410803,0.0,0.3548129289410803,0.00011269449110742333,0.0
agartala,2026-07-04,8.8,33.48734664916992,23.83,91.29,Normal,0.10503801191601109,Inland,8.8,5.793748378753665,5.801891142671757,7.884688522343397,13.260950129373375,7.884688522343397,0.001185824346353767,0.0
ahmedabad,2026-07-04,31.7,12.276688575744629,23.02,72.57,Normal,0.10503801191601109,Inland,31.7,24.296614660850125,33.1669309088525,13.24145922743844,26.303003278230403,13.24145922743844,0.06556794996717219,0.0
amritsar,2026-07-04,0.0,0.0,31.63,74.87,Normal,0.10503801191601109,Inland,0.0,0.0,0.0,0.1982559126028617,0.0,0.1982559126028617,0.0004246356495168598,0.0
bengaluru,2026-07-04,3.6,0.09086419641971588,12.97,77.59,Normal,0.10503801191601109,Inland,3.6,1.4745465174236831,1.74856706857681,0.45557662133676413,0.0,0.45557662133676413,0.0010183630951387855,0.0
bhopal,2026-07-04,51.3,6.91421365737915,23.26,77.41,Normal,0.10503801191601109,Inland,51.3,37.610351900649235,54.00259215714941,49.65979129308138,97.8213415949376,70.0,0.47083427281967966,0.0
bhubaneswar,2026-07-04,25.3,67.2408676147461,20.3,85.82,Normal,0.10503801191601109,East coast,25.3,19.625995966258806,21.03885790737861,20.25724381862425,37.39593427349686,20.25724381862425,0.03191088198025991,0.0
chandigarh,2026-07-04,1.3,3.8917899131774902,30.73,76.78,Normal,0.10503801191601109,Inland,1.3,0.08803347080945954,0.17133843004703475,1.0304749408176193,0.07148861123570101,1.0304749408176193,0.00022829246588428265,0.0
chennai,2026-07-04,2.2,0.0,13.08,80.27,Normal,0.10503801191601109,East coast,2.2,0.47377452731132513,0.11216609954833984,0.43592199406159116,0.0,0.43592199406159116,6.323973848944223e-05,0.0
dehradun,2026-07-04,21.1,0.0,30.32,78.03,Normal,0.10503801191601109,Hill / Himalayan orographic,21.1,16.540859086889967,21.469604885223657,14.110807921345254,19.54355319013323,14.110807921345254,0.026156434737919575,0.0
delhi,2026-07-04,4.5,0.0,28.61,77.21,Normal,0.10503801191601109,Inland,4.5,2.065054836273195,2.2449578161592827,2.47438081273354,1.7317044635658436,2.47438081273354,0.012737508854325043,0.0
gangtok,2026-07-04,21.2,28.8618106842041,27.33,88.61,Normal,0.10503801191601109,Hill / Himalayan orographic,21.2,16.594600190614397,21.532092910077065,27.386114009406782,53.34662056884372,27.386114009406782,0.017341125413206156,0.0
guwahati,2026-07-04,5.4,0.0,26.14,91.74,Normal,0.10503801191601109,Inland,5.4,2.8861253682772317,2.934094989299769,4.848397431225589,5.7417420202355265,4.848397431225589,0.0008455278803367355,0.0
hyderabad,2026-07-04,0.5,2.621626615524292,17.39,78.49,Normal,0.10503801191601109,Inland,0.5,0.0,0.0,0.9457013232077672,0.026080357374511757,0.9457013232077672,5.9513016601114774e-05,0.0
jabalpur,2026-07-04,44.2,65.27930450439453,23.18,79.95,Normal,0.10503801191601109,Inland,44.2,33.99721294033157,43.19722117267591,27.97406798981534,49.306766464112094,27.97406798981534,0.059985265084905794,0.0
jaipur,2026-07-04,2.1,0.09166453778743744,26.91,75.79,Normal,0.10503801191601109,Inland,2.1,0.4039362758398055,0.5564281158977104,0.9080748603143977,0.0043745878642346935,0.9080748603143977,0.00015240391254745593,0.0
jodhpur,2026-07-04,2.0,8.166718482971191,26.24,73.02,Normal,0.10503801191601109,Inland,2.0,0.36120778575539597,0.5072392180562056,0.5041453322076441,0.0,0.5041453322076441,0.0001323892520176009,0.0
kochi,2026-07-04,10.5,46.420047760009766,9.93,76.27,Normal,0.10503801191601109,West-coast orographic,10.5,7.622761444447172,6.212107772827148,7.474499404839652,7.730175450390878,7.474499404839652,0.003942081479254326,0.0
kolkata,2026-07-04,3.6,0.06690440326929092,22.57,88.36,Normal,0.10503801191601109,East coast,3.6,1.4745465174236831,0.7065230860935068,0.4301623106402933,0.0,0.4301623106402933,0.001329633236458369,0.0
lucknow,2026-07-04,1.0,0.0,26.85,80.95,Normal,0.10503801191601109,Inland,1.0,0.0,0.0779995046555996,0.764916371152061,0.0,0.764916371152061,9.472463990230142e-05,0.0
madurai,2026-07-04,0.5,0.0,9.93,78.12,Normal,0.10503801191601109,Inland,0.5,0.0,0.0,0.39274403064462887,0.0,0.39274403064462887,6.059793107495851e-05,0.0
mangaluru,2026-07-04,15.7,65.12860870361328,12.91,74.86,Normal,0.10503801191601109,West-coast orographic,15.7,12.087169101021502,8.114636103312174,27.957329201611834,36.54627211931784,27.957329201611834,0.0575553549190488,0.0
mumbai,2026-07-04,145.6,77.73084259033203,19.08,72.88,Normal,0.10503801191601109,West-coast orographic,145.6,122.3720427147748,66.96854733004427,59.79216086161984,69.26539653203213,70.0,0.6653223256612686,1.0
nagpur,2026-07-04,11.0,8.537175178527832,21.15,79.09,Normal,0.10503801191601109,Inland,11.0,8.027096509933472,8.161469006538391,4.3675355217680725,4.912007127290118,4.3675355217680725,0.002422661857392802,0.0
panaji,2026-07-04,7.2,10.772080421447754,15.49,73.83,Normal,0.10503801191601109,West-coast orographic,7.2,4.497280740737917,4.150561940670013,4.032587709319098,2.6684335085204105,4.032587709319098,0.0017686443707307846,0.0
patna,2026-07-04,0.0,0.0,25.59,85.14,Normal,0.10503801191601109,Inland,0.0,0.0,0.0,0.3337510063632264,0.0,0.3337510063632264,0.00012863015110098358,0.0
pune,2026-07-04,63.8,30.49721908569336,18.52,73.86,Normal,0.10503801191601109,Inland,63.8,42.001639135735914,73.74497381551949,36.39137941995106,66.40658164791142,36.39137941995106,0.1346890214529048,0.0
raipur,2026-07-04,14.200000000000001,2.8961760997772217,21.25,81.63,Normal,0.10503801191601109,Inland,14.200000000000001,10.95524796485901,12.195842130468527,5.657812156072732,7.678787055718876,5.657812156072732,0.008083502894160571,0.0
ranchi,2026-07-04,4.6,12.743487358093262,23.34,85.31,Normal,0.10503801191601109,Inland,4.6,2.166905683279038,2.2859188786259392,2.0321922014516645,1.0219184135726336,2.0321922014516645,0.002998094240790342,0.0
shillong,2026-07-04,8.6,0.0,25.58,91.89,Normal,0.10503801191601109,Hill / Himalayan orographic,8.6,5.628283321857456,5.694605468336943,8.203395494431582,6.537898423880011,8.203395494431582,0.0019360253468594106,0.0
shimla,2026-07-04,15.5,5.2446064949035645,31.1,77.17,Normal,0.10503801191601109,Hill / Himalayan orographic,15.5,11.93688841039484,14.517054643203963,9.146004641867798,8.617834217339986,9.146004641867798,0.020556960042632903,0.0
srinagar,2026-07-04,0.0,0.0,34.08,74.8,Normal,0.10503801191601109,Hill / Himalayan orographic,0.0,0.0,0.0,0.010516000771107186,0.0,0.010516000771107186,0.00034640922451747096,0.0
surat,2026-07-04,36.6,43.648895263671875,21.17,72.83,Normal,0.10503801191601109,West-coast orographic,36.6,27.643946276880577,15.71177506219773,30.72976488887477,38.207986863058935,30.72976488887477,0.10592739262860947,0.0
thiruvananthapuram,2026-07-04,1.6,5.057985305786133,8.52,76.94,Normal,0.10503801191601109,West-coast orographic,1.6,0.17900619417060842,0.0,0.6412255037292809,0.0,0.6412255037292809,9.579968549789451e-05,0.0
varanasi,2026-07-04,0.4,0.0,25.32,82.97,Normal,0.10503801191601109,Inland,0.4,0.0,0.0,0.7351637908623178,0.0,0.7351637908623178,0.00016321154125817383,0.0
vijayawada,2026-07-04,0.6000000000000001,1.7078112363815308,16.51,80.65,Normal,0.10503801191601109,Inland,0.6000000000000001,0.0,0.0,1.1839860315712594,0.16880310136894677,1.1839860315712594,5.9513016601114774e-05,0.0
visakhapatnam,2026-07-04,3.6,18.612306594848633,17.69,83.22,Normal,0.10503801191601109,East coast,3.6,1.4745465174236831,0.7065230860935068,0.6712819649725043,0.0,0.6712819649725043,0.0009764405801984873,0.0
agartala,2026-07-05,4.0,15.828150749206543,23.83,91.29,Normal,0.43238905299533287,Inland,4.0,1.72970571756363,1.974651304880778,6.821173037491061,10.49332184205079,6.821173037491061,0.0012499844958174197,0.0
ahmedabad,2026-07-05,67.8,24.592243194580078,23.02,72.57,Normal,0.43238905299533287,Inland,67.8,43.79642998764267,78.72123959270917,60.447639437285,123.71131907221533,70.0,0.41477286022861554,1.0
amritsar,2026-07-05,0.0,0.0,31.63,74.87,Normal,0.43238905299533287,Inland,0.0,0.0,0.0,0.1982559126028617,0.0,0.1982559126028617,0.0004246356495168598,0.0
bengaluru,2026-07-05,1.5,0.11143147945404053,12.97,77.59,Normal,0.43238905299533287,Inland,1.5,0.1220369584113355,0.2694983720779421,0.2242955151577416,0.0,0.2242955151577416,8.420644427230132e-05,0.0
bhopal,2026-07-05,9.2,3.770632266998291,23.26,77.41,Normal,0.43238905299533287,Inland,9.2,6.282584037780762,6.260743912061042,1.9968168272764006,0.9571379698161009,1.9968168272764006,0.014906061455584747,0.0
bhubaneswar,2026-07-05,80.4,105.27037048339844,20.3,85.82,Normal,0.43238905299533287,East coast,80.4,51.30802528855163,140.20661776797323,31.886076627576088,45.27130529673459,31.886076627576088,0.12972508008425793,1.0
chandigarh,2026-07-05,7.7,1.3646411895751953,30.73,76.78,Normal,0.43238905299533287,Inland,7.7,5.019062525431315,5.268118119239807,2.190674295687681,1.3275394428601606,2.190674295687681,0.008236182548598436,0.0
chennai,2026-07-05,1.5,0.0,13.08,80.27,Normal,0.43238905299533287,East coast,1.5,0.1220369584113355,0.028308922797441523,0.26763698145123527,0.0,0.26763698145123527,6.323973848944223e-05,0.0
dehradun,2026-07-05,43.4,0.07935666292905807,30.32,78.03,Normal,0.43238905299533287,Hill / Himalayan orographic,43.4,33.5013386472243,39.94042358143558,22.831904485562042,41.07819459042297,22.831904485562042,0.20668548210969195,0.0
delhi,2026-07-05,0.0,0.21860823035240173,28.61,77.21,Normal,0.43238905299533287,Inland,0.0,0.0,0.0,0.14791844960936937,0.0,0.14791844960936937,0.00021461472519696096,0.0
gangtok,2026-07-05,18.3,10.18986988067627,27.33,88.61,Normal,0.43238905299533287,Hill / Himalayan orographic,18.3,14.408935888038505,18.417870032950628,20.30533461655581,38.51081640539522,20.30533461655581,0.013416450001025567,0.0
guwahati,2026-07-05,0.8999999999999999,0.0,26.14,91.74,Normal,0.43238905299533287,Inland,0.8999999999999999,0.0,0.03137072585523125,4.433383225427909,5.021056813682617,4.433383225427909,0.00013857913039179301,0.0
hyderabad,2026-07-05,3.3,2.0512967109680176,17.39,78.49,Normal,0.43238905299533287,Inland,3.3,1.191554715633392,1.5297476649284367,1.2158040243882176,0.1978153788627276,1.2158040243882176,5.9513016601114774e-05,0.0
jabalpur,2026-07-05,3.7,4.07888650894165,23.18,79.95,Normal,0.43238905299533287,Inland,3.7,1.6031396126747128,1.8102171579996726,1.5074660266326798,0.4708336535310412,1.5074660266326798,0.0017311170227892582,0.0
jaipur,2026-07-05,0.0,0.0,26.91,75.79,Normal,0.43238905299533287,Inland,0.0,0.0,0.0,0.06100176286630092,0.0,0.06100176286630092,0.00015240391254745593,0.0
jodhpur,2026-07-05,3.2,36.03166580200195,26.24,73.02,Normal,0.43238905299533287,Inland,3.2,1.1278424263000488,1.3044436216354376,0.5416176817968842,0.0,0.5416176817968842,0.0001323892520176009,0.0
kochi,2026-07-05,0.0,8.015628814697266,9.93,76.27,Normal,0.43238905299533287,West-coast orographic,0.0,0.0,0.0,0.3400910021604471,0.0,0.3400910021604471,0.00010735868320507612,0.0
kolkata,2026-07-05,13.4,0.0450851246714592,22.57,88.36,Normal,0.43238905299533287,East coast,13.4,10.265045919418338,9.84273915164875,3.470358815800302,4.453299989595882,3.470358815800302,0.009164462308539654,0.0
lucknow,2026-07-05,0.30000000000000004,0.0,26.85,80.95,Normal,0.43238905299533287,Inland,0.30000000000000004,0.0,0.0,1.1683283726776001,0.15497458241436488,1.1683283726776001,9.472463990230142e-05,0.0
madurai,2026-07-05,0.0,0.0,9.93,78.12,Normal,0.43238905299533287,Inland,0.0,0.0,0.0,0.010253764530658726,0.0,0.010253764530658726,6.059793107495851e-05,0.0
mangaluru,2026-07-05,3.8000000000000003,6.29337215423584,12.91,74.86,Normal,0.43238905299533287,West-coast orographic,3.8000000000000003,1.645328314304352,1.0603757042151232,6.901112515734725,6.939040385678803,6.901112515734725,0.0053265116622447884,0.0
mumbai,2026-07-05,155.5,279.8037109375,19.08,72.88,Normal,0.43238905299533287,West-coast orographic,155.5,136.18659187954506,70.39148538419516,59.79216086161984,69.26539653203213,70.0,0.6653223256612686,1.0
nagpur,2026-07-05,9.0,8.755402565002441,21.15,79.09,Normal,0.43238905299533287,Inland,9.0,6.038166208267214,6.018221779303111,1.5890783039562477,0.5408434440257194,1.5890783039562477,0.0006331672934489141,0.0
panaji,2026-07-05,43.3,32.936370849609375,15.49,73.83,Normal,0.43238905299533287,West-coast orographic,43.3,33.41354338628351,19.067249910819097,26.26000559191785,32.761426157657475,26.26000559191785,0.020962516953202535,0.0
patna,2026-07-05,1.0,0.0,25.59,85.14,Normal,0.43238905299533287,Inland,1.0,0.0,0.0779995046555996,0.6867989326572147,0.0,0.6867989326572147,0.00012863015110098358,0.0
pune,2026-07-05,36.2,30.92608642578125,18.52,73.86,Normal,0.43238905299533287,Inland,36.2,27.307646101209848,36.76260386115294,10.391630655988887,19.09480701897168,10.391630655988887,0.01777965081025282,0.0
raipur,2026-07-05,6.6000000000000005,46.88864517211914,21.25,81.63,Normal,0.43238905299533287,Inland,6.6000000000000005,4.0152301756540965,4.261975288391112,1.3439312276640925,0.2688931299539,1.3439312276640925,0.0010334266364377767,0.0
ranchi,2026-07-05,3.2,5.793303966522217,23.34,85.31,Normal,0.43238905299533287,Inland,3.2,1.1278424263000488,1.3044436216354376,2.0092497327086876,0.9799054782838907,2.0092497327086876,0.00018343808410850566,0.0
shillong,2026-07-05,0.5,1.8098946809768677,25.58,91.89,Normal,0.43238905299533287,Hill / Himalayan orographic,0.5,0.0,0.0,7.099039125997148,5.240131262658347,7.099039125997148,0.00028139808735682976,0.0
shimla,2026-07-05,16.5,1.883683204650879,31.1,77.17,Normal,0.43238905299533287,Hill / Himalayan orographic,16.5,12.816031314002144,15.781106440698439,4.44386273152351,2.6400444835908234,4.44386273152351,0.020556960042632903,0.0
srinagar,2026-07-05,0.0,0.0,34.08,74.8,Normal,0.43238905299533287,Hill / Himalayan orographic,0.0,0.0,0.0,0.010516000771107186,0.0,0.010516000771107186,0.00034640922451747096,0.0
surat,2026-07-05,133.4,44.67294692993164,21.17,72.83,Normal,0.43238905299533287,West-coast orographic,133.4,105.34805283495692,62.745467740572415,55.66414828252221,67.95671428178595,70.0,0.6397028864254495,1.0
thiruvananthapuram,2026-07-05,0.30000000000000004,7.179853916168213,8.52,76.94,Normal,0.43238905299533287,West-coast orographic,0.30000000000000004,0.0,0.0,0.3576227235968023,0.0,0.3576227235968023,9.579968549789451e-05,0.0
varanasi,2026-07-05,0.0,0.0,25.32,82.97,Normal,0.43238905299533287,Inland,0.0,0.0,0.0,0.14659528233617752,0.0,0.14659528233617752,0.00016321154125817383,0.0
vijayawada,2026-07-05,1.8,2.7379250526428223,16.51,80.65,Normal,0.43238905299533287,Inland,1.8,0.25650048255920416,0.42395399957895286,1.2639920946626597,0.23036425882987666,1.2639920946626597,5.9513016601114774e-05,0.0
visakhapatnam,2026-07-05,2.5,12.158670425415039,17.69,83.22,Normal,0.43238905299533287,East coast,2.5,0.5785120493173602,0.20554774845117024,0.3098242594920506,0.0,0.3098242594920506,8.186789723994251e-05,0.0
agartala,2026-07-06,2.3,3.744765520095825,23.83,91.29,Active,1.0688503069577453,Inland,2.3,0.5042269200086597,0.031869389582425314,5.789924605907497,17.744297264296105,5.789924605907497,0.00017754760974007306,0.0
ahmedabad,2026-07-06,7.3,3.0015687942504883,23.02,72.57,Active,1.0688503069577453,Inland,7.3,4.61189199447632,16.725943924855375,1.5450459920193966,0.33814876666970994,1.5450459920193966,0.005489866105408497,0.0
amritsar,2026-07-06,0.0,8.746225357055664,31.63,74.87,Active,1.0688503069577453,Inland,0.0,0.0,0.0,0.35511833608772736,0.0,0.35511833608772736,0.0003478904121616829,0.0
bengaluru,2026-07-06,0.0,0.0,12.97,77.59,Active,1.0688503069577453,Inland,0.0,0.0,0.0,0.012994181514911019,0.0,0.012994181514911019,0.00017304000993053066,0.0
bhopal,2026-07-06,7.5,7.837124824523926,23.26,77.41,Active,1.0688503069577453,Inland,7.5,4.841114501953125,16.835917761204605,1.6344017600883993,0.4623373774847828,1.6344017600883993,0.006916370891007876,0.0
bhubaneswar,2026-07-06,54.5,11.373308181762695,20.3,85.82,Active,1.0688503069577453,East coast,54.5,38.51801357257727,29.31440944744992,32.96823319979342,30.037357725965297,70.0,0.3261239738346084,0.0
chandigarh,2026-07-06,17.8,0.0,30.73,76.78,Active,1.0688503069577453,Inland,17.8,14.043200798034677,17.69734327469506,3.853228971179899,16.720204323598935,3.853228971179899,0.010291539418846404,0.0
chennai,2026-07-06,0.0,0.0,13.08,80.27,Active,1.0688503069577453,East coast,0.0,0.0,0.0,0.028227324120811453,0.0,0.028227324120811453,0.00018124587888325723,0.0
dehradun,2026-07-06,22.5,1.2944092750549316,30.32,78.03,Active,1.0688503069577453,Hill / Himalayan orographic,22.5,17.364576083057006,16.164697534486063,14.795228460512364,18.711141582921,14.795228460512364,0.04703835275225916,0.0
delhi,2026-07-06,0.7000000000000001,8.187396049499512,28.61,77.21,Active,1.0688503069577453,Inland,0.7000000000000001,0.0,0.0,0.6004861129881458,0.0,0.6004861129881458,0.00018376997892580535,0.0
gangtok,2026-07-06,16.2,24.81777572631836,27.33,88.61,Active,1.0688503069577453,Hill / Himalayan orographic,16.2,12.535864799287582,13.118632352915192,15.002113143631775,18.76274585040627,15.002113143631775,0.012351376100553074,0.0
guwahati,2026-07-06,0.30000000000000004,3.4688775539398193,26.14,91.74,Active,1.0688503069577453,Inland,0.30000000000000004,0.0,0.0,4.224841373417128,16.856626696441257,4.224841373417128,0.00014477943884223218,0.0
hyderabad,2026-07-06,3.3,1.4726663827896118,17.39,78.49,Active,1.0688503069577453,Inland,3.3,1.191554715633392,1.8404085040092464,1.2274618953359984,0.028909389768674944,1.2274618953359984,0.00016908103304040287,0.0
jabalpur,2026-07-06,13.6,31.05483055114746,23.18,79.95,Active,1.0688503069577453,Inland,13.6,10.471502161026,17.38184235312722,3.766738322692893,16.688452801248676,3.766738322692893,0.010401656360967276,0.0
jaipur,2026-07-06,0.0,13.077812194824219,26.91,75.79,Active,1.0688503069577453,Inland,0.0,0.0,0.0,0.1451627157251876,0.0,0.1451627157251876,0.00011090364941336857,0.0
jodhpur,2026-07-06,0.0,11.959752082824707,26.24,73.02,Active,1.0688503069577453,Inland,0.0,0.0,0.0,0.12688424539403537,0.0,0.12688424539403537,0.00010685127598453023,0.0
kochi,2026-07-06,0.0,0.7295737266540527,9.93,76.27,Active,1.0688503069577453,West-coast orographic,0.0,0.0,0.0,1.031754676592845,0.049074537368746944,1.031754676592845,0.00020829880082223756,0.0
kolkata,2026-07-06,20.0,36.100093841552734,22.57,88.36,Active,1.0688503069577453,East coast,20.0,15.750823314573994,15.003790692380406,8.634394978254239,13.118393797583895,8.634394978254239,0.013946714429056241,0.0
lucknow,2026-07-06,0.0,2.9143121242523193,26.85,80.95,Active,1.0688503069577453,Inland,0.0,0.0,0.0,0.5481477409735076,0.0,0.5481477409735076,0.000149016070251659,0.0
madurai,2026-07-06,0.0,0.0,9.93,78.12,Active,1.0688503069577453,Inland,0.0,0.0,0.0,0.022435222679943058,0.0,0.022435222679943058,0.00017367528211122374,0.0
mangaluru,2026-07-06,14.5,26.8802490234375,12.91,74.86,Active,1.0688503069577453,West-coast orographic,14.5,11.183558574676514,12.294827744314999,20.39497130938498,24.69169867757908,20.39497130938498,0.1281263233996738,0.0
mumbai,2026-07-06,209.0,224.44537353515625,19.08,72.88,Active,1.0688503069577453,West-coast orographic,209.0,210.8409737295662,225.06612379286025,63.99162547025194,79.5692957792473,70.0,0.8117210677630146,1.0
nagpur,2026-07-06,1.5999999999999999,3.3707809448242188,21.15,79.09,Active,1.0688503069577453,Inland,1.5999999999999999,0.17900619417060837,0.0,1.0837625516977607,0.0,1.0837625516977607,0.00013623518343752714,0.0
panaji,2026-07-06,30.7,14.59585952758789,15.49,73.83,Active,1.0688503069577453,West-coast orographic,30.7,23.8105764450987,21.088588027377718,22.504956719145948,25.031262777719864,22.504956719145948,0.08876594739525229,0.0
patna,2026-07-06,9.0,8.327768325805664,25.59,85.14,Active,1.0688503069577453,Inland,9.0,6.038166208267214,17.029237818679327,1.1144897195078336,0.0,1.1144897195078336,0.0020307783738845505,0.0
pune,2026-07-06,7.5,107.51600646972656,18.52,73.86,Active,1.0688503069577453,Inland,7.5,4.841114501953125,16.835917761204605,1.7068764034851638,2.2184334731200934,1.7068764034851638,0.0028269055925653334,0.0
raipur,2026-07-06,24.5,81.1670913696289,21.25,81.63,Active,1.0688503069577453,Inland,24.5,19.19321445766248,18.462495077224006,13.624490891686062,31.11574046454729,13.624490891686062,0.022983860730969363,0.0
ranchi,2026-07-06,17.7,18.790367126464844,23.34,85.31,Active,1.0688503069577453,Inland,17.7,13.94861972462048,17.689143936918054,7.091936538486995,18.14048202517988,7.091936538486995,0.007120136139020159,0.0
shillong,2026-07-06,2.1,8.386576652526855,25.58,91.89,Active,1.0688503069577453,Hill / Himalayan orographic,2.1,0.4039362758398055,0.05451996423304083,5.275208400801388,8.772621403740985,5.275208400801388,0.0002513742271701294,0.0
shimla,2026-07-06,9.200000000000001,0.9396337270736694,31.1,77.17,Active,1.0688503069577453,Hill / Himalayan orographic,9.200000000000001,6.282584037780763,10.080373550975946,3.507777858347869,7.4134131143741,3.507777858347869,0.008124729822850113,0.0
srinagar,2026-07-06,0.0,0.0,34.08,74.8,Active,1.0688503069577453,Hill / Himalayan orographic,0.0,0.0,0.0,0.21033155053802224,0.0,0.21033155053802224,0.0003276287334220939,0.0
surat,2026-07-06,6.7,15.444587707519531,21.17,72.83,Active,1.0688503069577453,West-coast orographic,6.7,4.139189980824792,6.860130378530045,3.969960083776338,7.5731312871920275,3.969960083776338,0.01234091002745743,0.0
thiruvananthapuram,2026-07-06,0.0,0.0,8.52,76.94,Active,1.0688503069577453,West-coast orographic,0.0,0.0,0.0,0.04735776875405625,0.0,0.04735776875405625,0.00013549458831892147,0.0
varanasi,2026-07-06,1.1,0.0,25.32,82.97,Active,1.0688503069577453,Inland,1.1,0.013964030891656898,0.0,0.4033531099616581,0.0,0.4033531099616581,0.00016856508167506832,0.0
vijayawada,2026-07-06,0.2,0.20831531286239624,16.51,80.65,Active,1.0688503069577453,Inland,0.2,0.0,0.0,0.7199723806015016,0.0,0.7199723806015016,0.00016908103304040287,0.0
visakhapatnam,2026-07-06,0.0,0.0,17.69,83.22,Active,1.0688503069577453,East coast,0.0,0.0,0.0,0.049559013238413815,0.0,0.049559013238413815,0.0001544651987641781,0.0
agartala,2026-07-07,8.2,44.33161926269531,23.83,91.29,Active,1.4021194786097175,Inland,8.2,5.344557689030968,16.9401667594738,1.8831884049496508,4.189698555897405,1.8831884049496508,0.001436844636097971,0.0
ahmedabad,2026-07-07,2.4,8.57674789428711,23.02,72.57,Active,1.4021194786097175,Inland,2.4,0.5346793127059942,0.04239803762175141,0.8456769471962678,0.0,0.8456769471962678,0.00011864927703396368,0.0
amritsar,2026-07-07,0.0,0.0,31.63,74.87,Active,1.4021194786097175,Inland,0.0,0.0,0.0,0.7839673364120807,0.0,0.7839673364120807,0.000390150961374791,0.0
bengaluru,2026-07-07,1.5,0.0,12.97,77.59,Active,1.4021194786097175,Inland,1.5,0.1220369584113355,0.0,0.09956698302915597,0.0,0.09956698302915597,0.00017644634118552278,0.0
bhopal,2026-07-07,6.0,23.84457778930664,23.26,77.41,Active,1.4021194786097175,Inland,6.0,3.3663595867156975,11.748619251251252,0.25203045351536835,0.0,0.25203045351536835,0.02040960873479252,0.0
bhubaneswar,2026-07-07,3.7,1.0263705253601074,20.3,85.82,Active,1.4021194786097175,East coast,3.7,1.6031396126747128,0.8394743186235475,0.37766521504856787,0.0,0.37766521504856787,0.006734649851617966,0.0
chandigarh,2026-07-07,8.6,3.8874194622039795,30.73,76.78,Active,1.4021194786097175,Inland,8.6,5.628283321857456,16.984702289076566,1.4014193723259702,0.19688136148362576,1.4014193723259702,0.006861626774294062,0.0
chennai,2026-07-07,1.1,0.0,13.08,80.27,Active,1.4021194786097175,East coast,1.1,0.013964030891656898,0.0,0.22595779966297344,0.0,0.22595779966297344,0.0002022076180596047,0.0
dehradun,2026-07-07,7.3,1.2097418308258057,30.32,78.03,Active,1.4021194786097175,Hill / Himalayan orographic,7.3,4.61189199447632,7.738921604491117,1.1593666349262748,0.0653300526333821,1.1593666349262748,0.014475817198242393,0.0
delhi,2026-07-07,7.3999999999999995,3.8314437866210938,28.61,77.21,Active,1.4021194786097175,Inland,7.3999999999999995,4.726503248214722,16.780930843029992,0.5728813777758364,0.0,0.5728813777758364,0.009579808853857149,0.0
gangtok,2026-07-07,43.0,43.831398010253906,27.33,88.61,Active,1.4021194786097175,Hill / Himalayan orographic,43.0,33.15015760346115,26.945208350590303,15.416344098122352,20.323924808555656,15.416344098122352,0.07266573278714139,0.0
guwahati,2026-07-07,3.9,3.7597126960754395,26.14,91.74,Active,1.4021194786097175,Inland,3.9,1.6875170159339907,3.948585734367371,1.8868526572137285,4.207109042169215,1.8868526572137285,0.001189741037697518,0.0
hyderabad,2026-07-07,2.4,0.0,17.39,78.49,Active,1.4021194786097175,Inland,2.4,0.5346793127059942,0.04239803762175141,1.2422414885410091,0.036979936386962085,1.2422414885410091,0.00018863612938983712,0.0
jabalpur,2026-07-07,103.39999999999999,21.08730125427246,23.18,79.95,Active,1.4021194786097175,Inland,103.39999999999999,67.58644876079583,90.33662900737687,44.11327954412955,74.73471162647044,70.0,0.44269130878807456,1.0
jaipur,2026-07-07,0.0,0.0,26.91,75.79,Active,1.4021194786097175,Inland,0.0,0.0,0.0,0.37792473737684645,0.0,0.37792473737684645,0.00011890594995496495,0.0
jodhpur,2026-07-07,10.9,20.079835891723633,26.24,73.02,Active,1.4021194786097175,Inland,10.9,7.946229496836212,17.194060412320223,1.8510121171524268,4.048793062987721,1.8510121171524268,0.007552418652071213,0.0
kochi,2026-07-07,2.7,0.47519829869270325,9.93,76.27,Active,1.4021194786097175,West-coast orographic,2.7,0.7004978954792025,0.1761332154273986,4.402514263285999,7.732429438094677,4.402514263285999,0.00021239906180637474,0.0
kolkata,2026-07-07,11.2,20.408246994018555,22.57,88.36,Active,1.4021194786097175,East coast,11.2,8.264579912185669,11.035520101274765,0.13820021334214516,0.0,0.13820021334214516,0.006758851039095444,0.0
lucknow,2026-07-07,1.1,0.0,26.85,80.95,Active,1.4021194786097175,Inland,1.1,0.013964030891656898,0.0,0.6466442416987798,0.0,0.6466442416987798,0.00017480506108891257,0.0
madurai,2026-07-07,0.0,0.0,9.93,78.12,Active,1.4021194786097175,Inland,0.0,0.0,0.0,0.0008896832293335796,0.0,0.0008896832293335796,0.00019376162416539114,0.0
mangaluru,2026-07-07,21.8,29.28797149658203,12.91,74.86,Active,1.4021194786097175,West-coast orographic,21.8,16.91704681296098,15.81645854742696,29.64486998149556,28.210824100128452,29.64486998149556,0.15345481106623993,0.0
mumbai,2026-07-07,242.2,74.6938705444336,19.08,72.88,Active,1.4021194786097175,West-coast orographic,242.2,257.1685527467755,260.8182544623481,44.99415740550699,31.962328424641647,70.0,0.7759618801274192,1.0
nagpur,2026-07-07,2.1,2.6193816661834717,21.15,79.09,Active,1.4021194786097175,Inland,2.1,0.4039362758398055,0.006054772362112985,0.44519527386261876,0.0,0.44519527386261876,0.0001519920648096096,0.0
panaji,2026-07-07,34.4,12.469501495361328,15.49,73.83,Active,1.4021194786097175,West-coast orographic,34.4,25.80383528189184,24.61767936554656,24.169831847452738,25.299194405197,24.169831847452738,0.08435012820839428,0.0
patna,2026-07-07,9.6,9.43343734741211,25.59,85.14,Active,1.4021194786097175,Inland,9.6,6.77021514892578,17.096041113083476,0.4462868043444071,0.0,0.4462868043444071,0.0033259782255083328,0.0
pune,2026-07-07,17.2,98.3946304321289,18.52,73.86,Active,1.4021194786097175,Inland,17.2,13.4757143575495,17.648147248033013,0.7638119549247137,0.0,0.7638119549247137,0.020042996049554028,0.0
raipur,2026-07-07,9.0,69.33342742919922,21.25,81.63,Active,1.4021194786097175,Inland,9.0,6.038166208267214,17.029237818679327,0.1506508438717885,0.0,0.1506508438717885,0.0018062063924745727,0.0
ranchi,2026-07-07,20.5,33.06145477294922,23.34,85.31,Active,1.4021194786097175,Inland,20.5,16.185265192652178,17.92239444535749,7.182450202148855,18.164471342735588,7.182450202148855,0.010344258175416864,0.0
shillong,2026-07-07,2.6,12.454581260681152,25.58,91.89,Active,1.4021194786097175,Hill / Himalayan orographic,2.6,0.6223447859287262,0.12942356616258635,4.484016620693614,7.763430415807042,4.484016620693614,0.0002949984262725321,0.0
shimla,2026-07-07,13.4,5.094241619110107,31.1,77.17,Active,1.4021194786097175,Hill / Himalayan orographic,13.4,10.265045919418338,11.892053180893427,2.818902287854628,4.863297938120036,2.818902287854628,0.010311900506573666,0.0
srinagar,2026-07-07,0.1,0.2525847554206848,34.08,74.8,Active,1.4021194786097175,Hill / Himalayan orographic,0.1,0.0,0.0,0.5282708241781199,0.0,0.5282708241781199,0.00032873754762726765,0.0
surat,2026-07-07,11.5,100.14783477783203,21.17,72.83,Active,1.4021194786097175,West-coast orographic,11.5,8.620805015563965,11.15874932438236,6.101585664458039,11.310061320531746,6.101585664458039,0.06098152132507499,0.0
thiruvananthapuram,2026-07-07,2.8000000000000003,0.0,8.52,76.94,Active,1.4021194786097175,West-coast orographic,2.8000000000000003,0.7934835296869283,0.194375157130487,0.6648745695872483,0.0,0.6648745695872483,0.00013816193169310405,0.0
varanasi,2026-07-07,12.5,6.351717948913574,25.32,82.97,Active,1.4021194786097175,Inland,12.5,9.531475467139046,17.30533859946511,0.22158324170980293,0.0,0.22158324170980293,0.007914427489952741,0.0
vijayawada,2026-07-07,0.30000000000000004,0.0,16.51,80.65,Active,1.4021194786097175,Inland,0.30000000000000004,0.0,0.0,1.252106637499522,0.042366900930683904,1.252106637499522,0.00018863612938983712,0.0
visakhapatnam,2026-07-07,0.30000000000000004,0.0,17.69,83.22,Active,1.4021194786097175,East coast,0.30000000000000004,0.0,0.0,0.5584670560039877,0.0,0.5584670560039877,0.0001723301896083292,0.0
agartala,2026-07-08,22.5,55.625244140625,23.83,91.29,Active,1.5467701354487033,Inland,22.5,17.364576083057006,18.115970319310584,5.741152612015582,17.724956569985984,5.741152612015582,0.004158873143567212,0.0
ahmedabad,2026-07-08,25.5,20.025482177734375,23.02,72.57,Active,1.5467701354487033,Inland,25.5,19.734191343407886,19.045898110334733,4.727783240404038,17.020513885935948,4.727783240404038,0.044889888353397155,0.0
amritsar,2026-07-08,0.0,0.0,31.63,74.87,Active,1.5467701354487033,Inland,0.0,0.0,0.0,0.7839673364120807,0.0,0.7839673364120807,0.000390150961374791,0.0
bengaluru,2026-07-08,3.2,0.0,12.97,77.59,Active,1.5467701354487033,Inland,3.2,1.1278424263000488,1.203275120258335,0.1881175609635697,0.0,0.1881175609635697,0.00017644634118552278,0.0
bhopal,2026-07-08,64.2,10.550080299377441,23.26,77.41,Active,1.5467701354487033,Inland,64.2,42.18111822092659,56.0890868691837,28.098985270007283,50.713270215287054,70.0,0.42539100563381693,0.0
bhubaneswar,2026-07-08,0.0,0.0,20.3,85.82,Active,1.5467701354487033,East coast,0.0,0.0,0.0,0.28933960004345566,0.0,0.28933960004345566,0.00018793921633084506,0.0
chandigarh,2026-07-08,10.8,1.0541670322418213,30.73,76.78,Active,1.5467701354487033,Inland,10.8,7.865362483738952,17.187105525623668,4.058760055397386,16.79565669825866,4.058760055397386,0.006579416866215425,0.0
chennai,2026-07-08,1.0,0.0,13.08,80.27,Active,1.5467701354487033,East coast,1.0,0.0,0.0,0.22595779966297344,0.0,0.22595779966297344,0.0002022076180596047,0.0
dehradun,2026-07-08,25.1,9.916584968566895,30.32,78.03,Active,1.5467701354487033,Hill / Himalayan orographic,25.1,19.517800589109726,17.890828026254074,7.052286848085174,11.998823987856994,7.052286848085174,0.07248874588341934,0.0
delhi,2026-07-08,23.299999999999997,40.74845504760742,28.61,77.21,Active,1.5467701354487033,Inland,23.299999999999997,18.295147327063106,18.193400668891826,5.174386317797487,17.364071725367733,5.174386317797487,0.019330158668351156,0.0
gangtok,2026-07-08,7.5,18.21010398864746,27.33,88.61,Active,1.5467701354487033,Hill / Himalayan orographic,7.5,4.841114501953125,7.865395815813983,7.786547395858613,12.446871334241097,7.786547395858613,0.016758169416043987,0.0
guwahati,2026-07-08,7.7,2.3417019844055176,26.14,91.74,Active,1.5467701354487033,Inland,7.7,5.019062525431315,16.884497347470344,1.6859924132363246,2.021418236093844,1.6859924132363246,0.001082917015218262,0.0
hyderabad,2026-07-08,2.2,0.8947138786315918,17.39,78.49,Active,1.5467701354487033,Inland,2.2,0.47377452731132513,0.021340741543099277,1.2422414885410091,0.036979936386962085,1.2422414885410091,0.00018863612938983712,0.0
jabalpur,2026-07-08,101.8,7.968966484069824,23.18,79.95,Active,1.5467701354487033,Inland,101.8,66.42150237235884,88.93877014459346,44.11327954412955,74.73471162647044,70.0,0.44269130878807456,1.0
jaipur,2026-07-08,2.2,0.4964376986026764,26.91,75.79,Active,1.5467701354487033,Inland,2.2,0.47377452731132513,0.021340741543099277,1.368310059069342,0.1680281340090785,1.368310059069342,0.00011890594995496495,0.0
jodhpur,2026-07-08,7.3,0.027984824031591415,26.24,73.02,Active,1.5467701354487033,Inland,7.3,4.61189199447632,16.725943924855375,1.2171116780509335,0.023257548750466296,1.2171116780509335,0.0033978661431732643,0.0
kochi,2026-07-08,17.1,23.762950897216797,9.93,76.27,Active,1.5467701354487033,West-coast orographic,17.1,13.381133284135306,13.73398171679179,10.769831154151039,15.058440848952028,10.769831154151039,0.03221566255951419,0.0
kolkata,2026-07-08,13.200000000000001,0.002423967234790325,22.57,88.36,Active,1.5467701354487033,East coast,13.200000000000001,10.058589677810673,11.818821442089504,0.0740165057949333,0.0,0.0740165057949333,0.007577503428449577,0.0
lucknow,2026-07-08,1.8,8.530146598815918,26.85,80.95,Active,1.5467701354487033,Inland,1.8,0.25650048255920416,0.0,1.543068397816224,0.33488239206655246,1.543068397816224,0.00017480506108891257,0.0
madurai,2026-07-08,0.8,0.0,9.93,78.12,Active,1.5467701354487033,Inland,0.8,0.0,0.0,0.06789890905923018,0.0,0.06789890905923018,0.00019376162416539114,0.0
mangaluru,2026-07-08,24.1,22.37748146057129,12.91,74.86,Active,1.5467701354487033,West-coast orographic,24.1,18.97682370336432,17.056114968986154,28.45781521423786,27.515469948092896,70.0,0.308856142921975,0.0
mumbai,2026-07-08,166.6,181.87255859375,19.08,72.88,Active,1.5467701354487033,West-coast orographic,166.6,151.67563185216625,179.4067761908637,44.99415740550699,31.962328424641647,70.0,0.7759618801274192,1.0
nagpur,2026-07-08,18.5,15.774362564086914,21.15,79.09,Active,1.5467701354487033,Inland,18.5,14.555229924040034,17.754738639134118,1.2051182136966614,0.01630331671623497,1.2051182136966614,0.013891208555742548,0.0
panaji,2026-07-08,42.9,13.393777847290039,15.49,73.83,Active,1.5467701354487033,West-coast orographic,42.9,33.06236234252036,26.929544467926032,27.490322429130927,26.948731037854817,27.490322429130927,0.11066400436193463,0.0
patna,2026-07-08,8.3,9.56016731262207,25.59,85.14,Active,1.5467701354487033,Inland,8.3,5.403687976996109,16.95130064187449,0.3680650036753229,0.0,0.3680650036753229,0.0029754723707298373,0.0
pune,2026-07-08,84.4,84.62228393554688,18.52,73.86,Active,1.5467701354487033,Inland,84.4,54.01696330769215,73.73705501182405,38.56779050106244,66.41647806186978,70.0,0.3331888575861975,1.0
raipur,2026-07-08,2.5,0.08476722985506058,21.25,81.63,Active,1.5467701354487033,Inland,2.5,0.5785120493173602,0.06483073408303201,0.3437652353420208,0.0,0.3437652353420208,0.00013177635941043924,0.0
ranchi,2026-07-08,1.2000000000000002,0.0529266856610775,23.34,85.31,Active,1.5467701354487033,Inland,1.2000000000000002,0.061612057313323414,0.0,0.4589448497199228,0.0,0.4589448497199228,0.00019340445358188846,0.0
shillong,2026-07-08,22.6,13.752472877502441,25.58,91.89,Active,1.5467701354487033,Hill / Himalayan orographic,22.6,17.48089748855777,16.214445961208796,4.624669851660175,7.816930557607345,4.624669851660175,0.00385268648195031,0.0
shimla,2026-07-08,18.7,2.569981575012207,31.1,77.17,Active,1.5467701354487033,Hill / Himalayan orographic,18.7,14.701523960041564,14.42802025754349,0.9526613149007166,0.0,0.9526613149007166,0.011093415378422525,0.0
srinagar,2026-07-08,0.0,0.0,34.08,74.8,Active,1.5467701354487033,Hill / Himalayan orographic,0.0,0.0,0.0,0.3974685955095817,0.0,0.3974685955095817,0.00032873754762726765,0.0
surat,2026-07-08,68.0,188.0817413330078,21.17,72.83,Active,1.5467701354487033,West-coast orographic,68.0,43.886169530238014,31.002163767547366,20.97493123619243,24.785032768778503,70.0,0.36381156528889075,1.0
thiruvananthapuram,2026-07-08,0.6000000000000001,0.0,8.52,76.94,Active,1.5467701354487033,West-coast orographic,0.6000000000000001,0.0,0.0,0.26621285447976295,0.0,0.26621285447976295,0.00013816193169310405,0.0
varanasi,2026-07-08,6.4,0.28459903597831726,25.32,82.97,Active,1.5467701354487033,Inland,6.4,3.739940249919895,14.052359156454768,0.13334827142822533,0.0,0.13334827142822533,0.006258968597486578,0.0
vijayawada,2026-07-08,0.6000000000000001,0.0,16.51,80.65,Active,1.5467701354487033,Inland,0.6000000000000001,0.0,0.0,1.229044290693224,0.029773472786516098,1.229044290693224,0.00018863612938983712,0.0
visakhapatnam,2026-07-08,0.0,0.23246969282627106,17.69,83.22,Active,1.5467701354487033,East coast,0.0,0.0,0.0,0.06687857947061217,0.0,0.06687857947061217,0.0001723301896083292,0.0
agartala,2026-07-09,27.7,93.04306030273438,23.83,91.29,Active,1.6729184991662882,Inland,27.7,21.022568484082566,23.368464591582242,4.817022568827651,17.049330794971436,4.817022568827651,0.003976614802225429,0.0
ahmedabad,2026-07-09,5.3,0.0,23.02,72.57,Active,1.6729184991662882,Inland,5.3,2.79529047012329,6.970234785079957,0.8570069224024984,0.0,0.8570069224024984,0.005672400147961503,0.0
amritsar,2026-07-09,0.0,0.32096749544143677,31.63,74.87,Active,1.6729184991662882,Inland,0.0,0.0,0.0,0.7839673364120807,0.0,0.7839673364120807,0.000390150961374791,0.0
bengaluru,2026-07-09,3.5,0.0,12.97,77.59,Active,1.6729184991662882,Inland,3.5,1.3589214962407177,2.065278771134871,0.1092903688763788,0.0,0.1092903688763788,0.002821404562533606,0.0
bhopal,2026-07-09,69.0,1.8800252676010132,23.26,77.41,Active,1.6729184991662882,Inland,69.0,44.3348672432147,60.282663457533886,35.24563524565971,61.43324517876569,70.0,0.4484635016302213,1.0
bhubaneswar,2026-07-09,0.0,0.028124909847974777,20.3,85.82,Active,1.6729184991662882,East coast,0.0,0.0,0.0,0.28933960004345566,0.0,0.28933960004345566,0.00018793921633084506,0.0
chandigarh,2026-07-09,8.6,4.848339557647705,30.73,76.78,Active,1.6729184991662882,Inland,8.6,5.628283321857456,16.984702289076566,1.4014193723259702,0.19688136148362576,1.4014193723259702,0.006861626774294062,0.0
chennai,2026-07-09,1.7,0.0,13.08,80.27,Active,1.6729184991662882,East coast,1.7,0.21205292522907307,0.005406046751886606,0.5249316119537014,0.0,0.5249316119537014,0.0002022076180596047,0.0
dehradun,2026-07-09,39.1,80.94876861572266,30.32,78.03,Active,1.6729184991662882,Hill / Himalayan orographic,39.1,29.74582237482266,26.277533630073123,21.151848006738117,24.8135043324738,21.151848006738117,0.17590209191766024,0.0
delhi,2026-07-09,71.1,65.7965316772461,28.61,77.21,Active,1.6729184991662882,Inland,71.1,45.27713244046575,62.11735321493709,31.22060614181586,55.395701522999914,70.0,0.3341371797057916,1.0
gangtok,2026-07-09,10.1,12.090680122375488,27.33,88.61,Active,1.6729184991662882,Hill / Himalayan orographic,10.1,7.344876735039404,10.58367961654692,12.784950279815076,18.209707975597702,12.784950279815076,0.018579174847722684,0.0
guwahati,2026-07-09,4.8,9.824134826660156,26.14,91.74,Active,1.6729184991662882,Inland,4.8,2.3394259579976397,5.03331981386457,1.7914836959239167,3.6977360503938868,1.7914836959239167,0.0010896897215231227,0.0
hyderabad,2026-07-09,0.9,0.8431906700134277,17.39,78.49,Active,1.6729184991662882,Inland,0.9,0.0,0.0,0.726832867755715,0.0,0.726832867755715,0.00018863612938983712,0.0
jabalpur,2026-07-09,19.0,7.639697551727295,23.18,79.95,Active,1.6729184991662882,Inland,19.0,14.92096501404386,17.795735328019163,2.5596560725442186,7.150567546294288,2.5596560725442186,0.015432745173355356,0.0
jaipur,2026-07-09,16.3,0.0,26.91,75.79,Active,1.6729184991662882,Inland,16.3,12.629253637525771,17.574353208039938,1.5953485477709737,0.4136821970091119,1.5953485477709737,0.004753395837022063,0.0
jodhpur,2026-07-09,11.799999999999999,0.0,26.24,73.02,Active,1.6729184991662882,Inland,11.799999999999999,8.959521340000574,17.256654392589223,1.1283540162013137,0.0,1.1283540162013137,0.007877515538033716,0.0
kochi,2026-07-09,9.5,7.8145318031311035,9.93,76.27,Active,1.6729184991662882,West-coast orographic,9.5,6.648307371139525,10.287816049029878,7.853388514491207,12.487657926852524,7.853388514491207,0.03321688955759176,0.0
kolkata,2026-07-09,0.8,0.0723559707403183,22.57,88.36,Active,1.6729184991662882,East coast,0.8,0.0,0.0,0.03209676150515947,0.0,0.03209676150515947,0.00014836098362905423,0.0
lucknow,2026-07-09,17.4,8.001133918762207,26.85,80.95,Active,1.6729184991662882,Inland,17.4,13.66487650437789,17.664545923587028,2.526983006812625,7.114112884092093,2.526983006812625,0.004775156696602216,0.0
madurai,2026-07-09,0.8,0.0,9.93,78.12,Active,1.6729184991662882,Inland,0.8,0.0,0.0,0.06789890905923018,0.0,0.06789890905923018,0.00019376162416539114,0.0
mangaluru,2026-07-09,13.200000000000001,7.657925128936768,12.91,74.86,Active,1.6729184991662882,West-coast orographic,13.200000000000001,10.058589677810673,11.818821442089504,14.031759936862395,18.520705861353946,14.031759936862395,0.11925424920625154,0.0
mumbai,2026-07-09,97.0,108.25971221923828,19.08,72.88,Active,1.6729184991662882,West-coast orographic,97.0,62.926663207047866,85.58227054698321,45.94610094962662,32.70304470397387,70.0,0.7601852651682259,1.0
nagpur,2026-07-09,5.8,14.64494514465332,21.15,79.09,Active,1.6729184991662882,Inland,5.8,3.2174491031964605,9.4970121383667,0.23023858869075892,0.0,0.23023858869075892,0.005425362398191764,0.0
panaji,2026-07-09,8.9,2.384279727935791,15.49,73.83,Active,1.6729184991662882,West-coast orographic,8.9,5.915957293510439,9.872931052922013,5.729288378661417,10.796956923358879,5.729288378661417,0.009063330214844994,0.0
patna,2026-07-09,4.0,6.818983554840088,25.59,85.14,Active,1.6729184991662882,Inland,4.0,1.72970571756363,4.312734365463258,0.583430329627046,0.0,0.583430329627046,0.0032683761092433474,0.0
pune,2026-07-09,37.0,15.35200309753418,18.52,73.86,Active,1.6729184991662882,Inland,37.0,27.98024645255131,32.325486201866,11.405105591322885,30.216826161353836,11.405105591322885,0.06174645090568509,0.0
raipur,2026-07-09,1.0,0.07072243839502335,21.25,81.63,Active,1.6729184991662882,Inland,1.0,0.0,0.0,0.18452133300484086,0.0,0.18452133300484086,0.00013177635941043924,0.0
ranchi,2026-07-09,2.1,0.0,23.34,85.31,Active,1.6729184991662882,Inland,2.1,0.4039362758398055,0.006054772362112985,0.8415530434891456,0.0,0.8415530434891456,0.00019340445358188846,0.0
shillong,2026-07-09,42.5,48.85114288330078,25.58,91.89,Active,1.6729184991662882,Hill / Himalayan orographic,42.5,32.71118129875721,26.866888937268946,7.159494884555399,12.064242559503247,7.159494884555399,0.008051586291926328,0.0
shimla,2026-07-09,42.1,9.305025100708008,31.1,77.17,Active,1.6729184991662882,Hill / Himalayan orographic,42.1,32.36000025499406,26.804233406611857,14.18475693770223,18.5588686583128,14.18475693770223,0.15183568098378017,0.0
srinagar,2026-07-09,0.0,0.6714110374450684,34.08,74.8,Active,1.6729184991662882,Hill / Himalayan orographic,0.0,0.0,0.0,0.3974685955095817,0.0,0.3974685955095817,0.00032873754762726765,0.0
surat,2026-07-09,34.7,0.0,21.17,72.83,Active,1.6729184991662882,West-coast orographic,34.7,26.054253600917566,24.871008782788408,17.480362748892627,22.776359989745522,17.480362748892627,0.08067549339393222,0.0
thiruvananthapuram,2026-07-09,9.1,0.0,8.52,76.94,Active,1.6729184991662882,West-coast orographic,9.1,6.160375123023988,10.011226051624634,0.1454395064209314,0.0,0.1454395064209314,0.003639848119464739,0.0
varanasi,2026-07-09,7.2,0.006511717569082975,25.32,82.97,Active,1.6729184991662882,Inland,7.2,4.497280740737917,16.670957006680762,0.13334827142822533,0.0,0.13334827142822533,0.006258968597486578,0.0
vijayawada,2026-07-09,1.3,0.0,16.51,80.65,Active,1.6729184991662882,Inland,1.3,0.08803347080945954,0.0,0.8017087685732696,0.0,0.8017087685732696,0.00018863612938983712,0.0
visakhapatnam,2026-07-09,0.1,0.6386931538581848,17.69,83.22,Active,1.6729184991662882,East coast,0.1,0.0,0.0,0.23590473966869344,0.0,0.23590473966869344,0.0001723301896083292,0.0
agartala,2026-07-10,18.400000000000002,18.856870651245117,23.83,91.29,Active,2.365458822164785,Inland,18.400000000000002,14.643493647288928,18.922907540214567,6.477600795294192,15.50779171131203,6.477600795294192,0.0005897259097783033,0.0
ahmedabad,2026-07-10,0.0,0.0,23.02,72.57,Active,2.365458822164785,Inland,0.0,0.0,0.0,1.8998910216650622,2.1498490101989853,1.8998910216650622,0.000211064918809931,0.0
amritsar,2026-07-10,19.2,0.0,31.63,74.87,Active,2.365458822164785,Inland,19.2,15.193564000080526,19.142688103887103,13.36979104450765,18.088324476810598,13.36979104450765,0.1061495203831413,0.0
bengaluru,2026-07-10,2.4,0.0,12.97,77.59,Active,2.365458822164785,Inland,2.4,0.5864055290304361,0.47611774321062034,0.4649451207825062,0.0,0.4649451207825062,0.00021497138205693635,0.0
bhopal,2026-07-10,0.0,0.25261861085891724,23.26,77.41,Active,2.365458822164785,Inland,0.0,0.0,0.0,0.6737694392574409,0.0,0.6737694392574409,0.0002925867511035727,0.0
bhubaneswar,2026-07-10,1.5,0.0,20.3,85.82,Active,2.365458822164785,East coast,1.5,0.14296101927757196,0.06117073087269194,0.44419833887996485,0.0,0.44419833887996485,0.00021814003339420593,0.0
chandigarh,2026-07-10,41.7,86.47807312011719,30.73,76.78,Active,2.365458822164785,Inland,41.7,32.30381424245156,116.51600646972656,13.127479282387503,18.06857015732216,13.127479282387503,0.16378346799454163,0.0
chennai,2026-07-10,4.2,5.805654525756836,13.08,80.27,Active,2.365458822164785,East coast,4.2,1.9083722710609436,3.142987871103354,0.37969612355953614,0.0,0.37969612355953614,0.0015486399631034944,0.0
dehradun,2026-07-10,36.2,22.782176971435547,30.32,78.03,Active,2.365458822164785,Hill / Himalayan orographic,36.2,28.001484105226833,29.979970397067568,12.17351538800142,13.836343415940469,12.17351538800142,0.041924430238053936,0.0
delhi,2026-07-10,79.6,30.075075149536133,28.61,77.21,Active,2.365458822164785,Inland,79.6,52.93338038783142,173.36600646972656,60.84580088482784,110.6872019169718,70.0,0.4426326435826566,1.0
gangtok,2026-07-10,12.3,21.951217651367188,27.33,88.61,Active,2.365458822164785,Hill / Himalayan orographic,12.3,9.481907163966781,12.01738789500185,10.93405658093443,13.079708349240972,10.93405658093443,0.00029487505164014875,0.0
guwahati,2026-07-10,9.0,17.248029708862305,26.14,91.74,Active,2.365458822164785,Inland,9.0,6.344208939870201,16.942934425565667,4.498679719028884,9.636796051701486,4.498679719028884,0.0004905061507686236,0.0
hyderabad,2026-07-10,6.6000000000000005,1.6898126602172852,17.39,78.49,Active,2.365458822164785,Inland,6.6000000000000005,4.238348460197449,10.488182120725336,4.252789037224266,8.66987894177255,4.252789037224266,0.007790819614967048,0.0
jabalpur,2026-07-10,2.5,0.9963657855987549,23.18,79.95,Active,2.365458822164785,Inland,2.5,0.6417013195253172,0.5704991812924394,2.6816225164791883,4.257254068077263,2.6816225164791883,0.00019965602349435806,0.0
jaipur,2026-07-10,10.899999999999999,0.0,26.91,75.79,Active,2.365458822164785,Inland,10.899999999999999,8.200850657661361,17.27582010322398,3.64060457147421,7.833533750871842,3.64060457147421,0.00578121392015412,0.0
jodhpur,2026-07-10,0.0,0.0,26.24,73.02,Active,2.365458822164785,Inland,0.0,0.0,0.0,2.9202868669618205,4.746631656879855,2.9202868669618205,0.00036554088232475517,0.0
kochi,2026-07-10,39.7,10.433661460876465,9.93,76.27,Active,2.365458822164785,West-coast orographic,39.7,30.778078483708832,30.770197809799193,27.650150628009087,26.619325027846894,27.650150628009087,0.07373336580486684,0.0
kolkata,2026-07-10,0.0,4.033361911773682,22.57,88.36,Active,2.365458822164785,East coast,0.0,0.0,0.0,0.002288825830898684,0.0,0.002288825830898684,0.00012612980869384496,0.0
lucknow,2026-07-10,5.1000000000000005,88.43318939208984,26.85,80.95,Active,2.365458822164785,Inland,5.1000000000000005,2.671345561963546,6.298461534552382,1.7502656008861786,1.723682011759939,1.7502656008861786,0.0011312683407150126,0.0
madurai,2026-07-10,2.1,0.0,9.93,78.12,Active,2.365458822164785,Inland,2.1,0.3761357069015503,0.39524792760610566,0.4085168675595273,0.0,0.4085168675595273,0.00019523445571165992,0.0
mangaluru,2026-07-10,13.1,6.506923675537109,12.91,74.86,Active,2.365458822164785,West-coast orographic,13.1,10.129575240612038,12.311381645622156,32.16018437260956,29.507739647778195,32.16018437260956,0.11304679040412761,0.0
mumbai,2026-07-10,2.7,0.6045691967010498,19.08,72.88,Active,2.365458822164785,West-coast orographic,2.7,0.7326317131519318,0.49984899759292606,11.044259641103151,13.146982468643587,11.044259641103151,0.0005336503977519835,0.0
nagpur,2026-07-10,10.8,0.1647908240556717,21.15,79.09,Active,2.365458822164785,Inland,10.8,8.114522703567358,17.260952939339347,7.909639836329726,17.33869701842221,7.909639836329726,0.023728797095456212,0.0
panaji,2026-07-10,5.2,1.2222208976745605,15.49,73.83,Active,2.365458822164785,West-coast orographic,5.2,2.7305192474965776,4.466900398877203,10.644319953186676,12.902836886138479,10.644319953186676,0.0062864283652953904,0.0
patna,2026-07-10,5.3,5.2292375564575195,25.59,85.14,Active,2.365458822164785,Inland,5.3,2.801171676490632,7.666515407562255,1.1317252768713366,0.0,1.1317252768713366,0.000982124488562453,0.0
pune,2026-07-10,1.5,0.1220024824142456,18.52,73.86,Active,2.365458822164785,Inland,1.5,0.14296101927757196,0.01141031617624435,4.893853254640055,12.16711928957536,4.893853254640055,0.0005988295249220366,0.0
raipur,2026-07-10,10.799999999999999,0.11867411434650421,21.25,81.63,Active,2.365458822164785,Inland,10.799999999999999,8.114522703567356,17.260952939339347,8.538521560898667,17.65715663412797,8.538521560898667,0.01633352288307144,0.0
ranchi,2026-07-10,0.6000000000000001,1.1706093549728394,23.34,85.31,Active,2.365458822164785,Inland,0.6000000000000001,0.0,0.0,1.430189141300766,0.3467141927800511,1.430189141300766,0.00017932779204402025,0.0
shillong,2026-07-10,25.8,9.2066068649292,25.58,91.89,Active,2.365458822164785,Hill / Himalayan orographic,25.8,20.174587267498644,25.06637516725997,7.6579496461694205,11.52015805274313,7.6579496461694205,0.0011968370287604318,0.0
shimla,2026-07-10,35.6,53.697959899902344,31.1,77.17,Active,2.365458822164785,Hill / Himalayan orographic,35.6,27.502695463715717,29.701708181208375,9.905124530398691,12.52800981300366,9.905124530398691,0.022793354675753323,0.0
srinagar,2026-07-10,3.5,0.0,34.08,74.8,Active,2.365458822164785,Hill / Himalayan orographic,3.5,1.3901309967041016,1.7410287702335077,6.256242684107637,9.297244904272151,6.256242684107637,0.013588513585787833,0.0
surat,2026-07-10,0.4,0.0,21.17,72.83,Active,2.365458822164785,West-coast orographic,0.4,0.0,0.0,0.8318267229313334,0.0,0.8318267229313334,0.00017833384490136656,0.0
thiruvananthapuram,2026-07-10,4.0,1.0561866760253906,8.52,76.94,Active,2.365458822164785,West-coast orographic,4.0,1.7645640105009077,2.969949848601868,0.6722685642719856,0.0,0.6722685642719856,0.0019499749466370365,0.0
varanasi,2026-07-10,6.0,88.96619415283203,25.32,82.97,Active,2.365458822164785,Inland,6.0,3.4915982991456964,9.135298824310308,0.4913378569491337,0.0,0.4913378569491337,0.003052272840669111,0.0
vijayawada,2026-07-10,5.1,0.020579295232892036,16.51,80.65,Active,2.365458822164785,Inland,5.1,2.6713455619635456,6.298461534552379,1.740623037090409,1.6655575564390492,1.740623037090409,0.00282894452534056,0.0
visakhapatnam,2026-07-10,0.2,0.0,17.69,83.22,Active,2.365458822164785,East coast,0.2,0.0,0.0,0.22233949059913347,0.0,0.22233949059913347,0.0002579948634206145,0.0
agartala,2026-07-11,23.8,18.27634620666504,23.83,91.29,Active,2.111952559888446,Inland,23.8,18.95956146842556,22.35048053879004,14.57150424625018,18.31516338769193,14.57150424625018,0.0020270072236457165,0.0
ahmedabad,2026-07-11,0.0,0.0,23.02,72.57,Active,2.111952559888446,Inland,0.0,0.0,0.0,1.8998910216650622,2.1498490101989853,1.8998910216650622,0.000211064918809931,0.0
amritsar,2026-07-11,4.3,23.050254821777344,31.63,74.87,Active,2.111952559888446,Inland,4.3,1.9798775017261507,5.283546056384131,9.264976067188218,17.753681924615023,9.264976067188218,0.010605524714799289,0.0
bengaluru,2026-07-11,8.5,0.052329983562231064,12.97,77.59,Active,2.111952559888446,Inland,8.5,5.693176651000979,16.842506699387695,0.9791905206942588,0.0,0.9791905206942588,0.013183596731713985,0.0
bhopal,2026-07-11,0.0,0.0,23.26,77.41,Active,2.111952559888446,Inland,0.0,0.0,0.0,0.6737694392574409,0.0,0.6737694392574409,0.0002925867511035727,0.0
bhubaneswar,2026-07-11,8.7,22.28608512878418,20.3,85.82,Active,2.111952559888446,East coast,8.7,5.935952007770539,10.096250375325248,2.7175348050559824,3.1076624519476828,2.7175348050559824,0.011539271948018485,0.0
chandigarh,2026-07-11,9.5,11.346734046936035,30.73,76.78,Active,2.111952559888446,Inland,9.5,7.028040361404421,17.043362151743636,1.700133790053088,1.5038382529637084,1.700133790053088,0.009788955382812057,0.0
chennai,2026-07-11,2.8000000000000003,0.0,13.08,80.27,Active,2.111952559888446,East coast,2.8000000000000003,0.7732949852943424,0.6190341430050988,0.5444799442474471,0.0,0.5444799442474471,0.00015511956919949594,0.0
dehradun,2026-07-11,11.799999999999999,18.544578552246094,30.32,78.03,Active,2.111952559888446,Hill / Himalayan orographic,11.799999999999999,9.068401263310355,11.833641800864157,2.9948557806570046,3.772583825541593,2.9948557806570046,0.0049167130812790465,0.0
delhi,2026-07-11,84.10000000000001,0.0,28.61,77.21,Active,2.111952559888446,Inland,84.10000000000001,56.736015591068536,180.11600646972659,57.86747482846423,106.28255719267975,70.0,0.34670778330949775,1.0
gangtok,2026-07-11,2.4,7.856900691986084,27.33,88.61,Active,2.111952559888446,Hill / Himalayan orographic,2.4,0.5864055290304361,0.31314116592147234,7.6188661522091135,11.500870959321173,7.6188661522091135,0.00010478478825229437,0.0
guwahati,2026-07-11,24.9,4.288941383361816,26.14,91.74,Active,2.111952559888446,Inland,24.9,19.54837634437963,28.535420677878633,11.837855186224187,17.963434334807005,11.837855186224187,0.0015833068408618628,0.0
hyderabad,2026-07-11,0.0,0.0,17.39,78.49,Active,2.111952559888446,Inland,0.0,0.0,0.0,0.7014625415799829,0.0,0.7014625415799829,0.00029723189048096383,0.0
jabalpur,2026-07-11,0.9,3.7021167278289795,23.18,79.95,Active,2.111952559888446,Inland,0.9,0.0,0.0,0.8756495214040453,0.0,0.8756495214040453,0.00019965602349435806,0.0
jaipur,2026-07-11,6.9,0.0,26.91,75.79,Active,2.111952559888446,Inland,6.9,4.397329515218736,11.546042958184634,2.882853497125788,4.6067231813275376,2.882853497125788,0.0028050287305969247,0.0
jodhpur,2026-07-11,0.0,0.0,26.24,73.02,Active,2.111952559888446,Inland,0.0,0.0,0.0,2.9202868669618205,4.746631656879855,2.9202868669618205,0.00036554088232475517,0.0
kochi,2026-07-11,42.0,41.68895721435547,9.93,76.27,Active,2.111952559888446,West-coast orographic,42.0,32.55228519459616,30.818353769727256,26.695202445973727,26.394576991617566,26.695202445973727,0.08324564221347024,0.0
kolkata,2026-07-11,58.300000000000004,6.505245208740234,22.57,88.36,Active,2.111952559888446,East coast,58.300000000000004,41.887172115195106,33.07939893998004,21.223701674343413,24.78412674459699,21.223701674343413,0.16605732669607734,0.0
lucknow,2026-07-11,20.5,39.648216247558594,26.85,80.95,Active,2.111952559888446,Inland,20.5,16.08608758449554,19.69081188810396,9.684689145071523,17.78789877880913,9.684689145071523,0.007102691159897588,0.0
madurai,2026-07-11,4.1,0.0,9.93,78.12,Active,2.111952559888446,Inland,4.1,1.8368670403957361,4.940454836351327,0.31922074517690985,0.0,0.31922074517690985,0.0020493837645569907,0.0
mangaluru,2026-07-11,31.4,17.916208267211914,12.91,74.86,Active,2.111952559888446,West-coast orographic,31.4,25.017566184551395,26.884389731408394,39.06240526777124,30.946695437403566,70.0,0.33448677975847046,0.0
mumbai,2026-07-11,3.8,0.0,19.08,72.88,Active,2.111952559888446,West-coast orographic,3.8,1.625984901189804,2.5455567836761457,13.041174124442858,14.468719594169308,13.041174124442858,0.03364125480609871,0.0
nagpur,2026-07-11,0.1,0.00425116578117013,21.15,79.09,Active,2.111952559888446,Inland,0.1,0.0,0.0,0.559295984951072,0.0,0.559295984951072,0.0002513172811400446,0.0
panaji,2026-07-11,3.7,1.868302345275879,15.49,73.83,Active,2.111952559888446,West-coast orographic,3.7,1.5597088217735295,1.9436963224411166,10.769426160452632,12.979208721119583,10.769426160452632,0.019829134170439706,0.0
patna,2026-07-11,11.5,34.53827667236328,25.59,85.14,Active,2.111952559888446,Inland,11.5,8.810180100940523,17.36502308653178,3.888306997351653,8.235271682602633,3.888306997351653,0.002469354215397378,0.0
pune,2026-07-11,0.30000000000000004,0.0,18.52,73.86,Active,2.111952559888446,Inland,0.30000000000000004,0.0,0.0,4.577398576292947,10.159235156870889,4.577398576292947,0.0005988295249220366,0.0
raipur,2026-07-11,0.30000000000000004,0.0,21.25,81.63,Active,2.111952559888446,Inland,0.30000000000000004,0.0,0.0,1.1156956506933955,0.0,1.1156956506933955,0.00020248503788239088,0.0
ranchi,2026-07-11,4.2,12.209683418273926,23.34,85.31,Active,2.111952559888446,Inland,4.2,1.9083722710609436,5.003542018223959,2.361864177952597,3.4979907801075596,2.361864177952597,0.0010508127173342126,0.0
shillong,2026-07-11,19.7,4.709646701812744,25.58,91.89,Active,2.111952559888446,Hill / Himalayan orographic,19.7,15.533935066432878,16.981163738755622,8.755681770878743,12.026078537637591,8.755681770878743,0.00034799567053607884,0.0
shimla,2026-07-11,7.5,28.624568939208984,31.1,77.17,Active,2.111952559888446,Hill / Himalayan orographic,7.5,4.9509370247522995,8.308390550864369,1.0928882475073693,0.03661540422818824,1.0928882475073693,0.002886175331724267,0.0
srinagar,2026-07-11,10.8,0.0,34.08,74.8,Active,2.111952559888446,Hill / Himalayan orographic,10.8,8.114522703567358,11.633690234860564,7.460781405134938,11.422858607393206,7.460781405134938,0.017794826264276836,0.0
surat,2026-07-11,1.2000000000000002,1.387267827987671,21.17,72.83,Active,2.111952559888446,West-coast orographic,1.2000000000000002,0.05208672247827059,0.001946176830679283,0.8091494035751947,0.0,0.8091494035751947,0.00017833384490136656,0.0
thiruvananthapuram,2026-07-11,17.2,0.9700886011123657,8.52,76.94,Active,2.111952559888446,West-coast orographic,17.2,13.698817778415354,14.398115021944047,0.3916477028624073,0.0,0.3916477028624073,0.02335174733792209,0.0
varanasi,2026-07-11,9.799999999999999,0.12365645170211792,25.32,82.97,Active,2.111952559888446,Inland,9.799999999999999,7.322175288200375,17.10361878745042,1.8430425988475576,2.049565780676622,1.8430425988475576,0.0065188469140374855,0.0
vijayawada,2026-07-11,0.0,0.0,16.51,80.65,Active,2.111952559888446,Inland,0.0,0.0,0.0,0.6702971859026206,0.0,0.6702971859026206,0.00023759052385052872,0.0
visakhapatnam,2026-07-11,6.3,0.0,17.69,83.22,Active,2.111952559888446,East coast,6.3,3.830905083469727,6.822148966075418,0.6733729353571576,0.0,0.6733729353571576,0.005847220072993922,0.0
agartala,2026-07-12,25.1,10.346899032592773,23.83,91.29,Active,1.4050803220426669,Inland,25.1,19.6554335945531,29.237652691927828,14.168850956729033,18.205253197616777,14.168850956729033,0.0014721542682538116,0.0
ahmedabad,2026-07-12,0.0,0.0,23.02,72.57,Active,1.4050803220426669,Inland,0.0,0.0,0.0,1.8998910216650622,2.1498490101989853,1.8998910216650622,0.0001721297205817486,0.0
amritsar,2026-07-12,0.7000000000000001,14.131348609924316,31.63,74.87,Active,1.4050803220426669,Inland,0.7000000000000001,0.0,0.0,3.391395983037254,7.305010659850158,3.391395983037254,0.0006548007177467364,0.0
bengaluru,2026-07-12,0.30000000000000004,0.0,12.97,77.59,Active,1.4050803220426669,Inland,0.30000000000000004,0.0,0.0,0.328210542947108,0.0,0.328210542947108,0.00017531568394277072,0.0
bhopal,2026-07-12,0.0,0.0,23.26,77.41,Active,1.4050803220426669,Inland,0.0,0.0,0.0,0.749337297377591,0.0,0.749337297377591,0.0002386167892955565,0.0
bhubaneswar,2026-07-12,0.30000000000000004,2.1515555381774902,20.3,85.82,Active,1.4050803220426669,East coast,0.30000000000000004,0.0,0.0,0.6511071436027228,0.0,0.6511071436027228,0.00015930223382765548,0.0
chandigarh,2026-07-12,0.6000000000000001,0.0,30.73,76.78,Active,1.4050803220426669,Inland,0.6000000000000001,0.0,0.0,1.3431254897660772,0.19621178935940847,1.3431254897660772,0.0003902661379711718,0.0
chennai,2026-07-12,0.6000000000000001,0.0,13.08,80.27,Active,1.4050803220426669,East coast,0.6000000000000001,0.0,0.0,0.26665247188916846,0.0,0.26665247188916846,0.00012650331774908142,0.0
dehradun,2026-07-12,21.9,7.084683895111084,30.32,78.03,Active,1.4050803220426669,Hill / Himalayan orographic,21.9,17.14494993686676,17.63582041511912,5.604668379075992,8.476626294280726,5.604668379075992,0.009019381349197752,0.0
delhi,2026-07-12,0.30000000000000004,0.0,28.61,77.21,Active,1.4050803220426669,Inland,0.30000000000000004,0.0,0.0,1.2365402718288658,0.05797245481115832,1.2365402718288658,0.0002433266517993774,0.0
gangtok,2026-07-12,2.8,4.269769668579102,27.33,88.61,Active,1.4050803220426669,Hill / Himalayan orographic,2.8,0.773294985294342,0.6190341430050983,9.332970525917021,12.278165280253525,9.332970525917021,7.606193149613282e-05,0.0
guwahati,2026-07-12,11.3,6.848470687866211,26.14,91.74,Active,1.4050803220426669,Inland,11.3,8.60097950526646,17.335288758762516,7.003367543281309,16.88063447145441,7.003367543281309,0.0002832682193719127,0.0
hyderabad,2026-07-12,0.0,0.0,17.39,78.49,Active,1.4050803220426669,Inland,0.0,0.0,0.0,0.778526901537299,0.0,0.778526901537299,0.00024240530339673206,0.0
jabalpur,2026-07-12,1.9000000000000001,0.0,23.18,79.95,Active,1.4050803220426669,Inland,1.9000000000000001,0.3001396879553796,0.2177032572765873,2.6239369140194406,4.157371874769201,2.6239369140194406,0.0001628250842769646,0.0
jaipur,2026-07-12,0.0,0.0,26.91,75.79,Active,1.4050803220426669,Inland,0.0,0.0,0.0,0.7922926933174774,0.0,0.7922926933174774,0.00020807883366642812,0.0
jodhpur,2026-07-12,0.0,0.0,26.24,73.02,Active,1.4050803220426669,Inland,0.0,0.0,0.0,2.9202868669618205,4.746631656879855,2.9202868669618205,0.00029811796159748266,0.0
kochi,2026-07-12,6.3,9.340295791625977,9.93,76.27,Active,1.4050803220426669,West-coast orographic,6.3,3.830905083469727,6.822148966075418,2.191883860492499,1.3959656154100843,2.191883860492499,0.004322380197804518,0.0
kolkata,2026-07-12,38.9,0.27348101139068604,22.57,88.36,Active,1.4050803220426669,East coast,38.9,30.168446140999357,30.75344791069378,17.267576387196687,18.48176736024082,17.267576387196687,0.1442750700934087,0.0
lucknow,2026-07-12,20.3,1.1969327926635742,26.85,80.95,Active,1.4050803220426669,Inland,20.3,15.9423803460557,19.57046251148412,9.35694730137691,17.76117982371828,9.35694730137691,0.005925430648982915,0.0
madurai,2026-07-12,1.9000000000000001,0.0,9.93,78.12,Active,1.4050803220426669,Inland,1.9000000000000001,0.3001396879553796,0.2177032572765873,0.4678031298098551,0.0,0.4678031298098551,0.00015921904190303122,0.0
mangaluru,2026-07-12,1.1,2.433096408843994,12.91,74.86,Active,1.4050803220426669,West-coast orographic,1.1,0.028643847256898926,0.0,4.838057201401708,7.992056747393334,4.838057201401708,0.0002358814774509377,0.0
mumbai,2026-07-12,2.2,0.0,19.08,72.88,Active,1.4050803220426669,West-coast orographic,2.2,0.44744667559862233,0.21834612185304816,7.597590070911141,11.490371545730774,7.597590070911141,0.0004352336808492563,0.0
nagpur,2026-07-12,0.2,0.0,21.15,79.09,Active,1.4050803220426669,Inland,0.2,0.0,0.0,0.6283242197573938,0.0,0.6283242197573938,0.00020495824180158387,0.0
panaji,2026-07-12,1.2000000000000002,1.3444278240203857,15.49,73.83,Active,1.4050803220426669,West-coast orographic,1.2000000000000002,0.05208672247827059,0.001946176830679283,3.1708510609544236,4.472099154927838,3.1708510609544236,0.00026600956875975126,0.0
patna,2026-07-12,32.2,6.006288051605225,25.59,85.14,Active,1.4050803220426669,Inland,32.2,25.492938388477675,59.515160485766,16.495650632066017,18.984355992619758,16.495650632066017,0.025618787272567438,0.0
pune,2026-07-12,0.0,0.0,18.52,73.86,Active,1.4050803220426669,Inland,0.0,0.0,0.0,3.403068530792641,7.3347109132570525,3.403068530792641,0.0004883982360728633,0.0
raipur,2026-07-12,0.9,0.4318348467350006,21.25,81.63,Active,1.4050803220426669,Inland,0.9,0.0,0.0,0.9326528543040872,0.0,0.9326528543040872,0.00016513231101387675,0.0
ranchi,2026-07-12,11.3,0.21170674264431,23.34,85.31,Active,1.4050803220426669,Inland,11.3,8.60097950526646,17.335288758762516,6.825314547937816,16.640117585986758,6.825314547937816,0.00219913531127334,0.0
shillong,2026-07-12,4.1,31.67928695678711,25.58,91.89,Active,1.4050803220426669,Hill / Himalayan orographic,4.1,1.8368670403957361,3.0564688598526106,3.3681753569340582,4.803811811276225,3.3681753569340582,0.00023452851595245325,0.0
shimla,2026-07-12,16.5,5.049696445465088,31.1,77.17,Active,1.4050803220426669,Hill / Himalayan orographic,16.5,12.984670420162006,14.11850226378441,1.1112373045618893,0.041123397823296035,1.1112373045618893,0.007423007993298248,0.0
srinagar,2026-07-12,19.2,0.7770425081253052,34.08,74.8,Active,1.4050803220426669,Hill / Himalayan orographic,19.2,15.193564000080526,16.881045979316763,7.337993862306773,11.294394009138522,7.337993862306773,0.016199243541483464,0.0
surat,2026-07-12,0.5,0.0,21.17,72.83,Active,1.4050803220426669,West-coast orographic,0.5,0.0,0.0,0.8318267229313334,0.0,0.8318267229313334,0.00014543567772984302,0.0
thiruvananthapuram,2026-07-12,2.8,0.0,8.52,76.94,Active,1.4050803220426669,West-coast orographic,2.8,0.773294985294342,0.6190341430050983,1.0037595572433777,0.0,1.0037595572433777,0.0001621435583304864,0.0
varanasi,2026-07-12,32.5,0.06392324715852737,25.32,82.97,Active,1.4050803220426669,Inland,32.5,25.654827863519845,63.267852652000464,12.443284979407983,18.012791631612274,12.443284979407983,0.05147794916369585,0.0
vijayawada,2026-07-12,0.0,0.0,16.51,80.65,Active,1.4050803220426669,Inland,0.0,0.0,0.0,0.7456752541743873,0.0,0.7456752541743873,0.00019376308896183785,0.0
visakhapatnam,2026-07-12,0.0,0.0,17.69,83.22,Active,1.4050803220426669,East coast,0.0,0.0,0.0,0.23156181029619954,0.0,0.23156181029619954,0.00018840924946235388,0.0
agartala,2026-07-13,52.2,26.885644912719727,23.83,91.29,Normal,-0.3063106090041085,Inland,52.2,38.30075613741511,55.03323245523214,26.393610717872512,41.945036483696214,26.393610717872512,0.0027906573601627713,0.0
ahmedabad,2026-07-13,0.0,0.0,23.02,72.57,Normal,-0.3063106090041085,Inland,0.0,0.0,0.0,0.6834830219959985,0.0,0.6834830219959985,0.00018931326939559173,0.0
amritsar,2026-07-13,0.1,5.106414318084717,31.63,74.87,Normal,-0.3063106090041085,Inland,0.1,0.0,0.0,2.8354376881143826,2.0744760546496215,2.8354376881143826,0.0011939841260211273,0.0
bengaluru,2026-07-13,0.0,0.0,12.97,77.59,Normal,-0.3063106090041085,Inland,0.0,0.0,0.0,0.12567168874934606,0.0,0.12567168874934606,0.00016546650165996977,0.0
bhopal,2026-07-13,0.0,0.0,23.26,77.41,Normal,-0.3063106090041085,Inland,0.0,0.0,0.0,0.5092972409246213,0.0,0.5092972409246213,0.00042063166955295993,0.0
bhubaneswar,2026-07-13,0.30000000000000004,0.11249963939189911,20.3,85.82,Normal,-0.3063106090041085,East coast,0.30000000000000004,0.0,0.0,0.8833590726902592,0.01402357745080754,0.8833590726902592,0.0002337353777929815,0.0
chandigarh,2026-07-13,1.7000000000000002,0.262224406003952,30.73,76.78,Normal,-0.3063106090041085,Inland,1.7000000000000002,0.20728297047317037,0.32653863549232504,4.695935437698242,5.404500516372011,4.695935437698242,0.0007239323402907672,0.0
chennai,2026-07-13,0.0,0.0,13.08,80.27,Normal,-0.3063106090041085,East coast,0.0,0.0,0.0,0.019031681199173818,0.0,0.019031681199173818,0.00011363816179240755,0.0
dehradun,2026-07-13,8.5,0.0,30.32,78.03,Normal,-0.3063106090041085,Hill / Himalayan orographic,8.5,5.693176651000979,5.57309017239195,8.120163476736831,7.083023205132314,8.120163476736831,0.003687940018569972,0.0
delhi,2026-07-13,0.0,0.0,28.61,77.21,Normal,-0.3063106090041085,Inland,0.0,0.0,0.0,0.47237879555216594,0.0,0.47237879555216594,0.0004514205988569277,0.0
gangtok,2026-07-13,6.0,66.90032958984375,27.33,88.61,Normal,-0.3063106090041085,Hill / Himalayan orographic,6.0,3.4915982991456964,3.4293301809069954,12.809985241034697,18.774167753638295,12.809985241034697,0.00038776122539791743,0.0
guwahati,2026-07-13,2.6,25.364429473876953,26.14,91.74,Normal,-0.3063106090041085,Inland,2.6,0.6919684410095213,0.8305253519595261,5.698354017690136,7.3814293584077415,5.698354017690136,0.00016545073582082285,0.0
hyderabad,2026-07-13,0.0,0.0,17.39,78.49,Normal,-0.3063106090041085,Inland,0.0,0.0,0.0,0.46647642011650864,0.0,0.46647642011650864,0.0002536962733089401,0.0
jabalpur,2026-07-13,0.0,0.0,23.18,79.95,Normal,-0.3063106090041085,Inland,0.0,0.0,0.0,0.6466499142886644,0.0,0.6466499142886644,0.0001869894769059497,0.0
jaipur,2026-07-13,0.0,0.0,26.91,75.79,Normal,-0.3063106090041085,Inland,0.0,0.0,0.0,0.3928260791630813,0.0,0.3928260791630813,0.0003607579549317438,0.0
jodhpur,2026-07-13,0.0,0.0,26.24,73.02,Normal,-0.3063106090041085,Inland,0.0,0.0,0.0,0.8646324665606488,0.0,0.8646324665606488,0.00039164759986029686,0.0
kochi,2026-07-13,5.6000000000000005,2.9396162033081055,9.93,76.27,Normal,-0.3063106090041085,West-coast orographic,5.6000000000000005,3.137583774328232,3.0961024015040075,5.901850705232311,5.309570943217472,5.901850705232311,0.0009066681025165607,0.0
kolkata,2026-07-13,46.8,0.0,22.57,88.36,Normal,-0.3063106090041085,East coast,46.8,36.36653072952376,56.7470754701922,16.825552728045977,33.26878419034767,16.825552728045977,0.07571936535744554,0.0
lucknow,2026-07-13,0.0,1.7858293056488037,26.85,80.95,Normal,-0.3063106090041085,Inland,0.0,0.0,0.0,0.5018682213659906,0.0,0.5018682213659906,0.00023365680977279136,0.0
madurai,2026-07-13,0.4,0.0,9.93,78.12,Normal,-0.3063106090041085,Inland,0.4,0.0,0.0,0.4256263290200156,0.0,0.4256263290200156,0.00015420045077965303,0.0
mangaluru,2026-07-13,1.2000000000000002,1.317975401878357,12.91,74.86,Normal,-0.3063106090041085,West-coast orographic,1.2000000000000002,0.05208672247827059,0.0,5.461354866232257,5.118146294343814,5.461354866232257,0.00022163132990690653,0.0
mumbai,2026-07-13,0.6000000000000001,0.0,19.08,72.88,Normal,-0.3063106090041085,West-coast orographic,0.6000000000000001,0.0,0.0,3.391124351529064,2.7148853908984414,3.391124351529064,0.00037289746733324634,0.0
nagpur,2026-07-13,0.0,0.0,21.15,79.09,Normal,-0.3063106090041085,Inland,0.0,0.0,0.0,0.5334907752319481,0.0,0.5334907752319481,0.0002453631083112161,0.0
panaji,2026-07-13,0.30000000000000004,0.08892219513654709,15.49,73.83,Normal,-0.3063106090041085,West-coast orographic,0.30000000000000004,0.0,0.0,3.0312625845854604,2.14885496973024,3.0312625845854604,0.00020093295255588388,0.0
patna,2026-07-13,74.4,1.5568221807479858,25.59,85.14,Normal,-0.3063106090041085,Inland,74.4,48.760173142371166,87.92010839152316,50.31987354646435,98.33350438249748,50.31987354646435,0.15612408294944843,1.0
pune,2026-07-13,0.0,0.0,18.52,73.86,Normal,-0.3063106090041085,Inland,0.0,0.0,0.0,1.253761423566975,0.1550050738578753,1.253761423566975,0.0003757821780117735,0.0
raipur,2026-07-13,0.0,0.0,21.25,81.63,Normal,-0.3063106090041085,Inland,0.0,0.0,0.0,0.6230188304661306,0.0,0.6230188304661306,0.0001948554459818012,0.0
ranchi,2026-07-13,2.5,0.0,23.34,85.31,Normal,-0.3063106090041085,Inland,2.5,0.6417013195253172,0.7677465677261353,3.113170883037328,2.4555017763480382,3.113170883037328,0.000228810928300457,0.0
shillong,2026-07-13,1.7999999999999998,23.133634567260742,25.58,91.89,Normal,-0.3063106090041085,Hill / Himalayan orographic,1.7999999999999998,0.2335934534668923,0.5742960918839877,4.792658775658542,2.665455527209527,4.792658775658542,0.00010380818235918594,0.0
shimla,2026-07-13,0.4,3.3621294498443604,31.1,77.17,Normal,-0.3063106090041085,Hill / Himalayan orographic,0.4,0.0,0.0,1.9252204399100408,0.4296438505967126,1.9252204399100408,0.0004315871184273794,0.0
srinagar,2026-07-13,3.7,0.9774383902549744,34.08,74.8,Normal,-0.3063106090041085,Hill / Himalayan orographic,3.7,1.5597088217735295,1.5884358711766946,6.649101542116173,4.783655206376491,6.649101542116173,0.057897816877230106,0.0
surat,2026-07-13,0.0,0.0,21.17,72.83,Normal,-0.3063106090041085,West-coast orographic,0.0,0.0,0.0,0.2854422477318229,0.0,0.2854422477318229,0.00015396759028790354,0.0
thiruvananthapuram,2026-07-13,4.7,0.2437354326248169,8.52,76.94,Normal,-0.3063106090041085,West-coast orographic,4.7,2.3502524316310898,2.08205990155538,1.2345369010415146,0.46392866145224304,1.2345369010415146,0.000804920186333216,0.0
varanasi,2026-07-13,11.5,0.06392324715852737,25.32,82.97,Normal,-0.3063106090041085,Inland,11.5,8.810180100940523,9.04814661026001,2.6851336957242435,1.9166015887504284,2.6851336957242435,0.007697443497317791,0.0
vijayawada,2026-07-13,0.0,0.0,16.51,80.65,Normal,-0.3063106090041085,Inland,0.0,0.0,0.0,0.5862492630387739,0.0,0.5862492630387739,0.00018725140229528306,0.0
visakhapatnam,2026-07-13,0.0,0.0,17.69,83.22,Normal,-0.3063106090041085,East coast,0.0,0.0,0.0,0.10953809367856496,0.0,0.10953809367856496,0.00024167373048697958,0.0
agartala,2026-07-14,5.3,2.0595245361328125,23.83,91.29,Normal,-0.827121377230841,Inland,5.3,2.801171676490632,2.865143040366793,9.197602552407615,16.34648392281126,9.197602552407615,0.0004962181174884814,0.0
ahmedabad,2026-07-14,0.0,0.0,23.02,72.57,Normal,-0.827121377230841,Inland,0.0,0.0,0.0,0.5710320881375409,0.0,0.5710320881375409,0.00016895401003395684,0.0
amritsar,2026-07-14,0.9,0.0,31.63,74.87,Normal,-0.827121377230841,Inland,0.9,0.0,0.03663849249482129,3.3149646403681663,2.730582725812835,3.3149646403681663,0.0009671068551293646,0.0
bengaluru,2026-07-14,0.0,0.0,12.97,77.59,Normal,-0.827121377230841,Inland,0.0,0.0,0.0,0.10152366779198498,0.0,0.10152366779198498,0.0001837491533496934,0.0
bhopal,2026-07-14,0.0,0.0,23.26,77.41,Normal,-0.827121377230841,Inland,0.0,0.0,0.0,0.6860966145326751,0.0,0.6860966145326751,0.0003938910271199875,0.0
bhubaneswar,2026-07-14,0.0,1.775295615196228,20.3,85.82,Normal,-0.827121377230841,East coast,0.0,0.0,0.0,0.09293966005977448,0.0,0.09293966005977448,0.00019739093493088613,0.0
chandigarh,2026-07-14,1.2000000000000002,0.07798382639884949,30.73,76.78,Normal,-0.827121377230841,Inland,1.2000000000000002,0.05208672247827059,0.14733698666095735,1.5066855836959467,0.4430488898136613,1.5066855836959467,0.0005863204638518095,0.0
chennai,2026-07-14,0.0,0.0,13.08,80.27,Normal,-0.827121377230841,East coast,0.0,0.0,0.0,0.0,0.0,0.0,0.00012089964267183868,0.0
dehradun,2026-07-14,3.7,0.0,30.32,78.03,Normal,-0.827121377230841,Hill / Himalayan orographic,3.7,1.5597088217735295,1.5884358711766946,7.609824176562988,6.1359017678866445,7.609824176562988,0.04712544358505736,0.0
delhi,2026-07-14,0.0,0.43721646070480347,28.61,77.21,Normal,-0.827121377230841,Inland,0.0,0.0,0.0,0.44180201377158734,0.0,0.44180201377158734,0.0003655913685077582,0.0
gangtok,2026-07-14,34.6,33.24650192260742,27.33,88.61,Normal,-0.827121377230841,Hill / Himalayan orographic,34.6,26.788054188815046,31.049094818557247,24.570489144800927,47.0395531702601,24.570489144800927,0.000575713042473586,0.0
guwahati,2026-07-14,1.9,5.704363822937012,26.14,91.74,Normal,-0.827121377230841,Inland,1.9,0.30013968795537943,0.4444621452689171,4.354300468905995,4.663057854542527,4.354300468905995,0.00016872751399754648,0.0
hyderabad,2026-07-14,0.0,0.0,17.39,78.49,Normal,-0.827121377230841,Inland,0.0,0.0,0.0,0.4723254203416727,0.0,0.4723254203416727,0.00019811389411180597,0.0
jabalpur,2026-07-14,0.0,0.0,23.18,79.95,Normal,-0.827121377230841,Inland,0.0,0.0,0.0,0.8343062388839957,0.0,0.8343062388839957,0.00016392646636790377,0.0
jaipur,2026-07-14,0.0,0.0,26.91,75.79,Normal,-0.827121377230841,Inland,0.0,0.0,0.0,0.29719132713210883,0.0,0.29719132713210883,0.00033782235288843526,0.0
jodhpur,2026-07-14,0.0,0.0,26.24,73.02,Normal,-0.827121377230841,Inland,0.0,0.0,0.0,0.7315002493091816,0.0,0.7315002493091816,0.00026467156281311964,0.0
kochi,2026-07-14,0.9,0.0,9.93,76.27,Normal,-0.827121377230841,West-coast orographic,0.9,0.0,0.0,2.196206831829689,1.1371870409668572,2.196206831829689,0.00019850119453688447,0.0
kolkata,2026-07-14,5.1000000000000005,0.41687384247779846,22.57,88.36,Normal,-0.827121377230841,East coast,5.1000000000000005,2.671345561963546,1.225359880924225,2.2659183688460107,1.2335687094574186,2.2659183688460107,0.000652720310560011,0.0
lucknow,2026-07-14,0.0,2.2982847690582275,26.85,80.95,Normal,-0.827121377230841,Inland,0.0,0.0,0.0,0.4195042863224259,0.0,0.4195042863224259,0.00022571762373436028,0.0
madurai,2026-07-14,0.0,0.0,9.93,78.12,Normal,-0.827121377230841,Inland,0.0,0.0,0.0,0.07896204005790643,0.0,0.07896204005790643,0.00017123851214020537,0.0
mangaluru,2026-07-14,1.2000000000000002,0.21412521600723267,12.91,74.86,Normal,-0.827121377230841,West-coast orographic,1.2000000000000002,0.05208672247827059,0.0,4.90850483358683,4.788404367431395,4.90850483358683,0.0002576048068427821,0.0
mumbai,2026-07-14,0.0,0.0,19.08,72.88,Normal,-0.827121377230841,West-coast orographic,0.0,0.0,0.0,0.9599949764831347,0.12584680574843307,0.9599949764831347,0.0002730210240828617,0.0
nagpur,2026-07-14,0.0,0.0,21.15,79.09,Normal,-0.827121377230841,Inland,0.0,0.0,0.0,0.6374204322220561,0.0,0.6374204322220561,0.0002048115811354223,0.0
panaji,2026-07-14,0.9,0.0,15.49,73.83,Normal,-0.827121377230841,West-coast orographic,0.9,0.0,0.0,2.0141008379029284,0.8669320045433652,2.0141008379029284,0.00016853799455620163,0.0
patna,2026-07-14,64.3,3.2459020614624023,25.59,85.14,Normal,-0.827121377230841,Inland,64.3,44.60102614279415,75.4198366917241,50.947351808988344,99.81102907660677,50.947351808988344,0.17777286602019868,0.0
pune,2026-07-14,0.0,0.0,18.52,73.86,Normal,-0.827121377230841,Inland,0.0,0.0,0.0,0.9678790639504512,0.0,0.9678790639504512,0.00022166096359856378,0.0
raipur,2026-07-14,0.0,0.0,21.25,81.63,Normal,-0.827121377230841,Inland,0.0,0.0,0.0,0.8074345487482316,0.0,0.8074345487482316,0.0001914087250828548,0.0
ranchi,2026-07-14,0.1,0.0,23.34,85.31,Normal,-0.827121377230841,Inland,0.1,0.0,0.0,2.1473306341558525,1.1324677526019828,2.1473306341558525,0.0002395068375576506,0.0
shillong,2026-07-14,0.6000000000000001,1.6620429754257202,25.58,91.89,Normal,-0.827121377230841,Hill / Himalayan orographic,0.6000000000000001,0.0,0.009238035166636134,4.8285961968086655,2.694772180809991,4.8285961968086655,0.00010586424921063766,0.0
shimla,2026-07-14,1.2000000000000002,0.0,31.1,77.17,Normal,-0.827121377230841,Hill / Himalayan orographic,1.2000000000000002,0.05208672247827059,0.19622897651195517,1.3173335186073596,0.15036429282607333,1.3173335186073596,0.0003495275368225319,0.0
srinagar,2026-07-14,0.9,0.0,34.08,74.8,Normal,-0.827121377230841,Hill / Himalayan orographic,0.9,0.0,0.09460718743503098,0.5205072627704354,0.0,0.5205072627704354,0.00029656728606182356,0.0
surat,2026-07-14,0.0,0.0,21.17,72.83,Normal,-0.827121377230841,West-coast orographic,0.0,0.0,0.0,0.22736126800695572,0.0,0.22736126800695572,0.00014082811507502992,0.0
thiruvananthapuram,2026-07-14,1.2000000000000002,0.2437354326248169,8.52,76.94,Normal,-0.827121377230841,West-coast orographic,1.2000000000000002,0.05208672247827059,0.0,0.27254895555046665,0.0,0.27254895555046665,0.00017926531529078029,0.0
varanasi,2026-07-14,1.4,0.06392324715852737,25.32,82.97,Normal,-0.827121377230841,Inland,1.4,0.10873421840369699,0.17374745219945908,1.6064745341530482,0.5208076968815583,1.6064745341530482,0.0003129496492247643,0.0
vijayawada,2026-07-14,0.0,0.0,16.51,80.65,Normal,-0.827121377230841,Inland,0.0,0.0,0.0,0.6273518060740759,0.0,0.6273518060740759,0.00015739276130719682,0.0
visakhapatnam,2026-07-14,0.0,0.0,17.69,83.22,Normal,-0.827121377230841,East coast,0.0,0.0,0.0,0.0,0.0,0.0,0.0001909358693148884,0.0
agartala,2026-07-15,3.4000000000000004,5.360017776489258,23.83,91.29,Break,-1.1055749264503065,Inland,3.4000000000000004,1.3087068945169449,4.529126167297363,8.452412003941825,36.87701080143312,8.452412003941825,0.0001422564775117934,0.0
ahmedabad,2026-07-15,0.30000000000000004,0.0,23.02,72.57,Break,-1.1055749264503065,Inland,0.30000000000000004,0.0,0.0,1.792247715516039,2.787276755429067,1.792247715516039,0.00016499275327869719,0.0
amritsar,2026-07-15,1.3,6.963292121887207,31.63,74.87,Break,-1.1055749264503065,Inland,1.3,0.07673798799514774,0.06841510534286498,2.565570741700617,6.822485691123351,2.565570741700617,0.0006040960942856899,0.0
bengaluru,2026-07-15,0.0,0.0,12.97,77.59,Break,-1.1055749264503065,Inland,0.0,0.0,0.0,0.13659835828816677,0.0,0.13659835828816677,0.00016578317374220522,0.0
bhopal,2026-07-15,0.1,0.0,23.26,77.41,Break,-1.1055749264503065,Inland,0.1,0.0,0.0,1.006467566300605,0.0,1.006467566300605,0.00027829820743189903,0.0
bhubaneswar,2026-07-15,4.2,30.727336883544922,20.3,85.82,Break,-1.1055749264503065,East coast,4.2,1.9083722710609436,2.664665710871456,3.1104556185119465,4.640999027969349,3.1104556185119465,0.0008467762655612382,0.0
chandigarh,2026-07-15,0.6000000000000001,0.0,30.73,76.78,Break,-1.1055749264503065,Inland,0.6000000000000001,0.0,0.0,0.8339630312818219,0.0,0.8339630312818219,0.00038708881990832944,0.0
chennai,2026-07-15,0.0,0.0,13.08,80.27,Break,-1.1055749264503065,East coast,0.0,0.0,0.0,0.0,0.0,0.0,0.00010907807145005883,0.0
dehradun,2026-07-15,7.9,0.2884540557861328,30.32,78.03,Break,-1.1055749264503065,Hill / Himalayan orographic,7.9,5.404290986061096,6.67487868322453,5.588819594346564,7.20796654004026,5.588819594346564,0.001511484297843294,0.0
delhi,2026-07-15,1.9,0.13008363544940948,28.61,77.21,Break,-1.1055749264503065,Inland,1.9,0.30013968795537943,0.6540760719776142,2.231411359205801,5.065989994573512,2.231411359205801,0.0002413453400420117,0.0
gangtok,2026-07-15,40.1,10.204550743103027,27.33,88.61,Break,-1.1055749264503065,Hill / Himalayan orographic,40.1,31.08289465506357,23.967597291286634,24.53924442302806,30.13375521779828,24.53924442302806,0.0011125247483241999,0.0
guwahati,2026-07-15,4.2,0.664082944393158,26.14,91.74,Break,-1.1055749264503065,Inland,4.2,1.9083722710609436,4.748072114498058,6.516337548505608,35.765119083166056,6.516337548505608,0.0004933100113189665,0.0
hyderabad,2026-07-15,0.0,0.0,17.39,78.49,Break,-1.1055749264503065,Inland,0.0,0.0,0.0,0.5449742563143307,0.0,0.5449742563143307,0.00013977712520372122,0.0
jabalpur,2026-07-15,0.0,0.0,23.18,79.95,Break,-1.1055749264503065,Inland,0.0,0.0,0.0,0.9711017836140542,0.0,0.9711017836140542,0.0001203950057978897,0.0
jaipur,2026-07-15,0.4,0.0,26.91,75.79,Break,-1.1055749264503065,Inland,0.4,0.0,0.0,0.8307112205173899,0.0,0.8307112205173899,0.00024019473646663675,0.0
jodhpur,2026-07-15,0.0,0.0,26.24,73.02,Break,-1.1055749264503065,Inland,0.0,0.0,0.0,1.3071793722408758,0.7194197537775496,1.3071793722408758,0.00022619683945416686,0.0
kochi,2026-07-15,1.2000000000000002,1.5681251287460327,9.93,76.27,Break,-1.1055749264503065,West-coast orographic,1.2000000000000002,0.05208672247827059,0.02743120668455954,2.1845434023088384,2.9173055259788008,2.1845434023088384,0.00020560078594888847,0.0
kolkata,2026-07-15,20.2,4.1593451499938965,22.57,88.36,Break,-1.1055749264503065,East coast,20.2,15.874306132785229,18.03022595521392,9.260238134381355,15.072618628171819,9.260238134381355,0.0068739228651982795,0.0
lucknow,2026-07-15,20.400000000000002,0.0,26.85,80.95,Break,-1.1055749264503065,Inland,20.400000000000002,16.01045455932617,36.74006787152358,6.87900253685053,36.04346410441042,6.87900253685053,0.008678874245873996,0.0
madurai,2026-07-15,0.0,0.0,9.93,78.12,Break,-1.1055749264503065,Inland,0.0,0.0,0.0,0.11020156665118373,0.0,0.11020156665118373,0.00015449556506935225,0.0
mangaluru,2026-07-15,0.7000000000000001,0.3188898265361786,12.91,74.86,Break,-1.1055749264503065,West-coast orographic,0.7000000000000001,0.0,0.0,4.739868017506192,6.6682103883828425,4.739868017506192,0.0002595707309607361,0.0
mumbai,2026-07-15,0.7000000000000001,1.0189532041549683,19.08,72.88,Break,-1.1055749264503065,West-coast orographic,0.7000000000000001,0.0,0.0,1.8168221390574075,2.334948295737208,1.8168221390574075,0.00016853972900128143,0.0
nagpur,2026-07-15,0.0,0.0,21.15,79.09,Break,-1.1055749264503065,Inland,0.0,0.0,0.0,0.8217394828795086,0.0,0.8217394828795086,0.000144502891225511,0.0
panaji,2026-07-15,0.6000000000000001,0.5874671936035156,15.49,73.83,Break,-1.1055749264503065,West-coast orographic,0.6000000000000001,0.0,0.0,2.115347513203798,2.7154754806667847,2.115347513203798,0.00020983332322926644,0.0
patna,2026-07-15,13.7,0.0,25.59,85.14,Break,-1.1055749264503065,Inland,13.7,10.806814670562755,33.985582058246315,6.14286449703888,35.47847888412419,6.14286449703888,0.0027160792710908535,0.0
pune,2026-07-15,0.0,0.0,18.52,73.86,Break,-1.1055749264503065,Inland,0.0,0.0,0.0,1.614731682108536,2.4030284947270664,1.614731682108536,0.00018798773648788348,0.0
raipur,2026-07-15,0.2,11.117315292358398,21.25,81.63,Break,-1.1055749264503065,Inland,0.2,0.0,0.0,1.320509550422418,0.8025931684409092,1.320509550422418,0.0001405802448284549,0.0
ranchi,2026-07-15,3.9000000000000004,2.674654483795166,23.34,85.31,Break,-1.1055749264503065,Inland,3.9000000000000004,1.692260980606079,4.661239155625875,9.733540491018255,37.268168258125215,9.733540491018255,0.003400677389276796,0.0
shillong,2026-07-15,13.4,3.1769752502441406,25.58,91.89,Break,-1.1055749264503065,Hill / Himalayan orographic,13.4,10.468194955587396,14.22203240651857,11.082453971364027,16.514697129770877,11.082453971364027,0.00027018024500600877,0.0
shimla,2026-07-15,6.9,0.0,31.1,77.17,Break,-1.1055749264503065,Hill / Himalayan orographic,6.9,4.397329515218736,6.19418302959866,4.936441494755,6.750742124379993,4.936441494755,0.0015319908441855318,0.0
srinagar,2026-07-15,0.5,0.0,34.08,74.8,Break,-1.1055749264503065,Hill / Himalayan orographic,0.5,0.0,0.0,0.9850746813904966,0.057218964499241576,0.9850746813904966,0.0002648963136717479,0.0
surat,2026-07-15,1.3,2.774535655975342,21.17,72.83,Break,-1.1055749264503065,West-coast orographic,1.3,0.07673798799514774,0.059120380429720405,1.0363440062854419,0.08491768795880815,1.0363440062854419,0.00015158918875200859,0.0
thiruvananthapuram,2026-07-15,0.6000000000000001,0.0,8.52,76.94,Break,-1.1055749264503065,West-coast orographic,0.6000000000000001,0.0,0.0,0.2357958914320212,0.0,0.2357958914320212,0.0001589443643671993,0.0
varanasi,2026-07-15,45.5,0.0769466757774353,25.32,82.97,Break,-1.1055749264503065,Inland,45.5,35.45111296961661,69.3854133605957,40.02591753842287,82.05233104502707,40.02591753842287,0.15893838684279318,0.0
vijayawada,2026-07-15,0.0,0.0,16.51,80.65,Break,-1.1055749264503065,Inland,0.0,0.0,0.0,0.7106823725260735,0.0,0.7106823725260735,0.00011559767222278386,0.0
visakhapatnam,2026-07-15,0.0,0.0,17.69,83.22,Break,-1.1055749264503065,East coast,0.0,0.0,0.0,0.0,0.0,0.0,0.00013471246229201358,0.0
agartala,2026-07-16,1.5,25.31855583190918,23.83,91.29,Break,-1.9122740185606333,Inland,1.5,0.14296101927757196,0.10105783492326736,8.909485826147671,37.01656576068828,8.909485826147671,0.00036092169718514544,0.0
ahmedabad,2026-07-16,3.7,1.949620008468628,23.02,72.57,Break,-1.9122740185606333,Inland,3.7,1.5597088217735295,4.636271439829181,8.048028035971148,36.75354324448305,8.048028035971148,0.13407462199114142,0.0
amritsar,2026-07-16,0.0,0.0,31.63,74.87,Break,-1.9122740185606333,Inland,0.0,0.0,0.0,1.684533553624729,2.5053080699793107,1.684533553624729,0.0014537338447763793,0.0
bengaluru,2026-07-16,0.1,0.0,12.97,77.59,Break,-1.9122740185606333,Inland,0.1,0.0,0.0,1.128880409280989,0.06538432192163524,1.128880409280989,0.0002563137408119664,0.0
bhopal,2026-07-16,0.0,0.0,23.26,77.41,Break,-1.9122740185606333,Inland,0.0,0.0,0.0,1.5931118103015718,2.281341360683847,1.5931118103015718,0.00045426525855117795,0.0
bhubaneswar,2026-07-16,7.0,64.41754913330078,20.3,85.82,Break,-1.9122740185606333,East coast,7.0,4.4503232002258315,6.249452895058526,7.992675235096187,13.75649635413506,7.992675235096187,0.020066347831097186,0.0
chandigarh,2026-07-16,0.0,0.0,30.73,76.78,Break,-1.9122740185606333,Inland,0.0,0.0,0.0,0.817482746402043,0.0,0.817482746402043,0.0005911585120289912,0.0
chennai,2026-07-16,0.0,0.0,13.08,80.27,Break,-1.9122740185606333,East coast,0.0,0.0,0.0,0.00993005946193514,0.0,0.00993005946193514,0.00018534035586731092,0.0
dehradun,2026-07-16,11.6,18.236236572265625,30.32,78.03,Break,-1.9122740185606333,Hill / Himalayan orographic,11.6,8.899622290284482,10.124755031175525,8.855374149683348,14.708328175540059,8.855374149683348,0.016254817510899185,0.0
delhi,2026-07-16,0.0,0.0,28.61,77.21,Break,-1.9122740185606333,Inland,0.0,0.0,0.0,1.3650888409356,0.8646296325111165,1.3650888409356,0.0003686087329535432,0.0
gangtok,2026-07-16,11.9,35.16140365600586,27.33,88.61,Break,-1.9122740185606333,Hill / Himalayan orographic,11.9,9.152790749823293,10.891256178503399,16.52634233369226,24.29507271447487,16.52634233369226,0.0013762865184931386,0.0
guwahati,2026-07-16,16.1,0.9522051215171814,26.14,91.74,Break,-1.9122740185606333,Inland,16.1,12.61986053967085,35.42744744913262,12.465051121734362,40.71103141999432,12.465051121734362,0.002686671556242264,0.0
hyderabad,2026-07-16,0.2,0.0,17.39,78.49,Break,-1.9122740185606333,Inland,0.2,0.0,0.0,2.3219589182911946,6.1015347664499595,2.3219589182911946,0.0001901447004071775,0.0
jabalpur,2026-07-16,0.0,1.2264856100082397,23.18,79.95,Break,-1.9122740185606333,Inland,0.0,0.0,0.0,2.1249453781291505,4.663929828418005,2.1249453781291505,0.00021599187495151972,0.0
jaipur,2026-07-16,0.4,0.0,26.91,75.79,Break,-1.9122740185606333,Inland,0.4,0.0,0.0,2.593855140874401,6.867226798033547,2.593855140874401,0.0005792546303340009,0.0
jodhpur,2026-07-16,0.1,0.0,26.24,73.02,Break,-1.9122740185606333,Inland,0.1,0.0,0.0,3.5078063800877826,9.200577894272548,3.5078063800877826,0.0005801125783442425,0.0
kochi,2026-07-16,0.6,0.0,9.93,76.27,Break,-1.9122740185606333,West-coast orographic,0.6,0.0,0.0,3.412930209174395,4.711451940001011,3.412930209174395,0.0005144989596983608,0.0
kolkata,2026-07-16,10.9,0.08599886298179626,22.57,88.36,Break,-1.9122740185606333,East coast,10.9,8.200850657661363,8.312156112223278,10.38095633730275,16.05964087792611,10.38095633730275,0.01435678188667516,0.0
lucknow,2026-07-16,1.2,3.700467348098755,26.85,80.95,Break,-1.9122740185606333,Inland,1.2,0.052086722478270536,0.04880980363526895,3.0316447545501406,7.793478944584285,3.0316447545501406,0.0002792923700617963,0.0
madurai,2026-07-16,0.0,0.0,9.93,78.12,Break,-1.9122740185606333,Inland,0.0,0.0,0.0,0.4610177489143776,0.0,0.4610177489143776,0.00023886368837609044,0.0
mangaluru,2026-07-16,0.6000000000000001,0.8790194988250732,12.91,74.86,Break,-1.9122740185606333,West-coast orographic,0.6000000000000001,0.0,0.0,6.177062634788964,10.8009052284891,6.177062634788964,0.0006326021516710195,0.0
mumbai,2026-07-16,0.4,6.202858924865723,19.08,72.88,Break,-1.9122740185606333,West-coast orographic,0.4,0.0,0.0,2.213537928368921,3.2591355194328755,2.213537928368921,0.00039466026417849345,0.0
nagpur,2026-07-16,0.0,0.7774882912635803,21.15,79.09,Break,-1.9122740185606333,Inland,0.0,0.0,0.0,1.6792072987123885,2.5006642608211114,1.6792072987123885,0.000196573023834128,0.0
panaji,2026-07-16,3.4,0.9912660717964172,15.49,73.83,Break,-1.9122740185606333,West-coast orographic,3.4,1.3087068945169444,2.291028306156538,10.185446838480194,15.905107341255095,10.185446838480194,0.000558397066724736,0.0
patna,2026-07-16,19.5,16.907764434814453,25.59,85.14,Break,-1.9122740185606333,Inland,19.5,15.397786639891937,36.533011104469665,17.24665024502988,47.8834301049376,17.24665024502988,0.04586339782008125,0.0
pune,2026-07-16,6.3,0.4508792459964752,18.52,73.86,Break,-1.9122740185606333,Inland,6.3,3.830905083469727,13.341176008904114,18.51308627093815,49.783084143800004,18.51308627093815,0.03494443900174875,0.0
raipur,2026-07-16,1.0,3.4623708724975586,21.25,81.63,Break,-1.9122740185606333,Inland,1.0,0.004876393335871391,0.0,4.008386109873174,11.225318925702496,4.008386109873174,0.00025220069340786195,0.0
ranchi,2026-07-16,0.2,3.8580567836761475,23.34,85.31,Break,-1.9122740185606333,Inland,0.2,0.0,0.0,3.877010048302171,10.345510414815838,3.877010048302171,0.00044627699717770126,0.0
shillong,2026-07-16,19.9,7.307717323303223,25.58,91.89,Break,-1.9122740185606333,Hill / Himalayan orographic,19.9,15.670083492973816,17.858491984629023,19.394584721304934,25.68073919631212,19.394584721304934,0.001542158920493566,0.0
shimla,2026-07-16,2.0,0.0,31.1,77.17,Break,-1.9122740185606333,Hill / Himalayan orographic,2.0,0.3381376974284649,0.7675107884407044,3.293591648003925,4.6788722945859345,3.293591648003925,0.000384879939326955,0.0
srinagar,2026-07-16,0.0,0.0,34.08,74.8,Break,-1.9122740185606333,Hill / Himalayan orographic,0.0,0.0,0.0,0.9088131903939155,0.01316375013142636,0.9088131903939155,0.0006377671596124383,0.0
surat,2026-07-16,3.0,5.627997398376465,21.17,72.83,Break,-1.9122740185606333,West-coast orographic,3.0,0.9330272018909458,1.8524198839158716,4.9312403470395845,6.748558412944765,4.9312403470395845,0.0004433787387676421,0.0
thiruvananthapuram,2026-07-16,0.0,0.0,8.52,76.94,Break,-1.9122740185606333,West-coast orographic,0.0,0.0,0.0,0.18492410978147833,0.0,0.18492410978147833,0.000227315311997458,0.0
varanasi,2026-07-16,35.5,0.0,25.32,82.97,Break,-1.9122740185606333,Inland,35.5,27.419564023463867,54.385413360595706,26.172881426023643,61.27277687642824,26.172881426023643,0.28955772858353535,0.0
vijayawada,2026-07-16,0.0,0.0,16.51,80.65,Break,-1.9122740185606333,Inland,0.0,0.0,0.0,1.77537387047239,2.7777756162251204,1.77537387047239,0.00017281806426041105,0.0
visakhapatnam,2026-07-16,0.6,0.0,17.69,83.22,Break,-1.9122740185606333,East coast,0.6,0.0,0.0,0.8176190424891091,0.0,0.8176190424891091,0.0002882738521780244,0.0
agartala,2026-07-17,8.3,16.554645538330078,23.83,91.29,Break,-1.7723919026454453,Inland,8.3,5.638327545166019,23.958519799368723,10.134709292387283,38.987602593086464,10.134709292387283,0.008136904029670674,0.0
ahmedabad,2026-07-17,2.7,2.5055558681488037,23.02,72.57,Break,-1.7723919026454453,Inland,2.7,0.7281792613863949,2.7876271057128905,0.8391244649905374,0.0,0.8391244649905374,0.0004969080691206187,0.0
amritsar,2026-07-17,0.8999999999999999,0.0,31.63,74.87,Break,-1.7723919026454453,Inland,0.8999999999999999,0.0,0.0,1.5203157540009904,2.2878395549626798,1.5203157540009904,0.00033669471635396054,0.0
bengaluru,2026-07-17,0.30000000000000004,0.08200204372406006,12.97,77.59,Break,-1.7723919026454453,Inland,0.30000000000000004,0.0,0.0,1.396684242477034,1.484583280307193,1.396684242477034,0.0003029075442084325,0.0
bhopal,2026-07-17,1.2000000000000002,1.0684638023376465,23.26,77.41,Break,-1.7723919026454453,Inland,1.2000000000000002,0.051207574829459264,0.04880980363526899,2.8317536456874146,10.86288350823818,2.8317536456874146,0.0004643572656286176,0.0
bhubaneswar,2026-07-17,46.5,63.904518127441406,20.3,85.82,Break,-1.7723919026454453,East coast,46.5,35.0763390218002,24.49737637387748,12.377259322024871,19.734433942798635,12.377259322024871,0.0371030434883059,0.0
chandigarh,2026-07-17,0.0,0.0,30.73,76.78,Break,-1.7723919026454453,Inland,0.0,0.0,0.0,0.45707477773028604,0.0,0.45707477773028604,0.0008447121932222642,0.0
chennai,2026-07-17,1.6,0.0,13.08,80.27,Break,-1.7723919026454453,East coast,1.6,0.17396453499793996,0.08965248887624976,1.6093381587559838,1.3009395512855597,1.6093381587559838,0.00036033814492157,0.0
dehradun,2026-07-17,11.3,0.0,30.32,78.03,Break,-1.7723919026454453,Hill / Himalayan orographic,11.3,8.8759094953537,9.347926923053134,6.795095087195051,13.021461207187338,6.795095087195051,0.008238170057864454,0.0
delhi,2026-07-17,1.5,0.10930411517620087,28.61,77.21,Break,-1.7723919026454453,Inland,1.5,0.13257965326309212,0.10105783492326736,3.9538005830310543,15.803777134135807,3.9538005830310543,0.0007340459678945732,0.0
gangtok,2026-07-17,9.9,26.715269088745117,27.33,88.61,Break,-1.7723919026454453,Hill / Himalayan orographic,9.9,7.46242032766342,7.133457840673938,20.894826080123963,26.900047676702716,20.894826080123963,0.004090459640123981,0.0
guwahati,2026-07-17,7.7,10.819794654846191,26.14,91.74,Break,-1.7723919026454453,Inland,7.7,5.132567892074586,23.186628213220715,7.703197554279193,36.755972188117404,7.703197554279193,0.0009234933128590635,0.0
hyderabad,2026-07-17,0.0,0.19160199165344238,17.39,78.49,Break,-1.7723919026454453,Inland,0.0,0.0,0.0,0.9623607296332908,0.4069206821463043,0.9623607296332908,0.0002533238404216966,0.0
jabalpur,2026-07-17,10.2,3.2435684204101562,23.18,79.95,Break,-1.7723919026454453,Inland,10.2,7.696502509911853,24.094421840849378,11.95185954140902,41.71332796661907,11.95185954140902,0.008188916546629245,0.0
jaipur,2026-07-17,0.4,0.0,26.91,75.79,Break,-1.7723919026454453,Inland,0.4,0.0,0.0,2.1131609919698855,4.5524505608460375,2.1131609919698855,0.0007328705735462829,0.0
jodhpur,2026-07-17,0.0,0.0,26.24,73.02,Break,-1.7723919026454453,Inland,0.0,0.0,0.0,0.19943072552013744,0.0,0.19943072552013744,0.00041706989209244343,0.0
kochi,2026-07-17,4.1,7.620799541473389,9.93,76.27,Break,-1.7723919026454453,West-coast orographic,4.1,1.7783137492338816,2.5876558317382474,6.351495425695645,10.226096234827391,6.351495425695645,0.004057396396308315,0.0
kolkata,2026-07-17,13.3,0.26036423444747925,22.57,88.36,Break,-1.7723919026454453,East coast,13.3,10.500025252815963,14.056117008261879,6.292914879317042,9.74463412741348,6.292914879317042,0.011826183155448486,0.0
lucknow,2026-07-17,5.1000000000000005,0.2825244963169098,26.85,80.95,Break,-1.7723919026454453,Inland,5.1000000000000005,2.5665924644470213,6.966193533810705,9.864243635427103,38.581904107646196,9.864243635427103,0.18218542984357225,0.0
madurai,2026-07-17,0.0,0.0,9.93,78.12,Break,-1.7723919026454453,Inland,0.0,0.0,0.0,0.15510685863289667,0.0,0.15510685863289667,0.0002801080006692025,0.0
mangaluru,2026-07-17,92.89999999999999,138.4204864501953,12.91,74.86,Break,-1.7723919026454453,West-coast orographic,92.89999999999999,64.09393021378278,38.64149194459657,27.03890423334089,35.53340042634875,27.03890423334089,0.05408551523651121,1.0
mumbai,2026-07-17,3.3000000000000003,2.4893550872802734,19.08,72.88,Break,-1.7723919026454453,West-coast orographic,3.3000000000000003,1.1977922320365906,2.233129823151358,2.5351837035496865,3.3265382270775095,2.5351837035496865,0.00039617222133105437,0.0
nagpur,2026-07-17,2.3,1.391861081123352,21.15,79.09,Break,-1.7723919026454453,Inland,2.3,0.519878605008125,2.390063762664795,2.9811859389468442,11.591193701317973,2.9811859389468442,0.00035139923902705137,0.0
panaji,2026-07-17,183.2,7.531929969787598,15.49,73.83,Break,-1.7723919026454453,West-coast orographic,183.2,187.6122592619999,154.71233140717789,35.22001110775148,37.48632199983938,35.22001110775148,0.23559625716013397,1.0
patna,2026-07-17,8.5,0.0,25.59,85.14,Break,-1.7723919026454453,Inland,8.5,5.779929836273198,23.972825277419318,9.039254309449882,37.40590393711924,9.039254309449882,0.0016016241020456383,0.0
pune,2026-07-17,15.0,0.01565558649599552,18.52,73.86,Break,-1.7723919026454453,Inland,15.0,11.84251063886989,34.80788296919602,6.6424632084147746,35.79955969094651,6.6424632084147746,0.012793248838736617,0.0
raipur,2026-07-17,105.6,34.463951110839844,21.25,81.63,Break,-1.7723919026454453,Inland,105.6,74.21570667833103,159.5354133605957,15.244693406031324,46.652578763552526,15.244693406031324,0.038124574853561966,1.0
ranchi,2026-07-17,13.2,1.0367088317871094,23.34,85.31,Break,-1.7723919026454453,Inland,13.2,10.415696611164458,33.669312477111816,8.479323734197902,37.13352280010187,8.479323734197902,0.005438551506570062,0.0
shillong,2026-07-17,2.1,10.395167350769043,25.58,91.89,Break,-1.7723919026454453,Hill / Himalayan orographic,2.1,0.359846626520157,1.0237176686525347,8.757387678931853,15.651311192628933,8.757387678931853,0.00039036272383261234,0.0
shimla,2026-07-17,1.5,0.0,31.1,77.17,Break,-1.7723919026454453,Hill / Himalayan orographic,1.5,0.13257965326309212,0.08021690574796927,2.9460667564467187,4.660385901115572,2.9460667564467187,0.00029399861416733213,0.0
srinagar,2026-07-17,0.5,0.0,34.08,74.8,Break,-1.7723919026454453,Hill / Himalayan orographic,0.5,0.0,0.0,1.1224089512652342,0.7686541050051436,1.1224089512652342,0.0003236214957025291,0.0
surat,2026-07-17,1.5,2.0239381790161133,21.17,72.83,Break,-1.7723919026454453,West-coast orographic,1.5,0.13257965326309212,0.08021690574796927,1.1508589172573833,0.7971879974279639,1.1508589172573833,0.0004978487336917026,0.0
thiruvananthapuram,2026-07-17,0.4,0.0,8.52,76.94,Break,-1.7723919026454453,West-coast orographic,0.4,0.0,0.0,0.6878152293971366,0.0,0.6878152293971366,0.00017880728945754077,0.0
varanasi,2026-07-17,18.9,0.13674604892730713,25.32,82.97,Break,-1.7723919026454453,Inland,18.9,14.937027430142269,36.33791163588077,8.310301791409826,37.051301198009895,8.310301791409826,0.013328089025485644,0.0
vijayawada,2026-07-17,5.1,0.0,16.51,80.65,Break,-1.7723919026454453,Inland,5.1,2.5665924644470204,6.966193533810702,6.1980320969688,35.32084563309361,6.1980320969688,0.005451085416064435,0.0
visakhapatnam,2026-07-17,2.9000000000000004,0.0,17.69,83.22,Break,-1.7723919026454453,East coast,2.9000000000000004,0.8519397318363197,1.7033864341049558,3.9616539839414577,5.637981951197679,3.9616539839414577,0.0003100196549095745,0.0
agartala,2026-07-18,9.1,17.854822158813477,23.83,91.29,Break,-1.6329059391256981,Inland,9.1,6.550281796455383,24.015741711571103,11.167240036102436,40.53639870865919,11.167240036102436,0.011832880277975001,0.0
ahmedabad,2026-07-18,3.2,0.8200328946113586,23.02,72.57,Break,-1.6329059391256981,Inland,3.2,1.0884034240245812,4.303052374786802,0.8391244649905374,0.0,0.8391244649905374,0.0004969080691206187,0.0
amritsar,2026-07-18,0.5,0.0,31.63,74.87,Break,-1.6329059391256981,Inland,0.5,0.0,0.0,1.5203157540009904,2.2878395549626798,1.5203157540009904,0.00033669471635396054,0.0
bengaluru,2026-07-18,15.5,2.544593095779419,12.97,77.59,Break,-1.6329059391256981,Inland,15.5,12.187364886601774,35.12415255033053,6.929084647289546,36.09646469458369,6.929084647289546,0.024916870801987526,0.0
bhopal,2026-07-18,11.0,1.364140510559082,23.26,77.41,Break,-1.6329059391256981,Inland,11.0,8.54211688041687,26.274401530703916,7.593927013332144,36.70281696584317,7.593927013332144,0.005602239320292843,0.0
bhubaneswar,2026-07-18,5.2,60.9964599609375,20.3,85.82,Break,-1.6329059391256981,East coast,5.2,2.664592481851577,4.322292199134827,6.6921718342316625,12.386338422311097,6.6921718342316625,0.008583022809621076,0.0
chandigarh,2026-07-18,1.6,0.19210679829120636,30.73,76.78,Break,-1.6329059391256981,Inland,1.6,0.17396453499793996,0.14803521664669728,3.776959213870519,14.812710368247892,3.776959213870519,0.0008447121932222642,0.0
chennai,2026-07-18,7.2,1.816536545753479,13.08,80.27,Break,-1.6329059391256981,East coast,7.2,4.646577335993449,6.359992625978256,3.230139600684635,4.782399525109757,3.230139600684635,0.005978755371975986,0.0
dehradun,2026-07-18,39.1,62.543582916259766,30.32,78.03,Break,-1.6329059391256981,Hill / Himalayan orographic,39.1,29.53897661033362,23.546357666156826,30.291067714837016,36.405063825453055,70.0,0.3811715192718243,0.0
delhi,2026-07-18,1.8,0.0,28.61,77.21,Break,-1.6329059391256981,Inland,1.8,0.22497657716274277,0.3844502940773965,4.8576134638226085,21.845721231712286,4.8576134638226085,0.0007340459678945732,0.0
gangtok,2026-07-18,19.3,14.920111656188965,27.33,88.61,Break,-1.6329059391256981,Hill / Himalayan orographic,19.3,15.22781275670788,17.515024043459228,20.90023764106832,26.904633980545867,20.90023764106832,0.003633006683860725,0.0
guwahati,2026-07-18,15.6,15.249063491821289,26.14,91.74,Break,-1.6329059391256981,Inland,15.6,12.254292494455981,35.18740646655743,8.206682837574629,37.00089521964467,8.206682837574629,0.0013477292704140193,0.0
hyderabad,2026-07-18,2.7,2.832547426223755,17.39,78.49,Break,-1.6329059391256981,Inland,2.7,0.7281792613863949,2.7876271057128905,3.861324128179816,15.167107392719714,3.861324128179816,0.0002533238404216966,0.0
jabalpur,2026-07-18,23.1,5.619006156921387,23.18,79.95,Break,-1.6329059391256981,Inland,23.1,18.373274006840877,37.23412914007483,13.633862825503366,44.236332892760586,13.633862825503366,0.04471191880340449,0.0
jaipur,2026-07-18,0.1,0.0,26.91,75.79,Break,-1.6329059391256981,Inland,0.1,0.0,0.0,1.2769297274432805,0.9468501426595091,1.2769297274432805,0.0007328705735462829,0.0
jodhpur,2026-07-18,0.0,0.0,26.24,73.02,Break,-1.6329059391256981,Inland,0.0,0.0,0.0,0.19943072552013744,0.0,0.19943072552013744,0.00041706989209244343,0.0
kochi,2026-07-18,31.3,21.06696128845215,9.93,76.27,Break,-1.6329059391256981,West-coast orographic,31.3,24.09073071240225,20.682691584329724,10.381716336505646,16.333329445393538,10.381716336505646,0.016429448024009686,0.0
kolkata,2026-07-18,5.6,0.006301578599959612,22.57,88.36,Break,-1.6329059391256981,East coast,5.6,3.0633221656084055,4.669717388153076,5.895235054312704,7.208118898214152,5.895235054312704,0.010362441927439263,0.0
lucknow,2026-07-18,2.8000000000000003,8.56371784210205,26.85,80.95,Break,-1.6329059391256981,Inland,2.8000000000000003,0.7711979067325595,2.946406843662262,6.839826317168064,36.00400390402522,6.839826317168064,0.0008320574029747231,0.0
madurai,2026-07-18,1.4,0.0,9.93,78.12,Break,-1.6329059391256981,Inland,1.4,0.10103173971176134,0.08473647013306615,0.8335862897367338,0.0,0.8335862897367338,0.0002801080006692025,0.0
mangaluru,2026-07-18,257.5,48.75755310058594,12.91,74.86,Break,-1.6329059391256981,West-coast orographic,257.5,297.4791724459383,217.4586535881458,31.59488447325351,36.63029969201846,31.59488447325351,0.0866012976547129,1.0
mumbai,2026-07-18,3.0,3.8338193893432617,19.08,72.88,Break,-1.6329059391256981,West-coast orographic,3.0,0.9138070863485338,1.8524198839158716,2.5351837035496865,3.3265382270775095,2.5351837035496865,0.00039617222133105437,0.0
nagpur,2026-07-18,30.6,8.919989585876465,21.15,79.09,Break,-1.6329059391256981,Inland,30.6,23.668630021311426,47.035413360595705,8.993839870718784,37.38381184748292,8.993839870718784,0.011061928563146613,0.0
panaji,2026-07-18,80.9,5.037822246551514,15.49,73.83,Break,-1.6329059391256981,West-coast orographic,80.9,53.973771812838834,36.711447637742154,31.846700198184937,36.67380115236831,31.846700198184937,0.171514553369884,1.0
patna,2026-07-18,5.8,0.0,25.59,85.14,Break,-1.6329059391256981,Inland,5.8,3.2097569555044165,11.45294894495755,18.820466541579776,52.0162384668752,18.820466541579776,0.10618353840051326,0.0
pune,2026-07-18,11.0,0.12557192146778107,18.52,73.86,Break,-1.6329059391256981,Inland,11.0,8.54211688041687,26.274401530703916,5.884340511169387,34.214260386602895,5.884340511169387,0.009928107765276223,0.0
raipur,2026-07-18,59.199999999999996,10.247393608093262,21.25,81.63,Break,-1.6329059391256981,Inland,59.199999999999996,41.786706773799146,89.9354133605957,11.599098709631491,41.18418671895277,11.599098709631491,0.0121859327296012,0.0
ranchi,2026-07-18,12.2,16.978116989135742,23.34,85.31,Break,-1.6329059391256981,Inland,12.2,9.501547286510467,31.597616071240637,8.479323734197902,37.13352280010187,8.479323734197902,0.005438551506570062,0.0
shillong,2026-07-18,9.299999999999999,12.30715560913086,25.58,91.89,Break,-1.6329059391256981,Hill / Himalayan orographic,9.299999999999999,6.833891921043393,6.9765627685135705,13.237329486279004,20.22972019888014,13.237329486279004,0.001414233210720679,0.0
shimla,2026-07-18,22.9,0.4670123755931854,31.1,77.17,Break,-1.6329059391256981,Hill / Himalayan orographic,22.9,18.234022636413577,19.575831690478,9.585850478056646,16.122336603773977,9.585850478056646,0.0029138112848471863,0.0
srinagar,2026-07-18,0.30000000000000004,0.0,34.08,74.8,Break,-1.6329059391256981,Hill / Himalayan orographic,0.30000000000000004,0.0,0.0,0.9295478962385252,0.11185883065711105,0.9295478962385252,0.0003236214957025291,0.0
surat,2026-07-18,1.4000000000000001,19.809831619262695,21.17,72.83,Break,-1.6329059391256981,West-coast orographic,1.4000000000000001,0.10103173971176141,0.07078132261968882,1.1508589172573833,0.7971879974279639,1.1508589172573833,0.0004978487336917026,0.0
thiruvananthapuram,2026-07-18,2.7,1.0761061906814575,8.52,76.94,Break,-1.6329059391256981,West-coast orographic,2.7,0.7281792613863949,1.3833272695541385,1.5285204925353433,1.290913160387682,1.5285204925353433,0.00017880728945754077,0.0
varanasi,2026-07-18,2.2,45.985538482666016,25.32,82.97,Break,-1.6329059391256981,Inland,2.2,0.4333441686630248,2.3463230883821526,5.214718451274984,23.93897310627391,5.214718451274984,0.0006768313998757521,0.0
vijayawada,2026-07-18,1.2,0.04115859046578407,16.51,80.65,Break,-1.6329059391256981,Inland,1.2,0.051207574829459215,0.04880980363526895,2.438642904045195,4.708561139000979,2.438642904045195,0.00031507918868293864,0.0
visakhapatnam,2026-07-18,2.6,0.24899090826511383,17.69,83.22,Break,-1.6329059391256981,East coast,2.6,0.6851606160402304,1.3017197065264263,3.9616539839414577,5.637981951197679,3.9616539839414577,0.0003100196549095745,0.0
agartala,2026-07-19,3.1,22.484508514404297,23.83,91.29,Break,-1.6063620884828727,Inland,3.1,0.9756744408607482,4.067220869064332,10.284956988379873,39.21297413707535,10.284956988379873,0.0005368749506005302,0.0
ahmedabad,2026-07-19,1.1,0.7371389865875244,23.02,72.57,Break,-1.6063620884828727,Inland,1.1,0.025789141487330313,0.025920565010278257,0.3761881154888759,0.0,0.3761881154888759,0.0004969080691206187,0.0
amritsar,2026-07-19,0.0,0.0,31.63,74.87,Break,-1.6063620884828727,Inland,0.0,0.0,0.0,0.20325235588078044,0.0,0.20325235588078044,0.00033669471635396054,0.0
bengaluru,2026-07-19,15.9,13.999746322631836,12.97,77.59,Break,-1.6063620884828727,Inland,15.9,12.455075318018604,35.36241429293632,6.867467873140165,36.032637199247844,6.867467873140165,0.024519960943285467,0.0
bhopal,2026-07-19,2.6,19.393815994262695,23.26,77.41,Break,-1.6063620884828727,Inland,2.6,0.6851606160402304,2.5589821400180934,4.3542596717072595,18.560805232210537,4.3542596717072595,0.0004643572656286176,0.0
bhubaneswar,2026-07-19,0.9,0.7064967751502991,20.3,85.82,Break,-1.6063620884828727,East coast,0.9,0.0,0.0,2.1771539093005754,2.549485939811176,2.1771539093005754,0.00042142076719497464,0.0
chandigarh,2026-07-19,6.6000000000000005,18.058683395385742,30.73,76.78,Break,-1.6063620884828727,Inland,6.6000000000000005,4.140929024219513,14.385162954220823,6.986343438498966,36.15577784882307,6.986343438498966,0.00597525753189293,0.0
chennai,2026-07-19,1.0,0.13431306183338165,13.08,80.27,Break,-1.6063620884828727,East coast,1.0,0.004290861226618291,0.0,1.1498201146449631,0.7961461303832187,1.1498201146449631,0.00036033814492157,0.0
dehradun,2026-07-19,21.0,21.84603500366211,30.32,78.03,Break,-1.6063620884828727,Hill / Himalayan orographic,21.0,16.435614523329953,18.488183210106982,9.841582245197266,16.190133923722524,9.841582245197266,0.01832174385327524,0.0
delhi,2026-07-19,7.4,0.0,28.61,77.21,Break,-1.6063620884828727,Inland,7.4,4.848171405792236,22.372805700496762,9.280648662688488,37.70651164853827,9.280648662688488,0.005509063149577311,0.0
gangtok,2026-07-19,20.0,24.946456909179688,27.33,88.61,Break,-1.6063620884828727,Hill / Himalayan orographic,20.0,15.736687078197697,17.915736641490653,21.51165206281163,27.42280837440959,21.51165206281163,0.004261774183208193,0.0
guwahati,2026-07-19,2.8,2.609797477722168,26.14,91.74,Break,-1.6063620884828727,Inland,2.8,0.7711979067325592,2.946406843662261,7.706706621825712,36.75767919225405,7.706706621825712,0.00039036272383261234,0.0
hyderabad,2026-07-19,2.6,1.2552416324615479,17.39,78.49,Break,-1.6063620884828727,Inland,2.6,0.6851606160402304,2.5589821400180934,3.861324128179816,15.167107392719714,3.861324128179816,0.0002533238404216966,0.0
jabalpur,2026-07-19,28.3,22.454816818237305,23.18,79.95,Break,-1.6063620884828727,Inland,28.3,22.013653710520725,43.58541336059571,12.749538889397568,42.90984698860189,12.749538889397568,0.036786235798388266,0.0
jaipur,2026-07-19,1.0,0.0,26.91,75.79,Break,-1.6063620884828727,Inland,1.0,0.004290861226618291,0.0,2.1131609919698855,4.5524505608460375,2.1131609919698855,0.0007328705735462829,0.0
jodhpur,2026-07-19,0.0,0.0,26.24,73.02,Break,-1.6063620884828727,Inland,0.0,0.0,0.0,0.19943072552013744,0.0,0.19943072552013744,0.00041706989209244343,0.0
kochi,2026-07-19,58.1,19.4872989654541,9.93,76.27,Break,-1.6063620884828727,West-coast orographic,58.1,41.217055148241485,34.909210582538975,15.627785342347014,24.119423166663047,15.627785342347014,0.02127782526598517,0.0
kolkata,2026-07-19,13.3,0.08266758918762207,22.57,88.36,Break,-1.6063620884828727,East coast,13.3,10.500025252815963,14.056117008261879,6.292914879317042,9.74463412741348,6.292914879317042,0.011826183155448486,0.0
lucknow,2026-07-19,18.7,11.94206714630127,26.85,80.95,Break,-1.6063620884828727,Inland,18.7,14.791634766859465,36.27287847968448,11.630431099464813,41.23118530370276,11.630431099464813,0.004850180431870779,0.0
madurai,2026-07-19,3.1,0.0,9.93,78.12,Break,-1.6063620884828727,Inland,3.1,0.9756744408607482,4.067220869064332,1.5939133862122457,2.3466226884671695,1.5939133862122457,0.0002801080006692025,0.0
mangaluru,2026-07-19,96.3,10.693305969238281,12.91,74.86,Break,-1.6063620884828727,West-coast orographic,96.3,66.80369714129964,39.51994879532192,27.03890423334089,35.53340042634875,27.03890423334089,0.05408551523651121,1.0
mumbai,2026-07-19,119.5,34.62748336791992,19.08,72.88,Break,-1.6063620884828727,West-coast orographic,119.5,88.07674279201082,53.56282788986278,48.299188983008186,45.0303556040213,48.299188983008186,0.24857707249939134,1.0
nagpur,2026-07-19,32.9,4.932419300079346,21.15,79.09,Break,-1.6063620884828727,Inland,32.9,25.012488159117442,50.4854133605957,12.812205951253059,43.00384758138512,12.812205951253059,0.013943803289753694,0.0
panaji,2026-07-19,52.2,1.8322579860687256,15.49,73.83,Break,-1.6063620884828727,West-coast orographic,52.2,38.1616509747958,33.21033048245816,19.97722967017025,26.12238371159116,19.97722967017025,0.047668676801332646,0.0
patna,2026-07-19,11.6,33.75634765625,25.59,85.14,Break,-1.6063620884828727,Inland,11.6,9.209702110290527,29.200582419296772,8.036104148867695,36.9179163304136,8.036104148867695,0.001297459242222204,0.0
pune,2026-07-19,20.7,2.7181625366210938,18.52,73.86,Break,-1.6063620884828727,Inland,20.7,16.226004118511117,36.794963568029274,8.713367533719019,37.24737462217238,8.713367533719019,0.022468161622887214,0.0
raipur,2026-07-19,35.1,16.66946792602539,21.25,81.63,Break,-1.6063620884828727,Inland,35.1,26.275916424610838,53.785413360595705,13.440291202657829,43.94597545849228,13.440291202657829,0.012951458483673845,0.0
ranchi,2026-07-19,5.1,7.98815393447876,23.34,85.31,Break,-1.6063620884828727,Inland,5.1,2.5665924644470204,6.966193533810702,9.468850622178579,37.988814587773405,9.468850622178579,0.010752750132547366,0.0
shillong,2026-07-19,2.7,2.933468818664551,25.58,91.89,Break,-1.6063620884828727,Hill / Himalayan orographic,2.7,0.7281792613863949,1.3833272695541385,11.221325668132565,16.908048468187186,11.221325668132565,0.00039036272383261234,0.0
shimla,2026-07-19,41.7,2.13338565826416,31.1,77.17,Break,-1.6063620884828727,Hill / Himalayan orographic,41.7,31.3756907254238,24.100042061934346,27.76456732566977,35.96860793480853,27.76456732566977,0.021560796107435443,0.0
srinagar,2026-07-19,0.30000000000000004,1.8393710851669312,34.08,74.8,Break,-1.6063620884828727,Hill / Himalayan orographic,0.30000000000000004,0.0,0.0,0.9295478962385252,0.11185883065711105,0.9295478962385252,0.0003236214957025291,0.0
surat,2026-07-19,4.4,80.89764404296875,21.17,72.83,Break,-1.6063620884828727,West-coast orographic,4.4,2.0229470968246464,2.8452502232845687,3.0689130581028405,4.709835137537022,3.0689130581028405,0.008387067120327829,0.0
thiruvananthapuram,2026-07-19,6.6,0.0,8.52,76.94,Break,-1.6063620884828727,West-coast orographic,6.6,4.1409290242195125,5.846069659833553,1.4165441884213579,1.1418999392703588,1.4165441884213579,0.0017703088717791055,0.0
varanasi,2026-07-19,7.9,4.361003875732422,25.32,82.97,Break,-1.6063620884828727,Inland,7.9,5.314646573066712,23.72917655503668,7.651275893189983,36.730714626361745,7.651275893189983,0.01635944796327883,0.0
vijayawada,2026-07-19,2.8000000000000003,0.03086894564330578,16.51,80.65,Break,-1.6063620884828727,Inland,2.8000000000000003,0.7711979067325595,2.946406843662262,4.775810335652392,21.3618893175747,4.775810335652392,0.00031507918868293864,0.0
visakhapatnam,2026-07-19,0.4,0.0,17.69,83.22,Break,-1.6063620884828727,East coast,0.4,0.0,0.0,1.7644905072911912,2.119561014137672,1.7644905072911912,0.0003100196549095745,0.0
agartala,2026-07-20,16.4,3.6143956184387207,23.83,91.29,Normal,-0.9600964845912642,Inland,16.4,12.830831083874056,15.016078777313217,8.109342160425982,13.741604533510646,8.109342160425982,0.008107607711030319,0.0
ahmedabad,2026-07-20,0.6000000000000001,4.940622329711914,23.02,72.57,Normal,-0.9600964845912642,Inland,0.6000000000000001,0.0,0.0,0.23833733829071882,0.0,0.23833733829071882,0.00017910769674551406,0.0
amritsar,2026-07-20,0.9,0.0,31.63,74.87,Normal,-0.9600964845912642,Inland,0.9,0.0,0.052148040384054226,1.6563714829173943,0.7226331695390289,1.6563714829173943,0.0003279850938553453,0.0
bengaluru,2026-07-20,11.6,0.0,12.97,77.59,Normal,-0.9600964845912642,Inland,11.6,9.209702110290527,9.77520580291748,1.066889482180301,0.11478267122046314,1.066889482180301,0.004312251103647178,0.0
bhopal,2026-07-20,7.4,4.324378967285156,23.26,77.41,Normal,-0.9600964845912642,Inland,7.4,4.848171405792236,5.2308103879292815,3.2729294416927432,2.4765731206503094,3.2729294416927432,0.002514986309386438,0.0
bhubaneswar,2026-07-20,9.6,1.2971197366714478,20.3,85.82,Normal,-0.9600964845912642,East coast,9.6,7.176247509717938,6.558760657310482,5.70174658540633,6.370873548082596,5.70174658540633,0.012339543093661925,0.0
chandigarh,2026-07-20,17.4,2.4760022163391113,30.73,76.78,Normal,-0.9600964845912642,Inland,17.4,13.82296678043214,16.276040033860625,6.937268009020569,10.649332150612215,6.937268009020569,0.012621745352875644,0.0
chennai,2026-07-20,4.4,0.0,13.08,80.27,Normal,-0.9600964845912642,East coast,4.4,2.0229470968246464,1.0789950179355632,0.8585716882246931,0.003473511897885177,0.8585716882246931,0.0010909691015597433,0.0
dehradun,2026-07-20,29.6,19.190200805664062,30.32,78.03,Normal,-0.9600964845912642,Hill / Himalayan orographic,29.6,23.065629034038817,28.288161849975594,12.996865242817078,19.661782637283512,12.996865242817078,0.015941372961204774,0.0
delhi,2026-07-20,15.9,0.0,28.61,77.21,Normal,-0.9600964845912642,Inland,15.9,12.455075318018604,14.46635338783264,5.626852438295195,7.547705696581194,5.626852438295195,0.008721782360158343,0.0
gangtok,2026-07-20,12.700000000000001,36.53110122680664,27.33,88.61,Normal,-0.9600964845912642,Hill / Himalayan orographic,12.700000000000001,9.912774279458189,10.307314059414969,16.74346105334467,29.00601268043001,16.74346105334467,0.0015320346981412532,0.0
guwahati,2026-07-20,69.2,24.065628051757812,26.14,91.74,Normal,-0.9600964845912642,Inland,69.2,46.31326540435779,64.88250307243722,5.2483501923663685,6.917470719050594,5.2483501923663685,0.0017181602687104892,1.0
hyderabad,2026-07-20,2.4,4.745110988616943,17.39,78.49,Normal,-0.9600964845912642,Inland,2.4,0.5651008012890815,0.7211453914642331,1.0542987193783515,0.10591999498113217,1.0542987193783515,0.00014092782271080877,0.0
jabalpur,2026-07-20,30.799999999999997,11.3387451171875,23.18,79.95,Normal,-0.9600964845912642,Inland,30.799999999999997,23.789230218765944,29.06665226516911,7.899625445304094,13.102865571148287,7.899625445304094,0.006845538307113111,0.0
jaipur,2026-07-20,0.9,0.0,26.91,75.79,Normal,-0.9600964845912642,Inland,0.9,0.0,0.052148040384054226,0.5113247339963928,0.0,0.5113247339963928,0.0005183097293474415,0.0
jodhpur,2026-07-20,0.0,0.0,26.24,73.02,Normal,-0.9600964845912642,Inland,0.0,0.0,0.0,0.03432366532979321,0.0,0.03432366532979321,0.0002462115726861209,0.0
kochi,2026-07-20,23.6,18.143314361572266,9.93,76.27,Normal,-0.9600964845912642,West-coast orographic,23.6,18.721402432909116,11.929616854741024,11.543590596580625,12.796482470434237,11.543590596580625,0.01422656348725064,0.0
kolkata,2026-07-20,5.8999999999999995,0.2247772365808487,22.57,88.36,Normal,-0.9600964845912642,East coast,5.8999999999999995,3.282974350452421,1.988131347894668,4.355254521751074,5.134825362587037,4.355254521751074,0.025023172389907516,0.0
lucknow,2026-07-20,40.1,9.616244316101074,26.85,80.95,Normal,-0.9600964845912642,Inland,40.1,30.245405116137533,37.331509612688116,19.220608875751964,38.23359662499857,19.220608875751964,0.04090349090470397,0.0
madurai,2026-07-20,0.30000000000000004,5.579873085021973,9.93,78.12,Normal,-0.9600964845912642,Inland,0.30000000000000004,0.0,0.0,0.12668555524963757,0.0,0.12668555524963757,0.00012869869490794535,0.0
mangaluru,2026-07-20,26.8,66.74468994140625,12.91,74.86,Normal,-0.9600964845912642,West-coast orographic,26.8,20.632152158324075,12.375730295976004,7.992231181436385,7.8523815948921625,7.992231181436385,0.010839990168346454,0.0
mumbai,2026-07-20,130.1,109.23265838623047,19.08,72.88,Normal,-0.9600964845912642,West-coast orographic,130.1,104.63995275404982,59.646281647682194,54.43471329284691,69.5692394376387,54.43471329284691,0.18540160227900135,1.0
nagpur,2026-07-20,2.1,2.6506288051605225,21.15,79.09,Normal,-0.9600964845912642,Inland,2.1,0.359846626520157,0.5735228538513188,1.0542987193783515,0.10591999498113217,1.0542987193783515,0.00021775402235379515,0.0
panaji,2026-07-20,30.6,4.942143440246582,15.49,73.83,Normal,-0.9600964845912642,West-coast orographic,30.6,23.668630021311426,12.990614523832825,11.62483317187454,12.88786697228221,11.62483317187454,0.018732366712943566,0.0
patna,2026-07-20,27.9,37.80424499511719,25.59,85.14,Normal,-0.9600964845912642,Inland,27.9,21.645253296601616,25.878100532631713,5.221000684878432,6.863696260494565,5.221000684878432,0.0012765541159684745,0.0
pune,2026-07-20,25.2,1.2591179609298706,18.52,73.86,Normal,-0.9600964845912642,Inland,25.2,19.75217311743977,22.616555528417475,2.8136937893896405,2.0527918358337516,2.8136937893896405,0.00846990349881918,0.0
raipur,2026-07-20,18.6,9.822288513183594,21.25,81.63,Normal,-0.9600964845912642,Inland,18.6,14.718938435218064,17.528786123844615,7.349577526236754,11.919614306330217,7.349577526236754,0.011159558832615147,0.0
ranchi,2026-07-20,11.5,18.123455047607422,23.34,85.31,Normal,-0.9600964845912642,Inland,11.5,9.098437905311584,9.613981246948242,5.226138204258802,6.873797624225605,5.226138204258802,0.0022905711867693417,0.0
shillong,2026-07-20,16.8,40.142539978027344,25.58,91.89,Normal,-0.9600964845912642,Hill / Himalayan orographic,16.8,13.26301242162855,16.17717366808937,10.140023818242762,11.622335423680399,10.140023818242762,0.0010927223783171252,0.0
shimla,2026-07-20,35.0,5.076064109802246,31.1,77.17,Normal,-0.9600964845912642,Hill / Himalayan orographic,35.0,26.19431109301229,32.0489292573929,19.26712539051261,37.61665989028232,19.26712539051261,0.003521889175200978,0.0
srinagar,2026-07-20,4.0,21.855127334594727,34.08,74.8,Normal,-0.9600964845912642,Hill / Himalayan orographic,4.0,1.7309689362843832,1.7825088890608365,2.1996755385431017,0.6241675018791308,2.1996755385431017,0.004341425730353819,0.0
surat,2026-07-20,16.8,14.820507049560547,21.17,72.83,Normal,-0.9600964845912642,West-coast orographic,16.8,13.26301242162855,9.18485816787271,12.566442808873342,14.396813430754495,12.566442808873342,0.055984139647910956,0.0
thiruvananthapuram,2026-07-20,7.7,0.0,8.52,76.94,Normal,-0.9600964845912642,West-coast orographic,7.7,5.132567892074586,5.006207227706909,0.7662283515479116,0.0,0.7662283515479116,0.0023559032548532296,0.0
varanasi,2026-07-20,59.6,102.94842529296875,25.32,82.97,Normal,-0.9600964845912642,Inland,59.6,41.993852819456485,60.24441383724536,3.639739137221558,2.956155031529851,3.639739137221558,0.004729818552634727,0.0
vijayawada,2026-07-20,3.5,0.0,16.51,80.65,Normal,-0.9600964845912642,Inland,3.5,1.3465025937557227,1.6266391932964315,3.2790301646821916,2.4831468382685946,3.2790301646821916,0.005854707255731454,0.0
visakhapatnam,2026-07-20,2.2,0.1810842752456665,17.69,83.22,Normal,-0.9600964845912642,East coast,2.2,0.4333441686630248,0.08440650254487991,0.6654739513058163,0.0,0.6654739513058163,0.00018127730388273143,0.0
agartala,2026-07-22,9.9,5.634566307067871,23.83,91.29,Normal,-0.6830925122144682,Inland,9.9,7.46242032766342,7.429013395309453,5.284404995765469,6.988361484889282,5.284404995765469,0.0033033881288860464,0.0
ahmedabad,2026-07-22,15.2,2.5150575637817383,23.02,72.57,Normal,-0.6830925122144682,Inland,15.2,11.98658206303915,13.703872505972322,2.8342716963562196,2.060904735955371,2.8342716963562196,0.015102587288630252,0.0
amritsar,2026-07-22,26.900000000000002,143.5140380859375,31.63,74.87,Normal,-0.6830925122144682,Inland,26.900000000000002,20.724252261803855,24.65492904862985,2.667292424898042,1.9950726688787144,2.667292424898042,0.0020564847000184806,0.0
bengaluru,2026-07-22,0.4,0.0,12.97,77.59,Normal,-0.6830925122144682,Inland,0.4,0.0,0.0,0.27004037388257107,0.0,0.27004037388257107,0.00011597971790509156,0.0
bhopal,2026-07-22,9.4,71.7742691040039,23.26,77.41,Normal,-0.6830925122144682,Inland,9.4,6.9480104506015765,7.120646572113039,4.153740300703525,4.373664493728874,4.153740300703525,0.0027421730386710174,0.0
bhubaneswar,2026-07-22,23.1,23.426921844482422,20.3,85.82,Normal,-0.6830925122144682,East coast,23.1,18.373274006840877,18.170218081887302,8.616408807524643,10.80194851796406,8.616408807524643,0.03774626114481158,0.0
chandigarh,2026-07-22,1.2000000000000002,3.5462844371795654,30.73,76.78,Normal,-0.6830925122144682,Inland,1.2000000000000002,0.051207574829459264,0.1273578211665159,2.0526936489706444,1.2109681350476742,2.0526936489706444,0.0009719527465007742,0.0
chennai,2026-07-22,1.2000000000000002,0.0,13.08,80.27,Normal,-0.6830925122144682,East coast,1.2000000000000002,0.051207574829459264,0.002241226070327669,0.18606702311232157,0.0,0.18606702311232157,0.0001484364382865483,0.0
dehradun,2026-07-22,17.5,2.3633739948272705,30.32,78.03,Normal,-0.6830925122144682,Hill / Himalayan orographic,17.5,13.897809991627097,17.109352612136004,11.803984687205897,16.11657015346161,11.803984687205897,0.018001599929168204,0.0
delhi,2026-07-22,15.3,4.378792762756348,28.61,77.21,Normal,-0.6830925122144682,Inland,15.3,12.053509670893359,13.812628473299691,6.542492974572201,9.467267124635848,6.542492974572201,0.009553826910497318,0.0
gangtok,2026-07-22,13.2,15.749579429626465,27.33,88.61,Normal,-0.6830925122144682,Hill / Himalayan orographic,13.2,10.415696611164458,10.752795323205058,12.475663227547383,17.99078568916257,12.475663227547383,0.0014279935486020059,0.0
guwahati,2026-07-22,20.400000000000002,3.1240153312683105,26.14,91.74,Normal,-0.6830925122144682,Inland,20.400000000000002,16.016393713692285,18.913107070922855,4.308131354799485,4.60715582845508,4.308131354799485,0.0008200439440946821,0.0
hyderabad,2026-07-22,1.7000000000000002,7.566659927368164,17.39,78.49,Normal,-0.6830925122144682,Inland,1.7000000000000002,0.19947055608034137,0.3606002688407898,1.0542987193783515,0.10591999498113217,1.0542987193783515,0.000124840629821359,0.0
jabalpur,2026-07-22,22.2,37.2626838684082,23.18,79.95,Normal,-0.6830925122144682,Inland,22.2,17.446639488703536,19.726505466807975,6.854112369180677,10.369085490837799,6.854112369180677,0.02556234789924399,0.0
jaipur,2026-07-22,20.6,0.8931164741516113,26.91,75.79,Normal,-0.6830925122144682,Inland,20.6,16.156133983571507,19.003484670465646,3.728492591463911,3.1927021494789583,3.728492591463911,0.002911518705258386,0.0
jodhpur,2026-07-22,1.5,0.26481160521507263,26.24,73.02,Normal,-0.6830925122144682,Inland,1.5,0.13257965326309212,0.23937728703022013,0.36193456130721596,0.0,0.36193456130721596,0.00023169528042044326,0.0
kochi,2026-07-22,3.5,0.7672231197357178,9.93,76.27,Normal,-0.6830925122144682,West-coast orographic,3.5,1.3465025937557227,1.0555626181038944,3.6426654884392815,2.8754991652770405,3.6426654884392815,0.002561145020564336,0.0
kolkata,2026-07-22,20.5,0.0553564615547657,22.57,88.36,Normal,-0.6830925122144682,East coast,20.5,16.086263848631894,14.570401627437107,5.360998377009404,6.100761865765328,5.360998377009404,0.028249835534961645,0.0
lucknow,2026-07-22,18.2,1.0370516777038574,26.85,80.95,Normal,-0.6830925122144682,Inland,18.2,14.42171246999179,17.203493570026595,6.635128997123948,9.656540740173018,6.635128997123948,0.0031485373545123234,0.0
madurai,2026-07-22,0.4,0.0,9.93,78.12,Normal,-0.6830925122144682,Inland,0.4,0.0,0.0,0.15735306710952635,0.0,0.15735306710952635,0.00011218885166494567,0.0
mangaluru,2026-07-22,28.3,15.445817947387695,12.91,74.86,Normal,-0.6830925122144682,West-coast orographic,28.3,22.013653710520725,12.54699139034047,6.76110199691109,6.588526167070774,6.76110199691109,0.00348055052969986,0.0
mumbai,2026-07-22,41.8,71.19963836669922,19.08,72.88,Normal,-0.6830925122144682,West-coast orographic,41.8,31.446970725958604,19.038706267057957,33.03240520902024,38.21623820229881,33.03240520902024,0.05904921654182993,0.0
nagpur,2026-07-22,7.0,46.04319381713867,21.15,79.09,Normal,-0.6830925122144682,Inland,7.0,4.475813668966293,4.84158899307251,3.5416753779990695,2.8175809889188996,3.5416753779990695,0.0017453847497870744,0.0
panaji,2026-07-22,47.4,16.044713973999023,15.49,73.83,Normal,-0.6830925122144682,West-coast orographic,47.4,35.56362375376852,20.71164725377009,16.810336734312916,19.3749941203618,16.810336734312916,0.010713075032734835,0.0
patna,2026-07-22,19.9,4.322704315185547,25.59,85.14,Normal,-0.6830925122144682,Inland,19.9,15.663990746556294,18.585986923753165,5.18092314491188,6.784896011060105,5.18092314491188,0.0009077237604701675,0.0
pune,2026-07-22,13.8,37.61082458496094,18.52,73.86,Normal,-0.6830925122144682,Inland,13.8,10.921668461073484,12.495368580858246,3.976760065947003,3.9974361822947886,3.976760065947003,0.00872500236446536,0.0
raipur,2026-07-22,12.0,28.132116317749023,21.25,81.63,Normal,-0.6830925122144682,Inland,12.0,9.40426556110382,10.420104026794434,5.694010740778422,7.66219728607877,5.694010740778422,0.007543750828401505,0.0
ranchi,2026-07-22,39.8,27.33039665222168,23.34,85.31,Normal,-0.6830925122144682,Inland,39.8,30.033476564396356,37.09671554371544,14.083020197512647,29.65958584313634,14.083020197512647,0.0046406487317695545,0.0
shillong,2026-07-22,15.7,9.37523365020752,25.58,91.89,Normal,-0.6830925122144682,Hill / Himalayan orographic,15.7,12.321220102310187,14.704627722378435,9.011729724187909,9.85184112977937,9.011729724187909,0.0011159367278217396,0.0
shimla,2026-07-22,9.2,39.578853607177734,31.1,77.17,Normal,-0.6830925122144682,Hill / Himalayan orographic,9.2,6.692086858749388,7.394424930665551,7.178136165345343,6.631892449310978,7.178136165345343,0.001174343276040619,0.0
srinagar,2026-07-22,23.700000000000003,7.811014175415039,34.08,74.8,Normal,-0.6830925122144682,Hill / Himalayan orographic,23.700000000000003,18.791028118122767,23.75517640015246,5.402994082105294,3.5211220144287156,5.402994082105294,0.001737722598060207,0.0
surat,2026-07-22,89.0,55.055519104003906,21.17,72.83,Normal,-0.6830925122144682,West-coast orographic,89.0,60.85239607654589,36.87921543026445,27.4643161567207,35.45388224166006,27.4643161567207,0.023412630567948692,1.0
thiruvananthapuram,2026-07-22,0.9,0.4874708652496338,8.52,76.94,Normal,-0.6830925122144682,West-coast orographic,0.9,0.0,0.0,0.16929680712858505,0.0,0.16929680712858505,9.398064555795188e-05,0.0
varanasi,2026-07-22,28.7,0.0,25.32,82.97,Normal,-0.6830925122144682,Inland,28.7,22.38205412443983,26.86060869641701,2.5459916499308908,1.8581977918500874,2.5459916499308908,0.008052317076142419,0.0
vijayawada,2026-07-22,0.0,0.14588215947151184,16.51,80.65,Normal,-0.6830925122144682,Inland,0.0,0.0,0.0,0.28091028880402485,0.0,0.28091028880402485,0.0001599374525553534,0.0
visakhapatnam,2026-07-22,3.9,0.0,17.69,83.22,Normal,-0.6830925122144682,East coast,3.9,1.6836241233348845,0.8025690340237566,2.0208175306011995,1.024083415354448,2.0208175306011995,0.0010474191016312604,0.0
agartala,2026-07-23,6.6000000000000005,41.16733932495117,23.83,91.29,Normal,-0.45341479935805484,Inland,6.6000000000000005,4.140929024219513,4.459144401550294,6.489513872362573,9.369565580068265,6.489513872362573,0.0028629781786879385,0.0
ahmedabad,2026-07-23,35.7,7.275062561035156,23.02,72.57,Normal,-0.45341479935805484,Inland,35.7,26.796674450362122,33.213968942666206,6.6389609310724715,9.66900937829047,6.6389609310724715,0.002237395959053725,0.0
amritsar,2026-07-23,13.299999999999999,68.0826416015625,31.63,74.87,Normal,-0.45341479935805484,Inland,13.299999999999999,10.500025252815961,12.044789778219682,2.833852232948026,2.060739361277525,2.833852232948026,0.0008872038262438519,0.0
bengaluru,2026-07-23,7.2,0.29871582984924316,12.97,77.59,Normal,-0.45341479935805484,Inland,7.2,4.646577335993449,5.026923789978029,0.7310198993892754,0.0,0.7310198993892754,0.001057882207361702,0.0
bhopal,2026-07-23,17.8,68.47635650634766,23.26,77.41,Normal,-0.45341479935805484,Inland,17.8,14.122339625211966,16.822827330502594,6.51924787698563,9.424399619466621,6.51924787698563,0.016692282678600144,0.0
bhubaneswar,2026-07-23,9.6,3.9091415405273438,20.3,85.82,Normal,-0.45341479935805484,East coast,9.6,7.176247509717938,6.558760657310482,5.032891931102724,5.8406713300001165,5.032891931102724,0.02411807134582984,0.0
chandigarh,2026-07-23,0.30000000000000004,5.489007472991943,30.73,76.78,Normal,-0.45341479935805484,Inland,0.30000000000000004,0.0,0.0,1.250531552450884,0.2678406677215143,1.250531552450884,0.000834828036827391,0.0
chennai,2026-07-23,0.30000000000000004,0.05624496936798096,13.08,80.27,Normal,-0.45341479935805484,East coast,0.30000000000000004,0.0,0.0,0.4046283695974909,0.0,0.4046283695974909,0.0001615579767999865,0.0
dehradun,2026-07-23,4.7,9.540787696838379,30.32,78.03,Normal,-0.45341479935805484,Hill / Himalayan orographic,4.7,2.230027634511897,2.472879664103191,6.111339825497411,4.348286682929294,6.111339825497411,0.03914072893502865,0.0
delhi,2026-07-23,11.1,0.1259896159172058,28.61,77.21,Normal,-0.45341479935805484,Inland,11.1,8.653381085395813,9.100258102416992,4.408488043330028,4.859496862811782,4.408488043330028,0.0024848159494714316,0.0
gangtok,2026-07-23,23.7,24.04547691345215,27.33,88.61,Normal,-0.45341479935805484,Hill / Himalayan orographic,23.7,18.791028118122764,23.75517640015246,17.03067940314611,29.88708562191288,17.03067940314611,0.0035374901651359,0.0
guwahati,2026-07-23,4.7,25.52926254272461,26.14,91.74,Normal,-0.45341479935805484,Inland,4.7,2.230027634511897,2.486057837804158,4.68044744437266,5.519626175441328,4.68044744437266,0.0024683970553437766,0.0
hyderabad,2026-07-23,0.8,3.2605063915252686,17.39,78.49,Normal,-0.45341479935805484,Inland,0.8,0.0,0.00425116578117013,0.757006521464778,0.0,0.757006521464778,0.00012154481331807752,0.0
jabalpur,2026-07-23,25.4,36.67533493041992,23.18,79.95,Normal,-0.45341479935805484,Inland,25.4,19.860072217099564,22.82252305876219,6.246895140356643,8.906264036799067,6.246895140356643,0.016780655830589568,0.0
jaipur,2026-07-23,11.5,7.0364298820495605,26.91,75.79,Normal,-0.45341479935805484,Inland,11.5,9.098437905311584,9.613981246948242,2.0276580405213434,1.1613165736779698,2.0276580405213434,0.0011044107186625163,0.0
jodhpur,2026-07-23,26.2,37.854454040527344,26.24,73.02,Normal,-0.45341479935805484,Inland,26.2,20.291668615738743,23.799806253358273,2.004751718992497,1.115887894305272,2.004751718992497,0.001466298901217694,0.0
kochi,2026-07-23,2.1,15.296871185302734,9.93,76.27,Normal,-0.45341479935805484,West-coast orographic,2.1,0.359846626520157,0.1513579741120339,1.8801675285934156,0.835652125355264,1.8801675285934156,0.0001393506877292036,0.0
kolkata,2026-07-23,26.8,26.54949951171875,22.57,88.36,Normal,-0.45341479935805484,East coast,26.8,20.632152158324075,21.336648025153945,4.090154272266074,5.045454469878728,4.090154272266074,0.037254198358806605,0.0
lucknow,2026-07-23,4.0,0.0,26.85,80.95,Normal,-0.45341479935805484,Inland,4.0,1.7309689362843832,1.9860848546028136,4.7915989123105795,5.81581074881392,4.7915989123105795,0.0319716836143794,0.0
madurai,2026-07-23,1.3,0.0,9.93,78.12,Normal,-0.45341479935805484,Inland,1.3,0.07216779477894308,0.15608657002449022,0.15800221824831415,0.0,0.15800221824831415,0.0001259357603554647,0.0
mangaluru,2026-07-23,23.599999999999998,43.12657165527344,12.91,74.86,Normal,-0.45341479935805484,West-coast orographic,23.599999999999998,18.721402432909116,11.929616854741022,9.008369445266238,8.966505863118025,9.008369445266238,0.005560664477741781,0.0
mumbai,2026-07-23,83.0,50.7723388671875,19.08,72.88,Normal,-0.45341479935805484,West-coast orographic,83.0,55.75711884417029,34.09562596138277,51.611138002072295,67.39596216763712,51.611138002072295,0.07799753691215239,1.0
nagpur,2026-07-23,13.2,9.3682861328125,21.15,79.09,Normal,-0.45341479935805484,Inland,13.2,10.415696611164458,11.938281239690003,5.740406233164575,7.741292401238062,5.740406233164575,0.0068175469719781254,0.0
panaji,2026-07-23,21.3,21.251728057861328,15.49,73.83,Normal,-0.45341479935805484,West-coast orographic,21.3,16.645224928148785,11.006109107624402,5.957414836717712,5.5259174590542965,5.957414836717712,0.004172916360249142,0.0
patna,2026-07-23,17.8,1.3088254928588867,25.59,85.14,Normal,-0.45341479935805484,Inland,17.8,14.122339625211966,16.822827330502594,5.3840654788851445,7.169225364319691,5.3840654788851445,0.0010053765942658215,0.0
pune,2026-07-23,12.0,8.10617733001709,18.52,73.86,Normal,-0.45341479935805484,Inland,12.0,9.40426556110382,10.420104026794434,3.976760065947003,3.9974361822947886,3.976760065947003,0.007754948250694525,0.0
raipur,2026-07-23,26.8,26.5718936920166,21.25,81.63,Normal,-0.45341479935805484,Inland,26.8,20.632152158324075,24.53276864930534,6.846006786782107,10.342710930363474,6.846006786782107,0.015529494462202744,0.0
ranchi,2026-07-23,11.9,8.139914512634277,23.34,85.31,Normal,-0.45341479935805484,Inland,11.9,9.355624698400497,10.258879470825196,6.005552975997318,8.318988406683312,6.005552975997318,0.0021597697733759637,0.0
shillong,2026-07-23,5.0,5.825384140014648,25.58,91.89,Normal,-0.45341479935805484,Hill / Himalayan orographic,5.0,2.4764284312725064,2.656988578717385,6.695829098040243,5.270321896457506,6.695829098040243,0.0027538195185540636,0.0
shimla,2026-07-23,33.8,9.941481590270996,31.1,77.17,Normal,-0.45341479935805484,Hill / Himalayan orographic,33.8,25.51898370221523,30.464416280893175,16.655488573240092,28.736147708819146,16.655488573240092,0.0032185319022561823,0.0
srinagar,2026-07-23,44.1,16.77023696899414,34.08,74.8,Normal,-0.45341479935805484,Hill / Himalayan orographic,44.1,33.23458349988117,40.19743866227631,18.241068192803613,36.16280783924621,18.241068192803613,0.008848621313488887,0.0
surat,2026-07-23,133.7,126.57251739501953,21.17,72.83,Normal,-0.45341479935805484,West-coast orographic,133.7,110.26519387323286,61.724110865592955,23.075895245150686,28.036271156030047,23.075895245150686,0.018647363388955156,1.0
thiruvananthapuram,2026-07-23,0.0,0.0,8.52,76.94,Normal,-0.45341479935805484,West-coast orographic,0.0,0.0,0.0,0.058591041132837175,0.0,0.058591041132837175,0.0001157097429408301,0.0
varanasi,2026-07-23,11.6,0.0,25.32,82.97,Normal,-0.45341479935805484,Inland,11.6,9.209702110290527,9.77520580291748,2.0041150478868333,1.1146252241952488,2.0041150478868333,0.001756733588103871,0.0
vijayawada,2026-07-23,1.1,4.849975109100342,16.51,80.65,Normal,-0.45341479935805484,Inland,1.1,0.025789141487330313,0.1007075309753418,1.0767930174492475,0.12175379982435347,1.0767930174492475,0.00015098067296270463,0.0
visakhapatnam,2026-07-23,0.30000000000000004,0.0,17.69,83.22,Normal,-0.45341479935805484,East coast,0.30000000000000004,0.0,0.0,0.570358476095407,0.0,0.570358476095407,0.00016679394433008607,0.0
agartala,2026-07-24,4.4,8.676493644714355,23.83,91.29,Normal,-0.3414518851785011,Inland,4.4,2.1537641763687154,2.327017188866932,10.086664374050088,19.539406187887813,10.086664374050088,0.011088912166495732,0.0
ahmedabad,2026-07-24,50.2,278.518310546875,23.02,72.57,Normal,-0.3414518851785011,Inland,50.2,37.37728376047441,44.99188107508051,29.654187542659155,56.322253040869,29.654187542659155,0.014292272929298803,0.0
amritsar,2026-07-24,3.1,16.384695053100586,31.63,74.87,Normal,-0.3414518851785011,Inland,3.1,1.0936720967292786,1.3059167444705968,4.582215569045631,4.728058380040103,4.582215569045631,0.00044429518519324023,0.0
bengaluru,2026-07-24,1.0,0.004983808379620314,12.97,77.59,Normal,-0.3414518851785011,Inland,1.0,0.02064198873937148,0.10206166483461866,0.4695086257006383,0.0,0.4695086257006383,0.00012175039251221248,0.0
bhopal,2026-07-24,12.9,0.41164785623550415,23.26,77.41,Normal,-0.3414518851785011,Inland,12.9,10.06128213882446,11.483836267562147,5.528311427185251,7.265118867939866,5.528311427185251,0.005072211746842752,0.0
bhubaneswar,2026-07-24,6.3,0.0,20.3,85.82,Normal,-0.3414518851785011,East coast,6.3,3.700577714443207,2.565044328170486,5.320346603024501,6.294008920312146,5.320346603024501,0.009190973283668611,0.0
chandigarh,2026-07-24,2.4,1.618947148323059,30.73,76.78,Normal,-0.3414518851785011,Inland,2.4,0.6169440209865569,0.8216032761335378,3.8174845156189536,3.0553226487123846,3.8174845156189536,0.0007693655519970875,0.0
chennai,2026-07-24,0.8999999999999999,0.0,13.08,80.27,Normal,-0.3414518851785011,East coast,0.8999999999999999,0.0,0.0,0.615622647872222,0.0,0.615622647872222,0.00012250277669355683,0.0
dehradun,2026-07-24,13.9,1.4169461727142334,30.32,78.03,Normal,-0.3414518851785011,Hill / Himalayan orographic,13.9,11.190123641773521,12.51813885012437,9.74351843556806,10.772199192890053,9.74351843556806,0.007259896764909772,0.0
delhi,2026-07-24,6.8,0.3077027499675751,28.61,77.21,Normal,-0.3414518851785011,Inland,6.8,4.318573403358461,4.772926830291747,6.063517233042545,8.263988384131942,6.063517233042545,0.006000176415209562,0.0
gangtok,2026-07-24,8.4,12.077800750732422,27.33,88.61,Normal,-0.3414518851785011,Hill / Himalayan orographic,8.4,5.7459992984283765,5.819555912515724,18.44099428222986,34.05618800407728,18.44099428222986,0.0047973591833093175,0.0
guwahati,2026-07-24,6.4,27.715883255004883,26.14,91.74,Normal,-0.3414518851785011,Inland,6.4,3.8189761881897426,4.453832699457804,7.3083918475967975,12.227446746749303,7.3083918475967975,0.0008817008835549257,0.0
hyderabad,2026-07-24,2.0,0.0,17.39,78.49,Normal,-0.3414518851785011,Inland,2.0,0.3944600144028663,0.5742623195052147,1.4257673078013204,0.47136655474877653,1.4257673078013204,0.0001338272213128272,0.0
jabalpur,2026-07-24,15.3,0.5215780735015869,23.18,79.95,Normal,-0.3414518851785011,Inland,15.3,12.058864200388204,13.715289731110447,6.576700048829452,9.47588200433421,6.576700048829452,0.005591383611818305,0.0
jaipur,2026-07-24,14.6,1.7925735712051392,26.91,75.79,Normal,-0.3414518851785011,Inland,14.6,11.617304396692129,13.01751870322604,3.0131311753248826,2.150172215422336,3.0131311753248826,0.0018185186129190379,0.0
jodhpur,2026-07-24,13.700000000000001,3.651127576828003,26.24,73.02,Normal,-0.3414518851785011,Inland,13.700000000000001,11.068071997511062,12.24962532346286,2.026550900211082,1.0781086972037943,2.026550900211082,0.0012603398077160287,0.0
kochi,2026-07-24,1.3,8.093374252319336,9.93,76.27,Normal,-0.3414518851785011,West-coast orographic,1.3,0.10010141581296907,0.0,2.1155963490797194,1.0488373473556418,2.1155963490797194,0.0002843188947094957,0.0
kolkata,2026-07-24,37.0,0.6009526252746582,22.57,88.36,Normal,-0.3414518851785011,East coast,37.0,28.07375361306328,37.90434529210725,10.31762472689931,18.823144242174966,10.31762472689931,0.04895560280120575,0.0
lucknow,2026-07-24,1.8,37.7332649230957,26.85,80.95,Normal,-0.3414518851785011,Inland,1.8,0.28291865885257733,0.4445874762535097,2.851383798018197,1.9959597420091741,2.851383798018197,0.0002956915188029125,0.0
madurai,2026-07-24,0.0,0.0,9.93,78.12,Normal,-0.3414518851785011,Inland,0.0,0.0,0.0,0.12424153318724718,0.0,0.12424153318724718,0.00013533844206578986,0.0
mangaluru,2026-07-24,12.4,27.591787338256836,12.91,74.86,Normal,-0.3414518851785011,West-coast orographic,12.4,9.77730991499288,7.926254134643647,24.876209747794277,28.746202129509225,24.876209747794277,0.040234709107015244,0.0
mumbai,2026-07-24,67.1,59.981178283691406,19.08,72.88,Normal,-0.3414518851785011,West-coast orographic,67.1,46.06517525696559,29.6260607362227,74.87177475077351,81.39059380852653,74.87177475077351,0.5054608772134412,1.0
nagpur,2026-07-24,6.3,2.708872079849243,21.15,79.09,Normal,-0.3414518851785011,Inland,6.3,3.700577714443207,4.359714312553404,4.061330775772042,3.6385780512038854,4.061330775772042,0.004442435225638456,0.0
panaji,2026-07-24,10.3,5.052942752838135,15.49,73.83,Normal,-0.3414518851785011,West-coast orographic,10.3,7.96200708389282,6.704590550008177,18.847379788376564,22.645096623979384,18.847379788376564,0.034757372542119316,0.0
patna,2026-07-24,2.4000000000000004,8.618450164794922,25.59,85.14,Normal,-0.3414518851785011,Inland,2.4000000000000004,0.6169440209865572,0.821603276133538,2.714944551274991,1.8257759959002493,2.714944551274991,0.00018832389008691222,0.0
pune,2026-07-24,28.3,12.857799530029297,18.52,73.86,Normal,-0.3414518851785011,Inland,28.3,22.205285991668703,26.466925087009177,5.96817718368876,8.103140698680036,5.96817718368876,0.037204689116396954,0.0
raipur,2026-07-24,8.7,0.9458568692207336,21.25,81.63,Normal,-0.3414518851785011,Inland,8.7,6.112543102641421,6.5112013079827324,5.890893287392516,7.972755452120876,5.890893287392516,0.015785402957499292,0.0
ranchi,2026-07-24,7.7,1.9707319736480713,23.34,85.31,Normal,-0.3414518851785011,Inland,7.7,5.162026720047001,5.6657655239105225,7.0096930456685635,11.409599048559159,7.0096930456685635,0.0029810080183853478,0.0
shillong,2026-07-24,2.8000000000000003,4.376039981842041,25.58,91.89,Normal,-0.3414518851785011,Hill / Himalayan orographic,2.8000000000000003,0.8579861044883731,1.1021875262260437,8.110589501475689,8.164473394293136,8.110589501475689,0.00029318326949707513,0.0
shimla,2026-07-24,12.2,12.270715713500977,31.1,77.17,Normal,-0.3414518851785011,Hill / Himalayan orographic,12.2,9.663721025460248,10.81082933266403,7.8164491220935,7.675544022430681,7.8164491220935,0.0008090727643932658,0.0
srinagar,2026-07-24,20.3,3.2691822052001953,34.08,74.8,Normal,-0.3414518851785011,Hill / Himalayan orographic,20.3,16.45302667903329,21.805491383055493,1.8828628039213642,0.37360277373900475,1.8828628039213642,0.0015555719969936662,0.0
surat,2026-07-24,207.4,70.85050964355469,21.17,72.83,Normal,-0.3414518851785011,West-coast orographic,207.4,210.58344103656484,235.04567454428064,53.97021452584159,64.14622339179496,53.97021452584159,0.1978410223860804,1.0
thiruvananthapuram,2026-07-24,0.0,0.0,8.52,76.94,Normal,-0.3414518851785011,West-coast orographic,0.0,0.0,0.0,0.2012491862048524,0.0,0.2012491862048524,0.00024330038876773058,0.0
varanasi,2026-07-24,9.2,0.530157208442688,25.32,82.97,Normal,-0.3414518851785011,Inland,9.2,6.752446624040602,7.040256896394912,5.06952201445542,5.717791594265603,5.06952201445542,0.007028079147539237,0.0
vijayawada,2026-07-24,0.30000000000000004,2.1602253913879395,16.51,80.65,Normal,-0.3414518851785011,Inland,0.30000000000000004,0.0,0.0,0.997212101440774,0.09127912983179413,0.997212101440774,0.00013810269243236148,0.0
visakhapatnam,2026-07-24,1.9,1.0246397256851196,17.69,83.22,Normal,-0.3414518851785011,East coast,1.9,0.3570851820707319,0.07314593270421028,1.1973627302243617,0.06933934290113508,1.1973627302243617,0.0001607836474165449,0.0
agartala,2026-07-26,0.8999999999999999,0.0,23.83,91.29,Active,1.9587119903789167,Inland,0.8999999999999999,0.0,0.0,7.421214939292475,5.32095749145504,7.421214939292475,0.00018507831523365592,0.0
ahmedabad,2026-07-26,5.2,16.711780548095703,23.02,72.57,Active,1.9587119903789167,Inland,5.2,2.701366378068924,1.6121644099297048,0.01634035854849822,0.0,0.01634035854849822,0.027632932485955518,0.0
amritsar,2026-07-26,2.7,9.947035789489746,31.63,74.87,Active,1.9587119903789167,Inland,2.7,0.777367929816246,0.25433190489115004,3.87243005896729,1.2609213745089634,3.87243005896729,0.0003279503754421614,0.0
bengaluru,2026-07-26,2.5,0.0,12.97,77.59,Active,1.9587119903789167,Inland,2.5,0.6929449141025543,0.2403450503945352,0.3752367097897793,0.0,0.3752367097897793,0.00013451825953382103,0.0
bhopal,2026-07-26,2.9,6.023745059967041,23.26,77.41,Active,1.9587119903789167,Inland,2.9,0.9906544476747519,0.26831875938776484,1.5133365696545895,0.15245833625086738,1.5133365696545895,0.00020247002381819858,0.0
bhubaneswar,2026-07-26,89.6,96.76815795898438,20.3,85.82,Active,1.9587119903789167,East coast,89.6,62.4367268967543,95.72380956195688,22.582791664265322,19.272526516934924,22.582791664265322,0.07170742063462321,1.0
chandigarh,2026-07-26,0.9,0.0,30.73,76.78,Active,1.9587119903789167,Inland,0.9,0.0031293551716953926,0.0,3.1851667852155163,0.9985506889354706,3.1851667852155163,0.0005163371142239716,0.0
chennai,2026-07-26,0.5,0.0,13.08,80.27,Active,1.9587119903789167,East coast,0.5,0.0,0.0,0.5179032820660634,0.0,0.5179032820660634,0.00011803815642375322,0.0
dehradun,2026-07-26,4.8999999999999995,11.392285346984863,30.32,78.03,Active,1.9587119903789167,Hill / Himalayan orographic,4.8999999999999995,2.4663915443420406,1.2981434043816158,10.618165613106141,9.386713216498208,10.618165613106141,0.07198052251385549,0.0
delhi,2026-07-26,4.4,0.0,28.61,77.21,Active,1.9587119903789167,Inland,4.4,2.1537641763687154,1.0638595523256242,7.4590245633965395,5.409377439328687,7.4590245633965395,0.12143643490795508,0.0
gangtok,2026-07-26,4.8,0.09450633823871613,27.33,88.61,Active,1.9587119903789167,Hill / Himalayan orographic,4.8,2.4151827454566956,1.2752512873070585,24.854429797574547,21.128481477379214,24.854429797574547,0.036918036482396055,0.0
guwahati,2026-07-26,0.0,13.863521575927734,26.14,91.74,Active,1.9587119903789167,Inland,0.0,0.0,0.0,3.3027952001202836,1.0653347057697014,3.3027952001202836,0.00018838159621819127,0.0
hyderabad,2026-07-26,0.30000000000000004,0.0,17.39,78.49,Active,1.9587119903789167,Inland,0.30000000000000004,0.0,0.0,0.38178423361772024,0.0,0.38178423361772024,0.00014003223446061336,0.0
jabalpur,2026-07-26,3.9,0.0,23.18,79.95,Active,1.9587119903789167,Inland,3.9,1.6896885919570923,0.5219552473391378,4.933642872743798,2.6497423869868486,4.933642872743798,0.03528238452770101,0.0
jaipur,2026-07-26,4.1,0.0,26.91,75.79,Active,1.9587119903789167,Inland,4.1,1.837997102737427,0.9105078520840159,3.6433720008722537,1.1672586127022704,3.6433720008722537,0.06126907358144244,0.0
jodhpur,2026-07-26,2.6,27.130956649780273,26.24,73.02,Active,1.9587119903789167,Inland,2.6,0.7351564219594002,0.2473384776428426,1.0524207135999377,0.058380562199675315,1.0524207135999377,0.00018711631270602446,0.0
kochi,2026-07-26,3.6999999999999997,0.0,9.93,76.27,Active,1.9587119903789167,West-coast orographic,3.6999999999999997,1.5915569988886513,0.8658608818054194,3.987354388516055,1.923937850203272,3.987354388516055,0.006296250640155732,0.0
kolkata,2026-07-26,5.0,0.06828895956277847,22.57,88.36,Active,1.9587119903789167,East coast,5.0,2.5427470600605013,1.3210355214561735,3.8357787058787456,1.7958406316683837,3.8357787058787456,0.010275621039578544,0.0
lucknow,2026-07-26,3.9000000000000004,4.5050554275512695,26.85,80.95,Active,1.9587119903789167,Inland,3.9000000000000004,1.6896885919570925,0.5219552473391378,15.4392643814081,14.73601565849513,15.4392643814081,0.15595320466654783,0.0
madurai,2026-07-26,2.1,0.0,9.93,78.12,Active,1.9587119903789167,Inland,2.1,0.4318348467350006,0.06326345346868044,0.38730837802858775,0.0,0.38730837802858775,0.00013165150708717693,0.0
mangaluru,2026-07-26,4.4,63.036460876464844,12.91,74.86,Active,1.9587119903789167,West-coast orographic,4.4,2.1537641763687154,1.1959133713585999,12.128205391012905,10.286972674166874,12.128205391012905,0.010630153614006493,0.0
mumbai,2026-07-26,52.0,76.40757751464844,19.08,72.88,Active,1.9587119903789167,West-coast orographic,52.0,38.16507965371099,75.1010453381721,76.18801924568417,106.50137193090485,76.18801924568417,0.37247386338391686,0.0
nagpur,2026-07-26,3.7,0.0,21.15,79.09,Active,1.9587119903789167,Inland,3.7,1.5915569988886515,0.4663880229291835,3.0479223239044884,0.9347829098891389,3.0479223239044884,0.017639870577090155,0.0
panaji,2026-07-26,16.7,8.048873901367188,15.49,73.83,Active,1.9587119903789167,West-coast orographic,16.7,13.27391122114063,12.191241846439686,19.4157871641945,17.546926622143825,19.4157871641945,0.061352814567802,0.0
patna,2026-07-26,2.0,0.43669432401657104,25.59,85.14,Active,1.9587119903789167,Inland,2.0,0.3944600144028663,0.053025902604254306,3.5108201577889657,1.1375841391468444,3.5108201577889657,0.00016128455711354134,0.0
pune,2026-07-26,35.7,3.9376180171966553,18.52,73.86,Active,1.9587119903789167,Inland,35.7,26.864386782646186,60.88677958074098,17.703654320199945,17.000811351937696,17.703654320199945,0.09561889416371167,0.0
raipur,2026-07-26,2.7,0.4238361716270447,21.25,81.63,Active,1.9587119903789167,Inland,2.7,0.777367929816246,0.25433190489115004,2.70560430776183,0.5069991180812369,2.70560430776183,0.0001776767354516545,0.0
ranchi,2026-07-26,17.9,0.10667836666107178,23.34,85.31,Active,1.9587119903789167,Inland,17.9,14.597183730172627,15.934156528819686,18.900627664934657,17.668079096049205,18.900627664934657,0.009995293413590558,0.0
shillong,2026-07-26,3.1,6.285186290740967,25.58,91.89,Active,1.9587119903789167,Hill / Himalayan orographic,3.1,1.0936720967292786,0.6460660126080383,9.78777421660231,8.511673130257394,9.78777421660231,0.00018665899555796094,0.0
shimla,2026-07-26,14.6,3.388411521911621,31.1,77.17,Active,1.9587119903789167,Hill / Himalayan orographic,14.6,11.617304396692129,11.175372192294049,9.545440406671199,8.414365122639445,9.545440406671199,0.0013903158240649988,0.0
srinagar,2026-07-26,7.0,11.681357383728027,34.08,74.8,Active,1.9587119903789167,Hill / Himalayan orographic,7.0,4.480372331142426,2.9087554249732293,1.4931554714373967,0.28829808845348726,1.4931554714373967,0.0016432893316972947,0.0
surat,2026-07-26,65.0,0.045045871287584305,21.17,72.83,Active,1.9587119903789167,West-coast orographic,65.0,45.18162298730651,83.75386807576925,73.73775463230804,104.99377138298995,64.0,0.2080643686103511,1.0
thiruvananthapuram,2026-07-26,3.6999999999999997,0.0,8.52,76.94,Active,1.9587119903789167,West-coast orographic,3.6999999999999997,1.5915569988886513,0.8658608818054194,0.6031358728162719,0.0009054994646976017,0.6031358728162719,0.0033465488834745947,0.0
varanasi,2026-07-26,5.7,0.0,25.32,82.97,Active,1.9587119903789167,Inland,5.7,3.158936595916748,2.260601706504823,13.42097524959509,12.858667655249551,13.42097524959509,0.22051712480999325,0.0
vijayawada,2026-07-26,1.1,0.0,16.51,80.65,Active,1.9587119903789167,Inland,1.1,0.03357186021283289,0.0,1.0021543696071031,0.04156170080302117,1.0021543696071031,0.00012725760738659456,0.0
visakhapatnam,2026-07-26,0.8,0.0,17.69,83.22,Active,1.9587119903789167,East coast,0.8,0.0,0.0,0.6937378621622743,0.011899674533210142,0.6937378621622743,0.00010276795763300215,0.0
agartala,2026-07-27,2.1,5.979610443115234,23.83,91.29,Active,1.4751938772182405,Inland,2.1,0.4318348467350006,0.06326345346868044,7.520797179931186,5.553836202499122,7.520797179931186,0.00014622465599579043,0.0
ahmedabad,2026-07-27,3.8000000000000003,18.752634048461914,23.02,72.57,Active,1.4751938772182405,Inland,3.8000000000000003,1.640622795422872,0.4941716351341607,1.0470626097806337,0.057475661316319315,1.0470626097806337,0.016689861425119412,0.0
amritsar,2026-07-27,0.0,0.0,31.63,74.87,Active,1.4751938772182405,Inland,0.0,0.0,0.0,1.4070306672752493,0.11391814553974258,1.4070306672752493,0.00031870763198441006,0.0
bengaluru,2026-07-27,5.2,0.0,12.97,77.59,Active,1.4751938772182405,Inland,5.2,2.701366378068924,1.6121644099297048,0.8556489989444704,0.016041542075090027,0.8556489989444704,0.004556342305147622,0.0
bhopal,2026-07-27,4.3,0.0,23.26,77.41,Active,1.4751938772182405,Inland,4.3,2.0459720039367686,1.0301126689621893,3.1426653131601636,0.978521401633478,3.1426653131601636,0.016300847417480675,0.0
bhubaneswar,2026-07-27,105.0,7.937219142913818,20.3,85.82,Active,1.4751938772182405,East coast,105.0,75.39015140701923,109.81188375710919,15.587241606966042,13.562770246732011,15.587241606966042,0.11701626980050084,1.0
chandigarh,2026-07-27,0.0,13.923556327819824,30.73,76.78,Active,1.4751938772182405,Inland,0.0,0.0,0.0,0.8843639267433993,0.018843224830303627,0.8843639267433993,0.0004906987374727209,0.0
chennai,2026-07-27,1.3,0.04477102309465408,13.08,80.27,Active,1.4751938772182405,East coast,1.3,0.10010141581296907,0.0005090331193059713,0.03222827995571433,0.0,0.03222827995571433,9.93632160945035e-05,0.0
dehradun,2026-07-27,0.8999999999999999,3.244100570678711,30.32,78.03,Active,1.4751938772182405,Hill / Himalayan orographic,0.8999999999999999,0.0,0.0,2.0338950430777074,0.7351748654642213,2.0338950430777074,0.0002648684093143104,0.0
delhi,2026-07-27,1.2,0.21860823035240173,28.61,77.21,Active,1.4751938772182405,Inland,1.2,0.046501731686294276,0.0,0.985930151012141,0.030446259888881312,0.985930151012141,0.0003463317303454051,0.0
gangtok,2026-07-27,7.1,6.680240631103516,27.33,88.61,Active,1.4751938772182405,Hill / Himalayan orographic,7.1,4.561271795034409,3.04431364155616,16.606825945767696,14.167398172777691,16.606825945767696,0.001835279059616571,0.0
guwahati,2026-07-27,6.0,0.0,26.14,91.74,Active,1.4751938772182405,Inland,6.0,3.4321821206808085,2.8435288143157975,10.0127040158465,9.143623007485353,10.0127040158465,0.02463064661974993,0.0
hyderabad,2026-07-27,1.6,16.992368698120117,17.39,78.49,Active,1.4751938772182405,Inland,1.6,0.20303975507617003,0.008893610113807529,0.4624493024512535,0.0,0.4624493024512535,0.00011787799824367859,0.0
jabalpur,2026-07-27,5.7,0.21678994596004486,23.18,79.95,Active,1.4751938772182405,Inland,5.7,3.158936595916748,2.260601706504823,2.7620487003601384,0.5688944586594502,2.7620487003601384,0.031780303769629176,0.0
jaipur,2026-07-27,3.4,0.0,26.91,75.79,Active,1.4751938772182405,Inland,3.4,1.3538672876358036,0.37824903050294295,3.1923080359381313,1.0026051634335134,3.1923080359381313,0.0002982323934731148,0.0
jodhpur,2026-07-27,3.8000000000000003,1.670960545539856,26.24,73.02,Active,1.4751938772182405,Inland,3.8000000000000003,1.640622795422872,0.4941716351341607,5.733247596734539,3.4908789534858453,5.733247596734539,0.031140120303180568,0.0
kochi,2026-07-27,18.099999999999998,14.262375831604004,9.93,76.27,Active,1.4751938772182405,West-coast orographic,18.099999999999998,14.745724675194255,13.872543412878157,20.143235287346585,18.21947386769879,20.143235287346585,0.047618959783657995,0.0
kolkata,2026-07-27,7.9,0.062298912554979324,22.57,88.36,Active,1.4751938772182405,East coast,7.9,5.342624262809758,4.210495702636491,2.7799040612173753,1.1148616309267143,2.7799040612173753,0.01361433225235547,0.0
lucknow,2026-07-27,1.1,0.0,26.85,80.95,Active,1.4751938772182405,Inland,1.1,0.03357186021283289,0.0,1.110270893338186,0.06581047198872475,1.110270893338186,0.00021046510476019028,0.0
madurai,2026-07-27,3.2,0.0,9.93,78.12,Active,1.4751938772182405,Inland,3.2,1.1502924871444702,0.2892990411326871,0.34625606351449284,0.0,0.34625606351449284,0.00011082302301136224,0.0
mangaluru,2026-07-27,135.0,30.69160270690918,12.91,74.86,Active,1.4751938772182405,West-coast orographic,135.0,110.55255199808765,144.79956061592978,37.11360913325256,50.69650805521019,37.11360913325256,0.17848504710525043,1.0
mumbai,2026-07-27,35.5,26.326316833496094,19.08,72.88,Active,1.4751938772182405,West-coast orographic,35.5,26.6783303471974,34.474798741696134,59.273114829068334,89.92160468823654,70.0,0.3831202193697981,0.0
nagpur,2026-07-27,3.2,0.21963442862033844,21.15,79.09,Active,1.4751938772182405,Inland,3.2,1.1502924871444702,0.2892990411326871,1.1443585075879832,0.06881078470169391,1.1443585075879832,0.00015370329432353187,0.0
panaji,2026-07-27,86.5,59.767398834228516,15.49,73.83,Active,1.4751938772182405,West-coast orographic,86.5,59.70836169979421,93.82037090781874,28.988960778522678,23.45639425447034,28.988960778522678,0.11292873811997216,1.0
patna,2026-07-27,0.5,0.0,25.59,85.14,Active,1.4751938772182405,Inland,0.5,0.0,0.0,0.931382184202719,0.023430742585054294,0.931382184202719,0.0001274253065699526,0.0
pune,2026-07-27,25.9,2.824122190475464,18.52,73.86,Active,1.4751938772182405,Inland,25.9,20.46873154855247,39.298296232347425,21.016161742956736,18.632209593539777,21.016161742956736,0.27672191845538824,0.0
raipur,2026-07-27,34.0,7.421004295349121,21.25,81.63,Active,1.4751938772182405,Inland,34.0,25.68069574240482,56.854805927176116,15.231816548474844,14.62319225473948,15.231816548474844,0.14144838986322147,0.0
ranchi,2026-07-27,1.6,0.0529266856610775,23.34,85.31,Active,1.4751938772182405,Inland,1.6,0.20303975507617003,0.008893610113807529,1.141502629724479,0.06855941695862548,1.141502629724479,0.00011772090074095818,0.0
shillong,2026-07-27,1.0,1.8260782957077026,25.58,91.89,Active,1.4751938772182405,Hill / Himalayan orographic,1.0,0.02064198873937148,0.0,3.806623686404286,1.774389281073077,3.806623686404286,0.0001474735516060913,0.0
shimla,2026-07-27,2.2,1.005733847618103,31.1,77.17,Active,1.4751938772182405,Hill / Himalayan orographic,2.2,0.5239759731292725,0.11987232685089111,3.928789223902441,1.864274859020734,3.928789223902441,0.0002906815304454121,0.0
srinagar,2026-07-27,1.5,0.20773310959339142,34.08,74.8,Active,1.4751938772182405,Hill / Himalayan orographic,1.5,0.1738768997788429,0.001963413460180169,1.7982000554603004,0.6472895714357513,1.7982000554603004,0.00031447236546724603,0.0
surat,2026-07-27,66.4,1.2706913948059082,21.17,72.83,Active,1.4751938772182405,West-coast orographic,66.4,45.7706578337459,84.69072738580742,75.975089005731,106.37036006195461,75.975089005731,0.34380273731039096,1.0
thiruvananthapuram,2026-07-27,9.1,0.0,8.52,76.94,Active,1.4751938772182405,West-coast orographic,9.1,6.619575076103209,6.538637266311472,1.1990457384594015,0.17960918529364203,1.1990457384594015,0.00978776384628817,0.0
varanasi,2026-07-27,0.0,0.0,25.32,82.97,Active,1.4751938772182405,Inland,0.0,0.0,0.0,0.25251393883884526,0.0,0.25251393883884526,0.00014582186130743165,0.0
vijayawada,2026-07-27,1.7999999999999998,20.3154354095459,16.51,80.65,Active,1.4751938772182405,Inland,1.7999999999999998,0.2829186588525772,0.020981213306572148,0.430440549625551,0.0,0.430440549625551,0.00010712420433838295,0.0
visakhapatnam,2026-07-27,1.4,0.15722325444221497,17.69,83.22,Active,1.4751938772182405,East coast,1.4,0.11445629090070723,0.0012362232897430692,0.05154547572632069,0.0,0.05154547572632069,8.650872242202181e-05,0.0
agartala,2026-07-28,6.0,2.266991376876831,23.83,91.29,Active,1.0828309907947193,Inland,6.0,3.4321821206808085,2.8435288143157975,18.62873703192607,17.516510266107634,18.62873703192607,0.03085334539356694,0.0
ahmedabad,2026-07-28,8.0,4.120413303375244,23.02,72.57,Active,1.0828309907947193,Inland,8.0,5.412922704696658,5.244327518922569,6.249986424541549,3.7122485236851466,6.249986424541549,0.022195369578493936,0.0
amritsar,2026-07-28,1.3,0.0,31.63,74.87,Active,1.0828309907947193,Inland,1.3,0.10010141581296907,0.0,3.093664642501552,0.9559000399273887,3.093664642501552,0.0003181143816515348,0.0
bengaluru,2026-07-28,6.5,0.0,12.97,77.59,Active,1.0828309907947193,Inland,6.5,3.9373746619362775,3.137969649632774,4.770532944487119,2.459949482450943,4.770532944487119,0.007605053293715353,0.0
bhopal,2026-07-28,1.8,2.0098564624786377,23.26,77.41,Active,1.0828309907947193,Inland,1.8,0.28291865885257733,0.020981213306572162,2.075409327743692,0.2666039601956914,2.075409327743692,0.00016167192366817719,0.0
bhubaneswar,2026-07-28,84.3,30.439067840576172,20.3,85.82,Active,1.0828309907947193,East coast,84.3,57.772102527758015,92.46954347584972,20.503376067382053,18.350893013277403,20.503376067382053,0.10490255038287988,1.0
chandigarh,2026-07-28,25.6,4.947662830352783,30.73,76.78,Active,1.0828309907947193,Inland,25.6,20.277339659345042,39.0578544393763,10.273082848960279,9.978299482340583,10.273082848960279,0.048703676639853845,0.0
chennai,2026-07-28,6.300000000000001,0.48351505398750305,13.08,80.27,Active,1.0828309907947193,East coast,6.300000000000001,3.7005777144432077,2.3638424110412606,2.3805632066767046,0.9101350546240959,2.3805632066767046,0.006448486506095358,0.0
dehradun,2026-07-28,80.4,145.3776397705078,30.32,78.03,Active,1.0828309907947193,Hill / Himalayan orographic,80.4,54.339643086421134,90.42060420737272,10.48385321283392,9.341900041137286,10.48385321283392,0.06711702193448651,1.0
delhi,2026-07-28,0.4,2.1785311698913574,28.61,77.21,Active,1.0828309907947193,Inland,0.4,0.0,0.0,1.345138446675486,0.1007875363938886,1.345138446675486,0.00034568707760801817,0.0
gangtok,2026-07-28,5.5,2.839913845062256,27.33,88.61,Active,1.0828309907947193,Hill / Himalayan orographic,5.5,2.972574348449707,1.667382678304399,21.6982256780821,18.842236115297847,21.6982256780821,0.024136795689461667,0.0
guwahati,2026-07-28,5.0,0.010812093503773212,26.14,91.74,Active,1.0828309907947193,Inland,5.0,2.5427470600605013,1.1827036068640349,11.219044057667823,10.821242916672242,11.219044057667823,0.007756863940318267,0.0
hyderabad,2026-07-28,1.2000000000000002,7.1227264404296875,17.39,78.49,Active,1.0828309907947193,Inland,1.2000000000000002,0.07260929465293885,0.0,1.0538305538187442,0.05861866241243949,1.0538305538187442,0.0001252896855054728,0.0
jabalpur,2026-07-28,3.2,30.99323272705078,23.18,79.95,Active,1.0828309907947193,Inland,3.2,1.1502924871444702,0.2892990411326871,2.9997482715382455,0.9125431599269954,2.9997482715382455,0.00016212269896836255,0.0
jaipur,2026-07-28,0.2,0.0,26.91,75.79,Active,1.0828309907947193,Inland,0.2,0.0,0.0,1.278859948053023,0.08672636599553783,1.278859948053023,0.00029767724491071144,0.0
jodhpur,2026-07-28,0.30000000000000004,4.677328586578369,26.24,73.02,Active,1.0828309907947193,Inland,0.30000000000000004,0.0,0.0,1.7126458662810862,0.22566294860582786,1.7126458662810862,0.00018150349278978295,0.0
kochi,2026-07-28,0.5,7.61208963394165,9.93,76.27,Active,1.0828309907947193,West-coast orographic,0.5,0.0,0.0,2.476941335006924,0.9730654088087078,2.476941335006924,0.0001769998974814941,0.0
kolkata,2026-07-28,10.9,0.18561390042304993,22.57,88.36,Active,1.0828309907947193,East coast,10.9,8.492902994155884,8.220374971351871,8.456650004159092,7.724661917108182,8.456650004159092,0.018974054801154074,0.0
lucknow,2026-07-28,5.3,0.7715654969215393,26.85,80.95,Active,1.0828309907947193,Inland,5.3,2.783630180358886,1.8495912504196172,11.709562497100865,11.234259923083995,11.709562497100865,0.15420488129580687,0.0
madurai,2026-07-28,0.0,0.0,9.93,78.12,Active,1.0828309907947193,Inland,0.0,0.0,0.0,0.11264390933908139,0.0,0.11264390933908139,0.00011779117449124658,0.0
mangaluru,2026-07-28,52.0,24.31466293334961,12.91,74.86,Active,1.0828309907947193,West-coast orographic,52.0,38.16507965371099,75.1010453381721,36.40111095315721,48.06170859844998,36.40111095315721,0.07855412653509321,0.0
mumbai,2026-07-28,71.8,37.486717224121094,19.08,72.88,Active,1.0828309907947193,West-coast orographic,71.8,48.04264938429783,87.40100990406066,111.10602353445054,127.98574635743067,111.10602353445054,0.6451546688193065,1.0
nagpur,2026-07-28,2.6,5.064596176147461,21.15,79.09,Active,1.0828309907947193,Inland,2.6,0.7351564219594002,0.2473384776428426,2.8719829898937768,0.7937021467202876,2.8719829898937768,0.0001633671619008685,0.0
panaji,2026-07-28,24.7,25.364084243774414,15.49,73.83,Active,1.0828309907947193,West-coast orographic,24.7,19.703163991722757,22.686740134744085,40.11988120656665,70.50224344975628,40.11988120656665,0.10793066704959611,0.0
patna,2026-07-28,3.2,6.536220073699951,25.59,85.14,Active,1.0828309907947193,Inland,3.2,1.1502924871444702,0.2892990411326871,3.273132148320529,1.0484933859886492,3.273132148320529,0.0001271880686263358,0.0
pune,2026-07-28,29.900000000000002,18.198732376098633,18.52,73.86,Active,1.0828309907947193,Inland,29.900000000000002,23.302854102208062,44.489676003841254,28.509426405399765,29.687618316569957,28.509426405399765,0.18467872765492074,0.0
raipur,2026-07-28,23.5,31.189725875854492,21.25,81.63,Active,1.0828309907947193,Inland,23.5,18.842804790924315,26.68798702061173,38.90500257333233,83.98656621584877,38.90500257333233,0.2112992730772184,0.0
ranchi,2026-07-28,7.0,17.6809024810791,23.34,85.31,Active,1.0828309907947193,Inland,7.0,4.480372331142426,3.5668470786955297,10.817134804410532,10.485973430760094,10.817134804410532,0.00502488472972669,0.0
shillong,2026-07-28,1.1,0.4961687922477722,25.58,91.89,Active,1.0828309907947193,Hill / Himalayan orographic,1.1,0.03357186021283289,0.0,4.593968896821406,2.643065591456672,4.593968896821406,0.00014719899372693122,0.0
shimla,2026-07-28,23.2,16.37177085876465,31.1,77.17,Active,1.0828309907947193,Hill / Himalayan orographic,23.2,18.61261686735042,21.115924792278015,6.786302649421288,5.09005482173212,6.786302649421288,0.0030218125973714197,0.0
srinagar,2026-07-28,7.6,0.0,34.08,74.8,Active,1.0828309907947193,Hill / Himalayan orographic,7.6,5.051727619171144,3.9758505009145186,5.622045271020274,3.7558430538528516,5.622045271020274,0.0013754562599573527,0.0
surat,2026-07-28,24.1,4.453859806060791,21.17,72.83,Active,1.0828309907947193,West-coast orographic,24.1,19.303180638072103,22.266153280719433,60.21049521607084,90.52581152963923,70.0,0.4065698967859517,0.0
thiruvananthapuram,2026-07-28,0.30000000000000004,0.16249027848243713,8.52,76.94,Active,1.0828309907947193,West-coast orographic,0.30000000000000004,0.0,0.0,0.5437931894472152,0.0,0.5437931894472152,0.00014951293205802402,0.0
varanasi,2026-07-28,5.3,0.5145698189735413,25.32,82.97,Active,1.0828309907947193,Inland,5.3,2.783630180358886,1.8495912504196172,10.396636049020536,10.15070964128653,10.396636049020536,0.12847541372770088,0.0
vijayawada,2026-07-28,0.6000000000000001,9.272000312805176,16.51,80.65,Active,1.0828309907947193,Inland,0.6000000000000001,0.0,0.0,1.5609043275208316,0.20529923093318692,1.5609043275208316,0.00011385981394050871,0.0
visakhapatnam,2026-07-28,3.2,1.418731927871704,17.69,83.22,Active,1.0828309907947193,East coast,3.2,1.1502924871444702,0.6666453716239413,1.168517615712474,0.1651460109076975,1.168517615712474,9.19482190708982e-05,0.0
agartala,2026-07-30,4.9,12.568975448608398,23.83,91.29,Normal,-0.5772627696492812,Inland,4.9,2.4663915443420414,2.7056115579605104,9.528621259960362,18.678168688731137,9.528621259960362,0.010469001590545809,0.0
ahmedabad,2026-07-30,0.0,0.4732808470726013,23.02,72.57,Normal,-0.5772627696492812,Inland,0.0,0.0,0.0,0.04125772351036446,0.0,0.04125772351036446,0.0001833244597818409,0.0
amritsar,2026-07-30,0.0,2.109015703201294,31.63,74.87,Normal,-0.5772627696492812,Inland,0.0,0.0,0.0,0.04955569914908765,0.0,0.04955569914908765,0.00044429518519324023,0.0
bengaluru,2026-07-30,5.0,0.05393105372786522,12.97,77.59,Normal,-0.5772627696492812,Inland,5.0,2.5427470600605013,2.8212280476093294,1.7625459927497307,0.8220865718961797,1.7625459927497307,0.0013491671548900152,0.0
bhopal,2026-07-30,33.0,25.056516647338867,23.26,77.41,Normal,-0.5772627696492812,Inland,33.0,25.148202226234197,30.910030188712046,14.428689340786754,29.773521525587793,14.428689340786754,0.014307415883204767,0.0
bhubaneswar,2026-07-30,3.7,0.8850516080856323,20.3,85.82,Normal,-0.5772627696492812,East coast,3.7,1.5915569988886515,0.7368987937220212,7.196075028968575,9.463308550392862,7.196075028968575,0.02446295839323199,0.0
chandigarh,2026-07-30,5.6,14.940948486328125,30.73,76.78,Normal,-0.5772627696492812,Inland,5.6,3.0670464324951174,3.463962021422107,4.705727917316074,4.913426384994586,4.705727917316074,0.09744514325638957,0.0
chennai,2026-07-30,10.6,2.447571039199829,13.08,80.27,Normal,-0.5772627696492812,East coast,10.6,8.22745503902435,9.397214393615723,6.393589079472572,9.168955901439391,6.393589079472572,0.008522455559804857,0.0
dehradun,2026-07-30,33.9,19.880796432495117,30.32,78.03,Normal,-0.5772627696492812,Hill / Himalayan orographic,33.9,25.627446390787757,32.43890360253822,19.66699242391461,36.6472777046488,19.66699242391461,0.040314745073742865,0.0
delhi,2026-07-30,10.7,0.1473202109336853,28.61,77.21,Normal,-0.5772627696492812,Inland,10.7,8.315937690734861,8.280982217788695,5.516083102999675,7.229304573814156,5.516083102999675,0.0059351956964703466,0.0
gangtok,2026-07-30,25.2,7.228362560272217,27.33,88.61,Normal,-0.5772627696492812,Hill / Himalayan orographic,25.2,20.022150473735138,25.466757509713673,25.117030353074625,48.20495341876917,25.117030353074625,0.011611092999632094,0.0
guwahati,2026-07-30,9.8,19.046537399291992,26.14,91.74,Normal,-0.5772627696492812,Inland,9.8,7.38860479640961,7.461749005317688,5.700639129099406,7.6450761642488665,5.700639129099406,0.00104048624392299,0.0
hyderabad,2026-07-30,5.9,18.90630340576172,17.39,78.49,Normal,-0.5772627696492812,Inland,5.9,3.342716922760009,3.837816074030177,3.0009725126852946,2.1365156320200023,3.0009725126852946,0.007202955331147955,0.0
jabalpur,2026-07-30,35.7,5.265957832336426,23.18,79.95,Normal,-0.5772627696492812,Inland,35.7,26.864386782646186,33.19199281930315,13.176395001869304,28.021907508073042,13.176395001869304,0.023555711522404415,0.0
jaipur,2026-07-30,10.9,1.6292121410369873,26.91,75.79,Normal,-0.5772627696492812,Inland,10.9,8.492902994155884,8.643376317024236,3.24007903300846,2.339270574725374,3.24007903300846,0.0021672016306893763,0.0
jodhpur,2026-07-30,0.0,0.0,26.24,73.02,Normal,-0.5772627696492812,Inland,0.0,0.0,0.0,0.1094956227392567,0.0,0.1094956227392567,0.00026285587295744005,0.0
kochi,2026-07-30,19.0,15.606725692749023,9.93,76.27,Normal,-0.5772627696492812,West-coast orographic,19.0,15.414158927791584,10.009664787082734,15.980872005302944,18.724689807565007,15.980872005302944,0.0840553554774071,0.0
kolkata,2026-07-30,21.7,6.639922142028809,22.57,88.36,Normal,-0.5772627696492812,East coast,21.7,17.515751411256872,15.608511808922083,11.54354132291321,21.136275417691454,11.54354132291321,0.12353117787413229,0.0
lucknow,2026-07-30,1.4000000000000001,0.0,26.85,80.95,Normal,-0.5772627696492812,Inland,1.4000000000000001,0.11445629090070727,0.2539612740278215,2.3898828522659015,1.4475292384803375,2.3898828522659015,0.0003021408002342856,0.0
madurai,2026-07-30,2.5,0.0,9.93,78.12,Normal,-0.5772627696492812,Inland,2.5,0.6929449141025543,0.8662569275498393,0.6204997496302553,0.0,0.6204997496302553,0.00014220081473275312,0.0
mangaluru,2026-07-30,19.0,15.846416473388672,12.91,74.86,Normal,-0.5772627696492812,West-coast orographic,19.0,15.414158927791584,10.009664787082734,31.299316326288313,35.82163525026275,31.299316326288313,0.13425852086319484,0.0
mumbai,2026-07-30,5.2,5.404217720031738,19.08,72.88,Normal,-0.5772627696492812,West-coast orographic,5.2,2.701366378068924,2.585096147981021,14.859759167482636,17.1387912022223,14.859759167482636,0.043938603943449235,0.0
nagpur,2026-07-30,52.3,6.489500045776367,21.15,79.09,Normal,-0.5772627696492812,Inland,52.3,38.33801844736914,47.60670186552659,9.96070504774174,19.358642401716043,9.96070504774174,0.027906946355449703,0.0
panaji,2026-07-30,17.5,0.4100857079029083,15.49,73.83,Normal,-0.5772627696492812,West-coast orographic,17.5,14.156083830604784,9.729115377619504,19.615066421948274,23.79336467421488,19.615066421948274,0.20818896703829629,0.0
patna,2026-07-30,3.7,0.028773581609129906,25.59,85.14,Normal,-0.5772627696492812,Inland,3.7,1.5915569988886515,1.953877128362656,6.081593119256463,8.311658693257272,6.081593119256463,0.07858959961977505,0.0
pune,2026-07-30,6.8,0.15253929793834686,18.52,73.86,Normal,-0.5772627696492812,Inland,6.8,4.318573403358461,4.772926830291747,4.031309255753018,3.552246544059901,4.031309255753018,0.007275054105416449,0.0
raipur,2026-07-30,60.5,20.43379020690918,21.25,81.63,Normal,-0.5772627696492812,Inland,60.5,43.288296695179895,57.81695447583987,19.9926258506646,39.482735980035706,19.9926258506646,0.06385001739651522,0.0
ranchi,2026-07-30,16.7,3.4979257583618164,23.34,85.31,Normal,-0.5772627696492812,Inland,16.7,13.27391122114063,15.465020646312434,12.472316998284908,26.47634031155412,12.472316998284908,0.01365129299692792,0.0
shillong,2026-07-30,20.200000000000003,48.83835220336914,25.58,91.89,Normal,-0.5772627696492812,Hill / Himalayan orographic,20.200000000000003,16.37049589023857,21.64750189188851,8.777742690526809,8.89133469324099,8.777742690526809,0.002051105534748364,0.0
shimla,2026-07-30,11.1,1.0845037698745728,31.1,77.17,Normal,-0.5772627696492812,Hill / Himalayan orographic,11.1,8.701461798350017,9.79813103143205,5.9063792900621985,4.444238103347207,5.9063792900621985,0.0007793609039500693,0.0
srinagar,2026-07-30,3.1,0.0,34.08,74.8,Normal,-0.5772627696492812,Hill / Himalayan orographic,3.1,1.0936720967292786,1.2891976034040924,1.315980138256053,0.0,1.315980138256053,0.00044372735544852244,0.0
surat,2026-07-30,4.6,1.3142536878585815,21.17,72.83,Normal,-0.5772627696492812,West-coast orographic,4.6,2.312765147686006,1.8026409315806535,7.624866451622549,8.23198118759128,7.624866451622549,0.044130364807592096,0.0
thiruvananthapuram,2026-07-30,4.8,0.0,8.52,76.94,Normal,-0.5772627696492812,West-coast orographic,4.8,2.4151827454566956,2.1230003150733703,1.6758920684104794,0.7867683525457654,1.6758920684104794,0.002452664670829648,0.0
varanasi,2026-07-30,2.7,0.964431881904602,25.32,82.97,Normal,-0.5772627696492812,Inland,2.7,0.777367929816246,0.9885373898958535,3.337753773099807,2.42980676237836,3.337753773099807,0.00020965654141648772,0.0
vijayawada,2026-07-30,3.6,5.611248016357422,16.51,80.65,Normal,-0.5772627696492812,Inland,3.6,1.542491202354431,1.8702171391248705,3.695456855048282,2.849188727282068,3.695456855048282,0.009869917711751655,0.0
visakhapatnam,2026-07-30,1.7999999999999998,0.0,17.69,83.22,Normal,-0.5772627696492812,East coast,1.7999999999999998,0.2829186588525772,0.06695534259080883,1.9151841340610969,0.597380212742251,1.9151841340610969,0.00016532955074779232,0.0
agartala,2026-07-31,3.8,5.8439202308654785,23.83,91.29,Normal,-0.8554941733705108,Inland,3.8,1.773028298219046,2.1856581131617223,7.176934478006644,10.924529053755343,7.176934478006644,0.005314703203830912,0.0
ahmedabad,2026-07-31,11.0,3.825618028640747,23.02,72.57,Normal,-0.8554941733705108,Inland,11.0,8.917385570208229,9.100788712051676,2.1085225364244446,1.1453557949977486,2.1085225364244446,0.007624000155512826,0.0
amritsar,2026-07-31,8.6,0.45859295129776,31.63,74.87,Normal,-0.8554941733705108,Inland,8.6,6.358085656166078,6.54414932506029,8.80168926364133,15.848354770807044,8.80168926364133,0.06151190369945994,0.0
bengaluru,2026-07-31,3.9,0.12858185172080994,12.97,77.59,Normal,-0.8554941733705108,Inland,3.9,1.8204090575377154,2.2343316515286755,1.8076423119635585,0.8163024422178652,1.8076423119635585,0.002173845501738843,0.0
bhopal,2026-07-31,18.099999999999998,2.9298839569091797,23.26,77.41,Normal,-0.8554941733705108,Inland,18.099999999999998,14.922560365960958,17.686077196089943,18.58046738577172,34.71770790073652,18.58046738577172,0.07312322293522268,0.0
bhubaneswar,2026-07-31,3.0,1.432546854019165,20.3,85.82,Normal,-0.8554941733705108,East coast,3.0,1.0488794553279879,0.32564648900377163,2.0403891100822067,1.1475345906387717,2.0403891100822067,0.0001602320762125068,0.0
chandigarh,2026-07-31,0.5,2.5510916709899902,30.73,76.78,Normal,-0.8554941733705108,Inland,0.5,0.0,0.0,0.5058165658435592,0.0,0.5058165658435592,0.00042894282028113027,0.0
chennai,2026-07-31,9.899999999999999,0.0,13.08,80.27,Normal,-0.8554941733705108,East coast,9.899999999999999,7.78389299583435,7.177611755426376,4.587689945716849,5.21971646760836,4.587689945716849,0.0038350446681939,0.0
dehradun,2026-07-31,12.3,4.408751964569092,30.32,78.03,Normal,-0.8554941733705108,Hill / Himalayan orographic,12.3,9.907339304685596,11.069627364512241,6.758121171622351,5.0295805377882274,6.758121171622351,0.0024216995813264933,0.0
delhi,2026-07-31,9.1,0.6558246612548828,28.61,77.21,Normal,-0.8554941733705108,Inland,9.1,7.029950866699217,7.145961794982086,3.9709655312973737,3.790030110941961,3.9709655312973737,0.005854452054256562,0.0
gangtok,2026-07-31,14.3,22.408920288085938,27.33,88.61,Normal,-0.8554941733705108,Hill / Himalayan orographic,14.3,11.72932734840795,13.596322184932614,13.617627958987791,22.672084104989267,13.617627958987791,0.0010455074546929298,0.0
guwahati,2026-07-31,23.5,1.7008763551712036,26.14,91.74,Normal,-0.8554941733705108,Inland,23.5,19.312819432157575,21.694266187460116,2.909316098727731,2.1421738388175147,2.909316098727731,0.0012835435118276678,0.0
hyderabad,2026-07-31,16.5,6.882491588592529,17.39,78.49,Normal,-0.8554941733705108,Inland,16.5,13.397996119499213,15.68960780009568,11.395872563624566,21.36970399993832,11.395872563624566,0.014897277306139906,0.0
jabalpur,2026-07-31,5.2,10.718154907226562,23.18,79.95,Normal,-0.8554941733705108,Inland,5.2,2.89250027179718,3.213013811111451,4.922369917868557,5.36867222185654,4.922369917868557,0.010622720624931794,0.0
jaipur,2026-07-31,0.2,0.0,26.91,75.79,Normal,-0.8554941733705108,Inland,0.2,0.0,0.0,0.3368914328071462,0.0,0.3368914328071462,0.00033067267747486674,0.0
jodhpur,2026-07-31,0.6000000000000001,0.0,26.24,73.02,Normal,-0.8554941733705108,Inland,0.6000000000000001,0.0,0.0,0.3762605297828817,0.0,0.3762605297828817,0.00023305060579251018,0.0
kochi,2026-07-31,20.400000000000002,20.9724178314209,9.93,76.27,Normal,-0.8554941733705108,West-coast orographic,20.400000000000002,16.74806003570556,11.743955373764042,11.331301937145982,13.272977588808246,11.331301937145982,0.0051481883600931425,0.0
kolkata,2026-07-31,13.5,0.09235316514968872,22.57,88.36,Normal,-0.8554941733705108,East coast,13.5,11.110153524279594,9.633427565646647,4.2804441984440045,4.717135259387115,4.2804441984440045,0.0015239964780892434,0.0
lucknow,2026-07-31,3.0,0.18634742498397827,26.85,80.95,Normal,-0.8554941733705108,Inland,3.0,1.0488794553279879,1.446617192029952,4.231301089151017,4.086952677135338,4.231301089151017,0.00023842718394798983,0.0
madurai,2026-07-31,3.3,0.0,9.93,78.12,Normal,-0.8554941733705108,Inland,3.3,1.3447266302881862,1.8125764369964594,1.1408691422849562,0.18180626933592708,1.1408691422849562,0.00012525777779329481,0.0
mangaluru,2026-07-31,22.5,7.751030445098877,12.91,74.86,Normal,-0.8554941733705108,West-coast orographic,22.5,18.54841155373036,12.708128903501777,24.557623459272918,27.161399986339333,24.557623459272918,0.015578435293043577,0.0
mumbai,2026-07-31,35.1,7.279998302459717,19.08,72.88,Normal,-0.8554941733705108,West-coast orographic,35.1,27.360485202883375,17.1183914298631,37.29862257190875,42.950810127542155,37.29862257190875,0.03305802452969467,0.0
nagpur,2026-07-31,46.4,42.5349235534668,21.15,79.09,Normal,-0.8554941733705108,Inland,46.4,37.09202486178485,43.56093808691977,19.48496292499295,36.11232534494863,19.48496292499295,0.03004287101006605,0.0
panaji,2026-07-31,29.7,4.376277446746826,15.49,73.83,Normal,-0.8554941733705108,West-coast orographic,29.7,24.199478796254027,15.275678687531684,6.49617561178738,6.896856873806809,6.49617561178738,0.0065665500340663435,0.0
patna,2026-07-31,4.3,3.7468807697296143,25.59,85.14,Normal,-0.8554941733705108,Inland,4.3,2.1817951476573945,2.4560780855325555,4.957447764124171,5.437137917795127,4.957447764124171,0.007463957071132356,0.0
pune,2026-07-31,27.6,14.588709831237793,18.52,73.86,Normal,-0.8554941733705108,Inland,27.6,22.435658365731506,27.319963635183843,6.482569794523581,8.927155830004718,6.482569794523581,0.019252834180005063,0.0
raipur,2026-07-31,10.9,7.115030765533447,21.25,81.63,Normal,-0.8554941733705108,Inland,10.9,8.799261992772418,8.945464387929661,6.5266053542096705,9.057983696213412,6.5266053542096705,0.003221081172573954,0.0
ranchi,2026-07-31,9.3,3.072213649749756,23.34,85.31,Normal,-0.8554941733705108,Inland,9.3,7.267190642356873,7.375693225860598,8.245460796615424,13.888990215146624,8.245460796615424,0.0027478803307335905,0.0
shillong,2026-07-31,5.2,5.495228290557861,25.58,91.89,Normal,-0.8554941733705108,Hill / Himalayan orographic,5.2,2.89250027179718,3.2654857635498047,7.340429577853171,6.24234237486852,7.340429577853171,0.004841561432177292,0.0
shimla,2026-07-31,26.8,10.776049613952637,31.1,77.17,Normal,-0.8554941733705108,Hill / Himalayan orographic,26.8,21.802743093978243,26.243656868337283,10.447251464369353,11.743325585709101,10.447251464369353,0.020895581305054586,0.0
srinagar,2026-07-31,16.9,21.20478057861328,34.08,74.8,Normal,-0.8554941733705108,Hill / Himalayan orographic,16.9,13.80410459041596,17.20158922918911,5.187673078683042,3.516916405577058,5.187673078683042,0.005978919446154304,0.0
surat,2026-07-31,35.0,9.84756088256836,21.17,72.83,Normal,-0.8554941733705108,West-coast orographic,35.0,27.232066659145033,17.03134475910782,25.580114399235985,30.20137850403918,25.580114399235985,0.09612189170884404,0.0
thiruvananthapuram,2026-07-31,2.7,0.0,8.52,76.94,Normal,-0.8554941733705108,West-coast orographic,2.7,0.8618982011079785,0.584871232509613,1.1386477430973914,0.4957591226963431,1.1386477430973914,0.0001273961101122166,0.0
varanasi,2026-07-31,2.6,0.0,25.32,82.97,Normal,-0.8554941733705108,Inland,2.6,0.7762814617156982,1.0786202192306522,3.6500046567677207,2.981277552394454,3.6500046567677207,0.00029953494460457225,0.0
vijayawada,2026-07-31,14.6,2.6256351470947266,16.51,80.65,Normal,-0.8554941733705108,Inland,14.6,11.94028559835334,13.124959660183846,5.485197194092613,6.477097563517877,5.485197194092613,0.0027493887629052335,0.0
visakhapatnam,2026-07-31,27.1,0.0,17.69,83.22,Normal,-0.8554941733705108,East coast,27.1,22.040086320885717,21.684142116637762,8.295203494378109,16.113646951157968,8.295203494378109,0.02885255486689269,0.0
agartala,2026-08-02,10.7,1.5971227884292603,23.83,91.29,Normal,1.1314947127554498,Inland,10.7,8.563014837900795,8.66893037913138,11.986812567093036,22.99601559833614,11.986812567093036,0.0028497060112423075,0.0
ahmedabad,2026-08-02,21.9,12.85551929473877,23.02,72.57,Normal,1.1314947127554498,Inland,21.9,18.079654444997125,20.279828517895044,21.25983167015001,37.555939865890714,21.25983167015001,0.05431820942223241,0.0
amritsar,2026-08-02,5.1,0.0,31.63,74.87,Normal,1.1314947127554498,Inland,5.1,2.772113616466522,3.1602323389053346,14.566211019692744,27.20505409671778,14.566211019692744,0.008687001763270816,0.0
bengaluru,2026-08-02,18.2,0.004983808379620314,12.97,77.59,Normal,1.1314947127554498,Inland,18.2,15.009820392660826,17.777992670653294,13.888633225770143,26.446992236845183,13.888633225770143,0.011721558456132137,0.0
bhopal,2026-08-02,3.6,0.5213208794593811,23.26,77.41,Normal,1.1314947127554498,Inland,3.6,1.6431271570920951,1.9960662484169012,7.2129465227181635,11.014728828446437,7.2129465227181635,0.004050548739410016,0.0
bhubaneswar,2026-08-02,2.4,0.0,20.3,85.82,Normal,1.1314947127554498,East coast,2.4,0.6905014002323148,0.15631073276772836,2.3642264870890166,1.6436435529926736,2.3642264870890166,0.00014136809297894876,0.0
chandigarh,2026-08-02,9.8,0.19210679829120636,30.73,76.78,Normal,1.1314947127554498,Inland,9.8,7.7140273513793955,7.647633139292401,9.996559597813485,18.747743660890592,9.996559597813485,0.007473714251487943,0.0
chennai,2026-08-02,7.3,2.992884397506714,13.08,80.27,Normal,1.1314947127554498,East coast,7.3,4.917521289189659,3.630296230381841,1.4215973453313575,0.26248443027699103,1.4215973453313575,0.0007756907977295887,0.0
dehradun,2026-08-02,28.4,1.7332888841629028,30.32,78.03,Normal,1.1314947127554498,Hill / Himalayan orographic,28.4,23.07588919763978,27.47542851798203,12.31934552400643,18.533118339304977,12.31934552400643,0.050623032603645916,0.0
delhi,2026-08-02,3.4,4.243592739105225,28.61,77.21,Normal,1.1314947127554498,Inland,3.4,1.4541952627171846,1.8737397074699402,1.5573346888755941,0.6208446062443332,1.5573346888755941,0.00016024417336872243,0.0
gangtok,2026-08-02,11.4,21.489160537719727,27.33,88.61,Normal,1.1314947127554498,Hill / Himalayan orographic,11.4,9.316517957687381,10.270205810980851,10.918578362148473,13.780582931758808,10.918578362148473,0.001322703940073334,0.0
guwahati,2026-08-02,2.9,5.88047456741333,26.14,91.74,Normal,1.1314947127554498,Inland,2.9,1.0063706040382385,1.3362445116043071,4.191689888048885,4.043202523158064,4.191689888048885,0.00013296091126870188,0.0
hyderabad,2026-08-02,4.3,1.5280841588974,17.39,78.49,Normal,1.1314947127554498,Inland,4.3,2.1817951476573945,2.4560780855325555,3.237017412433876,2.4418540630831354,3.237017412433876,0.0008379445435882452,0.0
jabalpur,2026-08-02,2.1,0.0,23.18,79.95,Normal,1.1314947127554498,Inland,2.1,0.4318348467350006,0.7336637536684664,4.171467572687744,4.020867189055326,4.171467572687744,0.0001558168056864782,0.0
jaipur,2026-08-02,5.0,0.05374911054968834,26.91,75.79,Normal,1.1314947127554498,Inland,5.0,2.6517269611358647,3.107450866699219,4.80905606330624,5.146335394501309,4.80905606330624,0.002117086386084043,0.0
jodhpur,2026-08-02,8.9,0.0,26.24,73.02,Normal,1.1314947127554498,Inland,8.9,6.768244247436524,6.913731828401255,7.802706895541416,12.611244469903706,7.802706895541416,0.0017845314844959312,0.0
kochi,2026-08-02,105.7,52.1020393371582,9.93,76.27,Normal,1.1314947127554498,West-coast orographic,105.7,79.32497268740477,52.25298943564833,21.420575773542378,24.85705011754063,21.420575773542378,0.026566712904667472,1.0
kolkata,2026-08-02,4.8,0.08456266671419144,22.57,88.36,Normal,1.1314947127554498,East coast,4.8,2.551343323389689,1.3562759567218217,3.857871506240949,4.059560303131475,3.857871506240949,0.0019517986682082399,0.0
lucknow,2026-08-02,5.3,3.9535369873046875,26.85,80.95,Normal,1.1314947127554498,Inland,5.3,2.98724664847056,3.2657952833175665,7.177038838924095,10.924790447722724,7.177038838924095,0.008825587565703983,0.0
madurai,2026-08-02,12.700000000000001,0.0,9.93,78.12,Normal,1.1314947127554498,Inland,12.700000000000001,10.305659605264667,11.500123476099086,5.89517458837941,7.717349211289173,5.89517458837941,0.0007170604902165798,0.0
mangaluru,2026-08-02,142.1,44.703277587890625,12.91,74.86,Normal,1.1314947127554498,West-coast orographic,142.1,122.41138765022538,72.06948302251521,40.57840211388338,46.62863511578513,40.57840211388338,0.08182682038240145,1.0
mumbai,2026-08-02,9.7,20.285459518432617,19.08,72.88,Normal,1.1314947127554498,West-coast orographic,9.7,7.644161706924438,7.358471182834952,25.11181201070191,28.391929297850105,25.11181201070191,0.02051247297831584,0.0
nagpur,2026-08-02,3.6,7.1684346199035645,21.15,79.09,Normal,1.1314947127554498,Inland,3.6,1.6431271570920951,1.9960662484169012,5.965780867496344,7.835813841750096,5.965780867496344,0.0016648328519999543,0.0
panaji,2026-08-02,13.6,3.3448843955993652,15.49,73.83,Normal,1.1314947127554498,West-coast orographic,13.6,11.18905150016149,9.59332174404647,20.264605598992027,24.050140912230056,20.264605598992027,0.003160900461005829,0.0
patna,2026-08-02,7.8,0.0,25.59,85.14,Normal,1.1314947127554498,Inland,7.8,5.595125285784409,5.873555049300193,5.617147068852629,6.980387862594979,5.617147068852629,0.0012319815355717998,0.0
pune,2026-08-02,5.3999999999999995,2.075388193130493,18.52,73.86,Normal,1.1314947127554498,Inland,5.3999999999999995,3.081993025143941,3.3185767555236825,10.96774315265234,20.466471517399757,10.96774315265234,0.00318257751529346,0.0
raipur,2026-08-02,3.2,0.05835670977830887,21.25,81.63,Normal,1.1314947127554498,Inland,3.2,1.2105231189727783,1.6868160963058472,4.37600661719373,4.310994861810716,4.37600661719373,0.00016933644994881117,0.0
ranchi,2026-08-02,1.2000000000000002,1.0168648958206177,23.34,85.31,Normal,1.1314947127554498,Inland,1.2000000000000002,0.07400229059159773,0.22251667082309723,2.607111087067694,1.7473093164882132,2.607111087067694,0.00015640418256938863,0.0
shillong,2026-08-02,19.7,14.671995162963867,25.58,91.89,Normal,1.1314947127554498,Hill / Himalayan orographic,19.7,16.212677295983827,20.585158783665133,9.702631508411976,10.09391216496511,9.702631508411976,0.0015364326347264545,0.0
shimla,2026-08-02,15.3,11.004727363586426,31.1,77.17,Normal,1.1314947127554498,Hill / Himalayan orographic,15.3,12.432521514892588,14.91505920923182,10.049396718765337,11.193489121472984,10.049396718765337,0.0013219102600088555,0.0
srinagar,2026-08-02,38.4,8.540144920349121,34.08,74.8,Normal,1.1314947127554498,Hill / Himalayan orographic,38.4,30.968768980068468,36.93082147534372,10.027148877439185,11.11319681966575,10.027148877439185,0.025003684112733147,0.0
surat,2026-08-02,10.0,59.27213668823242,21.17,72.83,Normal,1.1314947127554498,West-coast orographic,10.0,7.853758640289307,7.682540570772612,14.646718900361172,16.02611853505211,14.646718900361172,0.028060968473488827,0.0
thiruvananthapuram,2026-08-02,71.6,2.7669005393981934,8.52,76.94,Normal,1.1314947127554498,West-coast orographic,71.6,51.130596238207175,36.1103128404401,9.68732334090845,11.729017558199546,9.68732334090845,0.0033849521203939727,1.0
varanasi,2026-08-02,2.2,2.1307270526885986,25.32,82.97,Normal,1.1314947127554498,Inland,2.2,0.519677683711052,0.7808896511793142,1.9456698816195057,0.9476606463551704,1.9456698816195057,0.00018914658739358192,0.0
vijayawada,2026-08-02,2.6,0.47697797417640686,16.51,80.65,Normal,1.1314947127554498,Inland,2.6,0.7762814617156982,1.0786202192306522,1.5145659565168035,0.5812191609398955,1.5145659565168035,0.00015984181245899974,0.0
visakhapatnam,2026-08-02,0.1,0.0,17.69,83.22,Normal,1.1314947127554498,East coast,0.1,0.0,0.0,0.11497554131765671,0.0,0.11497554131765671,0.00011783439865745412,0.0
agartala,2026-08-03,9.700000000000001,6.582067489624023,23.83,91.29,Normal,0.9570610218554981,Inland,9.700000000000001,7.644161706924439,7.59324515660604,7.518679553328672,11.819084458335785,7.518679553328672,0.00375600835226144,0.0
ahmedabad,2026-08-03,7.3,0.43004047870635986,23.02,72.57,Normal,0.9570610218554981,Inland,7.3,4.917521289189659,5.322954709069767,1.0069123429444742,0.08650398100567205,1.0069123429444742,0.0022734295478633614,0.0
amritsar,2026-08-03,8.200000000000001,0.0,31.63,74.87,Normal,0.9570610218554981,Inland,8.200000000000001,5.849208849271142,6.186355111002923,8.722090101338578,15.5813557256153,8.722090101338578,0.012044284644957047,0.0
bengaluru,2026-08-03,5.7,0.5604337453842163,12.97,77.59,Normal,0.9570610218554981,Inland,5.7,3.334051375389099,3.802102327346803,1.4864064489554072,0.5551292357741648,1.4864064489554072,0.0008757041785376177,0.0
bhopal,2026-08-03,7.2,0.0,23.26,77.41,Normal,0.9570610218554981,Inland,7.2,4.828187308311466,5.192192299324164,5.565878038002294,6.791584288658192,5.565878038002294,0.0052376745971111855,0.0
bhubaneswar,2026-08-03,2.8,5.043123245239258,20.3,85.82,Normal,0.9570610218554981,East coast,2.8,0.9341344025731084,0.26003316044807434,1.9325126338588812,0.9244965790214988,1.9325126338588812,0.00014136809297894876,0.0
chandigarh,2026-08-03,15.8,0.0,30.73,76.78,Normal,0.9570610218554981,Inland,15.8,12.825224918018696,14.815381752130184,7.626854225812879,12.118163732305716,7.626854225812879,0.015737536465558182,0.0
chennai,2026-08-03,1.8,1.1918485164642334,13.08,80.27,Normal,0.9570610218554981,East coast,1.8,0.267772796154022,0.061700957259801154,1.0200895367204939,0.051044546478661405,1.0200895367204939,9.946962166002484e-05,0.0
dehradun,2026-08-03,60.5,0.15243452787399292,30.32,78.03,Normal,0.9570610218554981,Hill / Himalayan orographic,60.5,45.00149180918383,51.05147643250721,8.285794094131353,8.662742939999143,8.285794094131353,0.06833234230502191,0.0
delhi,2026-08-03,4.3,0.4276849031448364,28.61,77.21,Normal,0.9570610218554981,Inland,4.3,2.1817951476573945,2.4560780855325555,2.6871892907793398,1.8434102413885154,2.6871892907793398,0.0013472393870276366,0.0
gangtok,2026-08-03,41.0,35.09510040283203,27.33,88.61,Normal,0.9570610218554981,Hill / Himalayan orographic,41.0,33.39672684577614,38.297656072240294,8.763315509027594,9.310614438128995,8.763315509027594,0.009132224660671573,0.0
guwahati,2026-08-03,13.4,2.703397512435913,26.14,91.74,Normal,0.9570610218554981,Inland,13.4,11.0312555483977,12.116913488380698,3.45611343192692,2.723727697520015,3.45611343192692,0.0008393439793099937,0.0
hyderabad,2026-08-03,0.0,5.451162815093994,17.39,78.49,Normal,0.9570610218554981,Inland,0.0,0.0,0.0,0.3843579826665272,0.0,0.3843579826665272,0.0001298899752860832,0.0
jabalpur,2026-08-03,3.0,0.0,23.18,79.95,Normal,0.9570610218554981,Inland,3.0,1.0488794553279879,1.446617192029952,2.8205522688939286,2.019595161093162,2.8205522688939286,0.0001558168056864782,0.0
jaipur,2026-08-03,10.700000000000001,4.538167953491211,26.91,75.79,Normal,0.9570610218554981,Inland,10.700000000000001,8.563014837900797,8.668930379131382,3.6886817270295205,3.0423367723625665,3.6886817270295205,0.0017619586248979534,0.0
jodhpur,2026-08-03,22.6,37.008182525634766,26.24,73.02,Normal,0.9570610218554981,Inland,22.6,18.624852341573085,20.602969308987845,14.38736397182336,27.004963233415264,14.38736397182336,0.005686972255308241,0.0
kochi,2026-08-03,38.5,73.42691802978516,9.93,76.27,Normal,0.9570610218554981,West-coast orographic,38.5,31.062135844175398,18.843514108657835,5.171958289791332,5.1219374921659835,5.171958289791332,0.001464876432652785,0.0
kolkata,2026-08-03,23.1,18.680763244628906,22.57,88.36,Normal,0.9570610218554981,East coast,23.1,19.007056280786692,16.237992532835964,21.718294395677866,38.548882752332894,21.718294395677866,0.05505398833735166,0.0
lucknow,2026-08-03,6.7,15.017473220825195,26.85,80.95,Normal,0.9570610218554981,Inland,6.7,4.360534116029741,4.780469083786012,5.269400976432957,6.003926245902568,5.269400976432957,0.0017904837675889412,0.0
madurai,2026-08-03,10.700000000000001,0.0,9.93,78.12,Normal,0.9570610218554981,Inland,10.700000000000001,8.563014837900797,8.668930379131382,3.633775984812675,2.9556574616278546,3.633775984812675,0.0007190172432922374,0.0
mangaluru,2026-08-03,97.2,24.591602325439453,12.91,74.86,Normal,0.9570610218554981,West-coast orographic,97.2,72.56393851766633,49.278549343148036,35.62366312016523,40.12432407986924,35.62366312016523,0.04320078785624716,1.0
mumbai,2026-08-03,11.8,67.50379180908203,19.08,72.88,Normal,0.9570610218554981,West-coast orographic,11.8,9.619137775897988,8.705161244451663,14.872063906688277,16.294542208892967,14.872063906688277,0.012559702137826487,0.0
nagpur,2026-08-03,2.1,0.1859816461801529,21.15,79.09,Normal,0.9570610218554981,Inland,2.1,0.4318348467350006,0.7336637536684664,1.4227753929038902,0.47807146978271153,1.4227753929038902,0.00016356378977849445,0.0
panaji,2026-08-03,31.8,48.58510208129883,15.49,73.83,Normal,0.9570610218554981,West-coast orographic,31.8,25.503972900225392,15.83167982290912,6.342730380277828,6.680089049083303,6.342730380277828,0.003146845656846752,0.0
patna,2026-08-03,45.4,0.5296297669410706,25.59,85.14,Normal,0.9570610218554981,Inland,45.4,36.72310413879829,42.87867097053248,15.534481064215226,29.091896443397218,15.534481064215226,0.022902427015613024,0.0
pune,2026-08-03,12.0,2.2074060440063477,18.52,73.86,Normal,0.9570610218554981,Inland,12.0,9.73441838741303,10.602389109336723,6.047665488432251,7.973201500198147,6.047665488432251,0.009133222503313998,0.0
raipur,2026-08-03,2.3,0.0,21.25,81.63,Normal,0.9570610218554981,Inland,2.3,0.6132885015010829,0.8547461688518526,1.2624497843014924,0.31946989771147666,1.2624497843014924,0.00016933644994881117,0.0
ranchi,2026-08-03,12.9,17.07404899597168,23.34,85.31,Normal,0.9570610218554981,Inland,12.9,10.532779601812365,11.684935993618437,6.157948576365049,8.165170672744445,6.157948576365049,0.0025663218250030193,0.0
shillong,2026-08-03,9.7,8.73275375366211,25.58,91.89,Normal,0.9570610218554981,Hill / Himalayan orographic,9.7,7.644161706924438,9.248650580923133,5.061287788789054,3.3295471845669216,5.061287788789054,0.0010183031980323001,0.0
shimla,2026-08-03,2.1,15.284915924072266,31.1,77.17,Normal,0.9570610218554981,Hill / Himalayan orographic,2.1,0.4318348467350006,0.7711270365118981,3.134480843939066,1.2411412788261529,3.134480843939066,0.00011474733172990554,0.0
srinagar,2026-08-03,20.0,1.1497877836227417,34.08,74.8,Normal,0.9570610218554981,Hill / Himalayan orographic,20.0,16.442127041578853,20.909961658224496,5.137853198259129,3.4914820738758396,5.137853198259129,0.005608168161203291,0.0
surat,2026-08-03,8.5,3.317111015319824,21.17,72.83,Normal,0.9570610218554981,West-coast orographic,8.5,6.2096336841583275,6.431930240508049,3.734036484218784,3.1499315500262255,3.734036484218784,0.0073264774902684435,0.0
thiruvananthapuram,2026-08-03,32.5,7.988387584686279,8.52,76.94,Normal,0.9570610218554981,West-coast orographic,32.5,25.81117045630678,16.067870393967784,2.4372531980348198,1.4502287459093497,2.4372531980348198,0.0010179378639835633,0.0
varanasi,2026-08-03,3.2,2.5807559490203857,25.32,82.97,Normal,0.9570610218554981,Inland,3.2,1.2105231189727783,1.6868160963058472,1.6368878314061608,0.6702245445719879,1.6368878314061608,0.00018914658739358192,0.0
vijayawada,2026-08-03,2.4,0.10289648175239563,16.51,80.65,Normal,0.9570610218554981,Inland,2.4,0.6905014002323148,0.9793314039707207,1.3321837246149946,0.4171822168050323,1.3321837246149946,0.00015984181245899974,0.0
visakhapatnam,2026-08-03,9.700000000000001,1.235759973526001,17.69,83.22,Normal,0.9570610218554981,East coast,9.700000000000001,7.644161706924439,6.833301591550671,4.820902645486373,5.475268299073711,4.820902645486373,0.00849747669923351,0.0
agartala,2026-08-04,2.3,4.964024066925049,23.83,91.29,Normal,1.2112062075615782,Inland,2.3,0.6132885015010829,0.8547461688518526,6.0612646855278625,7.996018505691791,6.0612646855278625,0.00016085004152532808,0.0
ahmedabad,2026-08-04,7.5,0.0,23.02,72.57,Normal,1.2112062075615782,Inland,7.5,5.096189250946046,5.5788518269856775,6.107486229152516,8.073569938132518,6.107486229152516,0.005643339820392404,0.0
amritsar,2026-08-04,10.700000000000001,25.749046325683594,31.63,74.87,Normal,1.2112062075615782,Inland,10.700000000000001,8.563014837900797,8.668930379131382,21.375421908325084,37.6499568160252,21.375421908325084,0.025670131424988155,0.0
bengaluru,2026-08-04,4.7,0.5240123867988586,12.97,77.59,Normal,1.2112062075615782,Inland,4.7,2.501151504516601,2.6961808085441596,2.580547252720185,1.7166256073202395,2.580547252720185,0.000666928808355739,0.0
bhopal,2026-08-04,1.5,0.1278897225856781,23.26,77.41,Normal,1.2112062075615782,Inland,1.5,0.1752615362405776,0.32230785638093984,4.566546183199309,4.658568190647678,4.566546183199309,0.0001913231661840851,0.0
bhubaneswar,2026-08-04,8.6,2.3094799518585205,20.3,85.82,Normal,1.2112062075615782,East coast,8.6,6.358085656166078,5.0157066636877925,8.780706013112194,17.847594260945453,8.780706013112194,0.0032704503008859106,0.0
chandigarh,2026-08-04,15.5,20.75605583190918,30.73,76.78,Normal,1.2112062075615782,Inland,15.5,12.589602876143031,14.440713445859256,14.506495333610488,27.138245260210585,14.506495333610488,0.00746321740378385,0.0
chennai,2026-08-04,8.4,4.650376796722412,13.08,80.27,Normal,1.2112062075615782,East coast,8.4,6.061181712150577,4.9517757323740526,2.621610573266365,1.8140394235796484,2.621610573266365,0.0016241598973799226,0.0
dehradun,2026-08-04,39.3,3.1987907886505127,30.32,78.03,Normal,1.2112062075615782,Hill / Himalayan orographic,39.3,31.809070757030838,37.26306819184372,19.708708723142088,37.784841228126254,19.708708723142088,0.14661639700988757,0.0
delhi,2026-08-04,3.2,13.385640144348145,28.61,77.21,Normal,1.2112062075615782,Inland,3.2,1.2105231189727783,1.6868160963058472,1.9162226226141181,0.9165127958841421,1.9162226226141181,0.00016024417336872243,0.0
gangtok,2026-08-04,10.1,39.3648681640625,27.33,88.61,Normal,1.2112062075615782,Hill / Himalayan orographic,10.1,7.94836044883728,9.363509296937423,12.198117140491055,17.598877121460145,12.198117140491055,0.0020630501544618104,0.0
guwahati,2026-08-04,39.5,29.729320526123047,26.14,91.74,Normal,1.2112062075615782,Inland,39.5,31.995804485244697,38.94617590726463,5.086974373826394,5.66485359201756,5.086974373826394,0.006319580301578865,0.0
hyderabad,2026-08-04,0.30000000000000004,14.341001510620117,17.39,78.49,Normal,1.2112062075615782,Inland,0.30000000000000004,0.0,0.0,0.6530984463412766,0.0,0.6530984463412766,0.0001298899752860832,0.0
jabalpur,2026-08-04,3.4000000000000004,0.0,23.18,79.95,Normal,1.2112062075615782,Inland,3.4000000000000004,1.454195262717185,1.8737397074699405,5.729689817817712,7.300197624762845,5.729689817817712,0.0001558168056864782,0.0
jaipur,2026-08-04,6.6,7.296197891235352,26.91,75.79,Normal,1.2112062075615782,Inland,6.6,4.307074902057648,4.697882373997425,6.123623046288915,8.10064461339919,6.123623046288915,0.001424536450796321,0.0
jodhpur,2026-08-04,7.1,0.11841338127851486,26.24,73.02,Normal,1.2112062075615782,Inland,7.1,4.724638813734057,5.10589518547058,5.898844761753269,7.723507101747352,5.898844761753269,0.0013118123714751062,0.0
kochi,2026-08-04,82.4,34.21192932128906,9.93,76.27,Normal,1.2112062075615782,West-coast orographic,82.4,60.1637339058919,38.15412449949726,16.42510352562692,18.583062824206472,16.42510352562692,0.003710906879607996,1.0
kolkata,2026-08-04,23.7,0.434629887342453,22.57,88.36,Normal,1.2112062075615782,East coast,23.7,19.465701007843016,17.40795814127861,33.33907253153735,42.897538335289966,33.33907253153735,0.05505398833735166,0.0
lucknow,2026-08-04,17.0,45.30247497558594,26.85,80.95,Normal,1.2112062075615782,Inland,17.0,13.905631708145147,16.346710517693335,13.725534929696057,26.264520794048615,13.725534929696057,0.005578555639979402,0.0
madurai,2026-08-04,4.9,0.0,9.93,78.12,Normal,1.2112062075615782,Inland,4.9,2.601535142262777,2.9399517774581923,2.2590294259371757,1.349009062853891,2.2590294259371757,0.0005090834068816816,0.0
mangaluru,2026-08-04,33.6,131.23316955566406,12.91,74.86,Normal,1.2112062075615782,West-coast orographic,33.6,26.293909473006103,16.439027005631402,17.65255359697317,21.042569366643473,17.65255359697317,0.0032616248715398297,0.0
mumbai,2026-08-04,26.7,17.9776611328125,19.08,72.88,Normal,1.2112062075615782,West-coast orographic,26.7,21.723628685009086,13.905308944711917,54.75644913636548,60.10366353615308,54.75644913636548,0.1525001812882278,0.0
nagpur,2026-08-04,1.7000000000000002,0.05490860715508461,21.15,79.09,Normal,1.2112062075615782,Inland,1.7000000000000002,0.24634940050542348,0.46910965293645845,3.676928184440198,3.023781536986457,3.676928184440198,0.00016356378977849445,0.0
panaji,2026-08-04,37.8,26.229251861572266,15.49,73.83,Normal,1.2112062075615782,West-coast orographic,37.8,30.408567795426887,18.62343285878499,9.339573123979548,11.342709927769205,9.339573123979548,0.005868264593988724,0.0
patna,2026-08-04,20.9,31.579904556274414,25.59,85.14,Normal,1.2112062075615782,Inland,20.9,17.191924838802745,19.8181988163339,13.249656521214789,25.732116582101064,13.249656521214789,0.0027928716735353977,0.0
pune,2026-08-04,15.4,8.733424186706543,18.52,73.86,Normal,1.2112062075615782,Inland,15.4,12.511062195517809,14.315824010435614,21.463414401789482,37.721526751348996,21.463414401789482,0.011760356280785728,0.0
raipur,2026-08-04,0.6000000000000001,5.773788928985596,21.25,81.63,Normal,1.2112062075615782,Inland,0.6000000000000001,0.0,0.0,3.3673292019558554,2.6535163977702285,3.3673292019558554,0.00016933644994881117,0.0
ranchi,2026-08-04,13.3,4.532403945922852,23.34,85.31,Normal,1.2112062075615782,Inland,13.3,10.952357572515806,12.03953412913908,15.7350556251198,29.586040656061886,15.7350556251198,0.002569084972601388,0.0
shillong,2026-08-04,12.200000000000001,2.831110954284668,25.58,91.89,Normal,1.2112062075615782,Hill / Himalayan orographic,12.200000000000001,9.849698998928075,10.980802747453199,9.558953717354207,9.936600089588845,9.558953717354207,0.0008152544978043175,0.0
shimla,2026-08-04,3.3,0.0,31.1,77.17,Normal,1.2112062075615782,Hill / Himalayan orographic,3.3,1.3447266302881862,1.4910362681356963,3.978754558404899,1.7221523856937724,3.978754558404899,0.00011474733172990554,0.0
srinagar,2026-08-04,15.1,3.141040802001953,34.08,74.8,Normal,1.2112062075615782,Hill / Himalayan orographic,15.1,12.29188268159566,14.796808117564236,8.90502914259462,9.363445242789247,8.90502914259462,0.00428802695236068,0.0
surat,2026-08-04,6.300000000000001,0.0,21.17,72.83,Normal,1.2112062075615782,West-coast orographic,6.300000000000001,4.006547782421114,4.71732105182696,8.344523590002396,9.733304385013527,8.344523590002396,0.004171823639503584,0.0
thiruvananthapuram,2026-08-04,48.3,0.540434718132019,8.52,76.94,Normal,1.2112062075615782,West-coast orographic,48.3,37.7929742354593,24.847693366192775,7.487596381570705,8.804026799099505,7.487596381570705,0.0022740977310264517,0.0
varanasi,2026-08-04,16.2,3.718073844909668,25.32,82.97,Normal,1.2112062075615782,Inland,16.2,13.139387640519582,15.314939493824753,7.849481724378417,12.742398390623658,7.849481724378417,0.012602092401777374,0.0
vijayawada,2026-08-04,6.300000000000001,0.7224981784820557,16.51,80.65,Normal,1.2112062075615782,Inland,6.300000000000001,4.006547782421114,4.380001735687255,3.243896621342876,2.448176715573776,3.243896621342876,0.0024271135877507164,0.0
visakhapatnam,2026-08-04,6.7,2.387643575668335,17.69,83.22,Normal,1.2112062075615782,East coast,6.7,4.360534116029741,3.249693465541817,2.72910617353251,1.9169167670336322,2.72910617353251,0.0014933808031620574,0.0
agartala,2026-08-05,6.8,6.3924126625061035,23.83,91.29,Normal,0.5633934908639454,Inland,6.8,4.413993330001833,4.861825609207154,7.727278696318605,12.399748152185667,7.727278696318605,0.001995858212715939,0.0
ahmedabad,2026-08-05,7.0,0.059160105884075165,23.02,72.57,Normal,0.5633934908639454,Inland,7.0,4.621090319156649,5.024538660049438,0.9049350010890556,0.025852763197745994,0.9049350010890556,0.0021937859313334615,0.0
amritsar,2026-08-05,7.0,9.950045585632324,31.63,74.87,Normal,0.5633934908639454,Inland,7.0,4.621090319156649,5.024538660049438,10.331194896571892,19.535481135759806,10.331194896571892,0.010398106952527028,0.0
bengaluru,2026-08-05,12.700000000000001,0.7065317034721375,12.97,77.59,Normal,0.5633934908639454,Inland,12.700000000000001,10.305659605264667,11.500123476099086,5.228930874940767,5.920123922622372,5.228930874940767,0.0017853053863715685,0.0
bhopal,2026-08-05,4.1000000000000005,0.0,23.26,77.41,Normal,0.5633934908639454,Inland,4.1000000000000005,1.9665704596042648,2.3406961551079384,5.17733923616438,5.813291989123805,5.17733923616438,0.0025982564282357903,0.0
bhubaneswar,2026-08-05,6.0,1.4129935503005981,20.3,85.82,Normal,0.5633934908639454,East coast,6.0,3.612823226451874,2.0522569092114784,5.418260869693287,8.108623590881136,5.418260869693287,0.005215650300797769,0.0
chandigarh,2026-08-05,12.1,13.60411262512207,30.73,76.78,Normal,0.5633934908639454,Inland,12.1,9.792058693170551,10.742584045323948,9.388575275736006,17.127040292777387,9.388575275736006,0.006809546817048857,0.0
chennai,2026-08-05,2.9,20.905000686645508,13.08,80.27,Normal,0.5633934908639454,East coast,2.9,1.0063706040382385,0.27349755376577367,1.7041064932488346,0.6371040451947497,1.7041064932488346,0.00010619130500267904,0.0
dehradun,2026-08-05,5.5,9.986714363098145,30.32,78.03,Normal,0.5633934908639454,Hill / Himalayan orographic,5.5,3.176739401817322,3.576928225925989,8.195262125043678,8.446926401950803,8.195262125043678,0.005221342401186492,0.0
delhi,2026-08-05,13.6,7.571834087371826,28.61,77.21,Normal,0.5633934908639454,Inland,13.6,11.18905150016149,12.271672206863933,5.170882636710638,5.7999221675823955,5.170882636710638,0.0019281298848715608,0.0
gangtok,2026-08-05,14.5,27.630369186401367,27.33,88.61,Normal,0.5633934908639454,Hill / Himalayan orographic,14.5,11.869966181704877,14.026797124652248,10.86266813969612,13.597386551314282,10.86266813969612,0.001330376027419441,0.0
guwahati,2026-08-05,12.1,41.8098258972168,26.14,91.74,Normal,0.5633934908639454,Inland,12.1,9.792058693170551,10.742584045323948,5.67915224172131,7.156586327362022,5.67915224172131,0.0008451253345457895,0.0
hyderabad,2026-08-05,0.6000000000000001,6.173302173614502,17.39,78.49,Normal,0.5633934908639454,Inland,0.6000000000000001,0.0,0.0,0.9788430818730993,0.0707129426290381,0.9788430818730993,0.00013866703617953726,0.0
jabalpur,2026-08-05,11.0,0.0,23.18,79.95,Normal,0.5633934908639454,Inland,11.0,8.917385570208229,9.100788712051676,8.545134687395374,14.925227392162377,8.545134687395374,0.009923562207581392,0.0
jaipur,2026-08-05,1.9,2.722900629043579,26.91,75.79,Normal,0.5633934908639454,Inland,1.9,0.35334385812282587,0.6427327603101732,1.4220398749461067,0.47710564804600375,1.4220398749461067,0.00016483386475735657,0.0
jodhpur,2026-08-05,3.3,0.0,26.24,73.02,Normal,0.5633934908639454,Inland,3.3,1.3447266302881862,1.8125764369964594,2.1137865710937236,1.1524077606079202,2.1137865710937236,0.00012944110291941794,0.0
kochi,2026-08-05,112.7,27.85881233215332,9.93,76.27,Normal,0.5633934908639454,West-coast orographic,112.7,84.89288318013053,54.93257914331425,27.79835694444582,32.912872603723486,27.79835694444582,0.07228860060120657,1.0
kolkata,2026-08-05,29.4,20.76678466796875,22.57,88.36,Normal,0.5633934908639454,East coast,29.4,23.940188888881508,23.914412665139185,10.151625232514379,20.99991922572517,10.151625232514379,0.030873138117957864,0.0
lucknow,2026-08-05,22.2,8.12354850769043,26.85,80.95,Normal,0.5633934908639454,Inland,22.2,18.3190891902022,20.418317428363387,11.051987091977601,20.589683381502905,11.051987091977601,0.008034643573936018,0.0
madurai,2026-08-05,4.0,0.0,9.93,78.12,Normal,0.5633934908639454,Inland,4.0,1.8677898168563847,2.283005189895629,1.853905897170751,0.8517415151491551,1.853905897170751,0.00048095534139654914,0.0
mangaluru,2026-08-05,75.0,37.59198760986328,12.91,74.86,Normal,0.5633934908639454,West-coast orographic,75.0,53.6611039831495,37.14718039001899,30.135997929814046,36.55265286699845,30.135997929814046,0.0103478675129881,1.0
mumbai,2026-08-05,25.1,22.96489715576172,19.08,72.88,Normal,0.5633934908639454,West-coast orographic,25.1,20.490630735112596,13.557704781692252,41.14421965939246,47.508941597655465,41.14421965939246,0.11922636245176434,0.0
nagpur,2026-08-05,3.1,0.32945165038108826,21.15,79.09,Normal,0.5633934908639454,Inland,3.1,1.0913883066177372,1.5569898724555968,2.1014493322261596,1.1358801748900147,2.1014493322261596,0.00015920088373475925,0.0
panaji,2026-08-05,49.1,25.871604919433594,15.49,73.83,Normal,0.5633934908639454,West-coast orographic,49.1,38.088110813848544,24.975792198992803,16.78819077858281,19.31452270946075,16.78819077858281,0.009366759562847871,0.0
patna,2026-08-05,19.1,0.8937332034111023,25.59,85.14,Normal,0.5633934908639454,Inland,19.1,15.75377780479377,18.60523194172343,7.491638559204668,11.745443554340559,7.491638559204668,0.002546770275028339,0.0
pune,2026-08-05,9.4,0.9106149077415466,18.52,73.86,Normal,0.5633934908639454,Inland,9.4,7.385810530185699,7.430081208546958,5.668644864436196,7.12672779039308,5.668644864436196,0.012932758322346014,0.0
raipur,2026-08-05,6.3999999999999995,8.282816886901855,21.25,81.63,Normal,0.5633934908639454,Inland,6.3999999999999995,4.200156474113463,4.4859619484573106,3.2965306724642467,2.5452628185712545,3.2965306724642467,0.007331125845403713,0.0
ranchi,2026-08-05,13.5,12.141700744628906,23.34,85.31,Normal,0.5633934908639454,Inland,13.5,11.110153524279594,12.194292847622316,8.479335611560204,14.681252726406578,8.479335611560204,0.002583967745834622,0.0
shillong,2026-08-05,11.200000000000001,46.78448486328125,25.58,91.89,Normal,0.5633934908639454,Hill / Himalayan orographic,11.200000000000001,9.129178750991821,10.05912449003268,5.771448016821732,4.094711730308287,5.771448016821732,0.0008199856399141973,0.0
shimla,2026-08-05,5.7,6.2818922996521,31.1,77.17,Normal,0.5633934908639454,Hill / Himalayan orographic,5.7,3.334051375389099,3.67253604149935,6.849032923276936,5.257495982747606,6.849032923276936,0.002306132615974723,0.0
srinagar,2026-08-05,4.3,0.0,34.08,74.8,Normal,0.5633934908639454,Hill / Himalayan orographic,4.3,2.1817951476573945,2.409158432223391,3.5697400154224215,1.422494378856724,3.5697400154224215,0.0007359290939042216,0.0
surat,2026-08-05,6.1,0.0,21.17,72.83,Normal,0.5633934908639454,West-coast orographic,6.1,3.7128811585903168,4.522951701108147,5.396014122771657,5.295399181055702,5.396014122771657,0.010642310992954995,0.0
thiruvananthapuram,2026-08-05,56.599999999999994,3.9912712574005127,8.52,76.94,Normal,0.5633934908639454,West-coast orographic,56.599999999999994,42.5433296621856,28.30509973951607,6.608790914316167,7.0559453897521545,6.608790914316167,0.002301688967052134,0.0
varanasi,2026-08-05,22.2,4.169410705566406,25.32,82.97,Normal,0.5633934908639454,Inland,22.2,18.3190891902022,20.418317428363387,6.897444282414219,10.224486807535918,6.897444282414219,0.0180188161194823,0.0
vijayawada,2026-08-05,6.300000000000001,1.6175965070724487,16.51,80.65,Normal,0.5633934908639454,Inland,6.300000000000001,4.006547782421114,4.380001735687255,2.288867102129797,1.396436744306121,2.288867102129797,0.002731024380554814,0.0
visakhapatnam,2026-08-05,5.6,0.08564672619104385,17.69,83.22,Normal,0.5633934908639454,East coast,5.6,3.25539538860321,1.8389759633800775,2.3639045299068537,1.6432964451430134,2.3639045299068537,0.0016904115209355306,0.0
agartala,2026-08-06,22.0,18.677337646484375,23.83,91.29,Normal,-0.5559554225026342,Inland,22.0,18.166207614516757,20.32599148805116,11.184970149390042,20.789284599683572,11.184970149390042,0.010168751242289767,0.0
ahmedabad,2026-08-06,2.5,1.3015223741531372,23.02,72.57,Normal,-0.5559554225026342,Inland,2.5,0.7333914309740066,1.0289758116006864,0.45074216276049794,0.0,0.45074216276049794,0.0001796233708384782,0.0
amritsar,2026-08-06,10.0,4.642194747924805,31.63,74.87,Normal,-0.5559554225026342,Inland,10.0,7.853758640289307,7.846675666173302,22.865895854808123,38.86225481727169,22.865895854808123,0.1017184122947612,0.0
bengaluru,2026-08-06,11.0,1.198651671409607,12.97,77.59,Normal,-0.5559554225026342,Inland,11.0,8.917385570208229,9.100788712051676,4.531979383368317,4.5931019103779915,4.531979383368317,0.001654161639152356,0.0
bhopal,2026-08-06,4.4,2.1180050373077393,23.26,77.41,Normal,-0.5559554225026342,Inland,4.4,2.2982391929626464,2.511248491027139,5.9978112188476125,7.889555007320901,5.9978112188476125,0.010818068705863876,0.0
bhubaneswar,2026-08-06,15.6,66.42642211914062,20.3,85.82,Normal,-0.5559554225026342,East coast,15.6,12.668143556768252,9.943418606730422,7.484437729364313,11.672072773489273,7.484437729364313,0.002024294150591572,0.0
chandigarh,2026-08-06,25.9,0.8384444117546082,30.73,76.78,Normal,-0.5559554225026342,Inland,25.9,21.090713413255827,25.620543980449128,10.667020352935824,20.02664620737561,10.667020352935824,0.19563196066983735,0.0
chennai,2026-08-06,3.3,9.034147262573242,13.08,80.27,Normal,-0.5559554225026342,East coast,3.3,1.3447266302881862,0.4869388396424399,1.1987889111816659,0.09797217072380003,1.1987889111816659,0.0001238093938560632,0.0
dehradun,2026-08-06,43.3,56.29654312133789,30.32,78.03,Normal,-0.5559554225026342,Hill / Himalayan orographic,43.3,35.54577241612427,39.665950604967,18.376975297095225,36.206439720103056,18.376975297095225,0.08556642355153632,0.0
delhi,2026-08-06,29.099999999999998,17.142946243286133,28.61,77.21,Normal,-0.5559554225026342,Inland,29.099999999999998,23.68089898150899,29.284483668009447,5.558435244175935,6.7625729429295,5.558435244175935,0.02389494666502789,0.0
gangtok,2026-08-06,20.1,10.712362289428711,27.33,88.61,Normal,-0.5559554225026342,Hill / Himalayan orographic,20.1,16.51861029011053,21.01822928307762,11.247631174897023,14.698253127615656,11.247631174897023,0.0029549853453513936,0.0
guwahati,2026-08-06,5.3999999999999995,0.07568465173244476,26.14,91.74,Normal,-0.5559554225026342,Inland,5.3999999999999995,3.081993025143941,3.3185767555236825,4.144401992448816,3.9909735410469187,4.144401992448816,0.0028553937666836483,0.0
hyderabad,2026-08-06,1.7,0.27262288331985474,17.39,78.49,Normal,-0.5559554225026342,Inland,1.7,0.24634940050542342,0.4691096529364583,1.6302604118856827,0.6669668334060393,1.6302604118856827,0.00013793721076368903,0.0
jabalpur,2026-08-06,4.4,0.0,23.18,79.95,Normal,-0.5559554225026342,Inland,4.4,2.2982391929626464,2.511248491027139,5.8196936195656574,7.5352002389521395,5.8196936195656574,0.005415883009135522,0.0
jaipur,2026-08-06,13.700000000000001,0.669241726398468,26.91,75.79,Normal,-0.5559554225026342,Inland,13.700000000000001,11.267949476043386,12.349051566105551,7.128108839744198,10.802234926729206,7.128108839744198,0.006542876805512746,0.0
jodhpur,2026-08-06,1.4,0.0,26.24,73.02,Normal,-0.5559554225026342,Inland,1.4,0.13219197407364852,0.30806627497077005,0.5546548889278524,0.0,0.5546548889278524,0.00015716354575028214,0.0
kochi,2026-08-06,150.0,16.322378158569336,9.93,76.27,Normal,-0.5559554225026342,West-coast orographic,150.0,133.18607875914626,75.45781154150325,27.11110247342285,32.111322639109204,27.11110247342285,0.07044080854596124,1.0
kolkata,2026-08-06,42.9,14.709796905517578,22.57,88.36,Normal,-0.5559554225026342,East coast,42.9,35.17202536041156,38.82819859424074,2.2731846639364206,1.5454897200781437,2.2731846639364206,0.02727217857862955,0.0
lucknow,2026-08-06,35.0,16.44564437866211,26.85,80.95,Normal,-0.5559554225026342,Inland,35.0,27.232066659145033,36.44463259832071,7.081250168413171,10.684867483968295,7.081250168413171,0.00892777832431524,0.0
madurai,2026-08-06,4.1,0.0,9.93,78.12,Normal,-0.5559554225026342,Inland,4.1,1.966570459604264,2.340696155107938,2.4347353753549292,1.5923164773982117,2.4347353753549292,0.0006817568284529764,0.0
mangaluru,2026-08-06,219.6,9.521035194396973,12.91,74.86,Normal,-0.5559554225026342,West-coast orographic,219.6,228.1124713136897,286.7237280535464,35.68975313299032,40.25376982085638,35.68975313299032,0.06519386275556535,1.0
mumbai,2026-08-06,16.3,11.064493179321289,19.08,72.88,Normal,-0.5559554225026342,West-coast orographic,16.3,13.217928321144804,10.391871109694064,20.010159474144558,23.81275496348141,20.010159474144558,0.03487977714862055,0.0
nagpur,2026-08-06,0.8,2.0581634044647217,21.15,79.09,Normal,-0.5559554225026342,Inland,0.8,0.0,0.03134094942361116,0.9516311531393752,0.05503118166445236,0.9516311531393752,0.0001466053385797047,0.0
panaji,2026-08-06,22.7,11.120067596435547,15.49,73.83,Normal,-0.5559554225026342,West-coast orographic,22.7,18.701293129415806,12.767211529516405,12.45184472296356,14.953346528493897,12.45184472296356,0.007501529065696578,0.0
patna,2026-08-06,15.8,43.561981201171875,25.59,85.14,Normal,-0.5559554225026342,Inland,15.8,12.825224918018696,14.815381752130184,6.826055955077931,10.023682220082849,6.826055955077931,0.0015095811486839732,0.0
pune,2026-08-06,9.9,2.5156056880950928,18.52,73.86,Normal,-0.5559554225026342,Inland,9.9,7.783892995834351,7.702021121978762,7.771949323389606,12.525002012585603,7.771949323389606,0.010085456951403006,0.0
raipur,2026-08-06,4.8,14.667418479919434,21.25,81.63,Normal,-0.5559554225026342,Inland,4.8,2.551343323389689,2.7724526882171636,4.604129288678342,4.731571419608131,4.604129288678342,0.00935852309427938,0.0
ranchi,2026-08-06,29.2,28.800933837890625,23.34,85.31,Normal,-0.5559554225026342,Inland,29.2,23.767328950633164,29.423202205234112,10.244055584904036,19.40803461422657,10.244055584904036,0.005109751631205272,0.0
shillong,2026-08-06,17.0,3.2366185188293457,25.58,91.89,Normal,-0.5559554225026342,Hill / Himalayan orographic,17.0,13.905631708145147,17.428546287273537,6.618732807376983,4.701206542124623,6.618732807376983,0.0013638861861802818,0.0
shimla,2026-08-06,14.3,3.2817904949188232,31.1,77.17,Normal,-0.5559554225026342,Hill / Himalayan orographic,14.3,11.72932734840795,13.596322184932614,13.563904134241225,22.473386606768532,13.563904134241225,0.0020633537138908223,0.0
srinagar,2026-08-06,2.9,0.0,34.08,74.8,Normal,-0.5559554225026342,Hill / Himalayan orographic,2.9,1.0063706040382385,1.2649774036442922,3.396499710829526,1.3580099588607712,3.396499710829526,0.00011331739196567228,0.0
surat,2026-08-06,8.9,0.9825173020362854,21.17,72.83,Normal,-0.5559554225026342,West-coast orographic,8.9,6.768244247436524,6.659611347838718,8.50876187496204,9.914849899729278,8.50876187496204,0.0155845999664828,0.0
thiruvananthapuram,2026-08-06,60.6,0.8480826020240784,8.52,76.94,Normal,-0.5559554225026342,West-coast orographic,60.6,45.05670896620206,30.9608152976403,9.8506596735863,11.995886854747317,9.8506596735863,0.001836898624631072,0.0
varanasi,2026-08-06,43.300000000000004,29.372610092163086,25.32,82.97,Normal,-0.5559554225026342,Inland,43.300000000000004,35.54577241612428,41.44591002611918,10.503796030350674,19.78792074874005,10.503796030350674,0.042305998611813,0.0
vijayawada,2026-08-06,1.2,23.011781692504883,16.51,80.65,Normal,-0.5559554225026342,Inland,1.2,0.0510340884327888,0.17344485223293304,0.9760158592732849,0.06908366344644867,0.9760158592732849,0.00019895145076223166,0.0
visakhapatnam,2026-08-06,5.1000000000000005,7.460301399230957,17.69,83.22,Normal,-0.5559554225026342,East coast,5.1000000000000005,2.7721136164665228,1.5409242510795602,2.1104976227454,1.2071903784594444,2.1104976227454,0.0019405310428799304,0.0
agartala,2026-08-07,11.9,8.734001159667969,23.83,91.29,Normal,-1.0771566523800435,Inland,11.9,9.447994094235561,9.914039564132691,4.177456249466332,4.265311460449306,4.177456249466332,0.006223358167709602,0.0
ahmedabad,2026-08-07,1.2,0.0,23.02,72.57,Normal,-1.0771566523800435,Inland,1.2,0.05108746886253348,0.15256766974925987,0.9030267100532662,0.005228358967619187,0.9030267100532662,0.0007861380654147975,0.0
amritsar,2026-08-07,3.6,0.0,31.63,74.87,Normal,-1.0771566523800435,Inland,3.6,1.497903409600259,1.8002875685691826,4.204467554641658,4.311234824130343,4.204467554641658,0.24506359837073302,0.0
bengaluru,2026-08-07,7.8,0.832222044467926,12.97,77.59,Normal,-1.0771566523800435,Inland,7.8,5.291627997159958,5.579164505004881,1.3114179928593883,0.38432159009579814,1.3114179928593883,0.0030072774137143527,0.0
bhopal,2026-08-07,17.7,4.716936111450195,23.26,77.41,Normal,-1.0771566523800435,Inland,17.7,14.257144948933679,16.58005753832554,8.022954586723975,13.209012665669839,8.022954586723975,0.04176790321532535,0.0
bhubaneswar,2026-08-07,5.3,38.530479431152344,20.3,85.82,Normal,-1.0771566523800435,East coast,5.3,2.914680480957031,1.4974216623582703,2.8899386224968335,1.9277951443767591,2.8899386224968335,0.003953483875908067,0.0
chandigarh,2026-08-07,5.2,9.854317665100098,30.73,76.78,Normal,-1.0771566523800435,Inland,5.2,2.785400032997132,2.9521020936965967,3.710103447371931,3.4481062129363163,3.710103447371931,0.12395284448842712,0.0
chennai,2026-08-07,6.4,4.329886436462402,13.08,80.27,Normal,-1.0771566523800435,East coast,6.4,3.972707692782084,2.329598394666394,0.585103335924015,0.0,0.585103335924015,0.0018430090824395457,0.0
dehradun,2026-08-07,29.099999999999998,39.707664489746094,30.32,78.03,Normal,-1.0771566523800435,Hill / Himalayan orographic,29.099999999999998,23.22834323732562,28.904969533799328,16.189393348786634,24.04201697941946,16.189393348786634,0.023999212597670325,0.0
delhi,2026-08-07,8.7,12.335992813110352,28.61,77.21,Normal,-1.0771566523800435,Inland,8.7,6.131879343986514,5.9542323594075,1.9708549817259002,1.090221317548933,1.9708549817259002,0.006385833257375564,0.0
gangtok,2026-08-07,52.099999999999994,6.613124847412109,27.33,88.61,Normal,-1.0771566523800435,Hill / Himalayan orographic,52.099999999999994,39.9833618188603,47.79226560806802,25.181159605778255,44.03571477922474,25.181159605778255,0.010455436365964873,0.0
guwahati,2026-08-07,0.0,0.0,26.14,91.74,Normal,-1.0771566523800435,Inland,0.0,0.0,0.0,2.7144382975141856,2.1098699612831244,2.7144382975141856,0.0005289010402706587,0.0
hyderabad,2026-08-07,4.0,1.2197048664093018,17.39,78.49,Normal,-1.0771566523800435,Inland,4.0,1.8346537411212933,2.1072325849533082,2.899312170268013,2.277489081437274,2.899312170268013,0.006651868152118752,0.0
jabalpur,2026-08-07,27.0,0.0,23.18,79.95,Normal,-1.0771566523800435,Inland,27.0,21.648755704986435,25.19952149391172,16.820609290490882,29.861130330104174,16.820609290490882,0.07550436024806294,0.0
jaipur,2026-08-07,39.199999999999996,16.732521057128906,26.91,75.79,Normal,-1.0771566523800435,Inland,39.199999999999996,31.98092023829504,37.03284697650873,12.48572540227445,22.141996336526145,12.48572540227445,0.11706421070184449,0.0
jodhpur,2026-08-07,0.0,0.0,26.24,73.02,Normal,-1.0771566523800435,Inland,0.0,0.0,0.0,0.1342995962342742,0.0,0.1342995962342742,0.0006775135775599064,0.0
kochi,2026-08-07,98.8,46.98706817626953,9.93,76.27,Normal,-1.0771566523800435,West-coast orographic,98.8,73.46786688433366,51.03138488020977,45.48713372780895,53.05270860956708,45.48713372780895,0.19114181372172684,1.0
kolkata,2026-08-07,23.5,62.79454803466797,22.57,88.36,Normal,-1.0771566523800435,East coast,23.5,18.97982946680397,20.606423728725918,9.855299936702743,18.562549366571275,9.855299936702743,0.020218907467021312,0.0
lucknow,2026-08-07,14.600000000000001,5.313032627105713,26.85,80.95,Normal,-1.0771566523800435,Inland,14.600000000000001,11.52201772928238,12.761585916077435,4.695303958260966,5.61480125456423,4.695303958260966,0.004265927196433324,0.0
madurai,2026-08-07,4.5,0.0,9.93,78.12,Normal,-1.0771566523800435,Inland,4.5,2.25126458229843,2.417922449111939,1.4073600624049227,0.47792464645630683,1.4073600624049227,0.0067026993552608315,0.0
mangaluru,2026-08-07,109.3,19.013248443603516,12.91,74.86,Normal,-1.0771566523800435,West-coast orographic,109.3,81.43896259191935,57.288629612988906,55.49457603588227,61.859011939526184,70.0,0.317736348641311,1.0
mumbai,2026-08-07,6.8,12.704427719116211,19.08,72.88,Normal,-1.0771566523800435,West-coast orographic,6.8,4.333127439022064,4.691987251977197,7.459015847628464,8.73982524826403,7.459015847628464,0.01383381773908451,0.0
nagpur,2026-08-07,2.8000000000000003,1.8678677082061768,21.15,79.09,Normal,-1.0771566523800435,Inland,2.8000000000000003,0.8769609242677688,1.1064057918389623,2.2502930649603776,1.6045470007060367,2.2502930649603776,0.0003638314778509309,0.0
panaji,2026-08-07,16.1,18.145944595336914,15.49,73.83,Normal,-1.0771566523800435,West-coast orographic,16.1,12.603379295867631,8.7873481916002,18.548657288191958,20.890275975745773,18.548657288191958,0.029045059215213595,0.0
patna,2026-08-07,13.5,5.28521728515625,25.59,85.14,Normal,-1.0771566523800435,Inland,13.5,10.64976533651352,11.86767369588217,6.9022302250657415,10.372923786989737,6.9022302250657415,0.001973550051415295,0.0
pune,2026-08-07,11.1,1.6930946111679077,18.52,73.86,Normal,-1.0771566523800435,Inland,11.1,8.615622900150434,8.572692342146732,2.1728681402706003,1.4704597863923041,2.1728681402706003,0.0037259493426214253,0.0
raipur,2026-08-07,16.3,7.545095443725586,21.25,81.63,Normal,-1.0771566523800435,Inland,16.3,12.832562585478852,14.777565280568611,10.532737396162785,18.954485271120966,10.532737396162785,0.01565825692265123,0.0
ranchi,2026-08-07,22.0,22.79222869873047,23.34,85.31,Normal,-1.0771566523800435,Inland,22.0,17.895749595352935,19.67756550429454,13.445438470075093,24.321513731563112,13.445438470075093,0.005634176651185658,0.0
shillong,2026-08-07,0.30000000000000004,1.419750690460205,25.58,91.89,Normal,-1.0771566523800435,Hill / Himalayan orographic,0.30000000000000004,0.0,0.0,6.051917334241475,4.070366530467462,6.051917334241475,0.0005076759571736297,0.0
shimla,2026-08-07,10.0,19.83441734313965,31.1,77.17,Normal,-1.0771566523800435,Hill / Himalayan orographic,10.0,7.600209277868268,9.380142878090462,7.5159276905594705,6.2377467644035125,7.5159276905594705,0.004237654025298354,0.0
srinagar,2026-08-07,2.8,0.33677971363067627,34.08,74.8,Normal,-1.0771566523800435,Hill / Himalayan orographic,2.8,0.8769609242677684,1.2158393335342403,1.6829478375073292,0.4723919831767113,1.6829478375073292,0.0006265740776906144,0.0
surat,2026-08-07,1.1,0.0,21.17,72.83,Normal,-1.0771566523800435,West-coast orographic,1.1,0.02319483505561953,0.0,3.283719878849151,2.877596246797911,3.283719878849151,0.0009250537905470179,0.0
thiruvananthapuram,2026-08-07,52.4,8.48222541809082,8.52,76.94,Normal,-1.0771566523800435,West-coast orographic,52.4,40.20576723247555,25.142513473465012,8.318361984452302,9.327334898652426,8.318361984452302,0.028290668688491487,0.0
varanasi,2026-08-07,12.9,1.630948781967163,25.32,82.97,Normal,-1.0771566523800435,Inland,12.9,9.988683891296395,11.398831939697269,7.4395787857172975,11.970891927337062,7.4395787857172975,0.019190019258908893,0.0
vijayawada,2026-08-07,6.2,19.731534957885742,16.51,80.65,Normal,-1.0771566523800435,Inland,6.2,3.761297497153282,4.014885847568512,3.1656338183336934,2.47800159714994,3.1656338183336934,0.01252196387808958,0.0
visakhapatnam,2026-08-07,7.8,37.95341491699219,17.69,83.22,Normal,-1.0771566523800435,East coast,7.8,5.291627997159958,3.9435319871658643,1.7980972249898488,0.831301691474861,1.7980972249898488,0.004858742069699612,0.0
agartala,2026-08-08,1.2,1.6884865760803223,23.83,91.29,Normal,-0.3460717477028588,Inland,1.2,0.05108746886253348,0.15256766974925987,4.000828966237809,3.9684118052196173,4.000828966237809,0.00020014746343881835,0.0
ahmedabad,2026-08-08,0.0,0.0,23.02,72.57,Normal,-0.3460717477028588,Inland,0.0,0.0,0.0,0.06706332367310049,0.0,0.06706332367310049,0.00021056803598738186,0.0
amritsar,2026-08-08,1.2000000000000002,16.402421951293945,31.63,74.87,Normal,-0.3460717477028588,Inland,1.2000000000000002,0.05108746886253353,0.15256766974925995,1.7430701328477125,0.8080188404842499,1.7430701328477125,0.0004257176102740403,0.0
bengaluru,2026-08-08,16.8,3.4221057891845703,12.97,77.59,Normal,-0.3460717477028588,Inland,16.8,13.405520809506909,15.351413685020846,6.713548232925881,9.858211623286284,6.713548232925881,0.007157916679647017,0.0
bhopal,2026-08-08,2.6,7.969186305999756,23.26,77.41,Normal,-0.3460717477028588,Inland,2.6,0.6931006610393526,0.9277528703212743,2.0357479105753833,1.1965465125609713,2.0357479105753833,0.00022889404252317714,0.0
bhubaneswar,2026-08-08,7.3,26.121591567993164,20.3,85.82,Normal,-0.3460717477028588,East coast,7.3,4.74454402923584,3.2615839933915574,3.7324919617128747,3.9241892228099244,3.7324919617128747,0.0015591785213555384,0.0
chandigarh,2026-08-08,0.8,23.445274353027344,30.73,76.78,Normal,-0.3460717477028588,Inland,0.8,0.0,0.010660272799432323,2.1233979685602375,1.3659600035572557,2.1233979685602375,0.0004532458073469217,0.0
chennai,2026-08-08,7.6,0.0,13.08,80.27,Normal,-0.3460717477028588,East coast,7.6,5.074069801966349,3.7167763940990017,0.9832129186161042,0.05364937991612002,0.9832129186161042,0.002353293067510718,0.0
dehradun,2026-08-08,1.1,0.03967833146452904,30.32,78.03,Normal,-0.3460717477028588,Hill / Himalayan orographic,1.1,0.02319483505561953,0.2560336267948151,3.0031593917004855,1.276426088193185,3.0031593917004855,0.0003618234263552178,0.0
delhi,2026-08-08,3.7,88.9138412475586,28.61,77.21,Normal,-0.3460717477028588,Inland,3.7,1.6041754007339497,1.9845649814605713,2.9716123843124738,2.3287575759401427,2.9716123843124738,0.011095663507478115,0.0
gangtok,2026-08-08,19.0,16.966636657714844,27.33,88.61,Normal,-0.3460717477028588,Hill / Himalayan orographic,19.0,15.258588417396659,20.146753663055655,13.529309695197913,17.759230399996262,13.529309695197913,0.002664097424541827,0.0
guwahati,2026-08-08,25.6,4.473991870880127,26.14,91.74,Normal,-0.3460717477028588,Inland,25.6,20.51105866065398,22.974673414330713,7.784981019871844,12.69444041579185,7.784981019871844,0.0031566171388846703,0.0
hyderabad,2026-08-08,2.6,15.429394721984863,17.39,78.49,Normal,-0.3460717477028588,Inland,2.6,0.6931006610393526,0.9277528703212743,1.5546157800590972,0.692143562230092,1.5546157800590972,0.00014078483645792294,0.0
jabalpur,2026-08-08,18.7,10.573562622070312,23.18,79.95,Normal,-0.3460717477028588,Inland,18.7,15.04425014544912,17.698643970411137,12.714073446378677,22.660576890387283,12.714073446378677,0.012737338150146164,0.0
jaipur,2026-08-08,47.0,16.959524154663086,26.91,75.79,Normal,-0.3460717477028588,Inland,47.0,37.735069777984286,43.05278951695676,23.25279648360071,36.7812447633849,23.25279648360071,0.04970444068050254,0.0
jodhpur,2026-08-08,1.0,0.0,26.24,73.02,Normal,-0.3460717477028588,Inland,1.0,0.004263510135933758,0.09109254062175752,0.36663015448965935,0.0,0.36663015448965935,0.00018817260154314718,0.0
kochi,2026-08-08,101.0,3.6946113109588623,9.93,76.27,Normal,-0.3460717477028588,West-coast orographic,101.0,75.13800122306591,51.961136022939314,38.33844052807288,47.72774070366545,38.33844052807288,0.04526589591168288,1.0
kolkata,2026-08-08,36.9,5.3773512840271,22.57,88.36,Normal,-0.3460717477028588,East coast,36.9,30.451262818892708,37.81465798784908,12.324566528297836,22.939306237453327,12.324566528297836,0.03999188672602604,0.0
lucknow,2026-08-08,4.9,0.40375271439552307,26.85,80.95,Normal,-0.3460717477028588,Inland,4.9,2.4981606841087336,2.656318693084099,4.591973435149078,5.4174847101347785,4.591973435149078,0.008373051294229418,0.0
madurai,2026-08-08,4.6,0.0,9.93,78.12,Normal,-0.3460717477028588,Inland,4.6,2.3164322885600104,2.4695456308031822,0.9805137426754307,0.052384462963814785,0.9805137426754307,0.0014231603325020098,0.0
mangaluru,2026-08-08,106.7,4.1346211433410645,12.91,74.86,Normal,-0.3460717477028588,West-coast orographic,106.7,79.46516746432671,56.30129932860534,41.56320120414122,50.730670311065,41.56320120414122,0.027744271599991675,1.0
mumbai,2026-08-08,7.3,3.3896636962890625,19.08,72.88,Normal,-0.3460717477028588,West-coast orographic,7.3,4.74454402923584,4.960916654101284,7.071820220829093,8.526966777133016,7.071820220829093,0.004357122663673034,0.0
nagpur,2026-08-08,9.5,6.367768287658691,21.15,79.09,Normal,-0.3460717477028588,Inland,9.5,7.075519657134997,6.986071659088136,7.275084015413545,11.57466197453883,7.275084015413545,0.008309315334123204,0.0
panaji,2026-08-08,14.6,2.271005630493164,15.49,73.83,Normal,-0.3460717477028588,West-coast orographic,14.6,11.522017729282378,8.318184580086426,15.243158382778608,16.212922847203938,15.243158382778608,0.0054427802051083525,0.0
patna,2026-08-08,1.7000000000000002,6.889183044433594,25.59,85.14,Normal,-0.3460717477028588,Inland,1.7000000000000002,0.21698844730854047,0.4366514861583709,1.6458572130840257,0.7565163605495769,1.6458572130840257,0.00019260938406023836,0.0
pune,2026-08-08,0.30000000000000004,0.8777425289154053,18.52,73.86,Normal,-0.3460717477028588,Inland,0.30000000000000004,0.0,0.0,0.4440584149531669,0.0,0.4440584149531669,0.00013367316925431136,0.0
raipur,2026-08-08,22.9,8.78198528289795,21.25,81.63,Normal,-0.3460717477028588,Inland,22.9,18.62537199094152,20.02000738901109,21.404804069271133,35.61647701806777,21.404804069271133,0.02685072538674006,0.0
ranchi,2026-08-08,22.1,5.672752380371094,23.34,85.31,Normal,-0.3460717477028588,Inland,22.1,17.983512244488693,19.715614602596382,19.421083360156597,33.67462289212031,19.421083360156597,0.005095636090035172,0.0
shillong,2026-08-08,8.8,1.8356934785842896,25.58,91.89,Normal,-0.3460717477028588,Hill / Himalayan orographic,8.8,6.2506509113311814,7.3821102101714535,10.23455477159397,10.798001818585039,10.23455477159397,0.0012585517349726206,0.0
shimla,2026-08-08,2.1,3.618272304534912,31.1,77.17,Normal,-0.3460717477028588,Hill / Himalayan orographic,2.1,0.43352297544479346,0.8889125973257154,3.302163016428546,1.4996015415145543,3.302163016428546,0.00024185502337780712,0.0
srinagar,2026-08-08,3.4,0.0,34.08,74.8,Normal,-0.3460717477028588,Hill / Himalayan orographic,3.4,1.3169895321130753,1.6462968809589458,1.9457985444122687,0.6120014792256155,1.9457985444122687,0.00020198628608011926,0.0
surat,2026-08-08,1.4000000000000001,0.0,21.17,72.83,Normal,-0.3460717477028588,West-coast orographic,1.4000000000000001,0.09984075278043757,0.09802306443452842,0.9369813803179352,0.009676464674903476,0.9369813803179352,0.00022012548744486715,0.0
thiruvananthapuram,2026-08-08,89.4,3.899397850036621,8.52,76.94,Normal,-0.3460717477028588,West-coast orographic,89.4,66.40385960789045,45.09808045364995,17.78697192532322,19.776751355594165,17.78697192532322,0.009776831713312764,1.0
varanasi,2026-08-08,24.2,2.6051552295684814,25.32,82.97,Normal,-0.3460717477028588,Inland,24.2,19.393363188643495,20.520136665143454,10.477196795680321,18.817181650509095,10.477196795680321,0.04726223877436381,0.0
vijayawada,2026-08-08,3.4,0.2928495705127716,16.51,80.65,Normal,-0.3460717477028588,Inland,3.4,1.3169895321130753,1.7172817985216768,2.0884309404582355,1.2952179104484494,2.0884309404582355,0.00023458447720598282,0.0
visakhapatnam,2026-08-08,12.3,0.3425869047641754,17.69,83.22,Normal,-0.3460717477028588,East coast,12.3,9.680632750193285,9.485553521128457,3.0200320596910286,2.1413966489633425,3.0200320596910286,0.0067141891515522445,0.0
agartala,2026-08-09,3.5,6.584148406982422,23.83,91.29,Normal,-0.4567345787659994,Inland,3.5,1.3916314184665681,1.7587846835454297,7.330046601035073,11.707054163459318,7.330046601035073,0.006913471347754875,0.0
ahmedabad,2026-08-09,0.30000000000000004,0.0,23.02,72.57,Normal,-0.4567345787659994,Inland,0.30000000000000004,0.0,0.0,0.3017530296432873,0.0,0.3017530296432873,0.00020310703403718508,0.0
amritsar,2026-08-09,1.1,1.9651329517364502,31.63,74.87,Normal,-0.4567345787659994,Inland,1.1,0.02319483505561953,0.12027544021606461,2.8821766693058994,2.2653381998874655,2.8821766693058994,0.0004450083296214292,0.0
bengaluru,2026-08-09,9.9,6.300722122192383,12.97,77.59,Normal,-0.4567345787659994,Inland,9.9,7.51432726383209,7.270504398345948,3.868439358839504,3.742860658471837,3.868439358839504,0.0034843630925335822,0.0
bhopal,2026-08-09,10.9,23.902023315429688,23.26,77.41,Normal,-0.4567345787659994,Inland,10.9,8.33871054649353,8.283174606396237,4.937297886044412,5.822285101690641,4.937297886044412,0.01818615931758566,0.0
bhubaneswar,2026-08-09,8.8,0.5887473225593567,20.3,85.82,Normal,-0.4567345787659994,East coast,8.8,6.2506509113311814,4.712108093528564,5.74706251878838,8.948800880569388,5.74706251878838,0.00831886477779005,0.0
chandigarh,2026-08-09,0.9,0.08233148604631424,30.73,76.78,Normal,-0.4567345787659994,Inland,0.9,0.0,0.05846804052591377,3.3890031804563687,2.680751521276752,3.3890031804563687,0.00047378333210383974,0.0
chennai,2026-08-09,5.3,6.126308441162109,13.08,80.27,Normal,-0.4567345787659994,East coast,5.3,2.914680480957031,1.4974216623582703,0.7046264719015627,0.0,0.7046264719015627,0.0009186118844960608,0.0
dehradun,2026-08-09,8.799999999999999,1.4429492950439453,30.32,78.03,Normal,-0.4567345787659994,Hill / Himalayan orographic,8.799999999999999,6.250650911331179,7.382110210171452,12.530942851803896,16.32008590540398,12.530942851803896,0.004380597084061081,0.0
delhi,2026-08-09,1.2,3.1452903747558594,28.61,77.21,Normal,-0.4567345787659994,Inland,1.2,0.05108746886253348,0.15256766974925987,0.264968632949336,0.0,0.264968632949336,0.00027993390224943993,0.0
gangtok,2026-08-09,23.3,27.19021224975586,27.33,88.61,Normal,-0.4567345787659994,Hill / Himalayan orographic,23.3,18.86167697484982,23.467048051573514,19.88953232907321,35.2912039736375,19.88953232907321,0.0032371871911695198,0.0
guwahati,2026-08-09,19.3,37.738582611083984,26.14,91.74,Normal,-0.4567345787659994,Inland,19.3,15.472926689344199,18.15367877649889,7.137015897592365,11.176199140374784,7.137015897592365,0.0013616203385630455,0.0
hyderabad,2026-08-09,0.0,5.13616943359375,17.39,78.49,Normal,-0.4567345787659994,Inland,0.0,0.0,0.0,0.27222921611671436,0.0,0.27222921611671436,0.00014525773617665762,0.0
jabalpur,2026-08-09,33.4,15.694038391113281,23.18,79.95,Normal,-0.4567345787659994,Inland,33.4,26.02187771267361,32.26253437032718,16.474876146973816,29.29996741454899,16.474876146973816,0.021362276463598825,0.0
jaipur,2026-08-09,20.3,2.0111196041107178,26.91,75.79,Normal,-0.4567345787659994,Inland,20.3,16.34105052947998,18.91207011997847,3.7675363472126064,3.555021961809258,3.7675363472126064,0.006788404145614743,0.0
jodhpur,2026-08-09,16.5,0.0,26.24,73.02,Normal,-0.4567345787659994,Inland,16.5,13.061745875090073,15.007104642349503,5.571170134147137,7.421787159040954,5.571170134147137,0.006367284369035932,0.0
kochi,2026-08-09,114.8,5.530582904815674,9.93,76.27,Normal,-0.4567345787659994,West-coast orographic,114.8,85.61429843874996,59.37721290687723,45.61999967352043,53.19822169854384,45.61999967352043,0.11520539414282463,1.0
kolkata,2026-08-09,10.0,0.0,22.57,88.36,Normal,-0.4567345787659994,East coast,10.0,7.600209277868268,7.484305456072791,6.768294171927586,9.756215375507391,6.768294171927586,0.032473244141444986,0.0
lucknow,2026-08-09,6.6,0.0,26.85,80.95,Normal,-0.4567345787659994,Inland,6.6,4.233342766761779,4.296534075737002,5.640536693555982,7.536869044384884,5.640536693555982,0.00415806373787012,0.0
madurai,2026-08-09,6.1000000000000005,1.550919532775879,9.93,78.12,Normal,-0.4567345787659994,Inland,6.1000000000000005,3.680204838514329,3.9444124650955206,1.6757825613705124,0.772370525339704,1.6757825613705124,0.0031762379548114037,0.0
mangaluru,2026-08-09,108.1,5.090218544006348,12.91,74.86,Normal,-0.4567345787659994,West-coast orographic,108.1,80.52798022533813,56.83293871250418,43.85800470801486,51.755151587091774,43.85800470801486,0.027723428421105943,1.0
mumbai,2026-08-09,2.8000000000000003,5.309131622314453,19.08,72.88,Normal,-0.4567345787659994,West-coast orographic,2.8000000000000003,0.8769609242677688,0.8019887238740925,2.9788084051402586,2.5895490403185963,2.9788084051402586,0.0001816713883790375,0.0
nagpur,2026-08-09,3.0,0.2295629382133484,21.15,79.09,Normal,-0.4567345787659994,Inland,3.0,1.033837378025055,1.2491070973873142,2.0185857145464783,1.1664856173670508,2.0185857145464783,0.0001458741371957259,0.0
panaji,2026-08-09,51.5,18.587724685668945,15.49,73.83,Normal,-0.4567345787659994,West-coast orographic,51.5,39.718856872874895,24.919249835183336,21.21645597348088,23.982399065493315,21.21645597348088,0.003195647499008544,0.0
patna,2026-08-09,3.6,8.602081298828125,25.59,85.14,Normal,-0.4567345787659994,Inland,3.6,1.497903409600259,1.8002875685691826,4.274396571752219,4.469071460645948,4.274396571752219,0.007012341100835715,0.0
pune,2026-08-09,0.6000000000000001,0.06643358618021011,18.52,73.86,Normal,-0.4567345787659994,Inland,0.6000000000000001,0.0,0.0,0.48257769507699516,0.0,0.48257769507699516,0.00013792015411454088,0.0
raipur,2026-08-09,11.2,31.65035057067871,21.25,81.63,Normal,-0.4567345787659994,Inland,11.2,8.754079076978886,8.71745121002198,7.258768957052251,11.535362762822503,7.258768957052251,0.019290067704356345,0.0
ranchi,2026-08-09,17.900000000000002,9.208728790283203,23.34,85.31,Normal,-0.4567345787659994,Inland,17.900000000000002,14.432686249343789,16.881817093940636,12.039039001373288,21.127567322735977,12.039039001373288,0.004124527210417143,0.0
shillong,2026-08-09,20.7,13.089370727539062,25.58,91.89,Normal,-0.4567345787659994,Hill / Himalayan orographic,20.7,16.729276847839355,21.66872531375773,10.212326755212663,10.740119332241933,10.212326755212663,0.0010945566295870767,0.0
shimla,2026-08-09,7.2,0.0,31.1,77.17,Normal,-0.4567345787659994,Hill / Himalayan orographic,7.2,4.640666723251343,4.808282165527344,9.93837169573528,9.70756601073211,9.93837169573528,0.0018960642478759644,0.0
srinagar,2026-08-09,0.0,4.8343095779418945,34.08,74.8,Normal,-0.4567345787659994,Hill / Himalayan orographic,0.0,0.0,0.0,0.07997890743218292,0.0,0.07997890743218292,0.00020198628608011926,0.0
surat,2026-08-09,1.9000000000000001,0.0,21.17,72.83,Normal,-0.4567345787659994,West-coast orographic,1.9000000000000001,0.2631757140159609,0.2437354326248169,1.1827864249854207,0.41996317920200243,1.1827864249854207,0.00021232591074437997,0.0
thiruvananthapuram,2026-08-09,49.6,5.842487335205078,8.52,76.94,Normal,-0.4567345787659994,West-coast orographic,49.6,38.88125787725442,24.43600120362149,9.375354707086297,9.94396916538924,9.375354707086297,0.007870438656082253,0.0
varanasi,2026-08-09,13.0,0.0,25.32,82.97,Normal,-0.4567345787659994,Inland,13.0,10.098864132165914,11.476972232394752,3.331048582580828,2.627256001858823,3.331048582580828,0.007459303893798055,0.0
vijayawada,2026-08-09,0.4,2.7604706287384033,16.51,80.65,Normal,-0.4567345787659994,Inland,0.4,0.0,0.0,0.9353824765750052,0.017158514236400527,0.9353824765750052,0.0002420367803526521,0.0
visakhapatnam,2026-08-09,6.2,2.045750141143799,17.69,83.22,Normal,-0.4567345787659994,East coast,6.2,3.761297497153282,1.8597755599021932,1.2956875016042138,0.13439070392160524,1.2956875016042138,0.003388915201572909,0.0
agartala,2026-08-10,9.1,13.345795631408691,23.83,91.29,Normal,0.032939000347319634,Inland,9.1,6.606965613365177,6.4224485367419595,6.778115140272101,10.003405096658094,6.778115140272101,0.0034525693285278537,0.0
ahmedabad,2026-08-10,18.5,0.0,23.02,72.57,Normal,0.032939000347319634,Inland,18.5,14.90135796415076,17.546965701715223,8.173852031985918,13.5744892628181,8.173852031985918,0.012049133711608649,0.0
amritsar,2026-08-10,0.7000000000000001,0.0,31.63,74.87,Normal,0.032939000347319634,Inland,0.7000000000000001,0.0,0.0,1.436213944030927,0.5362625581441063,1.436213944030927,0.00026142807187549375,0.0
bengaluru,2026-08-10,9.1,6.590522289276123,12.97,77.59,Normal,0.032939000347319634,Inland,9.1,6.606965613365177,6.4224485367419595,2.2533451520416516,1.608497784864436,2.2533451520416516,0.0038708284666871657,0.0
bhopal,2026-08-10,20.0,127.75780487060547,23.26,77.41,Normal,0.032939000347319634,Inland,20.0,16.04988079071045,18.684552716934594,7.379251438911023,11.825577266370317,7.379251438911023,0.007859095182398025,0.0
bhubaneswar,2026-08-10,5.4,4.615006923675537,20.3,85.82,Normal,0.032939000347319634,East coast,5.4,3.0577446481455963,1.5542359476504117,1.6337781370225846,0.45687548807741823,1.6337781370225846,0.004386620944379629,0.0
chandigarh,2026-08-10,7.1000000000000005,1.174841046333313,30.73,76.78,Normal,0.032939000347319634,Inland,7.1000000000000005,4.536789417266847,4.614436791810956,3.195428205236852,2.50421798294886,3.195428205236852,0.0027457765623549154,0.0
chennai,2026-08-10,1.1,3.159008502960205,13.08,80.27,Normal,0.032939000347319634,East coast,1.1,0.02319483505561953,0.0,0.17771232695091432,0.0,0.17771232695091432,0.00015701479986145544,0.0
dehradun,2026-08-10,16.0,35.03795623779297,30.32,78.03,Normal,0.032939000347319634,Hill / Himalayan orographic,16.0,12.488787651062019,16.10280151089296,2.459780062738983,1.0489822474012844,2.459780062738983,0.0036234711547901296,0.0
delhi,2026-08-10,1.0,0.6937794089317322,28.61,77.21,Normal,0.032939000347319634,Inland,1.0,0.004263510135933758,0.09109254062175752,0.23663360061942076,0.0,0.23663360061942076,0.0001718943727040596,0.0
gangtok,2026-08-10,17.6,26.000228881835938,27.33,88.61,Normal,0.032939000347319634,Hill / Himalayan orographic,17.6,14.169374298728625,18.407067839148013,10.574706063755393,11.641685103448637,10.574706063755393,0.0034105191861609923,0.0
guwahati,2026-08-10,2.3000000000000003,0.021624187007546425,26.14,91.74,Normal,0.032939000347319634,Inland,2.3000000000000003,0.519416451454163,0.7537857723236099,5.381570780342079,7.110622133572805,5.381570780342079,0.00013967837563336327,0.0
hyderabad,2026-08-10,0.30000000000000004,0.0,17.39,78.49,Normal,0.032939000347319634,Inland,0.30000000000000004,0.0,0.0,0.7330395601344414,0.0,0.7330395601344414,0.00017720190703964428,0.0
jabalpur,2026-08-10,10.700000000000001,37.39672088623047,23.18,79.95,Normal,0.032939000347319634,Inland,10.700000000000001,8.178425470987955,8.04098826697045,4.645458319309195,5.564269873473406,4.645458319309195,0.008258835630863631,0.0
jaipur,2026-08-10,9.700000000000001,2.7426137924194336,26.91,75.79,Normal,0.032939000347319634,Inland,9.700000000000001,7.2949234604835445,7.1282880287170425,2.2151583811606907,1.5590667937296936,2.2151583811606907,0.0017099750425274957,0.0
jodhpur,2026-08-10,12.700000000000001,3.2614283561706543,26.24,73.02,Normal,0.032939000347319634,Inland,12.700000000000001,9.886000177595358,11.096079771731384,4.295564334829925,4.5238833267910685,4.295564334829925,0.002185121445936229,0.0
kochi,2026-08-10,87.7,8.190994262695312,9.93,76.27,Normal,0.032939000347319634,West-coast orographic,87.7,65.17244915137854,44.34269194268876,32.979303259621936,39.02644419612641,32.979303259621936,0.04554638872626839,1.0
kolkata,2026-08-10,24.8,30.70726776123047,22.57,88.36,Normal,0.032939000347319634,East coast,24.8,19.82708285405088,21.110088082112526,28.943991775057633,38.98332074037473,70.0,0.38296404290717495,0.0
lucknow,2026-08-10,5.5,1.5336291790008545,26.85,80.95,Normal,0.032939000347319634,Inland,5.5,3.2008088153341605,3.27611456871033,5.416823116442441,7.167893598969064,5.416823116442441,0.004503742617575177,0.0
madurai,2026-08-10,3.4,5.896009922027588,9.93,78.12,Normal,0.032939000347319634,Inland,3.4,1.3169895321130753,1.7172817985216768,0.7540156442535284,0.0,0.7540156442535284,0.0002170306120030109,0.0
mangaluru,2026-08-10,89.6,28.6671199798584,12.91,74.86,Normal,0.032939000347319634,West-coast orographic,89.6,66.54873142630362,45.18694969023362,36.42337389961992,44.89454062226913,36.42337389961992,0.026846379363215715,1.0
mumbai,2026-08-10,2.7,5.131096839904785,19.08,72.88,Normal,0.032939000347319634,West-coast orographic,2.7,0.779962968826294,0.6759910428524022,3.8655276698343712,3.821199863315729,3.8655276698343712,0.00023943411623094974,0.0
nagpur,2026-08-10,4.0,5.236384868621826,21.15,79.09,Normal,0.032939000347319634,Inland,4.0,1.8346537411212933,2.1072325849533082,2.5272476014396537,1.9093020839792416,2.5272476014396537,0.0008427337511610006,0.0
panaji,2026-08-10,10.1,8.49305534362793,15.49,73.83,Normal,0.032939000347319634,West-coast orographic,10.1,7.6860912919044475,7.028819211481925,17.096200523619625,19.07025586387172,17.096200523619625,0.006258012208809955,0.0
patna,2026-08-10,2.1,0.0,25.59,85.14,Normal,0.032939000347319634,Inland,2.1,0.43352297544479346,0.6868796610832217,1.4225290155357184,0.517401475550529,1.4225290155357184,0.000129441677516341,0.0
pune,2026-08-10,0.8,0.08409744501113892,18.52,73.86,Normal,0.032939000347319634,Inland,0.8,0.0,0.010660272799432323,0.4440584149531669,0.0,0.4440584149531669,0.00017327467281813653,0.0
raipur,2026-08-10,8.299999999999999,0.25024083256721497,21.25,81.63,Normal,0.032939000347319634,Inland,8.299999999999999,5.7687410402297985,5.725639318555129,3.9319586593337537,3.8546238566252513,3.9319586593337537,0.012078193891566901,0.0
ranchi,2026-08-10,1.4,5.427093982696533,23.34,85.31,Normal,0.032939000347319634,Inland,1.4,0.09984075278043751,0.24219869494438162,1.8552685040900818,0.941695993347737,1.8552685040900818,0.00012120704390427455,0.0
shillong,2026-08-10,8.9,11.406596183776855,25.58,91.89,Normal,0.032939000347319634,Hill / Himalayan orographic,8.9,6.369422478675847,7.487712777014132,7.175850547586855,5.583100010394646,7.175850547586855,0.0009486746106174849,0.0
shimla,2026-08-10,21.900000000000002,35.91802978515625,31.1,77.17,Normal,0.032939000347319634,Hill / Himalayan orographic,21.900000000000002,17.80798694621718,22.797867190066633,1.4893035594846697,0.2854594405288332,1.4893035594846697,0.0013297737301931067,0.0
srinagar,2026-08-10,0.0,0.0,34.08,74.8,Normal,0.032939000347319634,Hill / Himalayan orographic,0.0,0.0,0.0,0.010260866607246804,0.0,0.010260866607246804,0.00012402663946101586,0.0
surat,2026-08-10,1.8,0.0,21.17,72.83,Normal,0.032939000347319634,West-coast orographic,1.8,0.24008208066225056,0.22161626791367767,0.898130272092443,0.002907472950134977,0.898130272092443,0.00016149234075550962,0.0
thiruvananthapuram,2026-08-10,41.2,0.4874708652496338,8.52,76.94,Normal,0.032939000347319634,West-coast orographic,41.2,33.35993586336111,20.71339354130658,12.113391721984744,12.98699832287984,12.113391721984744,0.024058948463894406,0.0
varanasi,2026-08-10,6.2,0.05331912636756897,25.32,82.97,Normal,0.032939000347319634,Inland,6.2,3.761297497153282,4.014885847568512,3.3944867085767174,2.6858131418520657,3.3944867085767174,0.004517532447258223,0.0
vijayawada,2026-08-10,0.7000000000000001,0.24733172357082367,16.51,80.65,Normal,0.032939000347319634,Inland,0.7000000000000001,0.0,0.0,0.8814406224133556,0.0007047230534083882,0.8814406224133556,0.00026241648349665527,0.0
visakhapatnam,2026-08-10,8.1,15.827441215515137,17.69,83.22,Normal,0.032939000347319634,East coast,8.1,5.605829882621766,4.13464058342305,1.896639514295223,1.1126631489732444,1.896639514295223,0.015940129079267576,0.0
agartala,2026-08-11,6.9,17.623720169067383,23.83,91.29,Normal,-0.0842722961885882,Inland,6.9,4.383019775152207,4.490026330619026,7.43460422964482,11.95890936938613,7.43460422964482,0.001615141017110639,0.0
ahmedabad,2026-08-11,30.5,11.125557899475098,23.02,72.57,Normal,-0.0842722961885882,Inland,30.5,24.177338889696177,29.14370268625354,35.851823676895215,61.25088086611071,35.851823676895215,0.02330080322474885,0.0
amritsar,2026-08-11,2.2,41.16079330444336,31.63,74.87,Normal,-0.0842722961885882,Inland,2.2,0.47646971344947814,0.7203327167034157,2.3145557091708886,1.6861818554265349,2.3145557091708886,0.00026142807187549375,0.0
bengaluru,2026-08-11,2.7,7.384006977081299,12.97,77.59,Normal,-0.0842722961885882,Inland,2.7,0.779962968826294,1.0259150057127948,0.5720912034691464,0.0,0.5720912034691464,0.00013277627838699534,0.0
bhopal,2026-08-11,19.8,11.007206916809082,23.26,77.41,Normal,-0.0842722961885882,Inland,19.8,15.855767631530762,18.53287444823868,7.379251438911023,11.825577266370317,7.379251438911023,0.007859095182398025,0.0
bhubaneswar,2026-08-11,28.7,15.74067211151123,20.3,85.82,Normal,-0.0842722961885882,East coast,28.7,22.954052750960635,26.263846683442452,25.26200708345879,38.578595734484836,25.26200708345879,0.19194047452718652,0.0
chandigarh,2026-08-11,6.0,0.0,30.73,76.78,Normal,-0.0842722961885882,Inland,6.0,3.5991121798753745,3.873939082622529,7.77832483534401,12.68088830368617,7.77832483534401,0.02429491559063051,0.0
chennai,2026-08-11,0.6000000000000001,5.069178104400635,13.08,80.27,Normal,-0.0842722961885882,East coast,0.6000000000000001,0.0,0.0,0.17771232695091432,0.0,0.17771232695091432,0.00015118042649395877,0.0
dehradun,2026-08-11,16.400000000000002,4.674481391906738,30.32,78.03,Normal,-0.0842722961885882,Hill / Himalayan orographic,16.400000000000002,12.947154230284465,16.385036258571198,2.459780062738983,1.0489822474012844,2.459780062738983,0.0030977407240812254,0.0
delhi,2026-08-11,0.30000000000000004,5.4590606689453125,28.61,77.21,Normal,-0.0842722961885882,Inland,0.30000000000000004,0.0,0.0,0.2662425719125903,0.0,0.2662425719125903,0.0001718943727040596,0.0
gangtok,2026-08-11,4.4,0.6311799883842468,27.33,88.61,Normal,-0.0842722961885882,Hill / Himalayan orographic,4.4,2.1841290584317026,2.4592509675025944,12.299194774326178,15.958086979765195,12.299194774326178,0.0018699625235984129,0.0
guwahati,2026-08-11,0.30000000000000004,0.0,26.14,91.74,Normal,-0.0842722961885882,Inland,0.30000000000000004,0.0,0.0,5.314100717386909,7.0010092737379415,5.314100717386909,0.00013967837563336327,0.0
hyderabad,2026-08-11,0.7000000000000001,0.1629127413034439,17.39,78.49,Normal,-0.0842722961885882,Inland,0.7000000000000001,0.0,0.0,0.7330395601344414,0.0,0.7330395601344414,0.00017720190703964428,0.0
jabalpur,2026-08-11,4.8,4.482188701629639,23.18,79.95,Normal,-0.0842722961885882,Inland,4.8,2.437584552259159,2.583139080847458,2.0069388126539103,1.1478761646015558,2.0069388126539103,0.0012058331145138488,0.0
jaipur,2026-08-11,3.2,6.694965839385986,26.91,75.79,Normal,-0.0842722961885882,Inland,3.2,1.1109044730663304,1.4399791118833813,1.4033509354854574,0.46749099181632603,1.4033509354854574,0.000186109507948162,0.0
jodhpur,2026-08-11,0.5,0.427619993686676,26.24,73.02,Normal,-0.0842722961885882,Inland,0.5,0.0,0.0,0.36663015448965935,0.0,0.36663015448965935,0.0001229835990884479,0.0
kochi,2026-08-11,47.0,0.24106146395206451,9.93,76.27,Normal,-0.0842722961885882,West-coast orographic,47.0,37.735069777984286,23.369564687469836,28.586869334000394,35.8576926707105,28.586869334000394,0.03575697767770981,0.0
kolkata,2026-08-11,35.1,0.9246187806129456,22.57,88.36,Normal,-0.0842722961885882,East coast,35.1,27.417730331420906,35.22547159039421,24.834124022942934,38.531562683374496,24.834124022942934,0.08057570047841614,0.0
lucknow,2026-08-11,0.8,0.5281980037689209,26.85,80.95,Normal,-0.0842722961885882,Inland,0.8,0.0,0.010660272799432323,1.142584246120222,0.17599076924496565,1.142584246120222,0.00016385474471762942,0.0
madurai,2026-08-11,6.0,4.893215179443359,9.93,78.12,Normal,-0.0842722961885882,Inland,6.0,3.5991121798753745,3.873939082622529,4.765333356860605,5.670985627323411,4.765333356860605,0.009270404851388834,0.0
mangaluru,2026-08-11,9.9,12.496877670288086,12.91,74.86,Normal,-0.0842722961885882,West-coast orographic,9.9,7.51432726383209,6.774712876539963,15.856269766885875,17.821677923826588,15.856269766885875,0.006967595246995843,0.0
mumbai,2026-08-11,5.7,19.37565803527832,19.08,72.88,Normal,-0.0842722961885882,West-coast orographic,5.7,3.3697538694819915,3.7371829074988754,5.71475262643745,6.502434663721532,5.71475262643745,0.004981760394427056,0.0
nagpur,2026-08-11,2.6,3.383594512939453,21.15,79.09,Normal,-0.0842722961885882,Inland,2.6,0.6931006610393526,0.9277528703212743,1.769747165722892,0.8221520786763586,1.769747165722892,0.00012648789822990433,0.0
panaji,2026-08-11,6.3,11.012643814086914,15.49,73.83,Normal,-0.0842722961885882,West-coast orographic,6.3,3.8423901557922355,4.285048321916517,6.616224094577829,7.8807605076763885,6.616224094577829,0.0009805841981929925,0.0
patna,2026-08-11,0.1,0.4603773057460785,25.59,85.14,Normal,-0.0842722961885882,Inland,0.1,0.0,0.0,0.5576034275073201,0.0,0.5576034275073201,0.000129441677516341,0.0
pune,2026-08-11,2.5,2.0212435722351074,18.52,73.86,Normal,-0.0842722961885882,Inland,2.5,0.6526396691799169,0.8760038298368455,0.8070921437902406,0.0,0.8070921437902406,0.00017327467281813653,0.0
raipur,2026-08-11,4.1,4.205831050872803,21.25,81.63,Normal,-0.0842722961885882,Inland,4.1,1.9337609529495239,2.1543622303009036,2.72748418784897,2.122426056253838,2.72748418784897,0.002595043233600256,0.0
ranchi,2026-08-11,9.7,3.1081347465515137,23.34,85.31,Normal,-0.0842722961885882,Inland,9.7,7.294923460483543,7.128288028717042,6.2230621088577545,8.604946683045272,6.2230621088577545,0.0023733151572655382,0.0
shillong,2026-08-11,0.9,0.004676908254623413,25.58,91.89,Normal,-0.0842722961885882,Hill / Himalayan orographic,0.9,0.0,0.1775708466768265,4.855795420953563,3.070220553847453,4.855795420953563,0.00015186842359995808,0.0
shimla,2026-08-11,13.700000000000001,27.855451583862305,31.1,77.17,Normal,-0.0842722961885882,Hill / Himalayan orographic,13.700000000000001,10.870125818252562,13.386376889355212,3.0076152442331727,1.2801443107641066,3.0076152442331727,0.0014606798658685597,0.0
srinagar,2026-08-11,0.0,0.0,34.08,74.8,Normal,-0.0842722961885882,Hill / Himalayan orographic,0.0,0.0,0.0,0.010260866607246804,0.0,0.010260866607246804,0.00012402663946101586,0.0
surat,2026-08-11,4.4,2.7690110206604004,21.17,72.83,Normal,-0.0842722961885882,West-coast orographic,4.4,2.1841290584317026,2.0951462280750275,4.550853528375872,5.30461310703202,4.550853528375872,0.001953970160126944,0.0
thiruvananthapuram,2026-08-11,39.9,0.0,8.52,76.94,Normal,-0.0842722961885882,West-coast orographic,39.9,32.44646814854793,19.749709209600592,12.191323768701734,13.032526409672123,12.191323768701734,0.03485482006758489,0.0
varanasi,2026-08-11,5.7,0.8101488947868347,25.32,82.97,Normal,-0.0842722961885882,Inland,5.7,3.3697538694819915,3.5228018061320014,4.162244165147314,4.239448582813647,4.162244165147314,0.006776527901840667,0.0
vijayawada,2026-08-11,0.6000000000000001,9.6129732131958,16.51,80.65,Normal,-0.0842722961885882,Inland,0.6000000000000001,0.0,0.0,0.8814406224133556,0.0007047230534083882,0.8814406224133556,0.00026241648349665527,0.0
visakhapatnam,2026-08-11,0.6000000000000001,6.696264743804932,17.69,83.22,Normal,-0.0842722961885882,East coast,0.6000000000000001,0.0,0.0,0.36392477799908807,0.0,0.36392477799908807,0.0001982262843207478,0.0
agartala,2026-08-12,0.9,26.202281951904297,23.83,91.29,Normal,-0.3469139984150288,Inland,0.9,0.0,0.05846804052591377,3.934379865080499,3.858624187790188,3.934379865080499,0.00020014746343881835,0.0
ahmedabad,2026-08-12,43.6,10.87057113647461,23.02,72.57,Normal,-0.3469139984150288,Inland,43.6,35.52833901835465,40.197039274352186,78.11734810727945,175.6317468121983,64.0,0.12560558822987788,0.0
amritsar,2026-08-12,0.0,0.0,31.63,74.87,Normal,-0.3469139984150288,Inland,0.0,0.0,0.0,0.13242801638485743,0.0,0.13242801638485743,0.0004257176102740403,0.0
bengaluru,2026-08-12,0.4,2.619718074798584,12.97,77.59,Normal,-0.3469139984150288,Inland,0.4,0.0,0.0,0.183057336031574,0.0,0.183057336031574,0.00011869233618229402,0.0
bhopal,2026-08-12,4.9,19.589969635009766,23.26,77.41,Normal,-0.3469139984150288,Inland,4.9,2.4981606841087336,2.656318693084099,2.8156134181475583,2.2072465596406032,2.8156134181475583,0.003657721994327714,0.0
bhubaneswar,2026-08-12,22.9,0.0,20.3,85.82,Normal,-0.3469139984150288,East coast,22.9,18.62537199094152,18.52835279979084,15.090335910953796,30.629398412956945,15.090335910953796,0.009325281072064035,0.0
chandigarh,2026-08-12,9.0,4.565218925476074,30.73,76.78,Normal,-0.3469139984150288,Inland,9.0,6.488194046020512,6.303241911628689,8.206506508819489,13.653579051608581,8.206506508819489,0.014900294355145527,0.0
chennai,2026-08-12,1.9,3.308555841445923,13.08,80.27,Normal,-0.3469139984150288,East coast,1.9,0.2631757140159607,0.04910670995712282,0.2799864630388285,0.0,0.2799864630388285,0.00011368659529904954,0.0
dehradun,2026-08-12,3.9,11.51441764831543,30.32,78.03,Normal,-0.3469139984150288,Hill / Himalayan orographic,3.9,1.7355465292930623,1.8816178464889521,9.731121732730491,9.3716610298774,9.731121732730491,0.006333094824106717,0.0
delhi,2026-08-12,0.0,1.4490466117858887,28.61,77.21,Normal,-0.3469139984150288,Inland,0.0,0.0,0.0,0.03565832620647578,0.0,0.03565832620647578,0.00027993390224943993,0.0
gangtok,2026-08-12,0.6000000000000001,0.3509427607059479,27.33,88.61,Normal,-0.3469139984150288,Hill / Himalayan orographic,0.6000000000000001,0.0,0.04558622747659687,5.791373129111155,3.9064560797708427,5.791373129111155,0.0002302593736479554,0.0
guwahati,2026-08-12,0.0,0.7882580161094666,26.14,91.74,Normal,-0.3469139984150288,Inland,0.0,0.0,0.0,4.371197534426259,4.7321155056437005,4.371197534426259,0.00020784056573121932,0.0
hyderabad,2026-08-12,1.7000000000000002,0.0,17.39,78.49,Normal,-0.3469139984150288,Inland,1.7000000000000002,0.21698844730854047,0.4366514861583709,1.2172700735975186,0.2457071732295973,1.2172700735975186,0.00014078483645792294,0.0
jabalpur,2026-08-12,11.200000000000001,2.7583210468292236,23.18,79.95,Normal,-0.3469139984150288,Inland,11.200000000000001,8.75407907697889,8.717451210021984,6.259232553786604,8.72370316195407,6.259232553786604,0.010366193746283914,0.0
jaipur,2026-08-12,5.6,38.23963165283203,26.91,75.79,Normal,-0.3469139984150288,Inland,5.6,3.2956210436047764,3.3824698591232325,2.5028411371068695,1.8854197563414887,2.5028411371068695,0.007180786945821563,0.0
jodhpur,2026-08-12,8.5,0.678439199924469,26.24,73.02,Normal,-0.3469139984150288,Inland,8.5,5.931652197837832,5.784229243975228,2.754127117204982,2.148068702536103,2.754127117204982,0.0016852782714519572,0.0
kochi,2026-08-12,5.1,4.240187168121338,9.93,76.27,Normal,-0.3469139984150288,West-coast orographic,5.1,2.6561195850372314,2.932350366568762,4.318334530176311,5.100291077915427,4.318334530176311,0.001910150215681421,0.0
kolkata,2026-08-12,12.5,20.597370147705078,22.57,88.36,Normal,-0.3469139984150288,East coast,12.5,9.783316463894321,9.512827827986822,3.895134705900566,4.458544836870111,3.895134705900566,0.02096918307539259,0.0
lucknow,2026-08-12,0.0,0.0,26.85,80.95,Normal,-0.3469139984150288,Inland,0.0,0.0,0.0,0.40468430920137277,0.0,0.40468430920137277,0.00025070257965984215,0.0
madurai,2026-08-12,6.4,2.2357101440429688,9.93,78.12,Normal,-0.3469139984150288,Inland,6.4,3.972707692782084,4.155750845273336,1.6033109697007728,0.7270113956446678,1.6033109697007728,0.0021763775867667478,0.0
mangaluru,2026-08-12,6.7,19.50881576538086,12.91,74.86,Normal,-0.3469139984150288,West-coast orographic,6.7,4.283235102891922,4.613080245062762,8.474956878976295,9.44291716339272,8.474956878976295,0.0021299538254034426,0.0
mumbai,2026-08-12,5.5,38.7183723449707,19.08,72.88,Normal,-0.3469139984150288,West-coast orographic,5.5,3.2008088153341605,3.3280972966280906,4.9129027263824465,5.442125908649866,4.9129027263824465,0.0027100416080306643,0.0
nagpur,2026-08-12,2.4,1.1964354515075684,21.15,79.09,Normal,-0.3469139984150288,Inland,2.4,0.6121786773204811,0.8242547893524169,1.4676370824696023,0.5777863848926221,1.4676370824696023,0.0001413822594166433,0.0
panaji,2026-08-12,12.5,6.536317348480225,15.49,73.83,Normal,-0.3469139984150288,West-coast orographic,12.5,9.783316463894321,7.864904867465913,14.55236213799838,15.450177917651224,14.55236213799838,0.004354679028180004,0.0
patna,2026-08-12,0.0,0.0,25.59,85.14,Normal,-0.3469139984150288,Inland,0.0,0.0,0.0,0.27561632280053616,0.0,0.27561632280053616,0.00019260938406023836,0.0
pune,2026-08-12,2.9000000000000004,5.36860466003418,18.52,73.86,Normal,-0.3469139984150288,Inland,2.9000000000000004,0.955399151146412,1.178580648899079,1.5022861952761892,0.6245926721285469,1.5022861952761892,0.00013367316925431136,0.0
raipur,2026-08-12,2.8,0.0,21.25,81.63,Normal,-0.3469139984150288,Inland,2.8,0.8769609242677684,1.106405791838962,2.1082471668830323,1.3339557587708324,2.1082471668830323,0.00021450616166868234,0.0
ranchi,2026-08-12,10.0,15.23169231414795,23.34,85.31,Normal,-0.3469139984150288,Inland,10.0,7.600209277868268,7.378148341708711,10.329248233057987,18.45143347465381,10.329248233057987,0.003999596994256621,0.0
shillong,2026-08-12,12.399999999999999,0.36098548769950867,25.58,91.89,Normal,-0.3469139984150288,Hill / Himalayan orographic,12.399999999999999,9.731974607043803,11.614874807993573,10.3753707941238,11.164691376535336,10.3753707941238,0.0012231076167010123,0.0
shimla,2026-08-12,22.5,7.685213088989258,31.1,77.17,Normal,-0.3469139984150288,Hill / Himalayan orographic,22.5,18.334562841031723,23.11415199297303,8.685672169015456,8.390119119059246,8.685672169015456,0.005340947117455076,0.0
srinagar,2026-08-12,0.0,13.280312538146973,34.08,74.8,Normal,-0.3469139984150288,Hill / Himalayan orographic,0.0,0.0,0.0,0.03306853751210639,0.0,0.03306853751210639,0.00020198628608011926,0.0
surat,2026-08-12,11.7,1.0364934206008911,21.17,72.83,Normal,-0.3469139984150288,West-coast orographic,11.7,9.290767923423221,7.7408248136972855,16.31433121136407,18.443832711356897,16.31433121136407,0.11020652524600527,0.0
thiruvananthapuram,2026-08-12,3.4,2.6404669284820557,8.52,76.94,Normal,-0.3469139984150288,West-coast orographic,3.4,1.3169895321130753,1.3143653392791748,0.8792216124613677,0.0006496005553687325,0.8792216124613677,0.0001913437978357184,0.0
varanasi,2026-08-12,0.0,0.032558586448431015,25.32,82.97,Normal,-0.3469139984150288,Inland,0.0,0.0,0.0,0.20169025158078444,0.0,0.20169025158078444,0.0002451350708664153,0.0
vijayawada,2026-08-12,1.4000000000000001,5.582498550415039,16.51,80.65,Normal,-0.3469139984150288,Inland,1.4000000000000001,0.09984075278043757,0.24219869494438176,1.3101105252713177,0.3816599838734561,1.3101105252713177,0.00023458447720598282,0.0
visakhapatnam,2026-08-12,0.30000000000000004,0.0,17.69,83.22,Normal,-0.3469139984150288,East coast,0.30000000000000004,0.0,0.0,0.22197164231349836,0.0,0.22197164231349836,0.0001324838094086973,0.0
agartala,2026-08-13,1.2000000000000002,0.0,23.83,91.29,Normal,-0.11939330026535687,Inland,1.2000000000000002,0.05108746886253353,0.15256766974925995,3.439341813207398,2.727217054720496,3.439341813207398,0.00020304102678604145,0.0
ahmedabad,2026-08-13,15.1,1.416992425918579,23.02,72.57,Normal,-0.11939330026535687,Inland,15.1,11.875582781704992,13.265301738220582,7.441337782356675,11.975128944441655,7.441337782356675,0.04246376720499291,0.0
amritsar,2026-08-13,0.5,0.0,31.63,74.87,Normal,-0.11939330026535687,Inland,0.5,0.0,0.0,1.4050422918513021,0.4718927053436968,1.4050422918513021,0.00039141829580718,0.0
bengaluru,2026-08-13,7.5,0.10911142081022263,12.97,77.59,Normal,-0.11939330026535687,Inland,7.5,4.961245568593343,5.142000350952147,1.4356027458157223,0.5354548956998636,1.4356027458157223,0.0031601886876559877,0.0
bhopal,2026-08-13,4.6,8.019837379455566,23.26,77.41,Normal,-0.11939330026535687,Inland,4.6,2.3164322885600104,2.4695456308031822,1.8783643779418346,0.9698077763825987,1.8783643779418346,0.0036938118662798516,0.0
bhubaneswar,2026-08-13,53.5,0.7064967751502991,20.3,85.82,Normal,-0.11939330026535687,East coast,53.5,41.05130472927229,78.38938121315198,45.73393776863468,51.33679997943625,45.73393776863468,0.09516506063082564,0.0
chandigarh,2026-08-13,0.0,0.0,30.73,76.78,Normal,-0.11939330026535687,Inland,0.0,0.0,0.0,0.4618752587251544,0.0,0.4618752587251544,0.0004167295194158408,0.0
chennai,2026-08-13,1.2000000000000002,0.0,13.08,80.27,Normal,-0.11939330026535687,East coast,1.2000000000000002,0.05108746886253353,0.0,0.23257416760761038,0.0,0.23257416760761038,0.00015492147492609726,0.0
dehradun,2026-08-13,0.5,0.0,30.32,78.03,Normal,-0.11939330026535687,Hill / Himalayan orographic,0.5,0.0,0.002182308230549086,2.963981386905746,1.243733681825862,2.963981386905746,0.0003940807220285041,0.0
delhi,2026-08-13,0.7000000000000001,0.17344485223293304,28.61,77.21,Normal,-0.11939330026535687,Inland,0.7000000000000001,0.0,0.0,0.23663360061942076,0.0,0.23663360061942076,0.00025737709882521297,0.0
gangtok,2026-08-13,44.2,8.97567081451416,27.33,88.61,Normal,-0.11939330026535687,Hill / Himalayan orographic,44.2,36.070439807103035,41.6556454990193,28.433842771580075,47.92563651686633,28.433842771580075,0.03107791272581536,0.0
guwahati,2026-08-13,27.7,0.0,26.14,91.74,Normal,-0.11939330026535687,Inland,27.7,22.186230959211105,26.119953859489364,10.011794241418508,17.66664573287287,10.011794241418508,0.009423809303441708,0.0
hyderabad,2026-08-13,1.8,2.5579659938812256,17.39,78.49,Normal,-0.11939330026535687,Inland,1.8,0.24008208066225056,0.47781599462032315,1.088316360841339,0.14327077065695848,1.088316360841339,0.00015299647414399373,0.0
jabalpur,2026-08-13,3.7,0.1738593727350235,23.18,79.95,Normal,-0.11939330026535687,Inland,3.7,1.6041754007339497,1.9845649814605713,3.3805639057422643,2.6729615718872117,3.3805639057422643,0.008066359776637663,0.0
jaipur,2026-08-13,8.9,11.468567848205566,26.91,75.79,Normal,-0.11939330026535687,Inland,8.9,6.369422478675847,6.186905394221627,2.5066023734910288,1.8891002189609296,2.5066023734910288,0.00462672944069382,0.0
jodhpur,2026-08-13,6.5,3.677473783493042,26.24,73.02,Normal,-0.11939330026535687,Inland,6.5,4.103025229771931,4.226142460505169,2.4860299137037334,1.8689695593842077,2.4860299137037334,0.0014562124426426935,0.0
kochi,2026-08-13,33.7,17.97468376159668,9.93,76.27,Normal,-0.11939330026535687,West-coast orographic,33.7,26.204450286380833,15.579945605386998,15.791890316599854,17.734235543122303,15.791890316599854,0.03501677219904981,0.0
kolkata,2026-08-13,13.3,26.329910278320312,22.57,88.36,Normal,-0.11939330026535687,East coast,13.3,10.429404854774479,9.626957791347348,5.614531696888013,8.493500741926919,5.614531696888013,0.10087324575454976,0.0
lucknow,2026-08-13,0.9,0.0,26.85,80.95,Normal,-0.11939330026535687,Inland,0.9,0.0,0.05846804052591377,1.142584246120222,0.17599076924496565,1.142584246120222,0.00024348831669257807,0.0
madurai,2026-08-13,3.1,0.03635745123028755,9.93,78.12,Normal,-0.11939330026535687,Inland,3.1,1.0723709255456928,1.3196335458755493,0.6088400857852533,0.0,0.6088400857852533,0.00021083883111075856,0.0
mangaluru,2026-08-13,21.8,13.34754467010498,12.91,74.86,Normal,-0.11939330026535687,West-coast orographic,21.8,17.720224297081423,11.60032931732474,11.736822961729088,12.767005958731602,11.736822961729088,0.015774831435479076,0.0
mumbai,2026-08-13,4.3,29.04407501220703,19.08,72.88,Normal,-0.11939330026535687,West-coast orographic,4.3,2.1169935345649744,1.87469094991684,6.99122405552542,8.47863390671416,6.99122405552542,0.003348472186177722,0.0
nagpur,2026-08-13,2.7,0.3082573115825653,21.15,79.09,Normal,-0.11939330026535687,Inland,2.7,0.779962968826294,1.0259150057127948,1.775270466875977,0.8265497859580974,1.775270466875977,0.00016207183293839007,0.0
panaji,2026-08-13,2.5,15.590609550476074,15.49,73.83,Normal,-0.11939330026535687,West-coast orographic,2.5,0.6526396691799169,0.5604055479168892,2.203012799968725,1.2517074043470802,2.203012799968725,0.00011162761827853153,0.0
patna,2026-08-13,1.2000000000000002,0.0,25.59,85.14,Normal,-0.11939330026535687,Inland,1.2000000000000002,0.05108746886253353,0.15256766974925995,0.8671018460977911,0.0,0.8671018460977911,0.00019235368156027667,0.0
pune,2026-08-13,3.3,3.363767385482788,18.52,73.86,Normal,-0.11939330026535687,Inland,3.3,1.2423476457595826,1.675778913497898,1.3586285905009032,0.4160314988412335,1.3586285905009032,0.00013751872397824253,0.0
raipur,2026-08-13,4.6000000000000005,0.10172068327665329,21.25,81.63,Normal,-0.11939330026535687,Inland,4.6000000000000005,2.316432288560011,2.4695456308031827,2.0525904551016834,1.2280913461836298,2.0525904551016834,0.012774241386148851,0.0
ranchi,2026-08-13,7.2,2.465749740600586,23.34,85.31,Normal,-0.11939330026535687,Inland,7.2,4.640666723251343,4.676642022406921,6.708755046384572,9.847433045977015,6.708755046384572,0.0031494924801333483,0.0
shillong,2026-08-13,8.8,0.0,25.58,91.89,Normal,-0.11939330026535687,Hill / Himalayan orographic,8.8,6.2506509113311814,7.3821102101714535,8.116021830017415,7.554144672950967,8.116021830017415,0.0018544267153677491,0.0
shimla,2026-08-13,0.30000000000000004,0.0,31.1,77.17,Normal,-0.11939330026535687,Hill / Himalayan orographic,0.30000000000000004,0.0,0.0,1.962306079284007,0.6145954752404073,1.962306079284007,0.00022236589673895425,0.0
srinagar,2026-08-13,0.0,2.6281137466430664,34.08,74.8,Normal,-0.11939330026535687,Hill / Himalayan orographic,0.0,0.0,0.0,0.010260866607246804,0.0,0.010260866607246804,0.00018570925951261484,0.0
surat,2026-08-13,6.0,0.0,21.17,72.83,Normal,-0.11939330026535687,West-coast orographic,6.0,3.5991121798753745,4.0111156147076965,7.475220014146448,8.748733391518337,7.475220014146448,0.047339103326930705,0.0
thiruvananthapuram,2026-08-13,11.2,0.0,8.52,76.94,Normal,-0.11939330026535687,West-coast orographic,11.2,8.754079076978886,7.6048097294909995,0.4326834287140093,0.0,0.4326834287140093,0.010063282139497948,0.0
varanasi,2026-08-13,0.8,0.0,25.32,82.97,Normal,-0.11939330026535687,Inland,0.8,0.0,0.010660272799432323,0.7315221440799443,0.0,0.7315221440799443,0.00024184387204561264,0.0
vijayawada,2026-08-13,0.30000000000000004,0.6092725396156311,16.51,80.65,Normal,-0.11939330026535687,Inland,0.30000000000000004,0.0,0.0,0.8814406224133556,0.0007047230534083882,0.8814406224133556,0.00026890939316877684,0.0
visakhapatnam,2026-08-13,7.1,1.8475223779678345,17.69,83.22,Normal,-0.11939330026535687,East coast,7.1,4.536789417266846,3.084542350075462,2.515986633145134,1.6051198468740777,2.515986633145134,0.008435432730694779,0.0
agartala,2026-08-14,1.2000000000000002,27.641605377197266,23.83,91.29,Normal,-0.25719536710517815,Inland,1.2000000000000002,0.05008370522409693,0.1497662854194643,5.663760437206409,6.7127185904392475,5.663760437206409,0.0002445828296436934,0.0
ahmedabad,2026-08-14,12.9,0.3073637783527374,23.02,72.57,Normal,-0.25719536710517815,Inland,12.9,9.721682113409043,11.168727221918326,2.5317312920469046,1.651605072809566,2.5317312920469046,0.03243983414581818,0.0
amritsar,2026-08-14,0.0,0.0,31.63,74.87,Normal,-0.25719536710517815,Inland,0.0,0.0,0.0,0.4369607369002515,0.0,0.4369607369002515,0.0005722223768431412,0.0
bengaluru,2026-08-14,7.6000000000000005,1.2342623472213745,12.97,77.59,Normal,-0.25719536710517815,Inland,7.6000000000000005,4.9589574736933475,5.335909926096596,1.5880613215511614,0.6788289013685542,1.5880613215511614,0.0036614349819337057,0.0
bhopal,2026-08-14,2.1,0.04085490107536316,23.26,77.41,Normal,-0.25719536710517815,Inland,2.1,0.36059353947639466,0.6366869807243347,3.2203692890343674,2.4624388936893133,3.2203692890343674,0.00030348519489222593,0.0
bhubaneswar,2026-08-14,76.39999999999999,5.159884452819824,20.3,85.82,Normal,-0.25719536710517815,East coast,76.39999999999999,52.42816031959558,146.93673078941407,39.98576202611799,57.002384794974134,39.98576202611799,0.06723435806103216,1.0
chandigarh,2026-08-14,2.3000000000000003,17.73921012878418,30.73,76.78,Normal,-0.25719536710517815,Inland,2.3000000000000003,0.4780567057430745,0.7119464397430428,4.328034780271476,4.379038736846697,4.328034780271476,0.0006974323122602235,0.0
chennai,2026-08-14,0.5,0.6327558755874634,13.08,80.27,Normal,-0.25719536710517815,East coast,0.5,0.0,0.0,1.3555670751479283,0.1408052160432532,1.3555670751479283,0.00014427724436559048,0.0
dehradun,2026-08-14,7.6,25.50151252746582,30.32,78.03,Normal,-0.25719536710517815,Hill / Himalayan orographic,7.6,4.958957473693346,5.175881716410321,6.6438683853566545,5.27669243079391,6.6438683853566545,0.0023504151860301967,0.0
delhi,2026-08-14,0.2,0.0,28.61,77.21,Normal,-0.25719536710517815,Inland,0.2,0.0,0.0,1.2365926786326007,0.2890830751830182,1.2365926786326007,0.0004938525093294623,0.0
gangtok,2026-08-14,14.5,19.28830337524414,27.33,88.61,Normal,-0.25719536710517815,Hill / Himalayan orographic,14.5,11.164335534891068,14.453987605643993,17.050974891945256,26.168750409623982,17.050974891945256,0.0037636985641698625,0.0
guwahati,2026-08-14,0.6000000000000001,0.4870663285255432,26.14,91.74,Normal,-0.25719536710517815,Inland,0.6000000000000001,0.0,0.0,3.8543397925250718,3.8297668016541313,3.8543397925250718,0.0002844342590576986,0.0
hyderabad,2026-08-14,1.7,2.668848752975464,17.39,78.49,Normal,-0.25719536710517815,Inland,1.7,0.1952446281909943,0.3999231588840484,1.3247750529690445,0.3862741020101906,1.3247750529690445,0.0001637152705610479,0.0
jabalpur,2026-08-14,1.4000000000000001,3.139671802520752,23.18,79.95,Normal,-0.25719536710517815,Inland,1.4000000000000001,0.09249268360435961,0.2211032447218895,2.1254888596965813,1.108839783133306,2.1254888596965813,0.00024332692039652308,0.0
jaipur,2026-08-14,6.8,9.995428085327148,26.91,75.79,Normal,-0.25719536710517815,Inland,6.8,4.20954434076945,4.495563038830505,2.6814645494246174,1.846331681312679,2.6814645494246174,0.005908213904623673,0.0
jodhpur,2026-08-14,3.2,0.0,26.24,73.02,Normal,-0.25719536710517815,Inland,3.2,1.106089115142822,1.3038593721389775,1.4524553836670282,0.5046097806373226,1.4524553836670282,0.0003074410636619102,0.0
kochi,2026-08-14,22.9,11.776250839233398,9.93,76.27,Normal,-0.25719536710517815,West-coast orographic,22.9,18.48760198626602,9.4798510890165,17.493998983020635,17.35334648569286,17.493998983020635,0.011684024600766108,0.0
kolkata,2026-08-14,30.0,1.007007360458374,22.57,88.36,Normal,-0.25719536710517815,East coast,30.0,23.479865580946495,29.613419579456526,18.97958856098838,31.145269643285957,18.97958856098838,0.04885310766359979,0.0
lucknow,2026-08-14,2.6,20.569372177124023,26.85,80.95,Normal,-0.25719536710517815,Inland,2.6,0.6617790505290031,0.8768083310127258,3.324307970717356,2.5742528685419637,3.324307970717356,0.00039742451004948215,0.0
madurai,2026-08-14,3.4,0.39993196725845337,9.93,78.12,Normal,-0.25719536710517815,Inland,3.4,1.2969571828842157,1.5808052289485932,1.2439228094346968,0.2997456491062732,1.2439228094346968,0.0001718100829641677,0.0
mangaluru,2026-08-14,21.4,23.924882888793945,12.91,74.86,Normal,-0.25719536710517815,West-coast orographic,21.4,17.28802826724835,8.886851733815842,19.961306389543648,20.747795407945944,19.961306389543648,0.02353787959051193,0.0
mumbai,2026-08-14,4.8,50.61211395263672,19.08,72.88,Normal,-0.25719536710517815,West-coast orographic,4.8,2.3622823357582097,2.1015655020853914,2.3293057741178647,1.2663173857908927,2.3293057741178647,0.004390045133979531,0.0
nagpur,2026-08-14,0.4,1.011949896812439,21.15,79.09,Normal,-0.25719536710517815,Inland,0.4,0.0,0.0,1.0433611850563915,0.12059464396626692,1.0433611850563915,0.0002083654236109614,0.0
panaji,2026-08-14,10.7,15.452317237854004,15.49,73.83,Normal,-0.25719536710517815,West-coast orographic,10.7,7.821281886100767,5.6789549997940805,8.236156949911559,8.094400771902944,8.236156949911559,0.008840749456643943,0.0
patna,2026-08-14,16.3,7.887031555175781,25.59,85.14,Normal,-0.25719536710517815,Inland,16.3,12.660451761881511,14.503789364251313,9.626580927525044,14.951756656500613,9.626580927525044,0.004198302931469688,0.0
pune,2026-08-14,2.4,2.949800491333008,18.52,73.86,Normal,-0.25719536710517815,Inland,2.4,0.5214751958847046,0.8009636211395267,0.4198583398683362,0.0,0.4198583398683362,0.00016319869965718872,0.0
raipur,2026-08-14,29.900000000000002,2.7074975967407227,21.25,81.63,Normal,-0.25719536710517815,Inland,29.900000000000002,23.421612360665797,29.422408839922802,14.61282087394956,27.82455826484827,14.61282087394956,0.012356654900343083,0.0
ranchi,2026-08-14,14.5,42.9742431640625,23.34,85.31,Normal,-0.25719536710517815,Inland,14.5,11.164335534891068,12.715110683271167,10.274233130670728,16.253592204285823,10.274233130670728,0.004483495505856007,0.0
shillong,2026-08-14,1.3,0.0,25.58,91.89,Normal,-0.25719536710517815,Hill / Himalayan orographic,1.3,0.06875392347574218,0.413288992093811,4.441882520435885,2.6950835916397295,4.441882520435885,0.0002230048312956379,0.0
shimla,2026-08-14,26.1,0.0,31.1,77.17,Normal,-0.25719536710517815,Hill / Himalayan orographic,26.1,20.797573861919474,27.092139936067543,10.120599170965814,10.486266102450244,10.120599170965814,0.005287487222734214,0.0
srinagar,2026-08-14,0.0,0.0,34.08,74.8,Normal,-0.25719536710517815,Hill / Himalayan orographic,0.0,0.0,0.0,0.04266100194821356,0.0,0.04266100194821356,0.00027499113154019284,0.0
surat,2026-08-14,11.799999999999999,17.092050552368164,21.17,72.83,Normal,-0.25719536710517815,West-coast orographic,11.799999999999999,8.920663166046143,6.042404628864768,5.7889367560677165,6.304962621052625,5.7889367560677165,0.09088401704861067,0.0
thiruvananthapuram,2026-08-14,12.9,0.0,8.52,76.94,Normal,-0.25719536710517815,West-coast orographic,12.9,9.721682113409043,6.294310300049083,2.1367989569244537,1.0264403092196488,2.1367989569244537,0.0037663767693292345,0.0
varanasi,2026-08-14,22.3,0.06511717289686203,25.32,82.97,Normal,-0.25719536710517815,Inland,22.3,18.052802470692416,20.560423192884592,12.059291563095325,20.079554118631272,12.059291563095325,0.01053733500112006,0.0
vijayawada,2026-08-14,0.6000000000000001,0.5934751629829407,16.51,80.65,Normal,-0.25719536710517815,Inland,0.6000000000000001,0.0,0.0,1.102717734949164,0.16285534145738254,1.102717734949164,0.00018123120491878494,0.0
visakhapatnam,2026-08-14,0.2,2.1623244285583496,17.69,83.22,Normal,-0.25719536710517815,East coast,0.2,0.0,0.0,0.8419125651719994,0.0016630427547296035,0.8419125651719994,0.0001467007555439228,0.0
agartala,2026-08-15,0.9,0.23402836918830872,23.83,91.29,Normal,-0.6500393471935383,Inland,0.9,0.0,0.048457012400031176,5.243469237786836,5.861511946305008,5.243469237786836,0.00024737424515184974,0.0
ahmedabad,2026-08-15,5.8,1.4126358032226562,23.02,72.57,Normal,-0.6500393471935383,Inland,5.8,3.1584701120853413,3.4826612091064457,2.1026201457187024,1.0852198834141307,2.1026201457187024,0.03284331448312388,0.0
amritsar,2026-08-15,0.0,0.0,31.63,74.87,Normal,-0.6500393471935383,Inland,0.0,0.0,0.0,0.2240549764523803,0.0,0.2240549764523803,0.0008841144285194177,0.0
bengaluru,2026-08-15,3.4,0.6788901686668396,12.97,77.59,Normal,-0.6500393471935383,Inland,3.4,1.2969571828842157,1.5808052289485932,1.5635988809119126,0.6578554304169404,1.5635988809119126,0.00015894978781010377,0.0
bhopal,2026-08-15,5.0,1.1519485712051392,23.26,77.41,Normal,-0.6500393471935383,Inland,5.0,2.488425815105438,2.6536309286674333,5.182872489779197,5.737397656864239,5.182872489779197,0.013798331151640442,0.0
bhubaneswar,2026-08-15,93.4,4.855646133422852,20.3,85.82,Normal,-0.6500393471935383,East coast,93.4,64.92958960859919,193.01861877441408,38.766673001747286,56.01318206238443,38.766673001747286,0.06468068727495416,1.0
chandigarh,2026-08-15,4.9,8.424674034118652,30.73,76.78,Normal,-0.6500393471935383,Inland,4.9,2.4253540754318244,2.597151606423512,8.75247244456126,13.305351573794935,8.75247244456126,0.07884247134248944,0.0
chennai,2026-08-15,2.7,7.505511283874512,13.08,80.27,Normal,-0.6500393471935383,East coast,2.7,0.7089693486690521,0.18182895370782964,2.780284853718644,1.529624932291079,2.780284853718644,0.00015840740486704592,0.0
dehradun,2026-08-15,167.8,7.688271999359131,30.32,78.03,Normal,-0.6500393471935383,Hill / Himalayan orographic,167.8,151.97493507187042,102.9500461446828,36.508502476419366,61.02709887800272,36.508502476419366,0.21256036060065386,1.0
delhi,2026-08-15,1.9000000000000001,16.525070190429688,28.61,77.21,Normal,-0.6500393471935383,Inland,1.9000000000000001,0.2748375341296204,0.43608651161193845,4.041261750313897,4.09071152331571,4.041261750313897,0.0006592463066707225,0.0
gangtok,2026-08-15,83.5,4.592381000518799,27.33,88.61,Normal,-0.6500393471935383,Hill / Himalayan orographic,83.5,56.80336693504583,58.85320487419767,28.710398971967848,49.607106160713606,28.710398971967848,0.02299181606243523,1.0
guwahati,2026-08-15,39.800000000000004,0.0,26.14,91.74,Normal,-0.6500393471935383,Inland,39.800000000000004,31.085221640856812,37.92350182515537,10.133951450163451,15.971614195872654,10.133951450163451,0.004168984123376593,0.0
hyderabad,2026-08-15,0.6000000000000001,0.621498703956604,17.39,78.49,Normal,-0.6500393471935383,Inland,0.6000000000000001,0.0,0.0,1.1131467875453154,0.16858974118415812,1.1131467875453154,0.00017974880157539444,0.0
jabalpur,2026-08-15,12.8,7.480215549468994,23.18,79.95,Normal,-0.6500393471935383,Inland,12.8,9.655623316764833,10.82918387028843,9.93407313518472,15.569841926116029,9.93407313518472,0.016696387070735185,0.0
jaipur,2026-08-15,0.1,1.8152670860290527,26.91,75.79,Normal,-0.6500393471935383,Inland,0.1,0.0,0.0,0.3491512154428574,0.0,0.3491512154428574,0.00048002245756376404,0.0
jodhpur,2026-08-15,0.9,0.0,26.24,73.02,Normal,-0.6500393471935383,Inland,0.9,0.0,0.048457012400031176,0.20025703984074064,0.0,0.20025703984074064,0.00033970095271190456,0.0
kochi,2026-08-15,46.4,27.070491790771484,9.93,76.27,Normal,-0.6500393471935383,West-coast orographic,46.4,35.87694012991988,18.569826601638862,19.645585939524548,19.54023305272498,19.645585939524548,0.016632652979967813,0.0
kolkata,2026-08-15,7.7,0.07201383262872696,22.57,88.36,Normal,-0.6500393471935383,East coast,7.7,5.077423297205275,4.721292285750023,4.432422710568795,4.877298608618028,4.432422710568795,0.01254926814368125,0.0
lucknow,2026-08-15,6.2,0.29480817914009094,26.85,80.95,Normal,-0.6500393471935383,Inland,6.2,3.5710249622662857,3.7960136604309094,2.673608322504116,1.834339151416088,2.673608322504116,0.008196779828696014,0.0
madurai,2026-08-15,6.199999999999999,2.9663493633270264,9.93,78.12,Normal,-0.6500393471935383,Inland,6.199999999999999,3.5710249622662844,3.7960136604309085,0.9522606004908682,0.05732835367899036,0.9522606004908682,0.001242300535883904,0.0
mangaluru,2026-08-15,6.0,13.284749984741211,12.91,74.86,Normal,-0.6500393471935383,West-coast orographic,6.0,3.320338642597196,2.9324516832012018,7.71361576188351,7.742524969818285,7.71361576188351,0.009861326087420415,0.0
mumbai,2026-08-15,12.0,32.545772552490234,19.08,72.88,Normal,-0.6500393471935383,West-coast orographic,12.0,9.07757148742676,6.108486379604893,8.678630121212684,8.377696599195346,8.678630121212684,0.056139604291330615,0.0
nagpur,2026-08-15,5.9,0.2130969911813736,21.15,79.09,Normal,-0.6500393471935383,Inland,5.9,3.239404377341269,3.5609993219375617,9.009815185203339,13.900207564504234,9.009815185203339,0.01364203786122617,0.0
panaji,2026-08-15,23.4,7.454983234405518,15.49,73.83,Normal,-0.6500393471935383,West-coast orographic,23.4,18.84993491591069,9.700235621729322,10.867679625629906,9.946617472748041,10.867679625629906,0.010641048212554452,0.0
patna,2026-08-15,9.3,0.0,25.59,85.14,Normal,-0.6500393471935383,Inland,9.3,6.583107948303225,6.61147491703545,5.726887224878879,6.812286028659156,5.726887224878879,0.003487221932098991,0.0
pune,2026-08-15,4.8,3.807133436203003,18.52,73.86,Normal,-0.6500393471935383,Inland,4.8,2.3622823357582097,2.5376224661302955,1.7550596626178105,0.7797435815854221,1.7550596626178105,0.0018543844559119433,0.0
raipur,2026-08-15,20.5,0.21942156553268433,21.25,81.63,Normal,-0.6500393471935383,Inland,20.5,16.5050968170166,19.357492522222888,18.12300348606547,33.377434262030356,18.12300348606547,0.02267093004536814,0.0
ranchi,2026-08-15,7.6,26.250200271606445,23.34,85.31,Normal,-0.6500393471935383,Inland,7.6,4.958957473693346,5.335909926096595,6.63804848317539,7.923969329458557,6.63804848317539,0.003721628054600386,0.0
shillong,2026-08-15,7.1,0.0,25.58,91.89,Normal,-0.6500393471935383,Hill / Himalayan orographic,7.1,4.478239691257477,4.608770747184754,4.888349553912953,3.3151524473658265,4.888349553912953,0.0005480170566143888,0.0
shimla,2026-08-15,50.7,9.198480606079102,31.1,77.17,Normal,-0.6500393471935383,Hill / Himalayan orographic,50.7,38.023130581542624,46.800515885815145,32.19869294680922,56.580200874161115,32.19869294680922,0.08686124718995863,0.0
srinagar,2026-08-15,3.2,2.8067610263824463,34.08,74.8,Normal,-0.6500393471935383,Hill / Himalayan orographic,3.2,1.106089115142822,1.4949392842495532,1.5456484341551375,0.41297515393614836,1.5456484341551375,0.0003488567213853418,0.0
surat,2026-08-15,8.4,5.108799934387207,21.17,72.83,Normal,-0.6500393471935383,West-coast orographic,8.4,5.614372817675274,4.301701400479447,1.0801957684319317,0.33062119189709005,1.0801957684319317,0.01186344368304875,0.0
thiruvananthapuram,2026-08-15,14.5,0.7822265028953552,8.52,76.94,Normal,-0.6500393471935383,West-coast orographic,14.5,11.164335534891068,6.650291453237121,1.6699815924801054,0.7685421770499608,1.6699815924801054,0.0035373455754756683,0.0
varanasi,2026-08-15,10.700000000000001,0.13674604892730713,25.32,82.97,Normal,-0.6500393471935383,Inland,10.700000000000001,7.821281886100768,7.885273890495304,7.567976134472381,9.659317055151426,7.567976134472381,0.011811335941065048,0.0
vijayawada,2026-08-15,6.7,0.0,16.51,80.65,Normal,-0.6500393471935383,Inland,6.7,4.099287160237631,4.424092832447788,4.04451998454158,4.093987415738502,4.04451998454158,0.00546315756623994,0.0
visakhapatnam,2026-08-15,3.4,1.2129971981048584,17.69,83.22,Normal,-0.6500393471935383,East coast,3.4,1.2969571828842157,0.48840401738882044,3.081506167250277,2.3036089737446317,3.081506167250277,0.00017620613139081298,0.0
agartala,2026-08-16,2.8,7.44252872467041,23.83,91.29,Normal,-0.14411791036104665,Inland,2.8,0.809232878684998,1.0339202308654785,10.06903229702975,15.841121223145821,10.06903229702975,0.00022950829628177235,0.0
ahmedabad,2026-08-16,1.8,2.0443570613861084,23.02,72.57,Normal,-0.14411791036104665,Inland,1.8,0.22467496991157532,0.4180048352479935,0.13681676130026366,0.0,0.13681676130026366,0.0002212819428175054,0.0
amritsar,2026-08-16,0.0,32.938602447509766,31.63,74.87,Normal,-0.14411791036104665,Inland,0.0,0.0,0.0,0.4369607369002515,0.0,0.4369607369002515,0.00051736773080846,0.0
bengaluru,2026-08-16,0.4,0.0,12.97,77.59,Normal,-0.14411791036104665,Inland,0.4,0.0,0.0,0.5712009235008368,0.0,0.5712009235008368,0.00013584763585983053,0.0
bhopal,2026-08-16,8.5,5.515663146972656,23.26,77.41,Normal,-0.14411791036104665,Inland,8.5,5.674376392364502,5.92097658770425,5.182082890183407,5.735780398578995,5.182082890183407,0.023280337240296683,0.0
bhubaneswar,2026-08-16,52.4,38.18549728393555,20.3,85.82,Normal,-0.14411791036104665,East coast,52.4,38.64134912860384,70.44777081892236,26.376294429559344,43.099811344032744,26.376294429559344,0.05353701110434965,0.0
chandigarh,2026-08-16,16.3,1.745483636856079,30.73,76.78,Normal,-0.14411791036104665,Inland,16.3,12.660451761881511,14.503789364251313,12.857288867944492,21.9167937867919,12.857288867944492,0.02680026331869475,0.0
chennai,2026-08-16,1.3,0.0,13.08,80.27,Normal,-0.14411791036104665,East coast,1.3,0.06875392347574218,0.00026696686631644907,1.5683036740231182,0.2547005800958857,1.5683036740231182,0.00013538407350959926,0.0
dehradun,2026-08-16,42.0,1.358982801437378,30.32,78.03,Normal,-0.14411791036104665,Hill / Himalayan orographic,42.0,32.990130441049764,39.65335523114255,28.17729791620719,48.897186789004664,28.17729791620719,0.018617639344755903,0.0
delhi,2026-08-16,0.0,0.0,28.61,77.21,Normal,-0.14411791036104665,Inland,0.0,0.0,0.0,0.5865970823208939,0.0,0.5865970823208939,0.000446507235357541,0.0
gangtok,2026-08-16,20.5,0.4829109311103821,27.33,88.61,Normal,-0.14411791036104665,Hill / Himalayan orographic,20.5,16.5050968170166,22.183186812593362,17.822145418212827,27.789495842124307,17.822145418212827,0.003935823602267134,0.0
guwahati,2026-08-16,5.2,12.549600601196289,26.14,91.74,Normal,-0.14411791036104665,Inland,5.2,2.6520632624626153,2.7799775890682006,4.322423359622985,4.373396904768663,4.322423359622985,0.002342116261230345,0.0
hyderabad,2026-08-16,3.1,0.0,17.39,78.49,Normal,-0.14411791036104665,Inland,3.1,1.042760789394378,1.235814682245255,2.152305057374194,1.1365368324998544,2.152305057374194,0.0001536241344358577,0.0
jabalpur,2026-08-16,58.7,41.28001403808594,23.18,79.95,Normal,-0.14411791036104665,Inland,58.7,41.757356171627684,63.068915304446264,13.346958301162312,23.522788930652546,13.346958301162312,0.028572838836532628,0.0
jaipur,2026-08-16,0.8,0.029739072546362877,26.91,75.79,Normal,-0.14411791036104665,Inland,0.8,0.0,0.0,0.7671621817362351,0.0,0.7671621817362351,0.00037802347993624836,0.0
jodhpur,2026-08-16,0.0,0.0,26.24,73.02,Normal,-0.14411791036104665,Inland,0.0,0.0,0.0,0.03795277306930465,0.0,0.03795277306930465,0.00028849346563787176,0.0
kochi,2026-08-16,5.2,4.217899799346924,9.93,76.27,Normal,-0.14411791036104665,West-coast orographic,5.2,2.6520632624626153,2.4858141136169434,2.562316888485416,2.1924903255221033,2.562316888485416,0.0015272519381516615,0.0
kolkata,2026-08-16,9.1,0.014625048264861107,22.57,88.36,Normal,-0.14411791036104665,East coast,9.1,6.28211340904236,6.359016052202328,9.805394386129883,14.651009621589306,9.805394386129883,0.05088287692128259,0.0
lucknow,2026-08-16,10.2,12.964993476867676,26.85,80.95,Normal,-0.14411791036104665,Inland,10.2,7.493171846866607,7.444414749145509,11.481218514703587,19.247386438054352,11.481218514703587,0.021697287795641083,0.0
madurai,2026-08-16,2.5,0.0,9.93,78.12,Normal,-0.14411791036104665,Inland,2.5,0.6145887523889542,0.8388859760761262,0.9258442259015781,0.050102568177458166,0.9258442259015781,0.0001612200765623572,0.0
mangaluru,2026-08-16,6.0,14.28348445892334,12.91,74.86,Normal,-0.14411791036104665,West-coast orographic,6.0,3.320338642597196,2.9324516832012018,9.4727507182471,8.712481158917909,9.4727507182471,0.01064064762140111,0.0
mumbai,2026-08-16,7.7,29.594661712646484,19.08,72.88,Normal,-0.14411791036104665,West-coast orographic,7.7,5.077423297205275,3.8935387464962687,2.9344358055229547,2.8890124730233837,2.9344358055229547,0.013120024752432168,0.0
nagpur,2026-08-16,26.7,0.3143283724784851,21.15,79.09,Normal,-0.14411791036104665,Inland,26.7,21.28092452971663,25.557989576934748,16.760287267891016,31.55540797229133,16.760287267891016,0.024649542124680058,0.0
panaji,2026-08-16,37.8,24.034034729003906,15.49,73.83,Normal,-0.14411791036104665,West-coast orographic,37.8,29.130692223804754,14.053237855376672,17.377017482774942,16.953439946241293,17.377017482774942,0.006774236710599691,0.0
patna,2026-08-16,3.0,0.0,25.59,85.14,Normal,-0.14411791036104665,Inland,3.0,0.9682709932327267,1.1677699923515321,3.179953187935425,2.419937778302298,3.179953187935425,0.00023903132978355678,0.0
pune,2026-08-16,5.8,1.716382622718811,18.52,73.86,Normal,-0.14411791036104665,Inland,5.8,3.1584701120853413,3.4826612091064457,3.6559506179448227,3.2653496752675224,3.6559506179448227,0.010055701211141212,0.0
raipur,2026-08-16,55.6,0.8164643049240112,21.25,81.63,Normal,-0.14411791036104665,Inland,55.6,39.80505462895438,57.62032642259223,15.011340207416168,28.61245783745089,15.011340207416168,0.011837534906671693,0.0
ranchi,2026-08-16,3.3,0.9844702482223511,23.34,85.31,Normal,-0.14411791036104665,Inland,3.3,1.1694174408912659,1.5310784697532658,5.249128416130248,5.873103078205728,5.249128416130248,0.00018258602969803813,0.0
shillong,2026-08-16,1.4000000000000001,3.209214210510254,25.58,91.89,Normal,-0.14411791036104665,Hill / Himalayan orographic,1.4000000000000001,0.09249268360435961,0.4574919668072511,4.133793450552685,2.354468464037489,4.133793450552685,0.00020925995043667885,0.0
shimla,2026-08-16,29.3,0.24575068056583405,31.1,77.17,Normal,-0.14411791036104665,Hill / Himalayan orographic,29.3,23.0720930389816,30.673342159704355,17.049891181366753,26.166717934327202,17.049891181366753,0.00594820090450692,0.0
srinagar,2026-08-16,0.30000000000000004,0.0,34.08,74.8,Normal,-0.14411791036104665,Hill / Himalayan orographic,0.30000000000000004,0.0,0.0,0.15114062969964512,0.0,0.15114062969964512,0.00024862271641418383,0.0
surat,2026-08-16,7.6000000000000005,2.628507375717163,21.17,72.83,Normal,-0.14411791036104665,West-coast orographic,7.6000000000000005,4.9589574736933475,3.782453754173134,0.940351103941155,0.1293937787548545,0.940351103941155,0.013615219135154073,0.0
thiruvananthapuram,2026-08-16,1.7,0.0,8.52,76.94,Normal,-0.14411791036104665,West-coast orographic,1.7,0.1952446281909943,0.039523305408410224,0.4017753227962792,0.0,0.4017753227962792,0.00015087294492835808,0.0
varanasi,2026-08-16,0.30000000000000004,0.0,25.32,82.97,Normal,-0.14411791036104665,Inland,0.30000000000000004,0.0,0.0,2.7025433379959303,1.8785084507318162,2.7025433379959303,0.0002633865413402141,0.0
vijayawada,2026-08-16,2.6,4.90669059753418,16.51,80.65,Normal,-0.14411791036104665,Inland,2.6,0.6617790505290031,0.8768083310127258,2.153749105088791,1.138028313929089,2.153749105088791,0.00017006059946089486,0.0
visakhapatnam,2026-08-16,0.0,0.29492807388305664,17.69,83.22,Normal,-0.14411791036104665,East coast,0.0,0.0,0.0,0.5540216328883386,0.0,0.5540216328883386,0.00013765822134417807,0.0
agartala,2026-08-17,5.5,4.08932638168335,23.83,91.29,Normal,-0.10483577875319558,Inland,5.5,2.915277377764384,3.0544676463834564,9.23082713737353,14.27204732966846,9.23082713737353,0.0033408373590808546,0.0
ahmedabad,2026-08-17,1.3,1.6868160963058472,23.02,72.57,Normal,-0.10483577875319558,Inland,1.3,0.06875392347574218,0.18623037576675414,0.04172466026531658,0.0,0.04172466026531658,0.0002212819428175054,0.0
amritsar,2026-08-17,0.0,0.0,31.63,74.87,Normal,-0.10483577875319558,Inland,0.0,0.0,0.0,0.4369607369002515,0.0,0.4369607369002515,0.00051736773080846,0.0
bengaluru,2026-08-17,0.2,0.0,12.97,77.59,Normal,-0.10483577875319558,Inland,0.2,0.0,0.0,0.3200671564291359,0.0,0.3200671564291359,0.00013584763585983053,0.0
bhopal,2026-08-17,5.0,2.4935054779052734,23.26,77.41,Normal,-0.10483577875319558,Inland,5.0,2.488425815105438,2.6536309286674333,4.068100729463685,4.117695957916897,4.068100729463685,0.010104893411784761,0.0
bhubaneswar,2026-08-17,21.7,21.015409469604492,20.3,85.82,Normal,-0.10483577875319558,East coast,21.7,17.549005417325603,16.92578295696438,28.42986867167734,45.844009867095146,28.42986867167734,0.14478506198469487,0.0
chandigarh,2026-08-17,0.7000000000000001,2.6877870559692383,30.73,76.78,Normal,-0.10483577875319558,Inland,0.7000000000000001,0.0,0.0,2.9572079322343163,2.147687798357042,2.9572079322343163,0.0006305823066809673,0.0
chennai,2026-08-17,1.0,0.0,13.08,80.27,Normal,-0.10483577875319558,East coast,1.0,0.0013904732622905082,0.0,1.3555670751479283,0.1408052160432532,1.3555670751479283,0.00013538407350959926,0.0
dehradun,2026-08-17,52.0,7.539374828338623,30.32,78.03,Normal,-0.10483577875319558,Hill / Himalayan orographic,52.0,38.49588594106003,47.57899124734691,24.852899664485804,44.47015613005223,24.852899664485804,0.04537784304256301,0.0
delhi,2026-08-17,0.30000000000000004,0.0,28.61,77.21,Normal,-0.10483577875319558,Inland,0.30000000000000004,0.0,0.0,1.9238621515937155,0.8757111640597108,1.9238621515937155,0.000446507235357541,0.0
gangtok,2026-08-17,9.0,12.412959098815918,27.33,88.61,Normal,-0.10483577875319558,Hill / Himalayan orographic,9.0,6.131616139411928,7.177034263610838,14.147216384499997,19.061091022608533,14.147216384499997,0.002930221938799372,0.0
guwahati,2026-08-17,27.3,6.814702033996582,26.14,91.74,Normal,-0.10483577875319558,Inland,27.3,21.76427519751379,26.254607747296422,12.503064984726935,20.75502668904087,12.503064984726935,0.0040212364434192484,0.0
hyderabad,2026-08-17,2.0,1.1851054430007935,17.39,78.49,Normal,-0.10483577875319558,Inland,2.0,0.3177155368030075,0.48408369093798587,1.3247750529690445,0.3862741020101906,1.3247750529690445,0.0001536241344358577,0.0
jabalpur,2026-08-17,52.9,30.11050796508789,23.18,79.95,Normal,-0.10483577875319558,Inland,52.9,38.82317811303361,52.874781267429036,16.038067639263513,30.589760735709895,16.038067639263513,0.037627568490384566,0.0
jaipur,2026-08-17,0.6000000000000001,0.0,26.91,75.79,Normal,-0.10483577875319558,Inland,0.6000000000000001,0.0,0.0,0.7671621817362351,0.0,0.7671621817362351,0.00037802347993624836,0.0
jodhpur,2026-08-17,0.0,0.0,26.24,73.02,Normal,-0.10483577875319558,Inland,0.0,0.0,0.0,0.03795277306930465,0.0,0.03795277306930465,0.00028849346563787176,0.0
kochi,2026-08-17,5.0,4.739563941955566,9.93,76.27,Normal,-0.10483577875319558,West-coast orographic,5.0,2.488425815105438,2.370444793701172,2.0787970067402397,0.9732714854685697,2.0787970067402397,0.0015272519381516615,0.0
kolkata,2026-08-17,10.1,0.2631261348724365,22.57,88.36,Normal,-0.10483577875319558,East coast,10.1,7.427549839019775,9.291213560698234,17.514390830982112,28.647964303953867,17.514390830982112,0.06276649683262955,0.0
lucknow,2026-08-17,59.8,26.211671829223633,26.85,80.95,Normal,-0.10483577875319558,Inland,59.8,42.53158943144724,65.00228555284608,13.525967034879523,24.109893490496702,13.525967034879523,0.04157578282743952,0.0
madurai,2026-08-17,1.7,0.0,9.93,78.12,Normal,-0.10483577875319558,Inland,1.7,0.1952446281909943,0.3999231588840484,0.6387653419903865,0.0,0.6387653419903865,0.0001612200765623572,0.0
mangaluru,2026-08-17,1.5,17.811967849731445,12.91,74.86,Normal,-0.10483577875319558,West-coast orographic,1.5,0.12638271152973177,0.013174435136136732,2.8883967609758776,2.7499888315352488,2.8883967609758776,0.00014508144825442788,0.0
mumbai,2026-08-17,5.300000000000001,8.709590911865234,19.08,72.88,Normal,-0.10483577875319558,West-coast orographic,5.300000000000001,2.752628970146179,2.54349877357483,2.3672969214351114,1.3183862890461158,2.3672969214351114,0.004306197821813513,0.0
nagpur,2026-08-17,11.700000000000001,2.4842135906219482,21.15,79.09,Normal,-0.10483577875319558,Inland,11.700000000000001,8.842209005355837,9.091941808064785,11.366404059454258,18.914581723685234,11.366404059454258,0.01952010982653895,0.0
panaji,2026-08-17,10.3,4.37644100189209,15.49,73.83,Normal,-0.10483577875319558,West-coast orographic,10.3,7.55879385471344,5.509052257537843,12.553766655963821,12.022757497717627,12.553766655963821,0.010560604229786462,0.0
patna,2026-08-17,1.7999999999999998,0.0,25.59,85.14,Normal,-0.10483577875319558,Inland,1.7999999999999998,0.22467496991157526,0.4180048352479934,1.9442534867740562,0.8996625500987351,1.9442534867740562,0.00023903132978355678,0.0
pune,2026-08-17,4.5,0.6223893165588379,18.52,73.86,Normal,-0.10483577875319558,Inland,4.5,2.1546030044555673,2.2853233762887806,2.3739868898581284,1.5416760773039198,2.3739868898581284,0.0018052251853756184,0.0
raipur,2026-08-17,27.7,4.3329758644104,21.25,81.63,Normal,-0.10483577875319558,Inland,27.7,22.086508976045227,26.71901986087087,21.123552041106027,36.323334638750225,21.123552041106027,0.03259991302950955,0.0
ranchi,2026-08-17,2.2,0.0,23.34,85.31,Normal,-0.10483577875319558,Inland,2.2,0.4346382156014442,0.6743167102336887,3.4366520272821863,2.703576172168967,3.4366520272821863,0.00018258602969803813,0.0
shillong,2026-08-17,12.7,49.798805236816406,25.58,91.89,Normal,-0.10483577875319558,Hill / Himalayan orographic,12.7,9.589564520120621,12.120487614196277,8.940477943943867,8.939643396567806,8.940477943943867,0.001273370104197198,0.0
shimla,2026-08-17,36.5,2.203291177749634,31.1,77.17,Normal,-0.10483577875319558,Hill / Himalayan orographic,36.5,27.832664065826243,38.43274950269754,20.05104637596446,35.09723886048826,20.05104637596446,0.0082559578095176,0.0
srinagar,2026-08-17,3.3,3.261789321899414,34.08,74.8,Normal,-0.10483577875319558,Hill / Himalayan orographic,3.3,1.1694174408912659,1.5718714141470236,1.2927237056156209,0.2084666020743866,1.2927237056156209,0.00024862271641418383,0.0
surat,2026-08-17,6.300000000000001,4.964797019958496,21.17,72.83,Normal,-0.10483577875319558,West-coast orographic,6.300000000000001,3.696368122100831,3.01799872278642,0.5969260405331043,0.0,0.5969260405331043,0.0052260126785385955,0.0
thiruvananthapuram,2026-08-17,0.8,5.270567893981934,8.52,76.94,Normal,-0.10483577875319558,West-coast orographic,0.8,0.0,0.0,0.27355291278617394,0.0,0.27355291278617394,0.00015087294492835808,0.0
varanasi,2026-08-17,4.3,9.572466850280762,25.32,82.97,Normal,-0.10483577875319558,Inland,4.3,1.9743333458900472,2.1693914985656737,7.109071179795041,8.669974286695455,7.109071179795041,0.01383337906758211,0.0
vijayawada,2026-08-17,2.8000000000000003,2.3376715183258057,16.51,80.65,Normal,-0.10483577875319558,Inland,2.8000000000000003,0.8092328786849985,1.0339202308654787,2.153749105088791,1.138028313929089,2.153749105088791,0.00017006059946089486,0.0
visakhapatnam,2026-08-17,1.1,0.0,17.69,83.22,Normal,-0.10483577875319558,East coast,1.1,0.019999639689922348,0.0,1.226758956056521,0.0848003982721167,1.226758956056521,0.00013765822134417807,0.0
agartala,2026-08-18,8.8,5.563830852508545,23.83,91.29,Normal,-0.12387731575119927,Inland,8.8,5.948720240592959,6.089077949523926,10.955724938987158,17.724174582984958,10.955724938987158,0.005605000364071752,0.0
ahmedabad,2026-08-18,0.30000000000000004,2.4884471893310547,23.02,72.57,Normal,-0.12387731575119927,Inland,0.30000000000000004,0.0,0.0,0.031183371240496995,0.0,0.031183371240496995,0.0002212819428175054,0.0
amritsar,2026-08-18,1.3,0.0,31.63,74.87,Normal,-0.12387731575119927,Inland,1.3,0.06875392347574218,0.18623037576675414,3.14897580892338,2.3873623164447793,3.14897580892338,0.00051736773080846,0.0
bengaluru,2026-08-18,0.6000000000000001,0.8152695894241333,12.97,77.59,Normal,-0.12387731575119927,Inland,0.6000000000000001,0.0,0.0,0.5712009235008368,0.0,0.5712009235008368,0.00013584763585983053,0.0
bhopal,2026-08-18,3.6,0.23180198669433594,23.26,77.41,Normal,-0.12387731575119927,Inland,3.6,1.461609435081482,1.7268930983543378,6.2322725520866635,7.4026665271777015,6.2322725520866635,0.04340817216568752,0.0
bhubaneswar,2026-08-18,2.4,0.0,20.3,85.82,Normal,-0.12387731575119927,East coast,2.4,0.5214751958847046,0.11897895559944482,2.4823800339373308,1.1945155997104615,2.4823800339373308,0.00022333836899664236,0.0
chandigarh,2026-08-18,31.9,28.387378692626953,30.73,76.78,Normal,-0.12387731575119927,Inland,31.9,24.374661858921126,31.659002830700047,24.303887188371938,39.714062526912514,24.303887188371938,0.02880126995453987,0.0
chennai,2026-08-18,0.30000000000000004,3.3519814014434814,13.08,80.27,Normal,-0.12387731575119927,East coast,0.30000000000000004,0.0,0.0,1.3555670751479283,0.1408052160432532,1.3555670751479283,0.00013538407350959926,0.0
dehradun,2026-08-18,39.300000000000004,97.28555297851562,30.32,78.03,Normal,-0.12387731575119927,Hill / Himalayan orographic,39.300000000000004,30.62841702147228,39.021248112245665,28.17729791620719,48.897186789004664,28.17729791620719,0.024177756782892697,0.0
delhi,2026-08-18,1.2,0.0,28.61,77.21,Normal,-0.12387731575119927,Inland,1.2,0.050083705224096886,0.11834257245063781,2.584331935209858,1.707000342622795,2.584331935209858,0.000446507235357541,0.0
gangtok,2026-08-18,25.8,16.469547271728516,27.33,88.61,Normal,-0.12387731575119927,Hill / Himalayan orographic,25.8,20.555898528020894,26.933242489301595,19.320575521932486,31.96745246136625,19.320575521932486,0.00402949182883258,0.0
guwahati,2026-08-18,4.0,0.4870663285255432,26.14,91.74,Normal,-0.12387731575119927,Inland,4.0,1.7901574373245244,1.9958625173568725,4.409486927369395,4.515626945102252,4.409486927369395,0.0024388383199704447,0.0
hyderabad,2026-08-18,1.2000000000000002,0.5168641805648804,17.39,78.49,Normal,-0.12387731575119927,Inland,1.2000000000000002,0.05008370522409693,0.1497662854194643,1.158233225464211,0.19945063905499008,1.158233225464211,0.0001536241344358577,0.0
jabalpur,2026-08-18,10.2,0.09091190993785858,23.18,79.95,Normal,-0.12387731575119927,Inland,10.2,7.493171846866607,7.444414749145509,15.506551524341221,29.591523975997276,15.506551524341221,0.07031614333844981,0.0
jaipur,2026-08-18,0.0,0.0,26.91,75.79,Normal,-0.12387731575119927,Inland,0.0,0.0,0.0,0.29138656794266,0.0,0.29138656794266,0.00037802347993624836,0.0
jodhpur,2026-08-18,0.0,0.0,26.24,73.02,Normal,-0.12387731575119927,Inland,0.0,0.0,0.0,0.03795277306930465,0.0,0.03795277306930465,0.00028849346563787176,0.0
kochi,2026-08-18,30.7,0.0,9.93,76.27,Normal,-0.12387731575119927,West-coast orographic,30.7,23.86200994729661,11.407264155694431,16.197168965000508,15.617425788013868,16.197168965000508,0.009302148655381343,0.0
kolkata,2026-08-18,24.3,77.25830841064453,22.57,88.36,Normal,-0.12387731575119927,East coast,24.3,19.48094628484626,21.97830449772651,22.22932199761412,37.80852176008959,22.22932199761412,0.10736427217445048,0.0
lucknow,2026-08-18,228.4,25.925628662109375,26.85,80.95,Normal,-0.12387731575119927,Inland,228.4,238.3341749543359,456.418310546875,21.054955793177918,36.27087881578916,21.054955793177918,0.17442934921119685,1.0
madurai,2026-08-18,8.7,27.720523834228516,9.93,78.12,Normal,-0.12387731575119927,Inland,8.7,5.857272291183472,6.0330441622507,1.707457181810363,0.7546032006400968,1.707457181810363,0.0030563453838257947,0.0
mangaluru,2026-08-18,1.4000000000000001,12.810969352722168,12.91,74.86,Normal,-0.12387731575119927,West-coast orographic,1.4000000000000001,0.09249268360435961,0.0,2.513511562657304,1.9757963151765336,2.513511562657304,0.00014508144825442788,0.0
mumbai,2026-08-18,5.9,21.11768913269043,19.08,72.88,Normal,-0.12387731575119927,West-coast orographic,5.9,3.239404377341269,2.905150208407885,4.871673243707905,5.354591856773543,4.871673243707905,0.025221893660546172,0.0
nagpur,2026-08-18,3.1,0.00850233156234026,21.15,79.09,Normal,-0.12387731575119927,Inland,3.1,1.042760789394378,1.235814682245255,3.0707180781546946,2.293905080167073,3.0707180781546946,0.00019552266474666925,0.0
panaji,2026-08-18,7.9,3.405196189880371,15.49,73.83,Normal,-0.12387731575119927,West-coast orographic,7.9,5.314354944229131,4.01015664763432,2.3570671733231223,1.3043658710703034,2.3570671733231223,0.0034262993528835165,0.0
patna,2026-08-18,34.2,17.339662551879883,25.59,85.14,Normal,-0.12387731575119927,Inland,34.2,25.420171097346717,34.01728788052794,10.830427088632295,17.38694673418192,10.830427088632295,0.004240805531747462,0.0
pune,2026-08-18,3.6,0.9159383773803711,18.52,73.86,Normal,-0.12387731575119927,Inland,3.6,1.461609435081482,1.7268930983543378,2.4051795431502105,1.5617992347398273,2.4051795431502105,0.0055406350289524476,0.0
raipur,2026-08-18,29.0,92.50932312011719,21.25,81.63,Normal,-0.12387731575119927,Inland,29.0,22.8973333781395,28.30275434665578,15.191663149450891,28.968968443156573,15.191663149450891,0.014916952243566739,0.0
ranchi,2026-08-18,40.4,60.53693389892578,23.34,85.31,Normal,-0.12387731575119927,Inland,40.4,31.604742222727616,38.41841564402255,24.065300735442445,39.303493498352545,24.065300735442445,0.013090331025313815,0.0
shillong,2026-08-18,4.2,14.812483787536621,25.58,91.89,Normal,-0.12387731575119927,Hill / Himalayan orographic,4.2,1.9129413763682064,2.285416588943277,4.957564258222793,3.372951161864632,4.957564258222793,0.001557787568105753,0.0
shimla,2026-08-18,41.2,9.509275436401367,31.1,77.17,Normal,-0.12387731575119927,Hill / Himalayan orographic,41.2,32.29743633188869,39.42058645443903,21.626909300132905,38.089242917472056,21.626909300132905,0.020048329991742515,0.0
srinagar,2026-08-18,16.7,0.0,34.08,74.8,Normal,-0.12387731575119927,Hill / Himalayan orographic,16.7,13.072192764282226,17.65350436642992,6.370314390105771,4.831379081151805,6.370314390105771,0.0072937075853370765,0.0
surat,2026-08-18,7.5,0.6633139252662659,21.17,72.83,Normal,-0.12387731575119927,West-coast orographic,7.5,4.85076960612987,3.669169760110242,1.1335629903088476,0.419032897589134,1.1335629903088476,0.013615219135154073,0.0
thiruvananthapuram,2026-08-18,20.4,1.4242479801177979,8.52,76.94,Normal,-0.12387731575119927,West-coast orographic,20.4,16.41296682357788,8.479009644951617,3.699362769513635,4.144931794977845,3.699362769513635,0.006052877755291609,0.0
varanasi,2026-08-18,11.5,0.20186322927474976,25.32,82.97,Normal,-0.12387731575119927,Inland,11.5,8.662653064727783,8.853722788492842,9.623107956314911,14.944775691476753,9.623107956314911,0.010032806687993846,0.0
vijayawada,2026-08-18,1.5,0.0,16.51,80.65,Normal,-0.12387731575119927,Inland,1.5,0.12638271152973177,0.2559761136770248,1.1830810608733433,0.22471224304459556,1.1830810608733433,0.00017006059946089486,0.0
visakhapatnam,2026-08-18,1.2,0.0,17.69,83.22,Normal,-0.12387731575119927,East coast,1.2,0.050083705224096886,0.0,1.4295134074854157,0.1771730533377305,1.4295134074854157,0.00013765822134417807,0.0
agartala,2026-08-19,8.5,0.6930461525917053,23.83,91.29,Normal,-0.3303553426652603,Inland,8.5,5.674376392364502,5.92097658770425,9.134674208410427,14.118560630874423,9.134674208410427,0.005486240772070482,0.0
ahmedabad,2026-08-19,0.30000000000000004,0.0,23.02,72.57,Normal,-0.3303553426652603,Inland,0.30000000000000004,0.0,0.0,0.031183371240496995,0.0,0.031183371240496995,0.00023581628137239592,0.0
amritsar,2026-08-19,2.8,0.0,31.63,74.87,Normal,-0.3303553426652603,Inland,2.8,0.809232878684998,1.0339202308654785,8.1140224954195,11.962058163585658,8.1140224954195,0.0007199446933957076,0.0
bengaluru,2026-08-19,2.8,0.0,12.97,77.59,Normal,-0.3303553426652603,Inland,2.8,0.809232878684998,1.0339202308654785,1.7093276975842004,0.7555910793876085,1.7093276975842004,0.00014477125300222887,0.0
bhopal,2026-08-19,2.8,0.0,23.26,77.41,Normal,-0.3303553426652603,Inland,2.8,0.809232878684998,1.0339202308654785,5.174544021774792,5.720339284550816,5.174544021774792,0.00030348519489222593,0.0
bhubaneswar,2026-08-19,2.8,0.028124909847974777,20.3,85.82,Normal,-0.3303553426652603,East coast,2.8,0.809232878684998,0.22322941944003113,4.269670516520607,4.497452223972886,4.269670516520607,0.00023800774649136307,0.0
chandigarh,2026-08-19,14.4,43.586830139160156,30.73,76.78,Normal,-0.3303553426652603,Inland,14.4,11.108008696284108,12.637361097760806,10.453749987959755,16.618852704569306,10.453749987959755,0.033924086008962864,0.0
chennai,2026-08-19,0.6000000000000001,0.05624496936798096,13.08,80.27,Normal,-0.3303553426652603,East coast,0.6000000000000001,0.0,0.0,1.3555670751479283,0.1408052160432532,1.3555670751479283,0.00014427724436559048,0.0
dehradun,2026-08-19,1.7000000000000002,16.879060745239258,30.32,78.03,Normal,-0.3303553426652603,Hill / Himalayan orographic,1.7000000000000002,0.1952446281909944,0.6265584150651344,4.329803175535433,2.5302917803122233,4.329803175535433,0.0003635804134744732,0.0
delhi,2026-08-19,28.3,0.7805018424987793,28.61,77.21,Normal,-0.3303553426652603,Inland,28.3,22.489560836174604,27.431911963003657,18.094714252575923,33.33961000599884,18.094714252575923,0.02816145318867662,0.0
gangtok,2026-08-19,16.6,20.252931594848633,27.33,88.61,Normal,-0.3303553426652603,Hill / Himalayan orographic,16.6,12.969257513682049,17.51314851359535,18.095010335405412,28.418761476211774,18.095010335405412,0.00550967983628427,0.0
guwahati,2026-08-19,0.0,5.454639434814453,26.14,91.74,Normal,-0.3303553426652603,Inland,0.0,0.0,0.0,2.851462453786754,2.06309491649083,2.851462453786754,0.00029621147356143686,0.0
hyderabad,2026-08-19,4.9,7.887574195861816,17.39,78.49,Normal,-0.3303553426652603,Inland,4.9,2.4253540754318244,2.597151606423512,1.9187616374026741,0.8727470692261594,1.9187616374026741,0.001451737086701668,0.0
jabalpur,2026-08-19,11.200000000000001,19.42840576171875,23.18,79.95,Normal,-0.3303553426652603,Inland,11.200000000000001,8.359347724914553,8.49153171539307,13.772952254524125,25.086417023413702,13.772952254524125,0.02392281871017302,0.0
jaipur,2026-08-19,0.0,0.0,26.91,75.79,Normal,-0.3303553426652603,Inland,0.0,0.0,0.0,0.29138656794266,0.0,0.29138656794266,0.00045242826422420897,0.0
jodhpur,2026-08-19,0.0,0.0,26.24,73.02,Normal,-0.3303553426652603,Inland,0.0,0.0,0.0,0.03795277306930465,0.0,0.03795277306930465,0.0003201705871347561,0.0
kochi,2026-08-19,9.9,11.587024688720703,9.93,76.27,Normal,-0.3303553426652603,West-coast orographic,9.9,7.213341641426089,5.262084126099472,9.13066003622648,8.587863064377304,9.13066003622648,0.003878152184714123,0.0
kolkata,2026-08-19,8.9,38.63767623901367,22.57,88.36,Normal,-0.3303553426652603,East coast,8.9,6.0401681900024435,6.265590737994744,8.802635501479232,12.632316815919332,8.802635501479232,0.05315099081900452,0.0
lucknow,2026-08-19,7.5,8.972674369812012,26.85,80.95,Normal,-0.3303553426652603,Inland,7.5,4.85076960612987,5.218386357625323,6.076867346223514,7.246042088497625,6.076867346223514,0.010314891034743402,0.0
madurai,2026-08-19,0.4,0.05725160613656044,9.93,78.12,Normal,-0.3303553426652603,Inland,0.4,0.0,0.0,0.49522009500485975,0.0,0.49522009500485975,0.0001718100829641677,0.0
mangaluru,2026-08-19,14.0,37.640281677246094,12.91,74.86,Normal,-0.3303553426652603,West-coast orographic,14.0,10.88270134185626,6.494597224764701,10.915571870504033,9.985064775061737,10.915571870504033,0.013434536800901679,0.0
mumbai,2026-08-19,4.1000000000000005,3.8157150745391846,19.08,72.88,Normal,-0.3303553426652603,West-coast orographic,4.1000000000000005,1.8515494068463656,1.3858485165897168,4.118572881387488,4.9430156747771585,4.118572881387488,0.005289975802618315,0.0
nagpur,2026-08-19,3.3,0.19221262633800507,21.15,79.09,Normal,-0.3303553426652603,Inland,3.3,1.1694174408912659,1.5310784697532658,3.3309476885491427,2.5818960876975963,3.3309476885491427,0.0002083654236109614,0.0
panaji,2026-08-19,29.5,11.683978080749512,15.49,73.83,Normal,-0.3303553426652603,West-coast orographic,29.5,23.188599479542997,11.070360061668215,9.247656578740669,8.63048300979598,9.247656578740669,0.006450931216621844,0.0
patna,2026-08-19,20.2,4.659769058227539,25.59,85.14,Normal,-0.3303553426652603,Inland,20.2,16.22870683670044,19.101718521118165,10.013647244784114,15.729792597258182,10.013647244784114,0.004515996651941915,0.0
pune,2026-08-19,2.2,0.7711904048919678,18.52,73.86,Normal,-0.3303553426652603,Inland,2.2,0.4346382156014442,0.6743167102336887,0.5194181818778506,0.0,0.5194181818778506,0.00016319869965718872,0.0
raipur,2026-08-19,14.5,6.4309868812561035,21.25,81.63,Normal,-0.3303553426652603,Inland,14.5,11.164335534891068,12.715110683271167,9.596408323887651,14.891107178596258,9.596408323887651,0.010714369299454157,0.0
ranchi,2026-08-19,73.0,42.10535430908203,23.34,85.31,Normal,-0.3303553426652603,Inland,73.0,50.55624754166439,114.89147912644185,30.50656192566471,54.741908822295386,30.50656192566471,0.01901308990289956,1.0
shillong,2026-08-19,0.1,7.605155944824219,25.58,91.89,Normal,-0.3303553426652603,Hill / Himalayan orographic,0.1,0.0,0.0,3.3603201121018387,1.4528394186970326,3.3603201121018387,0.00022080315427608338,0.0
shimla,2026-08-19,10.0,15.903433799743652,31.1,77.17,Normal,-0.3303553426652603,Hill / Himalayan orographic,10.0,7.320445740222932,9.410016600014508,10.386870694579752,11.207331013994713,10.386870694579752,0.004008553730848405,0.0
srinagar,2026-08-19,5.2,0.0,34.08,74.8,Normal,-0.3303553426652603,Hill / Himalayan orographic,5.2,2.6520632624626153,3.270720692873001,2.1419331711320435,0.9543671602365726,2.1419331711320435,0.006687890913353885,0.0
surat,2026-08-19,2.6,0.0,21.17,72.83,Normal,-0.3303553426652603,West-coast orographic,2.6,0.6617790505290031,0.5282213252782821,0.7132876421283888,0.0,0.7132876421283888,0.00021063176732767514,0.0
thiruvananthapuram,2026-08-19,1.1,0.0,8.52,76.94,Normal,-0.3303553426652603,West-coast orographic,1.1,0.019999639689922348,0.0,0.27355291278617394,0.0,0.27355291278617394,0.000153823138387768,0.0
varanasi,2026-08-19,24.5,27.130874633789062,25.32,82.97,Normal,-0.3303553426652603,Inland,24.5,19.6198257697256,23.01656735153642,12.363557846201036,20.505044589427502,12.363557846201036,0.014970272923773337,0.0
vijayawada,2026-08-19,1.2,4.302905559539795,16.51,80.65,Normal,-0.3303553426652603,Inland,1.2,0.050083705224096886,0.11834257245063781,1.2953507530210773,0.3561433211313371,1.2953507530210773,0.00018123120491878494,0.0
visakhapatnam,2026-08-19,0.2,0.0,17.69,83.22,Normal,-0.3303553426652603,East coast,0.2,0.0,0.0,0.8419125651719994,0.0016630427547296035,0.8419125651719994,0.0001467007555439228,0.0
agartala,2026-08-20,2.0,9.997726440429688,23.83,91.29,Normal,-0.2874776739830508,Inland,2.0,0.3177155368030075,0.48408369093798587,6.843447250165533,8.260822674091683,6.843447250165533,0.0002445828296436934,0.0
ahmedabad,2026-08-20,0.5,0.0,23.02,72.57,Normal,-0.2874776739830508,Inland,0.5,0.0,0.0,0.031183371240496995,0.0,0.031183371240496995,0.00023581628137239592,0.0
amritsar,2026-08-20,0.6000000000000001,0.0,31.63,74.87,Normal,-0.2874776739830508,Inland,0.6000000000000001,0.0,0.0,2.2371540967009182,1.236406014405475,2.2371540967009182,0.0005722223768431412,0.0
bengaluru,2026-08-20,10.5,9.94897747039795,12.97,77.59,Normal,-0.2874776739830508,Inland,10.5,7.690037870407103,7.650932226181034,4.731816377157433,5.166572741754948,4.731816377157433,0.007719911409921602,0.0
bhopal,2026-08-20,3.8,1.1297460794448853,23.26,77.41,Normal,-0.2874776739830508,Inland,3.8,1.5861668785413106,1.8671948297818493,4.797349294601959,5.258677478944687,4.797349294601959,0.030440934076814308,0.0
bhubaneswar,2026-08-20,2.7,0.0,20.3,85.82,Normal,-0.2874776739830508,East coast,2.7,0.7089693486690521,0.18182895370782964,4.269670516520607,4.497452223972886,4.269670516520607,0.00023800774649136307,0.0
chandigarh,2026-08-20,3.0,9.472845077514648,30.73,76.78,Normal,-0.2874776739830508,Inland,3.0,0.9682709932327267,1.1677699923515321,7.288390311639947,9.042541888633796,7.288390311639947,0.0006974323122602235,0.0
chennai,2026-08-20,6.7,0.04477102309465408,13.08,80.27,Normal,-0.2874776739830508,East coast,6.7,4.099287160237631,3.399318409278442,2.6588614201011342,1.4256742424777398,2.6588614201011342,0.0018119715815825372,0.0
dehradun,2026-08-20,4.5,40.3106803894043,30.32,78.03,Normal,-0.2874776739830508,Hill / Himalayan orographic,4.5,2.1546030044555673,2.597418023066915,9.800892373978305,9.838316923367508,9.800892373978305,0.005312787177737179,0.0
delhi,2026-08-20,2.9,0.5203345417976379,28.61,77.21,Normal,-0.2874776739830508,Inland,2.9,0.8937811970710754,1.1008451116085052,6.1840379245381785,7.355173999055505,6.1840379245381785,0.0004938525093294623,0.0
gangtok,2026-08-20,14.2,0.8815869688987732,27.33,88.61,Normal,-0.2874776739830508,Hill / Himalayan orographic,14.2,10.995355019070182,14.142044047410574,16.732903560408356,25.572214640031557,16.732903560408356,0.0037636985641698625,0.0
guwahati,2026-08-20,28.8,1.0444945096969604,26.14,91.74,Normal,-0.2874776739830508,Inland,28.8,22.7808269375781,28.05394223704089,10.503132650407055,16.71955043247584,10.503132650407055,0.001993905207664156,0.0
hyderabad,2026-08-20,1.0,3.6395139694213867,17.39,78.49,Normal,-0.2874776739830508,Inland,1.0,0.0013904732622905082,0.08588373139500625,0.976502387034653,0.07110052716368762,0.976502387034653,0.0001637152705610479,0.0
jabalpur,2026-08-20,22.9,51.796470642089844,23.18,79.95,Normal,-0.2874776739830508,Inland,22.9,18.48760198626602,21.178566161882806,20.287023519167878,35.68363795891638,20.287023519167878,0.03313939128929452,0.0
jaipur,2026-08-20,12.9,0.0,26.91,75.79,Normal,-0.2874776739830508,Inland,12.9,9.721682113409043,11.168727221918326,6.424432366605888,7.591869924381023,6.424432366605888,0.00986042558262003,0.0
jodhpur,2026-08-20,1.0,0.0,26.24,73.02,Normal,-0.2874776739830508,Inland,1.0,0.0013904732622905082,0.08588373139500625,0.2363858824552395,0.0,0.2363858824552395,0.0003074410636619102,0.0
kochi,2026-08-20,35.0,1.1583919525146484,9.93,76.27,Normal,-0.2874776739830508,West-coast orographic,35.0,26.265350300925125,12.629497025851546,19.547664224853676,19.17952676230243,19.547664224853676,0.006219442571101491,0.0
kolkata,2026-08-20,4.5,0.0,22.57,88.36,Normal,-0.2874776739830508,East coast,4.5,2.1546030044555673,1.063831810110905,4.412418868339155,4.829913488852255,4.412418868339155,0.006612947607406997,0.0
lucknow,2026-08-20,5.0,15.023032188415527,26.85,80.95,Normal,-0.2874776739830508,Inland,5.0,2.488425815105438,2.6536309286674333,3.2223668076749052,2.464539461728308,3.2223668076749052,0.02046519615615361,0.0
madurai,2026-08-20,1.7,2.0579030513763428,9.93,78.12,Normal,-0.2874776739830508,Inland,1.7,0.1952446281909943,0.3999231588840484,0.6387653419903865,0.0,0.6387653419903865,0.0001718100829641677,0.0
mangaluru,2026-08-20,16.400000000000002,34.65928268432617,12.91,74.86,Normal,-0.2874776739830508,West-coast orographic,16.400000000000002,12.76338701248169,7.367405219182392,20.82897593722075,22.489430941334223,20.82897593722075,0.04084397518688458,0.0
mumbai,2026-08-20,4.5,5.365706443786621,19.08,72.88,Normal,-0.2874776739830508,West-coast orographic,4.5,2.1546030044555673,1.820193488591546,3.84024727912709,4.337805857775589,3.84024727912709,0.004390045133979531,0.0
nagpur,2026-08-20,1.5,0.1305345892906189,21.15,79.09,Normal,-0.2874776739830508,Inland,1.5,0.12638271152973177,0.2559761136770248,1.1215702744786786,0.17322138348568422,1.1215702744786786,0.0002083654236109614,0.0
panaji,2026-08-20,8.8,12.255050659179688,15.49,73.83,Normal,-0.2874776739830508,West-coast orographic,8.8,5.948720240592959,4.745483148023019,2.4148348208113593,1.3835395275863662,2.4148348208113593,0.003139680338444283,0.0
patna,2026-08-20,9.1,1.3240745067596436,25.59,85.14,Normal,-0.2874776739830508,Inland,9.1,6.28211340904236,6.406658237263306,5.292442365285654,5.961818730432132,5.292442365285654,0.0030139895130083484,0.0
pune,2026-08-20,1.8,1.195016860961914,18.52,73.86,Normal,-0.2874776739830508,Inland,1.8,0.22467496991157532,0.4180048352479935,0.4198583398683362,0.0,0.4198583398683362,0.00016319869965718872,0.0
raipur,2026-08-20,1.7000000000000002,0.5713059306144714,21.25,81.63,Normal,-0.2874776739830508,Inland,1.7000000000000002,0.1952446281909944,0.3999231588840486,1.5193232387852966,0.6036051878179064,1.5193232387852966,0.00022032725981478796,0.0
ranchi,2026-08-20,0.8,2.892223596572876,23.34,85.31,Normal,-0.2874776739830508,Inland,0.8,0.0,0.0,3.3298446694210044,2.580626362516075,3.3298446694210044,0.00019457922081252108,0.0
shillong,2026-08-20,9.799999999999999,0.6905284523963928,25.58,91.89,Normal,-0.2874776739830508,Hill / Himalayan orographic,9.799999999999999,7.106237542629244,9.353542964769446,11.516511950768127,13.005633607246407,11.516511950768127,0.0010179310865935653,0.0
shimla,2026-08-20,17.2,2.785794973373413,31.1,77.17,Normal,-0.2874776739830508,Hill / Himalayan orographic,17.2,13.582716204903344,18.148370865680263,11.288343846398664,12.703528203054567,11.288343846398664,0.004922931346904153,0.0
srinagar,2026-08-20,8.299999999999999,1.7334004640579224,34.08,74.8,Normal,-0.2874776739830508,Hill / Himalayan orographic,8.299999999999999,5.554369242986045,5.825226461461611,0.8153229588317678,0.0,0.8153229588317678,0.003245213377210635,0.0
surat,2026-08-20,1.4000000000000001,0.0,21.17,72.83,Normal,-0.2874776739830508,West-coast orographic,1.4000000000000001,0.09249268360435961,0.0,0.1484334245372961,0.0,0.1484334245372961,0.00021063176732767514,0.0
thiruvananthapuram,2026-08-20,5.5,0.0,8.52,76.94,Normal,-0.2874776739830508,West-coast orographic,5.5,2.915277377764384,2.795944309234619,0.503011480367376,0.0,0.503011480367376,0.0009029508089612117,0.0
varanasi,2026-08-20,22.8,0.8626322150230408,25.32,82.97,Normal,-0.2874776739830508,Inland,22.8,18.41513540033709,21.06369108752946,12.059291563095325,20.079554118631272,12.059291563095325,0.01053733500112006,0.0
vijayawada,2026-08-20,1.6,0.1774463653564453,16.51,80.65,Normal,-0.2874776739830508,Inland,1.6,0.16581428647041338,0.31236238598823546,1.471153223232431,0.522242594648044,1.471153223232431,0.00018123120491878494,0.0
visakhapatnam,2026-08-20,1.3,0.0,17.69,83.22,Normal,-0.2874776739830508,East coast,1.3,0.06875392347574218,0.00026696686631644907,1.4295134074854157,0.1771730533377305,1.4295134074854157,0.0001467007555439228,0.0
agartala,2026-08-21,1.8,1.090172529220581,23.83,91.29,Normal,-0.09313713206837919,Inland,1.8,0.249508798122406,0.383611501348551,4.35217241696538,5.218613528603668,4.35217241696538,0.00020832275459107535,0.0
ahmedabad,2026-08-21,0.9,0.11832021176815033,23.02,72.57,Normal,-0.09313713206837919,Inland,0.9,0.0,0.053854637593030934,0.1925481204806853,0.0,0.1925481204806853,0.00013956907916287415,0.0
amritsar,2026-08-21,5.0,1.1259387731552124,31.63,74.87,Normal,-0.09313713206837919,Inland,5.0,2.4591290831565864,2.67749743461609,9.359715458693833,15.331374799236263,9.359715458693833,0.008556845526367117,0.0
bengaluru,2026-08-21,2.6,7.96744441986084,12.97,77.59,Normal,-0.09313713206837919,Inland,2.6,0.6495207250118256,0.8306329714946248,1.32132901702356,0.2822750307717951,1.32132901702356,0.00011858262409286958,0.0
bhopal,2026-08-21,12.0,0.0,23.26,77.41,Normal,-0.09313713206837919,Inland,12.0,8.802636555262975,9.614870986938477,8.201839897202866,12.515647608810413,8.201839897202866,0.008320288156072718,0.0
bhubaneswar,2026-08-21,0.0,1.134439468383789,20.3,85.82,Normal,-0.09313713206837919,East coast,0.0,0.0,0.0,0.7347532435522033,0.0,0.7347532435522033,0.00020549168002663822,0.0
chandigarh,2026-08-21,4.7,0.0,30.73,76.78,Normal,-0.09313713206837919,Inland,4.7,2.1642652829488123,2.4386986065802176,10.079949464879252,17.076503196994977,10.079949464879252,0.008022100321168972,0.0
chennai,2026-08-21,3.5,0.0,13.08,80.27,Normal,-0.09313713206837919,East coast,3.5,1.2375126957893374,0.5822178706526755,1.453020320340543,0.21764550317154166,1.453020320340543,0.0016763717132725828,0.0
dehradun,2026-08-21,7.7,27.5179443359375,30.32,78.03,Normal,-0.09313713206837919,Hill / Himalayan orographic,7.7,4.947110891342164,4.558484648938449,9.042171148587945,8.708210544990397,9.042171148587945,0.0009228648804679893,0.0
delhi,2026-08-21,8.6,3.279123544692993,28.61,77.21,Normal,-0.09313713206837919,Inland,8.6,5.55357189178467,5.892319943110148,3.5245605712230823,2.9466578728617385,3.5245605712230823,0.0026631137902975374,0.0
gangtok,2026-08-21,5.3,35.929874420166016,27.33,88.61,Normal,-0.09313713206837919,Hill / Himalayan orographic,5.3,2.6706009825070693,2.975877916498701,13.20253701258902,15.207304423309726,13.20253701258902,0.007586466178993437,0.0
guwahati,2026-08-21,3.1,11.571256637573242,26.14,91.74,Normal,-0.09313713206837919,Inland,3.1,0.9143254399299627,1.191235972642899,3.7702694728460826,3.9093613738563033,3.7702694728460826,0.0002122473854590246,0.0
hyderabad,2026-08-21,0.0,0.15332891047000885,17.39,78.49,Normal,-0.09313713206837919,Inland,0.0,0.0,0.0,0.3554680001890513,0.0,0.3554680001890513,0.00018941764536823508,0.0
jabalpur,2026-08-21,24.599999999999998,11.800731658935547,23.18,79.95,Normal,-0.09313713206837919,Inland,24.599999999999998,19.347773823060308,22.78362901833047,10.948278554249201,19.304872454592207,10.948278554249201,0.0195194012668658,0.0
jaipur,2026-08-21,11.2,0.04229104146361351,26.91,75.79,Normal,-0.09313713206837919,Inland,11.2,8.069848442077639,8.402673692292563,5.434101481585664,6.983255343125045,5.434101481585664,0.001972892786212573,0.0
jodhpur,2026-08-21,0.1,0.0,26.24,73.02,Normal,-0.09313713206837919,Inland,0.1,0.0,0.0,0.24208580933175433,0.0,0.24208580933175433,0.00013035599754060927,0.0
kochi,2026-08-21,22.599999999999998,0.20088456571102142,9.93,76.27,Normal,-0.09313713206837919,West-coast orographic,22.599999999999998,17.828140823208553,11.212394987771269,10.712970976112125,11.046921077772287,10.712970976112125,0.0030126263046037238,0.0
kolkata,2026-08-21,5.9,0.003924792632460594,22.57,88.36,Normal,-0.09313713206837919,East coast,5.9,3.0922905504703526,1.82822036486698,3.641526747473423,2.8684382374257558,3.641526747473423,0.006385039688898591,0.0
lucknow,2026-08-21,9.2,0.0,26.85,80.95,Normal,-0.09313713206837919,Inland,9.2,6.155745840072634,6.5157148392995206,6.110199518485669,7.748299686034285,6.110199518485669,0.0012681759917407556,0.0
madurai,2026-08-21,2.3,3.360325574874878,9.93,78.12,Normal,-0.09313713206837919,Inland,2.3,0.46983318775892285,0.6519725918769836,1.0087230983484827,0.07811880505927858,1.0087230983484827,0.00013616491912544742,0.0
mangaluru,2026-08-21,3.2,0.32751092314720154,12.91,74.86,Normal,-0.09313713206837919,West-coast orographic,3.2,1.050332480669021,0.7986080732793053,5.669415346180354,5.106196537236259,5.669415346180354,0.00015298971719102626,0.0
mumbai,2026-08-21,5.2,0.584871232509613,19.08,72.88,Normal,-0.09313713206837919,West-coast orographic,5.2,2.61961715221405,2.4247540950775166,9.104807574417764,8.729671801288193,9.104807574417764,0.0008939486659603353,0.0
nagpur,2026-08-21,3.3000000000000003,0.08239541202783585,21.15,79.09,Normal,-0.09313713206837919,Inland,3.3000000000000003,1.112688210606575,1.461020789146424,2.536241856648528,1.693238342035276,2.536241856648528,0.00018941764536823508,0.0
panaji,2026-08-21,2.5,12.685476303100586,15.49,73.83,Normal,-0.09313713206837919,West-coast orographic,2.5,0.6026825040578837,0.5077852720306033,3.3086306616735057,2.665889420922878,3.3086306616735057,9.37256973941763e-05,0.0
patna,2026-08-21,5.0,0.0,25.59,85.14,Normal,-0.09313713206837919,Inland,5.0,2.4591290831565864,2.67749743461609,3.0103510574986903,2.2230272525041967,3.0103510574986903,0.0007046586486384961,0.0
pune,2026-08-21,1.4,1.793426513671875,18.52,73.86,Normal,-0.09313713206837919,Inland,1.4,0.09569065868854512,0.20252923727035513,0.7013117757465466,0.0,0.7013117757465466,0.0001547537698502392,0.0
raipur,2026-08-21,2.0,2.3086674213409424,21.25,81.63,Normal,-0.09313713206837919,Inland,2.0,0.3067964434623719,0.4517043328285212,1.6506628516421666,0.5282885084795877,1.6506628516421666,0.00019073487882266955,0.0
ranchi,2026-08-21,3.1,0.0,23.34,85.31,Normal,-0.09313713206837919,Inland,3.1,0.9143254399299627,1.191235972642899,2.719536294873615,1.9164307239652103,2.719536294873615,0.0001767572096889795,0.0
shillong,2026-08-21,8.1,8.155705451965332,25.58,91.89,Normal,-0.09313713206837919,Hill / Himalayan orographic,8.1,5.2185525798797645,4.741938266998682,3.5972688701613262,2.0058477764219935,3.5972688701613262,0.0006370422807917466,0.0
shimla,2026-08-21,28.400000000000002,4.018665790557861,31.1,77.17,Normal,-0.09313713206837919,Hill / Himalayan orographic,28.400000000000002,22.205975066148696,25.9135666914493,5.041291054467416,3.718864243794411,5.041291054467416,0.0012002302006667894,0.0
srinagar,2026-08-21,14.2,0.0,34.08,74.8,Normal,-0.09313713206837919,Hill / Himalayan orographic,14.2,10.842160645742249,11.265269127640067,4.391886850935737,2.8111090351831653,4.391886850935737,0.0012909860253234296,0.0
surat,2026-08-21,0.8,0.0,21.17,72.83,Normal,-0.09313713206837919,West-coast orographic,0.8,0.0,0.0,0.26507954364058617,0.0,0.26507954364058617,0.00014307578670704713,0.0
thiruvananthapuram,2026-08-21,16.3,0.0,8.52,76.94,Normal,-0.09313713206837919,West-coast orographic,16.3,12.30715560913086,8.292050923651505,2.2904465368497697,0.9367084385767429,2.2904465368497697,0.004409621494148384,0.0
varanasi,2026-08-21,4.7,0.10971397906541824,25.32,82.97,Normal,-0.09313713206837919,Inland,4.7,2.1642652829488123,2.4386986065802176,3.4750325580117014,2.8581142002781155,3.4750325580117014,0.0009049161995500596,0.0
vijayawada,2026-08-21,1.6,1.659623146057129,16.51,80.65,Normal,-0.09313713206837919,Inland,1.6,0.1676988143473866,0.2908269017934795,2.0366543386608518,1.0103981446860368,2.0366543386608518,0.00022929257919855115,0.0
visakhapatnam,2026-08-21,5.1000000000000005,0.0,17.69,83.22,Normal,-0.09313713206837919,East coast,5.1000000000000005,2.5393731176853187,1.2137341141700746,2.955848363450562,2.025619511295224,2.955848363450562,0.0012983793408591915,0.0
agartala,2026-08-22,5.7,36.232147216796875,23.83,91.29,Normal,0.8450963088396591,Inland,5.7,2.9256977836291,3.184672861395413,4.9834568600668305,6.37344465665025,4.9834568600668305,0.0013274850763733991,0.0
ahmedabad,2026-08-22,0.30000000000000004,1.0648819208145142,23.02,72.57,Normal,0.8450963088396591,Inland,0.30000000000000004,0.0,0.0,0.21619269996617702,0.0,0.21619269996617702,0.00013200479747355666,0.0
amritsar,2026-08-22,0.6000000000000001,22.94359588623047,31.63,74.87,Normal,0.8450963088396591,Inland,0.6000000000000001,0.0,0.0,1.8731048961186991,0.7922609365409191,1.8731048961186991,0.000411685135435988,0.0
bengaluru,2026-08-22,4.5,0.6483606100082397,12.97,77.59,Normal,0.8450963088396591,Inland,4.5,2.0202422142028813,2.2821887967969983,1.2308619972757944,0.21762001177612433,1.2308619972757944,0.0005541221455664829,0.0
bhopal,2026-08-22,25.400000000000002,0.8030700087547302,23.26,77.41,Normal,0.8450963088396591,Inland,25.400000000000002,19.84061581476076,23.704676601599814,11.752520100017241,21.734778006698885,11.752520100017241,0.0332092927647465,0.0
bhubaneswar,2026-08-22,17.8,2.970174789428711,20.3,85.82,Normal,0.8450963088396591,East coast,17.8,13.75645218629104,10.450966638550662,15.994971897837999,34.78376279106901,15.994971897837999,0.05417193789662145,0.0
chandigarh,2026-08-22,0.7000000000000001,0.0,30.73,76.78,Normal,0.8450963088396591,Inland,0.7000000000000001,0.0,0.0,3.1388995499276238,2.3763324160680503,3.1388995499276238,0.00040270524246718766,0.0
chennai,2026-08-22,1.7,3.1848647594451904,13.08,80.27,Normal,0.8450963088396591,East coast,1.7,0.19203107729554178,0.053994607738161525,1.2550801699834533,0.07327492149727168,1.2550801699834533,0.00011554855141665047,0.0
dehradun,2026-08-22,18.7,0.0,30.32,78.03,Normal,0.8450963088396591,Hill / Himalayan orographic,18.7,14.438791777292897,16.81017674717968,3.294933022788786,1.7970675268181293,3.294933022788786,0.001252081145059257,0.0
delhi,2026-08-22,11.799999999999999,9.455474853515625,28.61,77.21,Normal,0.8450963088396591,Inland,11.799999999999999,8.620582326253254,9.27150894165039,5.619393383455603,7.270480808004817,5.619393383455603,0.0016204683117044382,0.0
gangtok,2026-08-22,6.5,0.042641911655664444,27.33,88.61,Normal,0.8450963088396591,Hill / Himalayan orographic,6.5,3.8389730916506988,3.2960288279480725,9.469812232981418,9.294246195095129,9.469812232981418,0.0010687027690561492,0.0
guwahati,2026-08-22,4.7,2.6561195850372314,26.14,91.74,Normal,0.8450963088396591,Inland,4.7,2.1642652829488123,2.4386986065802176,3.407266527367154,2.7622224453258664,3.407266527367154,0.0006433888230691237,0.0
hyderabad,2026-08-22,0.0,0.2953509986400604,17.39,78.49,Normal,0.8450963088396591,Inland,0.0,0.0,0.0,0.35020307168734177,0.0,0.35020307168734177,0.00016563131368746428,0.0
jabalpur,2026-08-22,24.6,73.61593627929688,23.18,79.95,Normal,0.8450963088396591,Inland,24.6,19.34777382306031,22.783629018330473,13.008284000456168,25.042123435571952,13.008284000456168,0.02301430808826475,0.0
jaipur,2026-08-22,11.299999999999999,0.0,26.91,75.79,Normal,0.8450963088396591,Inland,11.299999999999999,8.167690658569333,8.520604419434463,4.739818142057324,5.719278446848982,4.739818142057324,0.0011956408056585867,0.0
jodhpur,2026-08-22,2.4,0.0,26.24,73.02,Normal,0.8450963088396591,Inland,2.4,0.5558442831039418,0.7119464397430424,0.8110342555147776,0.0,0.8110342555147776,0.0001294476453190725,0.0
kochi,2026-08-22,0.7000000000000001,11.315098762512207,9.93,76.27,Normal,0.8450963088396591,West-coast orographic,0.7000000000000001,0.0,0.0,2.0230845234987243,0.8423971548058882,2.0230845234987243,0.0001590629719831166,0.0
kolkata,2026-08-22,7.6,0.005965556018054485,22.57,88.36,Normal,0.8450963088396591,East coast,7.6,4.852269331614177,3.655345516753708,3.680553396581993,2.915859108790368,3.680553396581993,0.007397201851085785,0.0
lucknow,2026-08-22,0.4,33.69319534301758,26.85,80.95,Normal,0.8450963088396591,Inland,0.4,0.0,0.0,0.7363217059225168,0.0,0.7363217059225168,0.00020283777880857702,0.0
madurai,2026-08-22,0.2,0.0,9.93,78.12,Normal,0.8450963088396591,Inland,0.2,0.0,0.0,0.3097705359563972,0.0,0.3097705359563972,0.00014071621499458335,0.0
mangaluru,2026-08-22,6.9,9.933241844177246,12.91,74.86,Normal,0.8450963088396591,West-coast orographic,6.9,4.199998155781921,3.7525169664958744,10.230269019620884,10.04766611281011,10.230269019620884,0.001151700623859429,0.0
mumbai,2026-08-22,4.9,2.904527425765991,19.08,72.88,Normal,0.8450963088396591,West-coast orographic,4.9,2.3477029502391824,1.6278091007383,8.479847607056863,8.030425000705371,8.479847607056863,0.0008623811656918897,0.0
nagpur,2026-08-22,19.2,3.1534650325775146,21.15,79.09,Normal,0.8450963088396591,Inland,19.2,14.78392228444418,17.647668740057174,11.684327605511086,21.525744550572334,11.684327605511086,0.01862461299857417,0.0
panaji,2026-08-22,3.3000000000000003,20.74782943725586,15.49,73.83,Normal,0.8450963088396591,West-coast orographic,3.3000000000000003,1.112688210606575,0.8311938606268204,4.395664744833411,3.6607758011476856,4.395664744833411,0.00010557190951979949,0.0
patna,2026-08-22,1.2,0.0,25.59,85.14,Normal,0.8450963088396591,Inland,1.2,0.03133102394640446,0.10503129228949581,0.611219236534544,0.0,0.611219236534544,0.00016076408250094098,0.0
pune,2026-08-22,1.8,0.6902825236320496,18.52,73.86,Normal,0.8450963088396591,Inland,1.8,0.249508798122406,0.383611501348551,1.006229718465759,0.07687473322991768,1.006229718465759,0.00015959078686369083,0.0
raipur,2026-08-22,10.9,0.6901991963386536,21.25,81.63,Normal,0.8450963088396591,Inland,10.9,7.776321792602555,8.06161890229629,5.238977258812289,6.695361117094557,5.238977258812289,0.008229321619694255,0.0
ranchi,2026-08-22,1.2000000000000002,0.1587800532579422,23.34,85.31,Normal,0.8450963088396591,Inland,1.2000000000000002,0.05471715983003381,0.1352594316005707,1.4126609870910292,0.3331531270552027,1.4126609870910292,0.00015779127052383349,0.0
shillong,2026-08-22,2.4,8.333904266357422,25.58,91.89,Normal,0.8450963088396591,Hill / Himalayan orographic,2.4,0.5558442831039418,0.9779462917645776,3.1013298862858085,1.6917929116628203,3.1013298862858085,0.00015877864735897628,0.0
shimla,2026-08-22,14.3,4.2001824378967285,31.1,77.17,Normal,0.8450963088396591,Hill / Himalayan orographic,14.3,10.899036256850698,11.353173752329706,4.518960414910338,3.024667846953759,4.518960414910338,0.0008039093675122152,0.0
srinagar,2026-08-22,0.8,0.08753356337547302,34.08,74.8,Normal,0.8450963088396591,Hill / Himalayan orographic,0.8,0.0,0.12501290043659302,0.1896789406644512,0.0,0.1896789406644512,0.0002155100021766104,0.0
surat,2026-08-22,1.3,5.841127872467041,21.17,72.83,Normal,0.8450963088396591,West-coast orographic,1.3,0.08126410543918593,0.0,0.4071503764096378,0.0,0.4071503764096378,0.00014390687755536555,0.0
thiruvananthapuram,2026-08-22,0.6000000000000001,0.0,8.52,76.94,Normal,0.8450963088396591,West-coast orographic,0.6000000000000001,0.0,0.0,0.3791182524738896,0.0,0.3791182524738896,0.00014673949902458127,0.0
varanasi,2026-08-22,3.3,0.0,25.32,82.97,Normal,0.8450963088396591,Inland,3.3,1.1126882106065745,1.4610207891464235,1.6700739808603051,0.5784117186975319,1.6700739808603051,0.00015779127052383349,0.0
vijayawada,2026-08-22,0.8999999999999999,0.1774463653564453,16.51,80.65,Normal,0.8450963088396591,Inland,0.8999999999999999,0.0,0.03138263642787931,0.9066736367069125,0.026556102226745454,0.9066736367069125,0.0001874779557634202,0.0
visakhapatnam,2026-08-22,6.6,1.2874823808670044,17.69,83.22,Normal,0.8450963088396591,East coast,6.6,3.932546088315436,2.4997646213127123,1.2697143943362648,0.07677950100081508,1.2697143943362648,0.0014696145612300869,0.0
agartala,2026-08-23,3.6,19.81180191040039,23.83,91.29,Normal,-0.29626349761469334,Inland,3.6,1.2999814510345462,1.6930112481117245,8.320233793331637,12.744004742311416,8.320233793331637,0.0071948360082017306,0.0
ahmedabad,2026-08-23,0.30000000000000004,0.0,23.02,72.57,Normal,-0.29626349761469334,Inland,0.30000000000000004,0.0,0.0,0.19100428183841522,0.0,0.19100428183841522,0.00013896823037665254,0.0
amritsar,2026-08-23,0.0,0.0,31.63,74.87,Normal,-0.29626349761469334,Inland,0.0,0.0,0.0,0.9955584866821665,0.07081240835034039,0.9955584866821665,0.0005087453664273601,0.0
bengaluru,2026-08-23,7.3999999999999995,0.6653746962547302,12.97,77.59,Normal,-0.29626349761469334,Inland,7.3999999999999995,4.662586212158202,5.165888840156267,2.358825104291043,1.5411922441329604,2.358825104291043,0.000758049463016235,0.0
bhopal,2026-08-23,16.0,2.000093460083008,23.26,77.41,Normal,-0.29626349761469334,Inland,16.0,12.055346636772155,14.160104792272046,7.266944286392954,9.98037446856727,7.266944286392954,0.026657727767987017,0.0
bhubaneswar,2026-08-23,31.099999999999998,0.22499927878379822,20.3,85.82,Normal,-0.29626349761469334,East coast,31.099999999999998,24.188169751290893,25.64273443913403,6.576490785179622,7.514627234805462,6.576490785179622,0.008539622083477362,0.0
chandigarh,2026-08-23,0.1,10.183340072631836,30.73,76.78,Normal,-0.29626349761469334,Inland,0.1,0.0,0.0,3.2792503910165003,2.5796127264396023,3.2792503910165003,0.0005146376962487784,0.0
chennai,2026-08-23,0.30000000000000004,0.09842869639396667,13.08,80.27,Normal,-0.29626349761469334,East coast,0.30000000000000004,0.0,0.0,0.6501515191699836,0.0,0.6501515191699836,0.00011673034719419966,0.0
dehradun,2026-08-23,3.1,4.823648452758789,30.32,78.03,Normal,-0.29626349761469334,Hill / Himalayan orographic,3.1,0.9143254399299627,1.2100500213115586,9.784348119883036,9.406959602480462,9.784348119883036,0.00031252056131385255,0.0
delhi,2026-08-23,5.0,3.3160207271575928,28.61,77.21,Normal,-0.29626349761469334,Inland,5.0,2.4591290831565864,2.67749743461609,6.976867017311218,9.219466183122426,6.976867017311218,0.011001469750466876,0.0
gangtok,2026-08-23,17.2,39.862178802490234,27.33,88.61,Normal,-0.29626349761469334,Hill / Himalayan orographic,17.2,13.289920139312747,15.139340860645543,9.574025603522204,9.331590881593291,9.574025603522204,0.0019997600959606072,0.0
guwahati,2026-08-23,47.699999999999996,5.578455924987793,26.14,91.74,Normal,-0.29626349761469334,Inland,47.699999999999996,36.94784833135622,42.19407881779643,5.046564601952887,6.452950719549086,5.046564601952887,0.002045879723441361,0.0
hyderabad,2026-08-23,3.7,12.693389892578125,17.39,78.49,Normal,-0.29626349761469334,Inland,3.7,1.4576478958129877,1.7337631940841673,3.0113993232320992,2.2241995019312877,3.0113993232320992,0.004457380468471927,0.0
jabalpur,2026-08-23,23.9,28.045974731445312,23.18,79.95,Normal,-0.29626349761469334,Inland,23.9,18.916537080322417,21.977712382969795,8.50322218962563,13.09695119485651,8.50322218962563,0.013199911249537871,0.0
jaipur,2026-08-23,1.6,0.0,26.91,75.79,Normal,-0.29626349761469334,Inland,1.6,0.1676988143473866,0.2908269017934795,1.9798320825077902,0.8763628133027223,1.9798320825077902,0.00025702865456315717,0.0
jodhpur,2026-08-23,0.0,0.0,26.24,73.02,Normal,-0.29626349761469334,Inland,0.0,0.0,0.0,0.0843739237127223,0.0,0.0843739237127223,0.00012979480617952748,0.0
kochi,2026-08-23,7.9,25.406570434570312,9.93,76.27,Normal,-0.29626349761469334,West-coast orographic,7.9,5.082831735610965,4.524653131452059,5.339054155391137,4.935251954732955,5.339054155391137,0.001005473298550869,0.0
kolkata,2026-08-23,8.1,0.01514071598649025,22.57,88.36,Normal,-0.29626349761469334,East coast,8.1,5.2185525798797645,4.263401199527135,4.3412714573982365,4.520924264761193,4.3412714573982365,0.010326551538277584,0.0
lucknow,2026-08-23,0.9,4.36065673828125,26.85,80.95,Normal,-0.29626349761469334,Inland,0.9,0.0,0.053854637593030934,0.9563161347407009,0.04971345275567664,0.9563161347407009,0.00022735221104472445,0.0
madurai,2026-08-23,0.30000000000000004,0.0,9.93,78.12,Normal,-0.29626349761469334,Inland,0.30000000000000004,0.0,0.0,0.41125974775572716,0.0,0.41125974775572716,0.00014020871901283602,0.0
mangaluru,2026-08-23,29.2,9.577320098876953,12.91,74.86,Normal,-0.29626349761469334,West-coast orographic,29.2,22.860281942994778,13.167310218209888,6.6497452053530175,6.197185322979724,6.6497452053530175,0.003746384593597462,0.0
mumbai,2026-08-23,4.7,19.558271408081055,19.08,72.88,Normal,-0.29626349761469334,West-coast orographic,4.7,2.1642652829488123,1.3973161734622779,8.535475772763986,8.057078095101536,8.535475772763986,0.000959459091594966,0.0
nagpur,2026-08-23,26.900000000000002,2.3063361644744873,21.15,79.09,Normal,-0.29626349761469334,Inland,26.900000000000002,20.982824988355617,25.211529728473028,5.269211877008044,6.7334520926888715,5.269211877008044,0.009799318952691512,0.0
panaji,2026-08-23,12.7,5.2348246574401855,15.49,73.83,Normal,-0.29626349761469334,West-coast orographic,12.7,9.429929542541506,7.567900404204492,7.658287800307281,7.541381895157899,7.658287800307281,0.0013003467357302542,0.0
patna,2026-08-23,0.7000000000000001,0.517924427986145,25.59,85.14,Normal,-0.29626349761469334,Inland,0.7000000000000001,0.0,0.0,1.0261529312615123,0.08681541974996894,1.0261529312615123,0.0001801945166254845,0.0
pune,2026-08-23,5.9,1.836872935295105,18.52,73.86,Normal,-0.29626349761469334,Inland,5.9,3.0922905504703526,3.4988522107852877,3.145142617021579,2.385399018680689,3.145142617021579,0.0012843356340964361,0.0
raipur,2026-08-23,9.6,5.125238418579102,21.25,81.63,Normal,-0.29626349761469334,Inland,9.6,6.659543389081962,7.003654333114625,6.8679133646811295,8.966783116789067,6.8679133646811295,0.006383203009174346,0.0
ranchi,2026-08-23,0.0,2.3046457767486572,23.34,85.31,Normal,-0.29626349761469334,Inland,0.0,0.0,0.0,1.0487806345762367,0.09810551174599204,1.0487806345762367,0.00017686246514267797,0.0
shillong,2026-08-23,15.7,1.934126377105713,25.58,91.89,Normal,-0.29626349761469334,Hill / Himalayan orographic,15.7,11.80353766441345,13.416731802161765,9.779897562782613,9.405364752810069,9.779897562782613,0.000953378405674741,0.0
shimla,2026-08-23,0.8,4.200124740600586,31.1,77.17,Normal,-0.29626349761469334,Hill / Himalayan orographic,0.8,0.0,0.12501290043659302,3.2315408584033682,1.7636762493866762,3.2315408584033682,0.00030932669713211626,0.0
srinagar,2026-08-23,1.5,9.12344741821289,34.08,74.8,Normal,-0.29626349761469334,Hill / Himalayan orographic,1.5,0.14336655139923135,0.4819539189338684,1.8424540125864246,0.35575550888908014,1.8424540125864246,0.00022583091882791165,0.0
surat,2026-08-23,1.0,3.7011165618896484,21.17,72.83,Normal,-0.29626349761469334,West-coast orographic,1.0,0.0043370995001914435,0.0,0.30474594849459274,0.0,0.30474594849459274,0.00014245984359779026,0.0
thiruvananthapuram,2026-08-23,1.9000000000000001,1.832369327545166,8.52,76.94,Normal,-0.29626349761469334,West-coast orographic,1.9000000000000001,0.278152620792389,0.1852930145086062,0.6994000977320518,0.0,0.6994000977320518,0.00014621028311919275,0.0
varanasi,2026-08-23,1.5999999999999999,0.0,25.32,82.97,Normal,-0.29626349761469334,Inland,1.5999999999999999,0.16769881434738654,0.29082690179347936,1.6326414775809446,0.5110868739789686,1.6326414775809446,0.00017686246514267797,0.0
vijayawada,2026-08-23,4.3999999999999995,2.190359592437744,16.51,80.65,Normal,-0.29626349761469334,Inland,4.3999999999999995,1.9476675165110584,2.2210178803397223,2.911941962086782,2.1203715730153503,2.911941962086782,0.001682476423004272,0.0
visakhapatnam,2026-08-23,1.0,7.464624404907227,17.69,83.22,Normal,-0.29626349761469334,East coast,1.0,0.0043370995001914435,0.0,0.5853954094679815,0.0,0.5853954094679815,0.00019854029101300195,0.0
agartala,2026-08-24,0.4,31.685178756713867,23.83,91.29,Normal,-0.7057528251088658,Inland,0.4,0.0,0.0,2.416974760496142,1.6054473592683454,2.416974760496142,0.00017819115378577116,0.0
ahmedabad,2026-08-24,0.0,0.11832021176815033,23.02,72.57,Normal,-0.7057528251088658,Inland,0.0,0.0,0.0,0.1082849737735543,0.0,0.1082849737735543,0.0001783721417931925,0.0
amritsar,2026-08-24,0.0,0.0,31.63,74.87,Normal,-0.7057528251088658,Inland,0.0,0.0,0.0,1.5817890863133688,0.4625476091540088,1.5817890863133688,0.0007255800335271413,0.0
bengaluru,2026-08-24,10.0,11.966999053955078,12.97,77.59,Normal,-0.7057528251088658,Inland,10.0,7.0834788096578585,7.309219999313357,4.8875258809931275,6.0814395358813025,4.8875258809931275,0.0030281787913390384,0.0
bhopal,2026-08-24,42.3,16.49012565612793,23.26,77.41,Normal,-0.7057528251088658,Inland,42.3,32.61112812978781,39.092715867324046,10.878716230404114,19.09746688999752,10.878716230404114,0.02668016190294463,0.0
bhubaneswar,2026-08-24,14.5,37.373497009277344,20.3,85.82,Normal,-0.7057528251088658,East coast,14.5,11.012787479067594,9.552148627928586,9.73559567435076,20.824862554186577,9.73559567435076,0.009502394175731583,0.0
chandigarh,2026-08-24,0.0,2.2728188037872314,30.73,76.78,Normal,-0.7057528251088658,Inland,0.0,0.0,0.0,2.8479961863904872,2.060142089267745,2.8479961863904872,0.0007682316338821553,0.0
chennai,2026-08-24,3.4,11.478473663330078,13.08,80.27,Normal,-0.7057528251088658,East coast,3.4,1.1750439405441284,0.5511303246021265,1.0405443244199803,0.023409057843108837,1.0405443244199803,0.00011252003658566131,0.0
dehradun,2026-08-24,6.2,3.5340020656585693,30.32,78.03,Normal,-0.7057528251088658,Hill / Himalayan orographic,6.2,3.362375140190124,3.240514321380074,16.539324983526438,25.567430426134056,16.539324983526438,0.0024200179104047477,0.0
delhi,2026-08-24,0.0,0.17344485223293304,28.61,77.21,Normal,-0.7057528251088658,Inland,0.0,0.0,0.0,0.40364105678135587,0.0,0.40364105678135587,0.0005781147492724643,0.0
gangtok,2026-08-24,2.4,0.21811328828334808,27.33,88.61,Normal,-0.7057528251088658,Hill / Himalayan orographic,2.4,0.5558442831039418,0.9779462917645776,9.478162178225073,9.297238383964782,9.478162178225073,0.00024549790640584406,0.0
guwahati,2026-08-24,10.4,12.472637176513672,26.14,91.74,Normal,-0.7057528251088658,Inland,10.4,7.494648344923824,7.610011663436894,4.230046680496083,4.94572151051764,4.230046680496083,0.0011921805160778748,0.0
hyderabad,2026-08-24,16.0,11.065743446350098,17.39,78.49,Normal,-0.7057528251088658,Inland,16.0,12.055346636772155,14.160104792272046,9.377818745596668,15.365713298193128,9.377818745596668,0.02212244354147588,0.0
jabalpur,2026-08-24,10.7,0.0,23.18,79.95,Normal,-0.7057528251088658,Inland,10.7,7.662394609683908,7.839754581451419,6.934307782797018,9.120763683314001,6.934307782797018,0.010582012808503684,0.0
jaipur,2026-08-24,4.8999999999999995,0.0,26.91,75.79,Normal,-0.7057528251088658,Inland,4.8999999999999995,2.3477029502391815,2.6036694335937507,4.678716730899746,5.6453108286554485,4.678716730899746,0.013984263120924918,0.0
jodhpur,2026-08-24,0.0,0.0,26.24,73.02,Normal,-0.7057528251088658,Inland,0.0,0.0,0.0,0.13764256918018145,0.0,0.13764256918018145,0.00016659806156770653,0.0
kochi,2026-08-24,32.300000000000004,34.097232818603516,9.93,76.27,Normal,-0.7057528251088658,West-coast orographic,32.300000000000004,24.68943674079718,14.50036604660558,8.08521569896989,7.779136982229011,8.08521569896989,0.004053307310580061,0.0
kolkata,2026-08-24,6.2,0.11518840491771698,22.57,88.36,Normal,-0.7057528251088658,East coast,6.2,3.362375140190124,1.9613931197522374,4.9194805387606,4.84992028802098,4.9194805387606,0.003861612376474492,0.0
lucknow,2026-08-24,8.0,2.052156925201416,26.85,80.95,Normal,-0.7057528251088658,Inland,8.0,5.150692157745365,5.647526741027832,3.4187563619259587,2.778481039631529,3.4187563619259587,0.0017607737924646037,0.0
madurai,2026-08-24,1.2,0.0,9.93,78.12,Normal,-0.7057528251088658,Inland,1.2,0.03133102394640446,0.10503129228949581,0.3437317157804441,0.0,0.3437317157804441,0.00013911698034072345,0.0
mangaluru,2026-08-24,62.1,22.807086944580078,12.91,74.86,Normal,-0.7057528251088658,West-coast orographic,62.1,44.94169165606051,29.67697855653813,15.317347909589854,17.933210697461526,15.317347909589854,0.0032606893575328616,0.0
mumbai,2026-08-24,7.7,1.6257685422897339,19.08,72.88,Normal,-0.7057528251088658,West-coast orographic,7.7,4.947110891342164,4.419069779688619,10.136637131057258,9.945043111089234,10.136637131057258,0.0034027547224562576,0.0
nagpur,2026-08-24,16.8,4.311720848083496,21.15,79.09,Normal,-0.7057528251088658,Inland,16.8,12.853135903676353,15.102479899101652,10.324704553919982,17.686871486854276,10.324704553919982,0.022901091949199433,0.0
panaji,2026-08-24,19.0,19.884065628051758,15.49,73.83,Normal,-0.7057528251088658,West-coast orographic,19.0,14.645870081583668,9.344001093415494,7.153072338966966,6.974438358011146,7.153072338966966,0.002810653766787654,0.0
patna,2026-08-24,1.7999999999999998,0.0,25.59,85.14,Normal,-0.7057528251088658,Inland,1.7999999999999998,0.24950879812240587,0.3836115013485508,1.6118324245550693,0.4912243638707444,1.6118324245550693,0.00016380566155280106,0.0
pune,2026-08-24,2.2,0.5526770353317261,18.52,73.86,Normal,-0.7057528251088658,Inland,2.2,0.4352810867130758,0.5906436854600907,1.2740661850170785,0.24621436813441083,1.2740661850170785,0.00019057277336757703,0.0
raipur,2026-08-24,9.799999999999999,20.628786087036133,21.25,81.63,Normal,-0.7057528251088658,Inland,9.799999999999999,6.860245329141619,7.158154870986939,6.707325859329951,8.611362505445442,6.707325859329951,0.0067529276336769205,0.0
ranchi,2026-08-24,6.1,20.44133186340332,23.34,85.31,Normal,-0.7057528251088658,Inland,6.1,3.272346943616866,3.755689496617567,5.395636852031155,6.91264550114785,5.395636852031155,0.001188885168429418,0.0
shillong,2026-08-24,10.3,9.218661308288574,25.58,91.89,Normal,-0.7057528251088658,Hill / Himalayan orographic,10.3,7.43873292333713,8.101556384563446,8.970313498115667,8.638773335687066,8.970313498115667,0.0014170830804934034,0.0
shimla,2026-08-24,1.5,1.4656593799591064,31.1,77.17,Normal,-0.7057528251088658,Hill / Himalayan orographic,1.5,0.14336655139923135,0.4819539189338684,7.342870583477858,6.437759138073914,7.342870583477858,0.00038761938305927323,0.0
srinagar,2026-08-24,0.0,0.0,34.08,74.8,Normal,-0.7057528251088658,Hill / Himalayan orographic,0.0,0.0,0.0,0.20970229672031565,0.0,0.20970229672031565,0.00028007570602761475,0.0
surat,2026-08-24,0.30000000000000004,0.5841127634048462,21.17,72.83,Normal,-0.7057528251088658,West-coast orographic,0.30000000000000004,0.0,0.0,0.3664948733742633,0.0,0.3664948733742633,0.00018957603253874392,0.0
thiruvananthapuram,2026-08-24,10.1,10.84518051147461,8.52,76.94,Normal,-0.7057528251088658,West-coast orographic,10.1,7.206361320144269,5.543535853137931,1.6966589358437119,0.78815705227272,1.6966589358437119,0.0011398722506050524,0.0
varanasi,2026-08-24,5.0,1.2412725687026978,25.32,82.97,Normal,-0.7057528251088658,Inland,5.0,2.4591290831565864,2.67749743461609,3.141464425797074,2.38005730159452,3.141464425797074,0.0014187009169086295,0.0
vijayawada,2026-08-24,6.1,9.328572273254395,16.51,80.65,Normal,-0.7057528251088658,Inland,6.1,3.272346943616866,3.755689496617567,4.881570496809528,6.060617451668245,4.881570496809528,0.003774965181164516,0.0
visakhapatnam,2026-08-24,3.2,1.6866148710250854,17.69,83.22,Normal,-0.7057528251088658,East coast,3.2,1.050332480669021,0.38909752249717705,1.940264316442157,0.6755285037938971,1.940264316442157,0.00018793470913476204,0.0
agartala,2026-08-25,4.7,2.1385304927825928,23.83,91.29,Normal,-1.4302750101994133,Inland,4.7,2.1642652829488123,2.4386986065802176,6.4422142990402875,8.14723303207453,6.4422142990402875,0.0007305469271155791,0.0
ahmedabad,2026-08-25,0.0,0.0,23.02,72.57,Normal,-1.4302750101994133,Inland,0.0,0.0,0.0,0.9561893447963719,0.04965977294000874,0.9561893447963719,0.00021426916548826654,0.0
amritsar,2026-08-25,0.30000000000000004,0.0,31.63,74.87,Normal,-1.4302750101994133,Inland,0.30000000000000004,0.0,0.0,0.24567306060520383,0.0,0.24567306060520383,0.00026807716146751343,0.0
bengaluru,2026-08-25,12.5,4.936269283294678,12.97,77.59,Normal,-1.4302750101994133,Inland,12.5,9.260016032627652,10.259860561595241,1.5805200175300684,0.4613362665953161,1.5805200175300684,0.0006214656467521672,0.0
bhopal,2026-08-25,36.7,17.480998992919922,23.26,77.41,Normal,-1.4302750101994133,Inland,36.7,27.770777039720834,34.5422489637352,5.8573469153487165,7.444604604825386,5.8573469153487165,0.003225390371041881,0.0
bhubaneswar,2026-08-25,3.1,9.592655181884766,20.3,85.82,Normal,-1.4302750101994133,East coast,3.1,0.9143254399299627,0.35876060105896934,5.545322868981251,5.610080555955672,5.545322868981251,0.00011991963813641181,0.0
chandigarh,2026-08-25,0.0,0.0,30.73,76.78,Normal,-1.4302750101994133,Inland,0.0,0.0,0.0,0.25295562273841765,0.0,0.25295562273841765,0.0002763135964892651,0.0
chennai,2026-08-25,11.8,17.022735595703125,13.08,80.27,Normal,-1.4302750101994133,East coast,11.8,8.620582326253254,7.475579309971855,3.1162665155872364,2.2127515331850303,3.1162665155872364,0.001852582710070227,0.0
dehradun,2026-08-25,4.0,3.584918260574341,30.32,78.03,Normal,-1.4302750101994133,Hill / Himalayan orographic,4.0,1.6495785117149353,1.7978667681422458,7.1303632472157465,6.14958918165297,7.1303632472157465,0.001064722392373978,0.0
delhi,2026-08-25,0.1,29.08436393737793,28.61,77.21,Normal,-1.4302750101994133,Inland,0.1,0.0,0.0,0.31593654225081075,0.0,0.31593654225081075,0.0002746821286808548,0.0
gangtok,2026-08-25,3.8000000000000003,2.5516715049743652,27.33,88.61,Normal,-1.4302750101994133,Hill / Himalayan orographic,3.8000000000000003,1.5216247677803036,1.7003267665849116,16.38637002494874,25.40461013295776,16.38637002494874,0.002511689606225116,0.0
guwahati,2026-08-25,19.7,1.933517336845398,26.14,91.74,Normal,-1.4302750101994133,Inland,19.7,15.129052791595466,18.136341224773613,4.508227477811793,5.438868852482767,4.508227477811793,0.0007523371663339696,0.0
hyderabad,2026-08-25,15.0,9.029736518859863,17.39,78.49,Normal,-1.4302750101994133,Inland,15.0,11.297165534609835,13.032798631223917,3.0977248107438653,2.320735141754151,3.0977248107438653,0.0009417697480615775,0.0
jabalpur,2026-08-25,43.4,20.49763298034668,23.18,79.95,Normal,-1.4302750101994133,Inland,43.4,33.495835560892026,39.72447498686471,14.177296420053464,27.205745820552416,14.177296420053464,0.0030245686537826093,0.0
jaipur,2026-08-25,1.0,15.749846458435059,26.91,75.79,Normal,-1.4302750101994133,Inland,1.0,0.0043370995001914435,0.07635371387004858,0.4243304299210045,0.0,0.4243304299210045,0.0001799387439455796,0.0
jodhpur,2026-08-25,0.0,0.0,26.24,73.02,Normal,-1.4302750101994133,Inland,0.0,0.0,0.0,0.23484293472621617,0.0,0.23484293472621617,0.00018548214251650982,0.0
kochi,2026-08-25,116.7,70.8659896850586,9.93,76.27,Normal,-1.4302750101994133,West-coast orographic,116.7,80.48031879771861,56.652915186824806,16.022498474702044,18.277712431419797,16.022498474702044,0.004184288219775173,1.0
kolkata,2026-08-25,7.4,14.0752534866333,22.57,88.36,Normal,-1.4302750101994133,East coast,7.4,4.662586212158203,3.3702308430660204,5.807486546262658,6.560958676379671,5.807486546262658,0.0008644978407315873,0.0
lucknow,2026-08-25,4.3,2.617912769317627,26.85,80.95,Normal,-1.4302750101994133,Inland,4.3,1.8750928188192362,2.1598469638824462,4.616615162611303,5.570126731693404,4.616615162611303,0.0009414008422965016,0.0
madurai,2026-08-25,8.8,0.0,9.93,78.12,Normal,-1.4302750101994133,Inland,8.8,5.720587122440341,6.074990110397341,1.786896609335576,0.7087489755750087,1.786896609335576,0.0006680705751364081,0.0
mangaluru,2026-08-25,97.7,42.088836669921875,12.91,74.86,Normal,-1.4302750101994133,West-coast orographic,97.7,67.80138274353828,45.54739688044009,20.548237313441955,24.7337573576838,20.548237313441955,0.015363110112555166,1.0
mumbai,2026-08-25,5.5,1.956844687461853,19.08,72.88,Normal,-1.4302750101994133,West-coast orographic,5.5,2.7725686430931087,2.798862906154404,13.787476787525254,15.89880460310314,13.787476787525254,0.006125349828279512,0.0
nagpur,2026-08-25,67.7,2.057448387145996,21.15,79.09,Normal,-1.4302750101994133,Inland,67.7,47.65641052545795,98.85021148933416,12.070803281788185,22.71042545872941,12.070803281788185,0.0034795972209917567,1.0
panaji,2026-08-25,6.3,5.047617435455322,15.49,73.83,Normal,-1.4302750101994133,West-coast orographic,6.3,3.553887617588042,3.3018856239318835,9.327347368830555,9.130301723724552,9.327347368830555,0.0023959178591949526,0.0
patna,2026-08-25,2.7,14.262490272521973,25.59,85.14,Normal,-1.4302750101994133,Inland,2.7,0.7333508968353275,0.8738018929958351,2.9724798466169045,2.1806768218409296,2.9724798466169045,9.939269717792605e-05,0.0
pune,2026-08-25,4.3,1.2809172868728638,18.52,73.86,Normal,-1.4302750101994133,Inland,4.3,1.8750928188192362,2.1598469638824462,3.121339954975991,2.3508311893361604,3.121339954975991,0.0014733692102389374,0.0
raipur,2026-08-25,17.8,63.66008377075195,21.25,81.63,Normal,-1.4302750101994133,Inland,17.8,13.75645218629104,16.223744926775915,7.731114682738475,11.299655185397604,7.731114682738475,0.0016140778271596665,0.0
ranchi,2026-08-25,1.4000000000000001,12.20818042755127,23.34,85.31,Normal,-1.4302750101994133,Inland,1.4000000000000001,0.09569065868854516,0.20252923727035518,3.6107533185882006,3.1109176507551415,3.6107533185882006,9.755463983771515e-05,0.0
shillong,2026-08-25,2.7,17.977556228637695,25.58,91.89,Normal,-1.4302750101994133,Hill / Himalayan orographic,2.7,0.7333508968353275,1.0602812631924947,7.150964016612022,6.2034232362754205,7.150964016612022,8.612896438236329e-05,0.0
shimla,2026-08-25,0.6,0.0,31.1,77.17,Normal,-1.4302750101994133,Hill / Himalayan orographic,0.6,0.0,0.05638499551436357,0.36808422698354387,0.0,0.36808422698354387,0.00018865164357478905,0.0
srinagar,2026-08-25,0.0,0.0,34.08,74.8,Normal,-1.4302750101994133,Hill / Himalayan orographic,0.0,0.0,0.0,0.11840547258606875,0.0,0.11840547258606875,0.00022689517662943985,0.0
surat,2026-08-25,0.30000000000000004,0.0,21.17,72.83,Normal,-1.4302750101994133,West-coast orographic,0.30000000000000004,0.0,0.0,4.597284578975026,4.172903764381247,4.597284578975026,0.0005499020409651953,0.0
thiruvananthapuram,2026-08-25,73.0,3.173044443130493,8.52,76.94,Normal,-1.4302750101994133,West-coast orographic,73.0,50.004213554975216,33.771800473737834,6.496021837869742,5.961841614563917,6.496021837869742,0.0022149621477518993,1.0
varanasi,2026-08-25,5.800000000000001,81.4900894165039,25.32,82.97,Normal,-1.4302750101994133,Inland,5.800000000000001,3.0022623538970956,3.3417625360903513,3.174712398852196,2.428342247892532,3.174712398852196,0.0004518490805515359,0.0
vijayawada,2026-08-25,5.1,0.15835613012313843,16.51,80.65,Normal,-1.4302750101994133,Inland,5.1,2.539373117685318,2.726864268779756,3.050280271942538,2.2676790972266003,3.050280271942538,0.0005512369657649449,0.0
visakhapatnam,2026-08-25,0.0,0.22467496991157532,17.69,83.22,Normal,-1.4302750101994133,East coast,0.0,0.0,0.0,0.10529902639570538,0.0,0.10529902639570538,0.00011919539461949757,0.0
agartala,2026-08-26,2.3,0.6207079887390137,23.83,91.29,Normal,-1.0333728393420452,Inland,2.3,0.46983318775892285,0.6519725918769836,5.545619641146119,7.187970160747101,5.545619641146119,0.00012182533054130573,0.0
ahmedabad,2026-08-26,0.1,0.0,23.02,72.57,Normal,-1.0333728393420452,Inland,0.1,0.0,0.0,0.13603698998663655,0.0,0.13603698998663655,0.00020699149467870402,0.0
amritsar,2026-08-26,0.0,0.0,31.63,74.87,Normal,-1.0333728393420452,Inland,0.0,0.0,0.0,0.020652673318406048,0.0,0.020652673318406048,0.0003044677440582361,0.0
bengaluru,2026-08-26,11.6,0.32272782921791077,12.97,77.59,Normal,-1.0333728393420452,Inland,11.6,8.439425659179687,8.928146896362307,1.7773154790768029,0.7026607800160563,1.7773154790768029,0.001077174827927677,0.0
bhopal,2026-08-26,58.7,0.73932284116745,23.26,77.41,Normal,-1.0333728393420452,Inland,58.7,42.71221521096149,63.61157265124258,15.060401667248005,28.84258406420062,15.060401667248005,0.004863084273453785,0.0
bhubaneswar,2026-08-26,2.2,5.078830242156982,20.3,85.82,Normal,-1.0333728393420452,East coast,2.2,0.4352810867130758,0.11111783146858216,2.8729899552083524,1.9360695540866686,2.8729899552083524,0.00012778908791112183,0.0
chandigarh,2026-08-26,0.0,34.755462646484375,30.73,76.78,Normal,-1.0333728393420452,Inland,0.0,0.0,0.0,0.27120720399280335,0.0,0.27120720399280335,0.000311326744645283,0.0
chennai,2026-08-26,4.2,3.335669755935669,13.08,80.27,Normal,-1.0333728393420452,East coast,4.2,1.8021471585546118,0.7922307690326356,1.6145319962915752,0.36950135066705875,1.6145319962915752,0.0004229267215425654,0.0
dehradun,2026-08-26,8.6,2.27978253364563,30.32,78.03,Normal,-1.0333728393420452,Hill / Himalayan orographic,8.6,5.55357189178467,5.244019295879615,5.377608488497407,4.423334657533134,5.377608488497407,0.0004092604216950781,0.0
delhi,2026-08-26,10.5,9.559788703918457,28.61,77.21,Normal,-1.0333728393420452,Inland,10.5,7.5505637665105185,7.6865926361084025,3.1866929940487085,2.445741275337687,3.1866929940487085,0.0017268699277532549,0.0
gangtok,2026-08-26,7.0,15.741864204406738,27.33,88.61,Normal,-1.0333728393420452,Hill / Himalayan orographic,7.0,4.285011847590058,3.7575988906204336,16.558841789641818,25.588206033038993,16.558841789641818,0.00044019804948929893,0.0
guwahati,2026-08-26,12.1,0.5690782070159912,26.14,91.74,Normal,-1.0333728393420452,Inland,12.1,8.894112450735909,9.74386890186983,4.438440195302797,5.354356200377058,4.438440195302797,0.0005109570225617077,0.0
hyderabad,2026-08-26,1.3,1.9705606698989868,17.39,78.49,Normal,-1.0333728393420452,Inland,1.3,0.08126410543918593,0.17344485223293304,1.051692864503416,0.09955856879443012,1.051692864503416,0.0001222815870380687,0.0
jabalpur,2026-08-26,22.4,4.978047847747803,23.18,79.95,Normal,-1.0333728393420452,Inland,22.4,17.63267632224343,20.357869675807684,8.582844344010509,13.280950386037327,8.582844344010509,0.002421378335940592,0.0
jaipur,2026-08-26,1.4,0.4967760145664215,26.91,75.79,Normal,-1.0333728393420452,Inland,1.4,0.09569065868854512,0.20252923727035513,0.6258568103646656,0.0,0.6258568103646656,0.00020274220458079879,0.0
jodhpur,2026-08-26,0.4,0.0,26.24,73.02,Normal,-1.0333728393420452,Inland,0.4,0.0,0.0,0.20900774698491306,0.0,0.20900774698491306,0.00017918205020812827,0.0
kochi,2026-08-26,72.8,22.788419723510742,9.93,76.27,Normal,-1.0333728393420452,West-coast orographic,72.8,49.915617214238715,33.727529389928804,18.627449650472123,22.194044615335184,18.627449650472123,0.002574652782781419,1.0
kolkata,2026-08-26,10.1,28.59681510925293,22.57,88.36,Normal,-1.0333728393420452,East coast,10.1,7.206361320144269,6.561744260787963,9.210232803860382,16.05497144202675,9.210232803860382,0.0027787775944401153,0.0
lucknow,2026-08-26,16.8,3.2158846855163574,26.85,80.95,Normal,-1.0333728393420452,Inland,16.8,12.853135903676353,15.102479899101652,5.14346557925763,6.575031069222506,5.14346557925763,0.000628808629387555,0.0
madurai,2026-08-26,6.9,0.0,9.93,78.12,Normal,-1.0333728393420452,Inland,6.9,4.199998155781921,4.645979914069178,1.7071695198894932,0.6580875088394547,1.7071695198894932,0.0004270490283349013,0.0
mangaluru,2026-08-26,57.9,12.06113052368164,12.91,74.86,Normal,-1.0333728393420452,West-coast orographic,57.9,42.18763251799701,27.151927620579247,15.23686241803807,17.891422728875302,15.23686241803807,0.005369808523091099,0.0
mumbai,2026-08-26,3.4000000000000004,0.0,19.08,72.88,Normal,-1.0333728393420452,West-coast orographic,3.4000000000000004,1.1750439405441286,0.8763620924949648,5.250072376961247,4.877541472979663,5.250072376961247,0.000298016550240678,0.0
nagpur,2026-08-26,29.8,3.8687584400177,21.15,79.09,Normal,-1.0333728393420452,Inland,29.8,23.351012100629347,28.515207741477255,4.820204112548914,5.846059333915876,4.820204112548914,0.0016341973570033858,0.0
panaji,2026-08-26,2.3000000000000003,9.85906982421875,15.49,73.83,Normal,-1.0333728393420452,West-coast orographic,2.3000000000000003,0.46983318775892324,0.4244013696908958,2.427918195823622,1.0476315241546628,2.427918195823622,0.0002011562603166898,0.0
patna,2026-08-26,7.6,0.39855000376701355,25.59,85.14,Normal,-1.0333728393420452,Inland,7.6,4.852269331614177,5.386638634999592,5.094621711857612,6.513495297577564,5.094621711857612,0.0003129355491027018,0.0
pune,2026-08-26,0.7000000000000001,2.0962791442871094,18.52,73.86,Normal,-1.0333728393420452,Inland,0.7000000000000001,0.0,0.0,0.35274233116932535,0.0,0.35274233116932535,0.00020127435937941786,0.0
raipur,2026-08-26,7.3,2.4686670303344727,21.25,81.63,Normal,-1.0333728393420452,Inland,7.3,4.565065987904867,5.044891474639319,4.046219279819905,4.573628965007128,4.046219279819905,0.0004476738431258201,0.0
ranchi,2026-08-26,5.3,0.519561767578125,23.34,85.31,Normal,-1.0333728393420452,Inland,5.3,2.6706009825070693,2.8255979371070885,6.520592207726599,8.240670108092434,6.520592207726599,0.0003815537812660253,0.0
shillong,2026-08-26,6.1,0.6469734311103821,25.58,91.89,Normal,-1.0333728393420452,Hill / Himalayan orographic,6.1,3.272346943616866,3.2316223365927486,7.015111091000855,5.848411553105296,7.015111091000855,0.0003437533339440264,0.0
shimla,2026-08-26,2.3,9.294727325439453,31.1,77.17,Normal,-1.0333728393420452,Hill / Himalayan orographic,2.3,0.46983318775892285,0.9505013012886048,1.6194491592313676,0.1922110657467804,1.6194491592313676,0.00021255904669409637,0.0
srinagar,2026-08-26,0.0,0.0,34.08,74.8,Normal,-1.0333728393420452,Hill / Himalayan orographic,0.0,0.0,0.0,0.00496212850380033,0.0,0.00496212850380033,0.00024696965055345517,0.0
surat,2026-08-26,0.2,0.0,21.17,72.83,Normal,-1.0333728393420452,West-coast orographic,0.2,0.0,0.0,1.121978063294202,0.5073205863948156,1.121978063294202,0.00032848923347266563,0.0
thiruvananthapuram,2026-08-26,80.4,24.151639938354492,8.52,76.94,Normal,-1.0333728393420452,West-coast orographic,80.4,53.28227816222574,35.9646075216173,8.857501126262484,8.28199281859004,8.857501126262484,0.0021480618212594642,1.0
varanasi,2026-08-26,3.7,102.40943145751953,25.32,82.97,Normal,-1.0333728393420452,Inland,3.7,1.4576478958129877,1.7337631940841673,3.3118334244541376,2.626417942819769,3.3118334244541376,0.002423490532034724,0.0
vijayawada,2026-08-26,1.9,0.0,16.51,80.65,Normal,-1.0333728393420452,Inland,1.9,0.2781526207923889,0.42460866023258925,2.024141337927114,0.9809059729273955,2.024141337927114,0.00014923943345709743,0.0
visakhapatnam,2026-08-26,1.6,0.0,17.69,83.22,Normal,-1.0333728393420452,East coast,1.6,0.1676988143473866,0.048230610968754264,1.341146094702729,0.0853485786163662,1.341146094702729,0.00012701732362062563,0.0
agartala,2026-08-27,2.2,1.3148386478424072,23.83,91.29,Normal,-0.07633188962923886,Inland,2.2,0.4352810867130758,0.5906436854600907,4.35217241696538,5.218613528603668,4.35217241696538,0.00020832275459107535,0.0
ahmedabad,2026-08-27,0.2,0.0,23.02,72.57,Normal,-0.07633188962923886,Inland,0.2,0.0,0.0,0.12405533664377355,0.0,0.12405533664377355,0.00013956907916287415,0.0
amritsar,2026-08-27,0.0,0.0,31.63,74.87,Normal,-0.07633188962923886,Inland,0.0,0.0,0.0,0.971875254112833,0.05718032923287644,0.971875254112833,0.0005087453664273601,0.0
bengaluru,2026-08-27,2.6999999999999997,1.9042186737060547,12.97,77.59,Normal,-0.07633188962923886,Inland,2.6999999999999997,0.7333508968353272,0.8738018929958349,1.32132901702356,0.2822750307717951,1.32132901702356,0.00011858262409286958,0.0
bhopal,2026-08-27,27.9,6.412747383117676,23.26,77.41,Normal,-0.07633188962923886,Inland,27.9,21.79808335848941,26.15400515465951,7.395027297886975,10.371855283963221,7.395027297886975,0.00783635276008765,0.0
bhubaneswar,2026-08-27,2.9,0.0,20.3,85.82,Normal,-0.07633188962923886,East coast,2.9,0.828227701783181,0.28827479625379776,2.384205435374625,1.236669440001501,2.384205435374625,0.00020549168002663822,0.0
chandigarh,2026-08-27,0.30000000000000004,0.15664547681808472,30.73,76.78,Normal,-0.07633188962923886,Inland,0.30000000000000004,0.0,0.0,3.7642155221532367,3.884835133581403,3.7642155221532367,0.0004976493986097913,0.0
chennai,2026-08-27,0.2,0.0,13.08,80.27,Normal,-0.07633188962923886,East coast,0.2,0.0,0.0,0.48545799312995475,0.0,0.48545799312995475,0.0001166608737525121,0.0
dehradun,2026-08-27,8.4,3.2528088092803955,30.32,78.03,Normal,-0.07633188962923886,Hill / Himalayan orographic,8.4,5.419992446899418,4.900861236406409,6.674183649467131,5.561067775054404,6.674183649467131,0.0009228648804679893,0.0
delhi,2026-08-27,0.6,0.0,28.61,77.21,Normal,-0.07633188962923886,Inland,0.6,0.0,0.0,1.0373848934002934,0.09241960697475761,1.0373848934002934,0.0003760880098763322,0.0
gangtok,2026-08-27,5.5,1.7424663305282593,27.33,88.61,Normal,-0.07633188962923886,Hill / Himalayan orographic,5.5,2.7725686430931087,3.178270427868795,13.20253701258902,15.207304423309726,13.20253701258902,0.007586466178993437,0.0
guwahati,2026-08-27,0.9,48.89206314086914,26.14,91.74,Normal,-0.07633188962923886,Inland,0.9,0.0,0.053854637593030934,1.0233563157180976,0.08542004849538323,1.0233563157180976,0.0002122473854590246,0.0
hyderabad,2026-08-27,0.0,0.0,17.39,78.49,Normal,-0.07633188962923886,Inland,0.0,0.0,0.0,0.3554680001890513,0.0,0.3554680001890513,0.00018941764536823508,0.0
jabalpur,2026-08-27,17.0,5.796722412109375,23.18,79.95,Normal,-0.07633188962923886,Inland,17.0,13.07152802149455,15.336410988286598,10.869529251956342,19.070075187901384,10.869529251956342,0.027874487777063972,0.0
jaipur,2026-08-27,1.8,3.104715347290039,26.91,75.79,Normal,-0.07633188962923886,Inland,1.8,0.249508798122406,0.383611501348551,1.5944818169949848,0.4746629846663435,1.5944818169949848,0.0002496164585368842,0.0
jodhpur,2026-08-27,0.1,0.0,26.24,73.02,Normal,-0.07633188962923886,Inland,0.1,0.0,0.0,0.24208580933175433,0.0,0.24208580933175433,0.00013035599754060927,0.0
kochi,2026-08-27,90.9,19.003454208374023,9.93,76.27,Normal,-0.07633188962923886,West-coast orographic,90.9,62.22459427645067,41.045198698710415,13.411170274638888,15.654093676769845,13.411170274638888,0.0023241021280374762,1.0
kolkata,2026-08-27,8.5,9.448921203613281,22.57,88.36,Normal,-0.07633188962923886,East coast,8.5,5.486782169342043,4.569091370197236,3.347515267001623,2.5310733690549805,3.347515267001623,0.01103446874874319,0.0
lucknow,2026-08-27,5.9,7.503305435180664,26.85,80.95,Normal,-0.07633188962923886,Inland,5.9,3.0922905504703526,3.4988522107852877,4.764131470083444,5.748711465340359,4.764131470083444,0.003227343237591991,0.0
madurai,2026-08-27,8.0,0.0,9.93,78.12,Normal,-0.07633188962923886,Inland,8.0,5.150692157745365,5.647526741027832,1.6965839347572604,0.6493956309308054,1.6965839347572604,0.0018439457708469213,0.0
mangaluru,2026-08-27,24.3,23.139583587646484,12.91,74.86,Normal,-0.07633188962923886,West-coast orographic,24.3,19.162958076172643,12.199178310541,15.120646693131746,17.79488015706011,15.120646693131746,0.008008315295746297,0.0
mumbai,2026-08-27,3.5,2.9927258491516113,19.08,72.88,Normal,-0.07633188962923886,West-coast orographic,3.5,1.2375126957893374,0.9110830119908869,7.646871584501646,7.535145370238301,7.646871584501646,0.0034861414474197916,0.0
nagpur,2026-08-27,4.6,0.2054474800825119,21.15,79.09,Normal,-0.07633188962923886,Inland,4.6,2.0922537485758466,2.3475557805890226,4.268558714585414,5.031777300288681,4.268558714585414,0.0009294720880964692,0.0
panaji,2026-08-27,3.1,2.5637054443359375,15.49,73.83,Normal,-0.07633188962923886,West-coast orographic,3.1,0.9143254399299627,0.7841287304858658,4.031058693813194,3.1979870106491406,4.031058693813194,9.37256973941763e-05,0.0
patna,2026-08-27,3.3,13.34038257598877,25.59,85.14,Normal,-0.07633188962923886,Inland,3.3,1.1126882106065745,1.4610207891464235,1.7477883251088013,0.6838981619531315,1.7477883251088013,0.00018008727853844708,0.0
pune,2026-08-27,1.0,0.5097268223762512,18.52,73.86,Normal,-0.07633188962923886,Inland,1.0,0.0043370995001914435,0.07635371387004858,0.5555663851860135,0.0,0.5555663851860135,0.0001547537698502392,0.0
raipur,2026-08-27,3.2,0.0,21.25,81.63,Normal,-0.07633188962923886,Inland,3.2,1.050332480669021,1.260149874687195,2.4636018684359646,1.6424515909318573,2.4636018684359646,0.00019073487882266955,0.0
ranchi,2026-08-27,4.3,3.6844542026519775,23.34,85.31,Normal,-0.07633188962923886,Inland,4.3,1.8750928188192362,2.1598469638824462,4.415539035363588,5.32662281267121,4.415539035363588,0.000642106047381395,0.0
shillong,2026-08-27,19.099999999999998,0.591625452041626,25.58,91.89,Normal,-0.07633188962923886,Hill / Himalayan orographic,19.099999999999998,14.714896183013924,17.202353552218476,8.383821934680002,7.836636685356281,8.383821934680002,0.0010176699826939287,0.0
shimla,2026-08-27,2.8000000000000003,6.670103549957275,31.1,77.17,Normal,-0.07633188962923886,Hill / Himalayan orographic,2.8000000000000003,0.7807892993092543,1.0928184346357979,7.998246623418062,7.720325153646528,7.998246623418062,0.0002991137301299652,0.0
srinagar,2026-08-27,0.0,0.0,34.08,74.8,Normal,-0.07633188962923886,Hill / Himalayan orographic,0.0,0.0,0.0,0.29439831938882544,0.0,0.29439831938882544,0.00022583091882791165,0.0
surat,2026-08-27,0.4,0.0,21.17,72.83,Normal,-0.07633188962923886,West-coast orographic,0.4,0.0,0.0,0.26507954364058617,0.0,0.26507954364058617,0.00014307578670704713,0.0
thiruvananthapuram,2026-08-27,56.5,6.141473293304443,8.52,76.94,Normal,-0.07633188962923886,West-coast orographic,56.5,41.26961280530918,26.324888056806742,1.1351466371995325,0.5135863540911052,1.1351466371995325,0.0007184172586218284,0.0
varanasi,2026-08-27,2.5,3.5789220333099365,25.32,82.97,Normal,-0.07633188962923886,Inland,2.5,0.6026825040578837,0.7775797284311697,1.4132505665800996,0.33364577517198096,1.4132505665800996,0.0001767572096889795,0.0
vijayawada,2026-08-27,0.0,0.14588215947151184,16.51,80.65,Normal,-0.07633188962923886,Inland,0.0,0.0,0.0,0.5256996889154865,0.0,0.5256996889154865,0.00022929257919855115,0.0
visakhapatnam,2026-08-27,1.9,0.25694018602371216,17.69,83.22,Normal,-0.07633188962923886,East coast,1.9,0.2781526207923889,0.08404228389263153,1.294673260593052,0.08275660843107074,1.294673260593052,0.00019842213708153093,0.0
agartala,2026-08-28,1.6,33.02699279785156,23.83,91.29,Normal,0.9543344840296754,Inland,1.6,0.15428446374185487,0.2685783363878726,5.877689687360313,7.6180229656830525,5.877689687360313,0.0001558850346362363,0.0
ahmedabad,2026-08-28,0.0,0.0,23.02,72.57,Normal,0.9543344840296754,Inland,0.0,0.0,0.0,0.13372447901431173,0.0,0.13372447901431173,0.00021259147680625885,0.0
amritsar,2026-08-28,0.0,0.0,31.63,74.87,Normal,0.9543344840296754,Inland,0.0,0.0,0.0,0.5301517262231847,0.0,0.5301517262231847,0.0003806132906138977,0.0
bengaluru,2026-08-28,0.8,1.0938857793807983,12.97,77.59,Normal,0.9543344840296754,Inland,0.8,0.0,0.00425116578117013,0.5707538846618009,0.0,0.5707538846618009,8.99147564593606e-05,0.0
bhopal,2026-08-28,17.2,3.3176331520080566,23.26,77.41,Normal,0.9543344840296754,Inland,17.2,13.293735593986076,15.682458233363665,11.851449782470631,21.175540291712085,11.851449782470631,0.08699667038933485,0.0
bhubaneswar,2026-08-28,2.8,9.346771240234375,20.3,85.82,Normal,0.9543344840296754,East coast,2.8,0.7411559009552002,0.18402021229267124,1.9764184412531862,0.752327986815871,1.9764184412531862,0.0001287999774483897,0.0
chandigarh,2026-08-28,0.0,0.0,30.73,76.78,Normal,0.9543344840296754,Inland,0.0,0.0,0.0,0.26433986176823515,0.0,0.26433986176823515,0.0005258085362065412,0.0
chennai,2026-08-28,0.5,0.0,13.08,80.27,Normal,0.9543344840296754,East coast,0.5,0.0,0.0,0.6672702272826625,0.0,0.6672702272826625,9.342676108604699e-05,0.0
dehradun,2026-08-28,4.3,3.559511661529541,30.32,78.03,Normal,0.9543344840296754,Hill / Himalayan orographic,4.3,1.8152670860290527,1.8612946056793158,3.240036545449358,1.5160163785156264,3.240036545449358,0.004628767704609766,0.0
delhi,2026-08-28,0.0,6.813577651977539,28.61,77.21,Normal,0.9543344840296754,Inland,0.0,0.0,0.0,0.22718592961180956,0.0,0.22718592961180956,0.0004383023859371942,0.0
gangtok,2026-08-28,1.9000000000000001,4.308094024658203,27.33,88.61,Normal,0.9543344840296754,Hill / Himalayan orographic,1.9000000000000001,0.26110830307006855,0.6611529080235229,6.4941999992919035,5.225945112707966,6.4941999992919035,0.00025401753120067285,0.0
guwahati,2026-08-28,0.0,19.62301254272461,26.14,91.74,Normal,0.9543344840296754,Inland,0.0,0.0,0.0,1.079530105361264,0.10784660417362477,1.079530105361264,0.0002030041568579913,0.0
hyderabad,2026-08-28,0.0,0.0,17.39,78.49,Normal,0.9543344840296754,Inland,0.0,0.0,0.0,0.3455611116195813,0.0,0.3455611116195813,0.00013409107704697907,0.0
jabalpur,2026-08-28,9.9,7.038862705230713,23.18,79.95,Normal,0.9543344840296754,Inland,9.9,7.012907028198245,7.130193443298339,5.995167932716729,7.72805679083453,5.995167932716729,0.011387463938417214,0.0
jaipur,2026-08-28,0.2,0.0,26.91,75.79,Normal,0.9543344840296754,Inland,0.2,0.0,0.0,0.22359150268288294,0.0,0.22359150268288294,0.0003451922356759797,0.0
jodhpur,2026-08-28,0.0,0.0,26.24,73.02,Normal,0.9543344840296754,Inland,0.0,0.0,0.0,0.11691913305735305,0.0,0.11691913305735305,0.00026578683599353206,0.0
kochi,2026-08-28,91.4,2.5196518898010254,9.93,76.27,Normal,0.9543344840296754,West-coast orographic,91.4,63.494281497851595,40.5931180322046,28.03886543295056,34.162808071523386,28.03886543295056,0.03031155990824186,1.0
kolkata,2026-08-28,7.5,2.2702059745788574,22.57,88.36,Normal,0.9543344840296754,East coast,7.5,4.5363642088572185,3.1073289713492764,1.517360753765377,0.2472800949282639,1.517360753765377,0.002589151108072363,0.0
lucknow,2026-08-28,15.6,32.001121520996094,26.85,80.95,Normal,0.9543344840296754,Inland,15.6,11.611209516525266,13.587831589698794,7.706177160004332,11.239448039416734,7.706177160004332,0.003419366609158627,0.0
madurai,2026-08-28,7.3,1.0339463949203491,9.93,78.12,Normal,0.9543344840296754,Inland,7.3,4.32536865234375,4.5520397340097745,0.8914931581416667,0.003020857793343446,0.8914931581416667,0.00103393315489572,0.0
mangaluru,2026-08-28,6.6000000000000005,13.090587615966797,12.91,74.86,Normal,0.9543344840296754,West-coast orographic,6.6000000000000005,3.6467144060134884,3.8393115782737715,10.026723191909314,10.124240142274948,10.026723191909314,0.002228095577004522,0.0
mumbai,2026-08-28,3.3000000000000003,7.155419826507568,19.08,72.88,Normal,0.9543344840296754,West-coast orographic,3.3000000000000003,1.0541080391407018,0.8056291222572327,7.6383632905923955,7.4805792510127,7.6383632905923955,0.00017043492447407736,0.0
nagpur,2026-08-28,8.4,2.526498794555664,21.15,79.09,Normal,0.9543344840296754,Inland,8.4,5.212555662790935,5.509613189697265,2.9177503305516344,2.3069858907268097,2.9177503305516344,0.004737243070835346,0.0
panaji,2026-08-28,5.5,2.098292350769043,15.49,73.83,Normal,0.9543344840296754,West-coast orographic,5.5,2.69775324344635,2.9586928278313085,6.844101601214737,5.594993950086877,6.844101601214737,0.0008513108052877936,0.0
patna,2026-08-28,1.0,0.0,25.59,85.14,Normal,0.9543344840296754,Inland,1.0,0.00425116578117013,0.06613081112504003,0.8533025332324657,0.00030348997383217147,0.8533025332324657,0.00019264417976295933,0.0
pune,2026-08-28,1.7,2.2084455490112305,18.52,73.86,Normal,0.9543344840296754,Inland,1.7,0.18486197769825644,0.29652868956327444,1.0976145738865601,0.11619267575375264,1.0976145738865601,0.00017473555569038314,0.0
raipur,2026-08-28,6.4,0.0,21.25,81.63,Normal,0.9543344840296754,Inland,6.4,3.4218227879206338,3.761300509470002,2.907156234197174,2.2998526731994944,2.907156234197174,0.0016633082721509273,0.0
ranchi,2026-08-28,0.30000000000000004,14.542256355285645,23.34,85.31,Normal,0.9543344840296754,Inland,0.30000000000000004,0.0,0.0,1.9995922158367336,1.0471526185063382,1.9995922158367336,0.00015547608929665534,0.0
shillong,2026-08-28,81.5,1.6693367958068848,25.58,91.89,Normal,0.9543344840296754,Hill / Himalayan orographic,81.5,55.919859233464344,59.2606105068349,7.675704202907944,7.722446937031116,7.675704202907944,0.015047214984431088,1.0
shimla,2026-08-28,5.3,0.3761357069015503,31.1,77.17,Normal,0.9543344840296754,Hill / Himalayan orographic,5.3,2.57623071193695,2.7169778314155617,3.3803051101175723,1.6736752688997032,3.3803051101175723,0.002936064383089008,0.0
srinagar,2026-08-28,0.0,0.0,34.08,74.8,Normal,0.9543344840296754,Hill / Himalayan orographic,0.0,0.0,0.0,0.2447536652183708,0.0,0.2447536652183708,0.0002497666105091355,0.0
surat,2026-08-28,2.4,0.0,21.17,72.83,Normal,0.9543344840296754,West-coast orographic,2.4,0.49464014292876846,0.49006071265491924,1.1001180297722035,0.23801693421325568,1.1001180297722035,0.0002069656257970676,0.0
thiruvananthapuram,2026-08-28,27.5,0.2437354326248169,8.52,76.94,Normal,0.9543344840296754,West-coast orographic,27.5,21.702295675527015,13.51120208839922,0.8418708434162757,0.00750366452040244,0.8418708434162757,0.04507396144222824,0.0
varanasi,2026-08-28,2.9,4.384837627410889,25.32,82.97,Normal,0.9543344840296754,Inland,2.9,0.8384119462966915,0.990683017969132,1.555831523047689,0.5423164277792664,1.555831523047689,0.0001878537816936509,0.0
vijayawada,2026-08-28,0.2,0.4161451458930969,16.51,80.65,Normal,0.9543344840296754,Inland,0.2,0.0,0.0,0.8274520013889402,0.0,0.8274520013889402,0.00023339512152207456,0.0
visakhapatnam,2026-08-28,2.2,0.4123378396034241,17.69,83.22,Normal,0.9543344840296754,East coast,2.2,0.4197980207204808,0.0838254988193512,1.5257974304487005,0.2526360481994422,1.5257974304487005,0.00012257844439811697,0.0
agartala,2026-08-29,1.9000000000000001,19.067970275878906,23.83,91.29,Normal,0.7630868889778635,Inland,1.9000000000000001,0.26110830307006855,0.418528071045876,5.877689687360313,7.6180229656830525,5.877689687360313,0.0001558850346362363,0.0
ahmedabad,2026-08-29,0.0,0.0,23.02,72.57,Normal,0.7630868889778635,Inland,0.0,0.0,0.0,0.13754899601980236,0.0,0.13754899601980236,0.00020159156468254485,0.0
amritsar,2026-08-29,0.0,0.0,31.63,74.87,Normal,0.7630868889778635,Inland,0.0,0.0,0.0,0.5301517262231847,0.0,0.5301517262231847,0.0003806132906138977,0.0
bengaluru,2026-08-29,1.4000000000000001,0.04983808472752571,12.97,77.59,Normal,0.7630868889778635,Inland,1.4000000000000001,0.09591838717460593,0.18317212566733376,1.2346456849073264,0.23903247292621305,1.2346456849073264,8.391321493148149e-05,0.0
bhopal,2026-08-29,1.7000000000000002,8.326434135437012,23.26,77.41,Normal,0.7630868889778635,Inland,1.7000000000000002,0.1848619776982565,0.2965286895632745,1.77611760680756,0.7757744221534143,1.77611760680756,0.0002226258097572424,0.0
bhubaneswar,2026-08-29,6.2,0.0,20.3,85.82,Normal,0.7630868889778635,East coast,6.2,3.224718552827835,1.7353892803192124,1.6793421648641809,0.5073570669776025,1.6793421648641809,0.0022874476501573153,0.0
chandigarh,2026-08-29,0.0,3.8421356678009033,30.73,76.78,Normal,0.7630868889778635,Inland,0.0,0.0,0.0,0.26433986176823515,0.0,0.26433986176823515,0.0005258085362065412,0.0
chennai,2026-08-29,0.30000000000000004,0.36041948199272156,13.08,80.27,Normal,0.7630868889778635,East coast,0.30000000000000004,0.0,0.0,0.8033618180730561,0.0,0.8033618180730561,8.719082417616042e-05,0.0
dehradun,2026-08-29,4.3,12.929414749145508,30.32,78.03,Normal,0.7630868889778635,Hill / Himalayan orographic,4.3,1.8152670860290527,1.8612946056793158,3.4203339444620906,1.695653717595543,3.4203339444620906,0.004628767704609766,0.0
delhi,2026-08-29,0.0,0.08672242611646652,28.61,77.21,Normal,0.7630868889778635,Inland,0.0,0.0,0.0,0.22718592961180956,0.0,0.22718592961180956,0.0004383023859371942,0.0
gangtok,2026-08-29,2.3000000000000003,0.021933922544121742,27.33,88.61,Normal,0.7630868889778635,Hill / Himalayan orographic,2.3000000000000003,0.4551891091604908,0.8518597269058237,6.4941999992919035,5.225945112707966,6.4941999992919035,0.00025401753120067285,0.0
guwahati,2026-08-29,34.2,7.695541858673096,26.14,91.74,Normal,0.7630868889778635,Inland,34.2,26.21561270386425,34.891815981392625,2.455763213124349,1.846156733731362,2.455763213124349,0.005619385331168025,0.0
hyderabad,2026-08-29,0.1,0.0,17.39,78.49,Normal,0.7630868889778635,Inland,0.1,0.0,0.0,0.574866692709153,0.0,0.574866692709153,0.0001251412670501147,0.0
jabalpur,2026-08-29,37.3,17.85411834716797,23.18,79.95,Normal,0.7630868889778635,Inland,37.3,28.986565354665125,37.44625783073256,28.3636709783066,46.72727844110401,70.0,0.36681029237324847,0.0
jaipur,2026-08-29,0.2,0.0,26.91,75.79,Normal,0.7630868889778635,Inland,0.2,0.0,0.0,0.22359150268288294,0.0,0.22359150268288294,0.0003451922356759797,0.0
jodhpur,2026-08-29,0.0,0.0,26.24,73.02,Normal,0.7630868889778635,Inland,0.0,0.0,0.0,0.12049701925815569,0.0,0.12049701925815569,0.00025203518246920187,0.0
kochi,2026-08-29,60.0,6.381253242492676,9.93,76.27,Normal,0.7630868889778635,West-coast orographic,60.0,44.69844440872198,29.546660570417135,16.225831651720224,19.012658357559232,16.225831651720224,0.011490592785564817,0.0
kolkata,2026-08-29,37.4,0.031805168837308884,22.57,88.36,Normal,0.7630868889778635,East coast,37.4,29.071039687792467,37.99634186535345,18.077368601879066,33.84204360377044,70.0,0.3078154506518103,0.0
lucknow,2026-08-29,9.1,6.167220592498779,26.85,80.95,Normal,0.7630868889778635,Inland,9.1,5.928217948675171,5.933509555637328,4.893135934470338,5.767251798861097,4.893135934470338,0.0021765849822185032,0.0
madurai,2026-08-29,1.5,0.0,9.93,78.12,Normal,0.7630868889778635,Inland,1.5,0.12543207369744766,0.24062798321247073,1.0666272226678297,0.10189186005721547,1.0666272226678297,0.00010281632521298717,0.0
mangaluru,2026-08-29,3.1,15.130542755126953,12.91,74.86,Normal,0.7630868889778635,West-coast orographic,3.1,0.9251575970649719,0.7658633328619456,7.985335855200474,7.839362508391668,7.985335855200474,0.00012428040055981535,0.0
mumbai,2026-08-29,4.3,2.7999048233032227,19.08,72.88,Normal,0.7630868889778635,West-coast orographic,4.3,1.8152670860290527,1.1563171692319434,6.193633371105827,5.104545968289907,6.193633371105827,0.0015805396573946534,0.0
nagpur,2026-08-29,20.6,15.375107765197754,21.15,79.09,Normal,0.7630868889778635,Inland,20.6,16.016801643646023,19.575622573269666,11.596887284055942,20.736285957754575,11.596887284055942,0.046015235184763685,0.0
panaji,2026-08-29,4.3,1.0587252378463745,15.49,73.83,Normal,0.7630868889778635,West-coast orographic,4.3,1.8152670860290527,1.1563171692319434,6.274404112592686,5.181009978405629,6.274404112592686,0.0004212533694435534,0.0
patna,2026-08-29,3.1,0.0,25.59,85.14,Normal,0.7630868889778635,Inland,3.1,0.9251575970649719,1.113617411255837,2.2258521371808726,1.55162569080309,2.2258521371808726,0.00019264417976295933,0.0
pune,2026-08-29,3.1,0.37309741973876953,18.52,73.86,Normal,0.7630868889778635,Inland,3.1,0.9251575970649719,1.113617411255837,1.7196719865312788,0.7252126374099277,1.7196719865312788,0.00012816228607381703,0.0
raipur,2026-08-29,12.700000000000001,1.8130730390548706,21.25,81.63,Normal,0.7630868889778635,Inland,12.700000000000001,9.311183404105055,10.532206039428706,5.402783009170831,7.171213347165692,5.402783009170831,0.011980201258442945,0.0
ranchi,2026-08-29,6.5,22.284072875976562,23.34,85.31,Normal,0.7630868889778635,Inland,6.5,3.5342685969670606,3.859101709374438,3.0670574328504663,2.4913929142264233,3.0670574328504663,0.000806974839608353,0.0
shillong,2026-08-29,11.299999999999999,23.641450881958008,25.58,91.89,Normal,0.7630868889778635,Hill / Himalayan orographic,11.299999999999999,8.110726772308347,7.964063603999249,3.7659446801259646,1.9335412686035103,3.7659446801259646,0.0005938995659962508,0.0
shimla,2026-08-29,0.1,0.0,31.1,77.17,Normal,0.7630868889778635,Hill / Himalayan orographic,0.1,0.0,0.0,0.8678992749645643,0.0,0.8678992749645643,0.0002534226347316957,0.0
srinagar,2026-08-29,0.0,0.0,34.08,74.8,Normal,0.7630868889778635,Hill / Himalayan orographic,0.0,0.0,0.0,0.2499182621967029,0.0,0.2499182621967029,0.0002368436375995064,0.0
surat,2026-08-29,2.8000000000000003,0.0,21.17,72.83,Normal,0.7630868889778635,West-coast orographic,2.8000000000000003,0.7411559009552007,0.5889201152324675,2.0464970665662214,0.7756661176773896,2.0464970665662214,0.00019625674941920135,0.0
thiruvananthapuram,2026-08-29,41.0,0.0,8.52,76.94,Normal,0.7630868889778635,West-coast orographic,41.0,32.27117120143349,19.96994768908996,1.820603946980875,0.6648779823650449,1.820603946980875,0.012155950475320516,0.0
varanasi,2026-08-29,14.5,0.07814060896635056,25.32,82.97,Normal,0.7630868889778635,Inland,14.5,10.87365743637085,12.556377870885084,0.7931554410247694,0.0,0.7931554410247694,0.003234670852016058,0.0
vijayawada,2026-08-29,0.30000000000000004,0.0,16.51,80.65,Normal,0.7630868889778635,Inland,0.30000000000000004,0.0,0.0,1.2401325242555314,0.24522472355674732,1.2401325242555314,0.00021781878024042635,0.0
visakhapatnam,2026-08-29,2.9,0.0,17.69,83.22,Normal,0.7630868889778635,East coast,2.9,0.8384119462966915,0.22494376823306084,1.876037316774497,0.6743859044104936,1.876037316774497,0.00011439694865802077,0.0
agartala,2026-08-30,5.3,0.7643027305603027,23.83,91.29,Normal,-0.05935241516261784,Inland,5.3,2.57623071193695,2.6937190294265747,6.233707567164921,7.950301938719197,6.233707567164921,0.000943502494890266,0.0
ahmedabad,2026-08-30,0.30000000000000004,0.0,23.02,72.57,Normal,-0.05935241516261784,Inland,0.30000000000000004,0.0,0.0,0.2375603229153298,0.0,0.2375603229153298,0.0001968516936982531,0.0
amritsar,2026-08-30,0.0,0.0,31.63,74.87,Normal,-0.05935241516261784,Inland,0.0,0.0,0.0,0.42613662695071414,0.0,0.42613662695071414,0.0003989587143137284,0.0
bengaluru,2026-08-30,0.5,1.4049116373062134,12.97,77.59,Normal,-0.05935241516261784,Inland,0.5,0.0,0.0,0.6602371427932948,0.0,0.6602371427932948,8.422435295994907e-05,0.0
bhopal,2026-08-30,3.2,0.0,23.26,77.41,Normal,-0.05935241516261784,Inland,3.2,0.9896328181028368,1.1760355234146123,2.584615671392942,2.01097578283136,2.584615671392942,0.0002234511590291712,0.0
bhubaneswar,2026-08-30,36.7,21.30535125732422,20.3,85.82,Normal,-0.05935241516261784,East coast,36.7,28.47971935590109,36.750778237319565,11.265770466929457,20.751642048989982,11.265770466929457,0.1386152718022894,0.0
chandigarh,2026-08-30,0.0,4.308681011199951,30.73,76.78,Normal,-0.05935241516261784,Inland,0.0,0.0,0.0,0.19255961205881597,0.0,0.19255961205881597,0.0005511484599135607,0.0
chennai,2026-08-30,0.2,1.7317699193954468,13.08,80.27,Normal,-0.05935241516261784,East coast,0.2,0.0,0.0,0.5515519084534981,0.0,0.5515519084534981,8.751411404061592e-05,0.0
dehradun,2026-08-30,5.5,40.25271224975586,30.32,78.03,Normal,-0.05935241516261784,Hill / Himalayan orographic,5.5,2.69775324344635,2.8634019312881254,3.7985384332382637,2.0078967327612705,3.7985384332382637,0.0042960520759454945,0.0
delhi,2026-08-30,0.8999999999999999,0.0,28.61,77.21,Normal,-0.05935241516261784,Inland,0.8999999999999999,0.0,0.028587575107812787,0.6250335567878684,0.0,0.6250335567878684,0.00043992696948090846,0.0
gangtok,2026-08-30,5.8,25.227869033813477,27.33,88.61,Normal,-0.05935241516261784,Hill / Himalayan orographic,5.8,2.900000352859497,3.0263230395581564,9.274557255152589,9.442851851259817,9.274557255152589,0.005187735677186443,0.0
guwahati,2026-08-30,1.2000000000000002,1.4740197658538818,26.14,91.74,Normal,-0.05935241516261784,Inland,1.2000000000000002,0.04983054995536809,0.12103249736130242,1.3141321636327439,0.3157734041035968,1.3141321636327439,0.00020866287638185625,0.0
hyderabad,2026-08-30,0.30000000000000004,2.4241769313812256,17.39,78.49,Normal,-0.05935241516261784,Inland,0.30000000000000004,0.0,0.0,0.9097476554556752,0.004776634290658607,0.9097476554556752,0.0001256052535126838,0.0
jabalpur,2026-08-30,25.5,3.067249059677124,23.18,79.95,Normal,-0.05935241516261784,Inland,25.5,20.257955366471606,25.129243724846788,23.145919362335253,40.07042216771897,23.145919362335253,0.27753796041269746,0.0
jaipur,2026-08-30,0.1,0.0,26.91,75.79,Normal,-0.05935241516261784,Inland,0.1,0.0,0.0,0.15803078124053854,0.0,0.15803078124053854,0.00036183099525166043,0.0
jodhpur,2026-08-30,0.0,0.0,26.24,73.02,Normal,-0.05935241516261784,Inland,0.0,0.0,0.0,0.07387688699802904,0.0,0.07387688699802904,0.0002461095605586219,0.0
kochi,2026-08-30,3.9,6.746711254119873,9.93,76.27,Normal,-0.05935241516261784,West-coast orographic,3.9,1.517311846812566,1.061604465271564,3.721402702265021,2.8173907679929213,3.721402702265021,0.0004793682911368014,0.0
kolkata,2026-08-30,14.799999999999999,0.14101359248161316,22.57,88.36,Normal,-0.05935241516261784,East coast,14.799999999999999,11.07480800368569,9.254244422912597,5.229718711899934,5.685977515167471,5.229718711899934,0.010912372755032564,0.0
lucknow,2026-08-30,7.699999999999999,12.554156303405762,26.85,80.95,Normal,-0.05935241516261784,Inland,7.699999999999999,4.741783412297567,4.949749007225035,3.6706638894560175,3.292929977653631,3.6706638894560175,0.0010185693907443184,0.0
madurai,2026-08-30,2.5999999999999996,0.0,9.93,78.12,Normal,-0.05935241516261784,Inland,2.5999999999999996,0.6276610443530929,0.8067766610587511,1.4478949533216754,0.44382507226713064,1.4478949533216754,9.35631080110277e-05,0.0
mangaluru,2026-08-30,0.30000000000000004,8.897563934326172,12.91,74.86,Normal,-0.05935241516261784,West-coast orographic,0.30000000000000004,0.0,0.0,2.565004796341694,1.054302577818462,2.565004796341694,0.00011811046688513128,0.0
mumbai,2026-08-30,2.8000000000000003,1.1733794212341309,19.08,72.88,Normal,-0.05935241516261784,West-coast orographic,2.8000000000000003,0.7411559009552007,0.5889201152324675,5.2750662004008335,4.232022801754419,5.2750662004008335,0.0001578158226919158,0.0
nagpur,2026-08-30,23.3,19.516746520996094,21.15,79.09,Normal,-0.05935241516261784,Inland,23.3,18.639649020235055,23.16464732346564,12.607357786019055,22.47987957459781,12.607357786019055,0.039140973995566895,0.0
panaji,2026-08-30,4.1000000000000005,45.401763916015625,15.49,73.83,Normal,-0.05935241516261784,West-coast orographic,4.1000000000000005,1.6596957409381872,1.1099657708961186,4.167888113787931,3.177106669003888,4.167888113787931,0.0002451964427386132,0.0
patna,2026-08-30,8.7,36.037288665771484,25.59,85.14,Normal,-0.05935241516261784,Inland,8.7,5.488528804779052,5.617077589035034,1.6192086981744993,0.6531325969895471,1.6192086981744993,0.0006091060742776833,0.0
pune,2026-08-30,3.3000000000000003,3.755521535873413,18.52,73.86,Normal,-0.05935241516261784,Inland,3.3000000000000003,1.0541080391407018,1.3125816977024096,1.8073260547854757,0.8140819605088687,1.8073260547854757,0.00012514868643142112,0.0
raipur,2026-08-30,16.7,8.113716125488281,21.25,81.63,Normal,-0.05935241516261784,Inland,16.7,12.778204593968226,15.094993813623866,12.221105084035003,21.813390306123914,12.221105084035003,0.06653233176256983,0.0
ranchi,2026-08-30,17.9,5.957583904266357,23.34,85.31,Normal,-0.05935241516261784,Inland,17.9,13.927271074321906,16.334828102273928,10.358178186548253,17.763851080125175,10.358178186548253,0.007913509999396757,0.0
shillong,2026-08-30,3.9,9.922536849975586,25.58,91.89,Normal,-0.05935241516261784,Hill / Himalayan orographic,3.9,1.517311846812566,1.6594374418258668,3.200589810848885,1.4665357577670792,3.200589810848885,0.0010944067962205522,0.0
shimla,2026-08-30,1.5,0.0,31.1,77.17,Normal,-0.05935241516261784,Hill / Himalayan orographic,1.5,0.12543207369744766,0.5707584816217423,2.6944468668230477,1.1094291554159275,2.6944468668230477,0.00025436212921547995,0.0
srinagar,2026-08-30,0.6000000000000001,0.0,34.08,74.8,Normal,-0.05935241516261784,Hill / Himalayan orographic,0.6000000000000001,0.0,0.026584482081234522,0.5174281453558582,0.0,0.5174281453558582,0.00023127510284545163,0.0
surat,2026-08-30,2.9,0.0,21.17,72.83,Normal,-0.05935241516261784,West-coast orographic,2.9,0.8384119462966915,0.6492494008047826,1.3103832813438476,0.4497185817412538,1.3103832813438476,0.00019164228789440117,0.0
thiruvananthapuram,2026-08-30,0.8,0.0,8.52,76.94,Normal,-0.05935241516261784,West-coast orographic,0.8,0.0,0.0,0.44269014867572376,0.0,0.44269014867572376,0.00010376990603484656,0.0
varanasi,2026-08-30,13.6,4.582237720489502,25.32,82.97,Normal,-0.05935241516261784,Inland,13.6,10.077526104927063,11.77112971282587,0.4514607825777159,0.0,0.4514607825777159,0.0023561108119602406,0.0
vijayawada,2026-08-30,0.6000000000000001,0.0,16.51,80.65,Normal,-0.05935241516261784,Inland,0.6000000000000001,0.0,0.0,1.2548517858099304,0.2602850430578307,1.2548517858099304,0.00021862631212304264,0.0
visakhapatnam,2026-08-30,2.5,0.0734114870429039,17.69,83.22,Normal,-0.05935241516261784,East coast,2.5,0.5880304503440857,0.08941993237503107,1.5283084033501688,0.2542301182379495,1.5283084033501688,0.00011482110296992477,0.0
agartala,2026-08-31,2.6,0.825480043888092,23.83,91.29,Normal,-0.2182182474793326,Inland,2.6,0.627661044353093,0.8067766610587512,9.542824760046432,15.49170566749331,9.542824760046432,0.00019891177225082318,0.0
ahmedabad,2026-08-31,0.0,0.0,23.02,72.57,Normal,-0.2182182474793326,Inland,0.0,0.0,0.0,0.11187778212475216,0.0,0.11187778212475216,0.0001968516936982531,0.0
amritsar,2026-08-31,0.0,0.0,31.63,74.87,Normal,-0.2182182474793326,Inland,0.0,0.0,0.0,0.46796777542322154,0.0,0.46796777542322154,0.00042086981286716695,0.0
bengaluru,2026-08-31,1.4,0.4458889961242676,12.97,77.59,Normal,-0.2182182474793326,Inland,1.4,0.09591838717460588,0.18317212566733362,0.7999031283592624,0.0,0.7999031283592624,8.422435295994907e-05,0.0
bhopal,2026-08-31,0.1,0.0,23.26,77.41,Normal,-0.2182182474793326,Inland,0.1,0.0,0.0,0.7048372876542363,0.0,0.7048372876542363,0.0002234511590291712,0.0
bhubaneswar,2026-08-31,18.9,31.884510040283203,20.3,85.82,Normal,-0.2182182474793326,East coast,18.9,14.776727933255406,10.58202147712788,8.911936174060871,15.367983049012263,8.911936174060871,0.03262872002637042,0.0
chandigarh,2026-08-31,0.0,5.680872440338135,30.73,76.78,Normal,-0.2182182474793326,Inland,0.0,0.0,0.0,0.9727252597867875,0.03817658543520373,0.9727252597867875,0.0005814130667759664,0.0
chennai,2026-08-31,1.9000000000000001,3.864454984664917,13.08,80.27,Normal,-0.2182182474793326,East coast,1.9000000000000001,0.26110830307006855,0.056156118586659434,1.2594884753120943,0.08435941898186085,1.2594884753120943,8.751411404061592e-05,0.0
dehradun,2026-08-31,10.1,33.18067932128906,30.32,78.03,Normal,-0.2182182474793326,Hill / Himalayan orographic,10.1,7.205130583615532,7.477571268226963,8.831405809991276,9.188982294508424,8.831405809991276,0.0019534515101712548,0.0
delhi,2026-08-31,0.0,0.0,28.61,77.21,Normal,-0.2182182474793326,Inland,0.0,0.0,0.0,0.2631863862717676,0.0,0.2631863862717676,0.00046408702935778787,0.0
gangtok,2026-08-31,7.2,39.98589324951172,27.33,88.61,Normal,-0.2182182474793326,Hill / Himalayan orographic,7.2,4.242444564700127,3.5667289802747195,14.10860474125888,18.073775526659873,14.10860474125888,0.0007272443074482018,0.0
guwahati,2026-08-31,41.1,19.905742645263672,26.14,91.74,Normal,-0.2182182474793326,Inland,41.1,32.36500174168182,40.4766536909033,4.218633701435314,4.512940892566327,4.218633701435314,0.0014512145426488945,0.0
hyderabad,2026-08-31,2.9000000000000004,4.9231767654418945,17.39,78.49,Normal,-0.2182182474793326,Inland,2.9000000000000004,0.8384119462966919,0.9906830179691323,2.031364686041628,1.1089057556608923,2.031364686041628,0.0001256052535126838,0.0
jabalpur,2026-08-31,25.8,0.0,23.18,79.95,Normal,-0.2182182474793326,Inland,25.8,20.463602494780467,25.4291746757626,20.415995728994666,36.821035212135314,20.415995728994666,0.09788263293042462,0.0
jaipur,2026-08-31,0.8,0.0,26.91,75.79,Normal,-0.2182182474793326,Inland,0.8,0.0,0.00425116578117013,0.3975157156572586,0.0,0.3975157156572586,0.00036183099525166043,0.0
jodhpur,2026-08-31,0.0,0.0,26.24,73.02,Normal,-0.2182182474793326,Inland,0.0,0.0,0.0,0.10184525931961387,0.0,0.10184525931961387,0.0002461095605586219,0.0
kochi,2026-08-31,2.7,1.761573076248169,9.93,76.27,Normal,-0.2182182474793326,West-coast orographic,2.7,0.6689218130565797,0.5767277040535752,2.8694635847532934,1.2784027238589422,2.8694635847532934,0.00011480462203827497,0.0
kolkata,2026-08-31,11.8,0.03983389958739281,22.57,88.36,Normal,-0.2182182474793326,East coast,11.8,8.60045536313738,7.287983237719928,4.504187321560586,4.92267354454284,4.504187321560586,0.01134779461613164,0.0
lucknow,2026-08-31,10.9,0.14740408957004547,26.85,80.95,Normal,-0.2182182474793326,Inland,10.9,7.7586002884841605,8.01634438991547,5.679007573343204,7.431931039231834,5.679007573343204,0.0008296176068512963,0.0
madurai,2026-08-31,0.0,0.0,9.93,78.12,Normal,-0.2182182474793326,Inland,0.0,0.0,0.0,0.14053620794926802,0.0,0.14053620794926802,9.35631080110277e-05,0.0
mangaluru,2026-08-31,1.8,26.213871002197266,12.91,74.86,Normal,-0.2182182474793326,West-coast orographic,1.8,0.2164968256652358,0.22129909962415695,3.8646898928934434,3.0399570614395524,3.8646898928934434,0.00011811046688513128,0.0
mumbai,2026-08-31,2.4000000000000004,1.4065918922424316,19.08,72.88,Normal,-0.2182182474793326,West-coast orographic,2.4000000000000004,0.49464014292876884,0.49006071265491935,3.610801054965342,2.7486054101954185,3.610801054965342,0.0001578158226919158,0.0
nagpur,2026-08-31,28.7,0.08586661517620087,21.15,79.09,Normal,-0.2182182474793326,Inland,28.7,22.622705217936044,28.571673720037882,5.639692685444025,7.394861991454079,5.639692685444025,0.04045499170362783,0.0
panaji,2026-08-31,5.3,1.058176040649414,15.49,73.83,Normal,-0.2182182474793326,West-coast orographic,5.3,2.57623071193695,2.7688780209617887,5.857545944469653,4.928370023237048,5.857545944469653,0.00022179221025731794,0.0
patna,2026-08-31,9.7,0.0,25.59,85.14,Normal,-0.2182182474793326,Inland,9.7,6.741865062713627,6.925033583143734,3.2457674204325797,2.6649394476159403,3.2457674204325797,0.0007129547305615055,0.0
pune,2026-08-31,0.30000000000000004,0.012376896105706692,18.52,73.86,Normal,-0.2182182474793326,Inland,0.30000000000000004,0.0,0.0,0.5654539999149277,0.0,0.5654539999149277,0.00012514868643142112,0.0
raipur,2026-08-31,27.3,11.961616516113281,21.25,81.63,Normal,-0.2182182474793326,Inland,27.3,21.55656706602742,27.006529462034294,16.348306568563217,30.744289177742388,16.348306568563217,0.08513545428107425,0.0
ranchi,2026-08-31,11.5,13.972370147705078,23.34,85.31,Normal,-0.2182182474793326,Inland,11.5,8.278480396270748,8.739565525054932,5.59140531915176,7.349277513110238,5.59140531915176,0.0015609263277653954,0.0
shillong,2026-08-31,10.8,8.757678031921387,25.58,91.89,Normal,-0.2182182474793326,Hill / Himalayan orographic,10.8,7.658104240603575,7.688180232048035,3.5365966802904603,1.759489565340926,3.5365966802904603,0.00047079936359436625,0.0
shimla,2026-08-31,3.6,39.373775482177734,31.1,77.17,Normal,-0.2182182474793326,Hill / Himalayan orographic,3.6,1.2875516498088837,1.4533379297529923,6.624034326288356,5.355425231167607,6.624034326288356,0.0331826036215023,0.0
srinagar,2026-08-31,0.0,0.21258683502674103,34.08,74.8,Normal,-0.2182182474793326,Hill / Himalayan orographic,0.0,0.0,0.0,0.1328963484108947,0.0,0.1328963484108947,0.00023533248929231046,0.0
surat,2026-08-31,0.9,0.0,21.17,72.83,Normal,-0.2182182474793326,West-coast orographic,0.9,0.0,0.0,0.1570103990285483,0.0,0.1570103990285483,0.00019164228789440117,0.0
thiruvananthapuram,2026-08-31,3.6999999999999997,0.4874708652496338,8.52,76.94,Normal,-0.2182182474793326,West-coast orographic,3.6999999999999997,1.3668357747793194,0.9916070988330433,1.265178083880869,0.4132990942774484,1.265178083880869,0.001361371950792886,0.0
varanasi,2026-08-31,13.8,2.8907933235168457,25.32,82.97,Normal,-0.2182182474793326,Inland,13.8,10.254444178581238,11.9596504538082,1.0116721711576926,0.05641416398676739,1.0116721711576926,0.0016757524309084558,0.0
vijayawada,2026-08-31,4.8,1.8097623586654663,16.51,80.65,Normal,-0.2182182474793326,Inland,4.8,2.135345718860628,2.317112775567979,4.325007955388728,4.699309438479094,4.325007955388728,0.0018756822905998927,0.0
visakhapatnam,2026-08-31,9.9,0.0,17.69,83.22,Normal,-0.2182182474793326,East coast,9.9,7.012907028198245,6.18147785898665,3.619345963388767,3.6417101672340926,3.619345963388767,0.004652884808425424,0.0
agartala,2026-09-02,4.5,13.19789981842041,23.83,91.29,Normal,-0.8058062678777715,Inland,4.5,1.9461283922195447,2.177794532775879,7.441996202679927,10.536673103122716,7.441996202679927,0.0007326608118159016,0.0
ahmedabad,2026-09-02,0.0,0.23664042353630066,23.02,72.57,Normal,-0.8058062678777715,Inland,0.0,0.0,0.0,0.052164810967617006,0.0,0.052164810967617006,0.0003453180366307781,0.0
amritsar,2026-09-02,0.1,0.0,31.63,74.87,Normal,-0.8058062678777715,Inland,0.1,0.0,0.0,0.25207164854533515,0.0,0.25207164854533515,0.0007697452119320789,0.0
bengaluru,2026-09-02,0.8,0.0,12.97,77.59,Normal,-0.8058062678777715,Inland,0.8,0.0,0.00425116578117013,0.7939721569334142,0.0,0.7939721569334142,9.151817877667891e-05,0.0
bhopal,2026-09-02,15.9,0.0,23.26,77.41,Normal,-0.8058062678777715,Inland,15.9,11.932838195562361,14.032341884613036,8.181418021045607,12.294263960763699,8.181418021045607,0.01873733360280724,0.0
bhubaneswar,2026-09-02,6.4,0.0,20.3,85.82,Normal,-0.8058062678777715,East coast,6.4,3.4218227879206338,1.8599871277809148,5.090228569347367,5.199549740616154,5.090228569347367,0.0009601691689164388,0.0
chandigarh,2026-09-02,1.9,1.4270790815353394,30.73,76.78,Normal,-0.8058062678777715,Inland,1.9,0.26110830307006844,0.41852807104587597,5.452760745567295,7.218393577055425,5.452760745567295,0.0011875268282387384,0.0
chennai,2026-09-02,0.0,0.0,13.08,80.27,Normal,-0.8058062678777715,East coast,0.0,0.0,0.0,0.20256492774349563,0.0,0.20256492774349563,9.320005332990271e-05,0.0
dehradun,2026-09-02,5.0,6.9432053565979,30.32,78.03,Normal,-0.8058062678777715,Hill / Himalayan orographic,5.0,2.28094132781029,2.5186736124959492,8.281316829298891,8.512665301849488,8.281316829298891,0.008101439370879971,0.0
delhi,2026-09-02,6.7,2.7367453575134277,28.61,77.21,Normal,-0.8058062678777715,Inland,6.7,3.762367037932078,4.077455425262454,3.3105570605244137,2.730074854578226,3.3105570605244137,0.0025491463439243646,0.0
gangtok,2026-09-02,30.5,26.57552719116211,27.33,88.61,Normal,-0.8058062678777715,Hill / Himalayan orographic,30.5,24.100916535785245,25.97997608675742,13.752963068630207,17.242643150914787,13.752963068630207,0.0019449733430839833,0.0
guwahati,2026-09-02,0.6000000000000001,14.19855785369873,26.14,91.74,Normal,-0.8058062678777715,Inland,0.6000000000000001,0.0,0.0,1.3759989865235,0.38055630166270477,1.3759989865235,0.00020802022454208052,0.0
hyderabad,2026-09-02,0.0,4.398191452026367,17.39,78.49,Normal,-0.8058062678777715,Inland,0.0,0.0,0.0,0.4310867547326201,0.0,0.4310867547326201,0.00013648217463323157,0.0
jabalpur,2026-09-02,25.5,11.338301658630371,23.18,79.95,Normal,-0.8058062678777715,Inland,25.5,20.257955366471606,25.129243724846788,18.412486740253957,34.4537199122689,18.412486740253957,0.07577924885010229,0.0
jaipur,2026-09-02,1.5,0.0,26.91,75.79,Normal,-0.8058062678777715,Inland,1.5,0.12543207369744766,0.24062798321247073,0.5281583269450416,0.0,0.5281583269450416,0.00064169673558369,0.0
jodhpur,2026-09-02,0.0,0.0,26.24,73.02,Normal,-0.8058062678777715,Inland,0.0,0.0,0.0,0.004762257558348019,0.0,0.004762257558348019,0.0004317103443399308,0.0
kochi,2026-09-02,4.4,0.0,9.93,76.27,Normal,-0.8058062678777715,West-coast orographic,4.4,1.880697739124299,1.179492868399856,3.221619355892415,1.95137459464445,3.221619355892415,0.0011237027096270055,0.0
kolkata,2026-09-02,28.6,23.50339126586914,22.57,88.36,Normal,-0.8058062678777715,East coast,28.6,22.53833144183338,23.953272250248837,13.861605837209884,26.512880739538915,13.861605837209884,0.026233886395847467,0.0
lucknow,2026-09-02,4.699999999999999,36.899864196777344,26.85,80.95,Normal,-0.8058062678777715,Inland,4.699999999999999,2.0734523820877087,2.2771368495244833,3.1877797444243017,2.6170625989334053,3.1877797444243017,0.0039127698998753105,0.0
madurai,2026-09-02,1.6,0.0,9.93,78.12,Normal,-0.8058062678777715,Inland,1.6,0.15428446374185487,0.2685783363878726,1.3287645202504348,0.327576627931379,1.3287645202504348,9.874283071053642e-05,0.0
mangaluru,2026-09-02,27.0,3.1209311485290527,12.91,74.86,Normal,-0.8058062678777715,West-coast orographic,27.0,21.33797415177803,13.43894632483787,5.6467904418104595,4.832509626098735,5.6467904418104595,0.017502674046909316,0.0
mumbai,2026-09-02,6.5,4.257719993591309,19.08,72.88,Normal,-0.8058062678777715,West-coast orographic,6.5,3.5342685969670606,3.7775721168518035,4.7657516714080455,3.7929280456874315,4.7657516714080455,0.001529929770558067,0.0
nagpur,2026-09-02,9.899999999999999,0.05490860715508461,21.15,79.09,Normal,-0.8058062678777715,Inland,9.899999999999999,7.012907028198242,7.130193443298337,7.132037122839581,9.606866944696545,7.132037122839581,0.006803929030727735,0.0
panaji,2026-09-02,18.5,9.726802825927734,15.49,73.83,Normal,-0.8058062678777715,West-coast orographic,18.5,14.462954117895844,10.674522579542598,6.614927813186945,5.45747279834375,6.614927813186945,0.0021777397858700983,0.0
patna,2026-09-02,5.5,17.318735122680664,25.59,85.14,Normal,-0.8058062678777715,Inland,5.5,2.69775324344635,2.816381950390932,4.209584898334885,4.498080055266594,4.209584898334885,0.0010274110813248572,0.0
pune,2026-09-02,2.8000000000000003,0.0,18.52,73.86,Normal,-0.8058062678777715,Inland,2.8000000000000003,0.7411559009552007,0.9301667368412023,1.0221328872073066,0.06063887632271349,1.0221328872073066,0.00021954820672561606,0.0
raipur,2026-09-02,31.9,1.062676191329956,21.25,81.63,Normal,-0.8058062678777715,Inland,31.9,24.81720421435177,32.36675608853582,15.994231010125091,30.098121337560183,15.994231010125091,0.06815308939013502,0.0
ranchi,2026-09-02,25.3,31.459543228149414,23.34,85.31,Normal,-0.8058062678777715,Inland,25.3,20.12315147084588,24.950644051993958,18.077043847535315,33.89913680044569,18.077043847535315,0.014664834824862506,0.0
shillong,2026-09-02,9.6,39.243682861328125,25.58,91.89,Normal,-0.8058062678777715,Hill / Himalayan orographic,9.6,6.606344079971319,6.213768163933811,4.326288880010936,2.6532817230058043,4.326288880010936,0.0004344925999475127,0.0
shimla,2026-09-02,9.5,25.464706420898438,31.1,77.17,Normal,-0.8058062678777715,Hill / Himalayan orographic,9.5,6.464212173223506,6.108493398566801,9.01360001038751,9.288028374353567,9.01360001038751,0.001712089914222286,0.0
srinagar,2026-09-02,6.8,4.00662899017334,34.08,74.8,Normal,-0.8058062678777715,Hill / Himalayan orographic,6.8,3.878019669850668,3.3461883435101383,1.6854837160059442,0.5170868886196718,1.6854837160059442,0.0008258105253806335,0.0
surat,2026-09-02,1.4,0.5289862751960754,21.17,72.83,Normal,-0.8058062678777715,West-coast orographic,1.4,0.09591838717460588,0.008382990024983893,0.03540345248121053,0.0,0.03540345248121053,0.00034065047445542456,0.0
thiruvananthapuram,2026-09-02,0.0,0.0,8.52,76.94,Normal,-0.8058062678777715,West-coast orographic,0.0,0.0,0.0,0.0003341106873844179,0.0,0.0003341106873844179,0.0001862025578036387,0.0
varanasi,2026-09-02,9.3,16.01776695251465,25.32,82.97,Normal,-0.8058062678777715,Inland,9.3,6.179948359727879,6.335649683681518,1.8345692268059541,0.8476814401735561,1.8345692268059541,0.0023388332342426134,0.0
vijayawada,2026-09-02,0.6000000000000001,0.0,16.51,80.65,Normal,-0.8058062678777715,Inland,0.6000000000000001,0.0,0.0,0.9581030389522273,0.030919832738409325,0.9581030389522273,0.00023282884805946909,0.0
visakhapatnam,2026-09-02,0.4,0.0,17.69,83.22,Normal,-0.8058062678777715,East coast,0.4,0.0,0.0,0.8283385130186206,0.0006640369554654144,0.8283385130186206,0.00012773081525257958,0.0
agartala,2026-09-03,15.0,4.037816524505615,23.83,91.29,Normal,-0.15762137664613163,Inland,15.0,11.208908381895585,12.923217510822251,6.354419069768235,8.062232613076404,6.354419069768235,0.0019154634723483003,0.0
ahmedabad,2026-09-03,0.0,0.0,23.02,72.57,Normal,-0.15762137664613163,Inland,0.0,0.0,0.0,0.06383720761176716,0.0,0.06383720761176716,0.0001968516936982531,0.0
amritsar,2026-09-03,0.0,0.0,31.63,74.87,Normal,-0.15762137664613163,Inland,0.0,0.0,0.0,0.36271783109399997,0.0,0.36271783109399997,0.00042086981286716695,0.0
bengaluru,2026-09-03,7.7,1.6505608558654785,12.97,77.59,Normal,-0.15762137664613163,Inland,7.7,4.7417834122975675,4.949749007225036,2.290775804875877,1.641248509855379,2.290775804875877,0.001237730669716606,0.0
bhopal,2026-09-03,10.0,1.6026957035064697,23.26,77.41,Normal,-0.15762137664613163,Inland,10.0,7.1484280109405525,7.22886447906494,6.531505981566734,8.240758141806342,6.531505981566734,0.009549744998460017,0.0
bhubaneswar,2026-09-03,0.7000000000000001,2.7432658672332764,20.3,85.82,Normal,-0.15762137664613163,East coast,0.7000000000000001,0.0,0.0,1.096462154458543,0.040611244578995495,1.096462154458543,0.0001716765443455587,0.0
chandigarh,2026-09-03,1.2000000000000002,6.835815906524658,30.73,76.78,Normal,-0.15762137664613163,Inland,1.2000000000000002,0.04983054995536809,0.12103249736130242,2.160097985967086,1.3972965888990374,2.160097985967086,0.0005814130667759664,0.0
chennai,2026-09-03,1.8,0.0,13.08,80.27,Normal,-0.15762137664613163,East coast,1.8,0.2164968256652358,0.042788133092901956,1.221676839583391,0.08289550788023142,1.221676839583391,8.751411404061592e-05,0.0
dehradun,2026-09-03,7.5,32.28029251098633,30.32,78.03,Normal,-0.15762137664613163,Hill / Himalayan orographic,7.5,4.5363642088572185,3.9706185722351055,7.060623881692289,6.358445360243046,7.060623881692289,0.0011906496738134942,0.0
delhi,2026-09-03,23.8,1.1814205646514893,28.61,77.21,Normal,-0.15762137664613163,Inland,23.8,19.09224194560786,23.61114650559772,4.970364598573068,5.8835289977521,4.970364598573068,0.006353674790553756,0.0
gangtok,2026-09-03,7.9,11.660117149353027,27.33,88.61,Normal,-0.15762137664613163,Hill / Himalayan orographic,7.9,4.941626262664795,4.367994695079568,11.206427106726014,13.26586746330019,11.206427106726014,0.0009573082928118342,0.0
guwahati,2026-09-03,4.7,0.0,26.14,91.74,Normal,-0.15762137664613163,Inland,4.7,2.0734523820877095,2.2771368495244833,5.389626028543243,7.15879282924267,5.389626028543243,0.0008112116873966545,0.0
hyderabad,2026-09-03,1.1,1.3207207918167114,17.39,78.49,Normal,-0.15762137664613163,Inland,1.1,0.02144655540585522,0.10091016143560415,0.7936939290470506,0.0,0.7936939290470506,0.0001256052535126838,0.0
jabalpur,2026-09-03,43.0,38.81059646606445,23.18,79.95,Normal,-0.15762137664613163,Inland,43.0,34.11331736357322,41.894875237315425,19.27248292858194,35.46987813561447,19.27248292858194,0.02684646648338897,0.0
jaipur,2026-09-03,2.1,0.13749679923057556,26.91,75.79,Normal,-0.15762137664613163,Inland,2.1,0.32478977710008655,0.4905651015393876,0.7432347264522938,0.0,0.7432347264522938,0.00036183099525166043,0.0
jodhpur,2026-09-03,0.0,0.0,26.24,73.02,Normal,-0.15762137664613163,Inland,0.0,0.0,0.0,0.05631648173096371,0.0,0.05631648173096371,0.0002461095605586219,0.0
kochi,2026-09-03,19.8,0.0,9.93,76.27,Normal,-0.15762137664613163,West-coast orographic,19.8,15.401291983383473,10.95426416372324,5.740745797819361,4.875244442635645,5.740745797819361,0.0022924936677407217,0.0
kolkata,2026-09-03,10.3,68.07449340820312,22.57,88.36,Normal,-0.15762137664613163,East coast,10.3,7.318535728965492,6.63802335331741,4.418436839158752,4.8681511633351064,4.418436839158752,0.0067404250003325564,0.0
lucknow,2026-09-03,0.9,4.222838878631592,26.85,80.95,Normal,-0.15762137664613163,Inland,0.9,0.0,0.05164611145853998,1.7122442189139297,0.7185591329297784,1.7122442189139297,0.0002955126813031525,0.0
madurai,2026-09-03,6.5,20.40458106994629,9.93,78.12,Normal,-0.15762137664613163,Inland,6.5,3.5342685969670606,3.859101709374438,1.6386725217778475,0.6652647777171526,1.6386725217778475,0.000519043906101724,0.0
mangaluru,2026-09-03,29.1,0.32342830300331116,12.91,74.86,Normal,-0.15762137664613163,West-coast orographic,29.1,22.9602003223467,13.954998308857785,5.974191320006247,4.981425207477562,5.974191320006247,0.009647822111137364,0.0
mumbai,2026-09-03,4.8,5.478837490081787,19.08,72.88,Normal,-0.15762137664613163,West-coast orographic,4.8,2.135345718860628,1.60286976986743,6.75387388576644,5.540850675437613,6.75387388576644,0.001330925080420193,0.0
nagpur,2026-09-03,76.5,9.653395652770996,21.15,79.09,Normal,-0.15762137664613163,Inland,76.5,53.156460701413074,90.33722903237876,11.68970052434737,20.896437662347907,11.68970052434737,0.011342322746309343,1.0
panaji,2026-09-03,38.5,12.989325523376465,15.49,73.83,Normal,-0.15762137664613163,West-coast orographic,38.5,30.000257352193206,18.853844324035272,7.484129119021053,7.13052397994719,7.484129119021053,0.0034368400713360434,0.0
patna,2026-09-03,3.9000000000000004,5.071717262268066,25.59,85.14,Normal,-0.15762137664613163,Inland,3.9000000000000004,1.5173118468125661,1.9111303869883223,3.5389381149311165,3.044932195978053,3.5389381149311165,0.0019434277538731852,0.0
pune,2026-09-03,4.2,6.410261631011963,18.52,73.86,Normal,-0.15762137664613163,Inland,4.2,1.73748141348362,2.030392195383708,2.1320927810504102,1.3311428912330363,2.1320927810504102,0.0008105616253444893,0.0
raipur,2026-09-03,59.800000000000004,13.867542266845703,21.25,81.63,Normal,-0.15762137664613163,Inland,59.800000000000004,44.56811011794162,69.33941799274524,16.932964917011702,31.81125755005231,16.932964917011702,0.02169218667033181,0.0
ranchi,2026-09-03,6.5,5.446104526519775,23.34,85.31,Normal,-0.15762137664613163,Inland,6.5,3.5342685969670606,3.859101709374438,4.632492118528197,5.420543161105748,4.632492118528197,0.0005911728531481386,0.0
shillong,2026-09-03,9.6,3.7221784591674805,25.58,91.89,Normal,-0.15762137664613163,Hill / Himalayan orographic,9.6,6.606344079971319,6.213768163933811,4.505542083489434,2.7865951601568666,4.505542083489434,0.00048589110170627026,0.0
shimla,2026-09-03,22.099999999999998,10.451937675476074,31.1,77.17,Normal,-0.15762137664613163,Hill / Himalayan orographic,22.099999999999998,17.458239463180036,19.57727981617576,2.417824277222385,0.9881463385938829,2.417824277222385,0.0017691297520603011,0.0
srinagar,2026-09-03,0.0,0.0,34.08,74.8,Normal,-0.15762137664613163,Hill / Himalayan orographic,0.0,0.0,0.0,0.07993535534511484,0.0,0.07993535534511484,0.00023533248929231046,0.0
surat,2026-09-03,2.4,0.8761691451072693,21.17,72.83,Normal,-0.15762137664613163,West-coast orographic,2.4,0.49464014292876846,0.49006071265491924,0.41686780618034974,0.0,0.41686780618034974,0.00019164228789440117,0.0
thiruvananthapuram,2026-09-03,1.1,0.0,8.52,76.94,Normal,-0.15762137664613163,West-coast orographic,1.1,0.02144655540585522,0.0,0.2662325456398311,0.0,0.2662325456398311,0.00010376990603484656,0.0
varanasi,2026-09-03,3.9000000000000004,4.0439629554748535,25.32,82.97,Normal,-0.15762137664613163,Inland,3.9000000000000004,1.5173118468125661,1.9111303869883223,2.1715415092706687,1.4243283989897486,2.1715415092706687,0.002383163368569344,0.0
vijayawada,2026-09-03,1.6,0.09260683506727219,16.51,80.65,Normal,-0.15762137664613163,Inland,1.6,0.15428446374185487,0.2685783363878726,2.026642829369402,1.0994126734786114,2.026642829369402,0.00021862631212304264,0.0
visakhapatnam,2026-09-03,1.5,0.0,17.69,83.22,Normal,-0.15762137664613163,East coast,1.5,0.12543207369744766,0.014986015670001507,1.2080130820430368,0.06795897558061635,1.2080130820430368,0.0001199384794753386,0.0
agartala,2026-09-04,12.8,2.4989821910858154,23.83,91.29,Normal,-0.18542220900289985,Inland,12.8,9.479047287532262,9.885380760192874,9.354384251273254,14.444509761176521,9.354384251273254,0.0017453975759168323,0.0
ahmedabad,2026-09-04,0.0,0.0,23.02,72.57,Normal,-0.18542220900289985,Inland,0.0,0.0,0.0,0.061673539846446516,0.0,0.061673539846446516,0.000183995141907757,0.0
amritsar,2026-09-04,0.1,0.0,31.63,74.87,Normal,-0.18542220900289985,Inland,0.1,0.0,0.0,1.7777985358458521,0.7198220669760071,1.7777985358458521,0.0006289217141088309,0.0
bengaluru,2026-09-04,6.3,3.876821517944336,12.97,77.59,Normal,-0.18542220900289985,Inland,6.3,3.3385578958193456,3.597368297576907,1.9082907594191154,0.8226589078638621,1.9082907594191154,0.000929359205827535,0.0
bhopal,2026-09-04,10.3,9.755139350891113,23.26,77.41,Normal,-0.18542220900289985,Inland,10.3,7.306270735451345,7.082983478546144,5.628512962576632,6.426272742486028,5.628512962576632,0.007761835181404553,0.0
bhubaneswar,2026-09-04,0.9,0.042187366634607315,20.3,85.82,Normal,-0.18542220900289985,East coast,0.9,0.0,0.0,0.613045308572752,0.0,0.613045308572752,0.00024192077609007915,0.0
chandigarh,2026-09-04,0.1,43.63813018798828,30.73,76.78,Normal,-0.18542220900289985,Inland,0.1,0.0,0.0,1.6599988648750834,0.6296500557519258,1.6599988648750834,0.0006366427826856796,0.0
chennai,2026-09-04,1.5,10.962789535522461,13.08,80.27,Normal,-0.18542220900289985,East coast,1.5,0.11891057008299419,0.005760866980999701,0.5499761039315944,0.0,0.5499761039315944,0.00019844660161052444,0.0
dehradun,2026-09-04,4.4,3.812687635421753,30.32,78.03,Normal,-0.18542220900289985,Hill / Himalayan orographic,4.4,1.9380846494436272,2.5079163074493405,13.215982866678821,16.78505572219308,13.215982866678821,0.01023157454132949,0.0
delhi,2026-09-04,14.8,0.7234600186347961,28.61,77.21,Normal,-0.18542220900289985,Inland,14.8,11.20930992707625,12.427740040500602,6.802713784523694,8.421036324661918,6.802713784523694,0.005514830722705843,0.0
gangtok,2026-09-04,5.2,7.357221603393555,27.33,88.61,Normal,-0.18542220900289985,Hill / Himalayan orographic,5.2,2.5127281022071872,2.8850371551513727,17.947686960734675,28.49226932298933,17.947686960734675,0.020836858521476914,0.0
guwahati,2026-09-04,5.2,10.65594482421875,26.14,91.74,Normal,-0.18542220900289985,Inland,5.2,2.5127281022071872,2.66701812002394,9.746034241758887,15.390434122106647,9.746034241758887,0.0014110617392705403,0.0
hyderabad,2026-09-04,1.5,0.0,17.39,78.49,Normal,-0.18542220900289985,Inland,1.5,0.11891057008299419,0.22326963067054742,1.45260703224945,0.40053966017825987,1.45260703224945,0.00020523542295498113,0.0
jabalpur,2026-09-04,35.5,8.968439102172852,23.18,79.95,Normal,-0.18542220900289985,Inland,35.5,26.827736904609026,36.19924312967651,8.226084316989326,12.312883310834053,8.226084316989326,0.013144852639854803,0.0
jaipur,2026-09-04,4.8,0.0,26.91,75.79,Normal,-0.18542220900289985,Inland,4.8,2.208289623260498,2.3658960056304923,4.734038312779448,4.694858859738834,4.734038312779448,0.00998966485335035,0.0
jodhpur,2026-09-04,0.2,0.0,26.24,73.02,Normal,-0.18542220900289985,Inland,0.2,0.0,0.0,0.09304344077413594,0.0,0.09304344077413594,0.0001919344452037245,0.0
kochi,2026-09-04,5.5,0.0,9.93,76.27,Normal,-0.18542220900289985,West-coast orographic,5.5,2.7593098545074457,2.8972038435935983,6.511464514985735,5.066659519854953,6.511464514985735,0.0007533016647239584,0.0
kolkata,2026-09-04,3.1,10.235962867736816,22.57,88.36,Normal,-0.18542220900289985,East coast,3.1,0.9119782701134685,0.2360052833326009,0.41440196590024847,0.0,0.41440196590024847,0.00022740011497108167,0.0
lucknow,2026-09-04,1.7,10.0405855178833,26.85,80.95,Normal,-0.18542220900289985,Inland,1.7,0.173444852232933,0.30741801381111133,2.601496542050642,1.7859765516594865,2.601496542050642,0.00025088917842790376,0.0
madurai,2026-09-04,4.4,7.147037982940674,9.93,78.12,Normal,-0.18542220900289985,Inland,4.4,1.9380846494436272,2.0967886066436763,1.0696369888469845,0.110857656327662,1.0696369888469845,0.0007091705811661401,0.0
mangaluru,2026-09-04,18.3,2.9966015815734863,12.91,74.86,Normal,-0.18542220900289985,West-coast orographic,18.3,14.3720621593182,9.962445499680259,16.534741562858102,18.81783527185423,16.534741562858102,0.0037930605006069726,0.0
mumbai,2026-09-04,3.8000000000000003,1.5778412818908691,19.08,72.88,Normal,-0.18542220900289985,West-coast orographic,3.8000000000000003,1.4648409326871243,1.1357904538090862,7.719029394350229,6.494364003957187,7.719029394350229,0.0015113236299698098,0.0
nagpur,2026-09-04,49.9,2.7731964588165283,21.15,79.09,Normal,-0.18542220900289985,Inland,49.9,37.96964764415169,46.49057007930563,16.170501742536015,30.636640986547242,16.170501742536015,0.011766239200050025,0.0
panaji,2026-09-04,41.7,8.12071418762207,15.49,73.83,Normal,-0.18542220900289985,West-coast orographic,41.7,32.68849818194611,19.44057206689784,3.61027091599373,2.638357784514249,3.61027091599373,0.0022338307554631014,0.0
patna,2026-09-04,7.8,0.6130241751670837,25.59,85.14,Normal,-0.18542220900289985,Inland,7.8,4.882157731850941,4.810623537172301,6.368966005656645,7.5215579944477335,6.368966005656645,0.0005895332743113624,0.0
pune,2026-09-04,2.6,0.7981942296028137,18.52,73.86,Normal,-0.18542220900289985,Inland,2.6,0.589832634329796,0.8039777159690856,1.1802172880443165,0.1718025852600094,1.1802172880443165,0.0001744243833767266,0.0
raipur,2026-09-04,82.0,19.292327880859375,21.25,81.63,Normal,-0.18542220900289985,Inland,82.0,55.74532769524331,96.8069533294955,15.724280647532275,29.74768532216891,15.724280647532275,0.009694854485006253,1.0
ranchi,2026-09-04,3.7,0.0529266856610775,23.34,85.31,Normal,-0.18542220900289985,Inland,3.7,1.3995460490385694,1.7506373294194535,6.599294217529492,7.995817966618065,6.599294217529492,0.00746969325440935,0.0
shillong,2026-09-04,9.0,4.059505462646484,25.58,91.89,Normal,-0.18542220900289985,Hill / Himalayan orographic,9.0,5.787386241864545,6.90838603973389,6.811313532497247,4.8466535538879905,6.811313532497247,0.0005640393095087828,0.0
shimla,2026-09-04,6.5,0.0,31.1,77.17,Normal,-0.18542220900289985,Hill / Himalayan orographic,6.5,3.5069770359992964,3.6690789348674295,11.794139094149516,14.841004079673663,11.794139094149516,0.0022570514943344106,0.0
srinagar,2026-09-04,2.9,1.4874752759933472,34.08,74.8,Normal,-0.18542220900289985,Hill / Himalayan orographic,2.9,0.8031948265433312,1.3163205643831675,1.972056798134544,0.4363538997014232,1.972056798134544,0.00030411284774603975,0.0
surat,2026-09-04,1.2000000000000002,0.0,21.17,72.83,Normal,-0.18542220900289985,West-coast orographic,1.2000000000000002,0.05181836754083635,0.0,0.2559534949111798,0.0,0.2559534949111798,0.00025226252969627947,0.0
thiruvananthapuram,2026-09-04,2.0,0.0,8.52,76.94,Normal,-0.18542220900289985,West-coast orographic,2.0,0.26470319986343394,0.2724538871149221,0.5997560220318554,0.0,0.5997560220318554,0.00014315202241713232,0.0
varanasi,2026-09-04,5.5,9.614413261413574,25.32,82.97,Normal,-0.18542220900289985,Inland,5.5,2.7593098545074457,2.8146645669376142,7.682263167472573,10.774657528853405,7.682263167472573,0.013957585344690094,0.0
vijayawada,2026-09-04,0.30000000000000004,0.0,16.51,80.65,Normal,-0.18542220900289985,Inland,0.30000000000000004,0.0,0.0,0.9636571098011311,0.03546153251240742,0.9636571098011311,0.0002301339430327161,0.0
visakhapatnam,2026-09-04,3.2,0.06204475462436676,17.69,83.22,Normal,-0.18542220900289985,East coast,3.2,0.9766299134492882,0.24378050178289415,0.5150801665872581,0.0,0.5150801665872581,0.00022595147861518338,0.0
agartala,2026-09-05,6.8,11.566143989562988,23.83,91.29,Normal,0.26879759493749156,Inland,6.8,3.8336768531799317,3.9654140894036543,9.339985296703516,14.403021974249457,9.339985296703516,0.0007044382805112211,0.0
ahmedabad,2026-09-05,0.30000000000000004,0.0,23.02,72.57,Normal,0.26879759493749156,Inland,0.30000000000000004,0.0,0.0,0.16298834315271293,0.0,0.16298834315271293,0.0001591802196872615,0.0
amritsar,2026-09-05,0.6000000000000001,5.6830878257751465,31.63,74.87,Normal,0.26879759493749156,Inland,0.6000000000000001,0.0,0.0,1.8239068968063283,0.7637887963501627,1.8239068968063283,0.0004105524211006415,0.0
bengaluru,2026-09-05,0.30000000000000004,8.548032760620117,12.97,77.59,Normal,0.26879759493749156,Inland,0.30000000000000004,0.0,0.0,0.7627695312899738,0.0,0.7627695312899738,0.00016628976811581875,0.0
bhopal,2026-09-05,14.7,26.3914794921875,23.26,77.41,Normal,0.26879759493749156,Inland,14.7,11.138391496141947,12.341257566266348,6.20995128613236,7.3310344604898585,6.20995128613236,0.003843084729730748,0.0
bhubaneswar,2026-09-05,4.0,0.0,20.3,85.82,Normal,0.26879759493749156,East coast,4.0,1.612549023032189,0.5237727868761803,1.083175830830203,0.0803504415909581,1.083175830830203,0.0010849560976788708,0.0
chandigarh,2026-09-05,4.5,35.95228576660156,30.73,76.78,Normal,0.26879759493749156,Inland,4.5,2.0394012928009038,2.15145164489746,8.655867834770058,12.76210317334369,8.655867834770058,0.008081414881766948,0.0
chennai,2026-09-05,0.30000000000000004,0.2631383240222931,13.08,80.27,Normal,0.26879759493749156,East coast,0.30000000000000004,0.0,0.0,0.39699694652148043,0.0,0.39699694652148043,0.00016586070165088042,0.0
dehradun,2026-09-05,6.8,4.15025520324707,30.32,78.03,Normal,0.26879759493749156,Hill / Himalayan orographic,6.8,3.8336768531799317,3.950006998346208,10.545088097749801,12.438668182292266,10.545088097749801,0.0009215517790198675,0.0
delhi,2026-09-05,25.4,6.080350875854492,28.61,77.21,Normal,0.26879759493749156,Inland,25.4,20.050046372847127,23.883026294319006,6.366018784769901,7.518026780857086,6.366018784769901,0.007487340034469512,0.0
gangtok,2026-09-05,5.0,4.640847682952881,27.33,88.61,Normal,0.26879759493749156,Hill / Himalayan orographic,5.0,2.3564958445231134,2.8288405699957018,9.972898925594473,10.566523237452671,9.972898925594473,0.006351247717642007,0.0
guwahati,2026-09-05,3.3,4.83929967880249,26.14,91.74,Normal,0.26879759493749156,Inland,3.3,1.0684638023376465,1.4162953662872315,6.165165883801165,7.277374817235503,6.165165883801165,0.00021396575678917906,0.0
hyderabad,2026-09-05,1.0,0.0,17.39,78.49,Normal,0.26879759493749156,Inland,1.0,0.004259554594755173,0.07898270100355162,0.9560150646581945,0.0300672114496175,0.9560150646581945,0.00017963383673154305,0.0
jabalpur,2026-09-05,4.5,4.612009525299072,23.18,79.95,Normal,0.26879759493749156,Inland,4.5,2.0394012928009038,2.15145164489746,3.1869590739906837,2.3319364714347635,3.1869590739906837,0.0016435469499008852,0.0
jaipur,2026-09-05,7.1,23.37516212463379,26.91,75.79,Normal,0.26879759493749156,Inland,7.1,4.140628473758697,4.30984990596771,4.7624489012151185,4.762110869930353,4.7624489012151185,0.0013850121997365703,0.0
jodhpur,2026-09-05,0.0,0.0,26.24,73.02,Normal,0.26879759493749156,Inland,0.0,0.0,0.0,0.049758070448569745,0.0,0.049758070448569745,0.00016604894866328787,0.0
kochi,2026-09-05,1.2000000000000002,0.0,9.93,76.27,Normal,0.26879759493749156,West-coast orographic,1.2000000000000002,0.05181836754083635,0.0,2.3484669075705162,1.145524945349095,2.3484669075705162,0.00018423796157793673,0.0
kolkata,2026-09-05,5.4,0.0,22.57,88.36,Normal,0.26879759493749156,East coast,5.4,2.6770835518836993,0.9448119301922548,0.7005733838847578,0.0,0.7005733838847578,0.0013410672218253854,0.0
lucknow,2026-09-05,15.7,6.918900012969971,26.85,80.95,Normal,0.26879759493749156,Inland,15.7,11.862258541910647,13.373771882594976,8.578543189461698,12.681281631574493,8.578543189461698,0.0029675558108252557,0.0
madurai,2026-09-05,2.9000000000000004,0.0,9.93,78.12,Normal,0.26879759493749156,Inland,2.9000000000000004,0.8031948265433313,1.0164716958999638,0.9575636819875059,0.031025249615972184,0.9575636819875059,0.0001798190843947954,0.0
mangaluru,2026-09-05,2.4,0.0,12.91,74.86,Normal,0.26879759493749156,West-coast orographic,2.4,0.49662038922309876,0.4608839693665504,6.751348920093719,5.103081170486895,6.751348920093719,0.00015625501785193084,0.0
mumbai,2026-09-05,2.6,2.456392526626587,19.08,72.88,Normal,0.26879759493749156,West-coast orographic,2.6,0.589832634329796,0.5507158389905604,3.6689417302128926,2.677786484530869,3.6689417302128926,0.0002220328556598583,0.0
nagpur,2026-09-05,6.3,9.597953796386719,21.15,79.09,Normal,0.26879759493749156,Inland,6.3,3.3385578958193456,3.597368297576907,3.268779847037653,2.4428119917399687,3.268779847037653,0.0009021946320976853,0.0
panaji,2026-09-05,9.6,4.775257587432861,15.49,73.83,Normal,0.26879759493749156,West-coast orographic,9.6,6.462730869054795,5.75031582497523,9.846984804376056,9.727015734177119,9.846984804376056,0.0014315369834527185,0.0
patna,2026-09-05,6.3,0.0,25.59,85.14,Normal,0.26879759493749156,Inland,6.3,3.3385578958193456,3.597368297576907,6.115939908010247,7.202845225327639,6.115939908010247,0.00046458840533424327,0.0
pune,2026-09-05,4.0,0.7936451435089111,18.52,73.86,Normal,0.26879759493749156,Inland,4.0,1.612549023032189,1.8943666330973306,3.172672773210605,2.31257707194194,3.172672773210605,0.00069535147298982,0.0
raipur,2026-09-05,1.0,0.4318348467350006,21.25,81.63,Normal,0.26879759493749156,Inland,1.0,0.004259554594755173,0.07898270100355162,0.8228401093768821,0.0,0.8228401093768821,0.00018042597474034162,0.0
ranchi,2026-09-05,1.5,0.0,23.34,85.31,Normal,0.26879759493749156,Inland,1.5,0.11891057008299419,0.22326963067054742,1.9602951524243226,0.8456599842817638,1.9602951524243226,0.00018497520134193906,0.0
shillong,2026-09-05,9.1,5.84981107711792,25.58,91.89,Normal,0.26879759493749156,Hill / Himalayan orographic,9.1,5.899735284009248,7.364487550316792,7.094266773040287,5.258441320342792,7.094266773040287,0.000475285121378274,0.0
shimla,2026-09-05,9.6,0.0,31.1,77.17,Normal,0.26879759493749156,Hill / Himalayan orographic,9.6,6.462730869054795,7.805995982512263,7.083133624016112,5.246705428382953,7.083133624016112,0.0012667653887926365,0.0
srinagar,2026-09-05,9.1,0.0,34.08,74.8,Normal,0.26879759493749156,Hill / Himalayan orographic,9.1,5.899735284009248,7.364487550316792,1.5030124300014338,0.13220959931693993,1.5030124300014338,0.0013033947347820748,0.0
surat,2026-09-05,0.30000000000000004,0.0,21.17,72.83,Normal,0.26879759493749156,West-coast orographic,0.30000000000000004,0.0,0.0,0.22620071682058465,0.0,0.22620071682058465,0.00022453734063235055,0.0
thiruvananthapuram,2026-09-05,1.1,0.0,8.52,76.94,Normal,0.26879759493749156,West-coast orographic,1.1,0.015230039693415229,0.0,0.5346926321725182,0.0,0.5346926321725182,0.00012931564016228632,0.0
varanasi,2026-09-05,4.6000000000000005,1.2657215595245361,25.32,82.97,Normal,0.26879759493749156,Inland,4.6000000000000005,2.095697402954102,2.2061146831512444,4.859677527292031,5.010575161520575,4.859677527292031,0.004523722056173794,0.0
vijayawada,2026-09-05,0.8,0.0,16.51,80.65,Normal,0.26879759493749156,Inland,0.8,0.0,0.0,0.983655131881722,0.05178993693727735,0.983655131881722,0.00019234582806379612,0.0
visakhapatnam,2026-09-05,0.9,3.2987027168273926,17.69,83.22,Normal,0.26879759493749156,East coast,0.9,0.0,0.0,0.533837270834733,0.0,0.533837270834733,0.00018884999678716655,0.0
agartala,2026-09-06,5.5,11.739315032958984,23.83,91.29,Normal,0.014522423168834862,Inland,5.5,2.7593098545074457,2.8146645669376142,6.991936036053645,8.810231293274699,6.991936036053645,0.001127487087741429,0.0
ahmedabad,2026-09-06,0.4,0.0,23.02,72.57,Normal,0.014522423168834862,Inland,0.4,0.0,0.0,0.16298834315271293,0.0,0.16298834315271293,0.0001965927872175243,0.0
amritsar,2026-09-06,0.6,5.625783443450928,31.63,74.87,Normal,0.014522423168834862,Inland,0.6,0.0,0.0,1.8239068968063283,0.7637887963501627,1.8239068968063283,0.0005268726661828343,0.0
bengaluru,2026-09-06,0.6000000000000001,0.0,12.97,77.59,Normal,0.014522423168834862,Inland,0.6000000000000001,0.0,0.0,0.7627695312899738,0.0,0.7627695312899738,0.00021011281057843454,0.0
bhopal,2026-09-06,10.8,14.486809730529785,23.26,77.41,Normal,0.014522423168834862,Inland,10.8,7.606243553590238,7.48169063091278,6.20995128613236,7.3310344604898585,6.20995128613236,0.006782546999791414,0.0
bhubaneswar,2026-09-06,0.0,1.648492455482483,20.3,85.82,Normal,0.014522423168834862,East coast,0.0,0.0,0.0,0.23933309539839875,0.0,0.23933309539839875,0.00023930229428545215,0.0
chandigarh,2026-09-06,0.1,24.397220611572266,30.73,76.78,Normal,0.014522423168834862,Inland,0.1,0.0,0.0,0.9516507274190041,0.027367253514982478,0.9516507274190041,0.0005333415801901902,0.0
chennai,2026-09-06,0.0,0.01406124234199524,13.08,80.27,Normal,0.014522423168834862,East coast,0.0,0.0,0.0,0.10172456004687987,0.0,0.10172456004687987,0.00020957069412303334,0.0
dehradun,2026-09-06,80.6,31.24212646484375,30.32,78.03,Normal,0.014522423168834862,Hill / Himalayan orographic,80.6,54.969815646327945,59.87403845639837,27.444155213187493,52.91473128240981,27.444155213187493,0.06241167318562041,1.0
delhi,2026-09-06,38.0,7.581384658813477,28.61,77.21,Normal,0.014522423168834862,Inland,38.0,29.162489933126114,38.51468518333203,8.716711287903678,12.82569818460059,8.716711287903678,0.04043956610124853,0.0
gangtok,2026-09-06,1.9000000000000001,34.9663200378418,27.33,88.61,Normal,0.014522423168834862,Hill / Himalayan orographic,1.9000000000000001,0.24206876859068877,0.6269937276840212,6.849869673494729,4.911572760549626,6.849869673494729,0.00024324643539352773,0.0
guwahati,2026-09-06,18.1,0.030720427632331848,26.14,91.74,Normal,0.014522423168834862,Inland,18.1,14.21927913225615,16.436799096965473,9.114293505696342,13.752734976596736,9.114293505696342,0.001186820313241793,0.0
hyderabad,2026-09-06,0.2,0.0,17.39,78.49,Normal,0.014522423168834862,Inland,0.2,0.0,0.0,0.5261330271899851,0.0,0.5261330271899851,0.0002269726994490696,0.0
jabalpur,2026-09-06,12.7,5.602912425994873,23.18,79.95,Normal,0.014522423168834862,Inland,12.7,9.403879160199846,9.77505763244629,5.556174590336512,6.286506936311867,5.556174590336512,0.00621523924414803,0.0
jaipur,2026-09-06,0.5,44.495018005371094,26.91,75.79,Normal,0.014522423168834862,Inland,0.5,0.0,0.0,0.34984777603260175,0.0,0.34984777603260175,0.0002762540906721924,0.0
jodhpur,2026-09-06,1.3,0.0,26.24,73.02,Normal,0.014522423168834862,Inland,1.3,0.07296817019581799,0.1620618575811386,0.2633714059905629,0.0,0.2633714059905629,0.0002050755614506721,0.0
kochi,2026-09-06,0.7000000000000001,0.0,9.93,76.27,Normal,0.014522423168834862,West-coast orographic,0.7000000000000001,0.0,0.0,1.9379279139064636,0.8247192856019804,1.9379279139064636,0.00024145899984767308,0.0
kolkata,2026-09-06,0.0,0.71312415599823,22.57,88.36,Normal,0.014522423168834862,East coast,0.0,0.0,0.0,0.1481048338138304,0.0,0.1481048338138304,0.00021863275455410395,0.0
lucknow,2026-09-06,7.3,0.0,26.85,80.95,Normal,0.014522423168834862,Inland,7.3,4.321819025675455,4.421682286262511,7.5934910464605725,10.252914581360061,7.5934910464605725,0.0035653531005330158,0.0
madurai,2026-09-06,2.8,7.398043632507324,9.93,78.12,Normal,0.014522423168834862,Inland,2.8,0.7590630263090131,0.8641274762153625,0.9575636819875059,0.031025249615972184,0.9575636819875059,0.00022720675429158704,0.0
mangaluru,2026-09-06,0.0,0.0,12.91,74.86,Normal,0.014522423168834862,West-coast orographic,0.0,0.0,0.0,2.5683484885822057,1.341020529073781,2.5683484885822057,0.00020478683098936943,0.0
mumbai,2026-09-06,2.9,16.749969482421875,19.08,72.88,Normal,0.014522423168834862,West-coast orographic,2.9,0.8031948265433312,0.7058426356645604,3.3877571664519905,2.518370971549252,3.3877571664519905,0.0002742138007051663,0.0
nagpur,2026-09-06,6.4,19.14730453491211,21.15,79.09,Normal,0.014522423168834862,Inland,6.4,3.4227674659093212,3.659625051021579,3.268779847037653,2.4428119917399687,3.268779847037653,0.0013126672240795026,0.0
panaji,2026-09-06,7.6,1.3635847568511963,15.49,73.83,Normal,0.014522423168834862,West-coast orographic,7.6,4.66071616411209,4.8975898302772825,6.100756811527134,4.77081349861367,6.100756811527134,0.0016752595296302007,0.0
patna,2026-09-06,5.7,1.6832544803619385,25.59,85.14,Normal,0.014522423168834862,Inland,5.7,2.8997328074773145,2.9537722206115724,8.002416994806676,11.939112603103196,8.002416994806676,0.0018281345709665858,0.0
pune,2026-09-06,1.2,0.19449739158153534,18.52,73.86,Normal,0.014522423168834862,Inland,1.2,0.02620052479207526,0.10846247643232358,0.4746567050590897,0.0,0.4746567050590897,0.0001917424133994217,0.0
raipur,2026-09-06,3.1999999999999997,1.6550482511520386,21.25,81.63,Normal,0.014522423168834862,Inland,3.1999999999999997,0.976629913449288,1.235664391517639,1.5526914317663096,0.5199661577199378,1.5526914317663096,0.00022797354180242914,0.0
ranchi,2026-09-06,2.1,0.0,23.34,85.31,Normal,0.014522423168834862,Inland,2.1,0.3414254665374753,0.5169490003585816,1.7227591538757385,0.683350956469096,1.7227591538757385,0.00023372134357089674,0.0
shillong,2026-09-06,7.3999999999999995,3.0022623538970947,25.58,91.89,Normal,0.014522423168834862,Hill / Himalayan orographic,7.3999999999999995,4.400692370732625,4.548462136586506,8.63307880497521,8.970845977166732,8.63307880497521,0.0003968896534591552,0.0
shimla,2026-09-06,0.7000000000000001,6.424335956573486,31.1,77.17,Normal,0.014522423168834862,Hill / Himalayan orographic,0.7000000000000001,0.0,0.020500667883377316,2.0475691287826407,0.481473141779622,2.0475691287826407,0.0003422892017199989,0.0
srinagar,2026-09-06,0.0,0.6150340437889099,34.08,74.8,Normal,0.014522423168834862,Hill / Himalayan orographic,0.0,0.0,0.0,0.2524127099690337,0.0,0.2524127099690337,0.0003018512600161301,0.0
surat,2026-09-06,0.9,0.0,21.17,72.83,Normal,0.014522423168834862,West-coast orographic,0.9,0.0,0.0,0.1766510437572904,0.0,0.1766510437572904,0.000277306712755561,0.0
thiruvananthapuram,2026-09-06,1.2,0.0,8.52,76.94,Normal,0.014522423168834862,West-coast orographic,1.2,0.02620052479207526,0.0,0.46238118399896944,0.0,0.46238118399896944,0.00015313886643032845,0.0
varanasi,2026-09-06,4.0,2.544677495956421,25.32,82.97,Normal,0.014522423168834862,Inland,4.0,1.612549023032189,1.8943666330973306,6.552330888003934,7.893126833821842,6.552330888003934,0.006532696863453375,0.0
vijayawada,2026-09-06,0.30000000000000004,19.079368591308594,16.51,80.65,Normal,0.014522423168834862,Inland,0.30000000000000004,0.0,0.0,0.983655131881722,0.05178993693727735,0.983655131881722,0.00024303386455855206,0.0
visakhapatnam,2026-09-06,0.6000000000000001,0.11011721193790436,17.69,83.22,Normal,0.014522423168834862,East coast,0.6000000000000001,0.0,0.0,0.533837270834733,0.0,0.533837270834733,0.00023861701235414022,0.0
agartala,2026-09-07,7.199999999999999,0.31215420365333557,23.83,91.29,Normal,0.14228786869167323,Inland,7.199999999999999,4.242945680618285,4.36576609611511,9.539125566091538,14.893204008012496,9.539125566091538,0.0008167960707522179,0.0
ahmedabad,2026-09-07,0.0,0.0,23.02,72.57,Normal,0.14228786869167323,Inland,0.0,0.0,0.0,0.04378733467300649,0.0,0.04378733467300649,0.0001965927872175243,0.0
amritsar,2026-09-07,0.0,0.0,31.63,74.87,Normal,0.14228786869167323,Inland,0.0,0.0,0.0,0.9263953663518394,0.011743251801033049,0.9263953663518394,0.0005268726661828343,0.0
bengaluru,2026-09-07,0.30000000000000004,0.0,12.97,77.59,Normal,0.14228786869167323,Inland,0.30000000000000004,0.0,0.0,0.7627695312899738,0.0,0.7627695312899738,0.00021011281057843454,0.0
bhopal,2026-09-07,9.1,2.2375056743621826,23.26,77.41,Normal,0.14228786869167323,Inland,9.1,5.899735284009248,5.728228855133057,6.20995128613236,7.3310344604898585,6.20995128613236,0.010077849281369915,0.0
bhubaneswar,2026-09-07,1.4000000000000001,9.61803913116455,20.3,85.82,Normal,0.14228786869167323,East coast,1.4000000000000001,0.09123759721373641,0.0022164392248951166,0.7519250983727301,0.0015292649199293165,0.7519250983727301,0.00023930229428545215,0.0
chandigarh,2026-09-07,0.8,2.1350951194763184,30.73,76.78,Normal,0.14228786869167323,Inland,0.8,0.0,0.0,1.7275012256080535,0.6861336294009726,1.7275012256080535,0.0005333415801901902,0.0
chennai,2026-09-07,0.30000000000000004,7.514907360076904,13.08,80.27,Normal,0.14228786869167323,East coast,0.30000000000000004,0.0,0.0,0.39699694652148043,0.0,0.39699694652148043,0.00020957069412303334,0.0
dehradun,2026-09-07,57.3,0.00991958286613226,30.32,78.03,Normal,0.14228786869167323,Hill / Himalayan orographic,57.3,42.07493141279118,53.20551413766959,20.95042254004423,39.78270615392412,20.95042254004423,0.06704295884064934,0.0
delhi,2026-09-07,1.5,0.8768049478530884,28.61,77.21,Normal,0.14228786869167323,Inland,1.5,0.11891057008299419,0.22326963067054742,2.431836899446455,1.5827714673952327,2.431836899446455,0.0003213881327653953,0.0
gangtok,2026-09-07,7.6000000000000005,16.515077590942383,27.33,88.61,Normal,0.14228786869167323,Hill / Himalayan orographic,7.6000000000000005,4.660716164112092,4.689822115898132,13.971462467448072,19.04534664432688,13.971462467448072,0.00156622925239688,0.0
guwahati,2026-09-07,15.8,2.2371268272399902,26.14,91.74,Normal,0.14228786869167323,Inland,15.8,11.935624095582563,13.516906239932643,9.200209263357992,14.000284521272366,9.200209263357992,0.0010481906512639914,0.0
hyderabad,2026-09-07,1.6,13.77873706817627,17.39,78.49,Normal,0.14228786869167323,Inland,1.6,0.1477205001172575,0.25512358784675593,1.4771363777016402,0.4213788977021018,1.4771363777016402,0.0002269726994490696,0.0
jabalpur,2026-09-07,3.5,0.0,23.18,79.95,Normal,0.14228786869167323,Inland,3.5,1.2650808691978455,1.606900334358218,3.0274186703545705,2.1777952071336153,3.0274186703545705,0.010845987077799654,0.0
jaipur,2026-09-07,0.0,0.010025807656347752,26.91,75.79,Normal,0.14228786869167323,Inland,0.0,0.0,0.0,0.08682697377542967,0.0,0.08682697377542967,0.0002762540906721924,0.0
jodhpur,2026-09-07,0.0,0.0,26.24,73.02,Normal,0.14228786869167323,Inland,0.0,0.0,0.0,0.049758070448569745,0.0,0.049758070448569745,0.0002050755614506721,0.0
kochi,2026-09-07,0.5,0.0,9.93,76.27,Normal,0.14228786869167323,West-coast orographic,0.5,0.0,0.0,2.094971593408404,0.9265519616806563,2.094971593408404,0.00024145899984767308,0.0
kolkata,2026-09-07,3.6000000000000005,0.0,22.57,88.36,Normal,0.14228786869167323,East coast,3.6000000000000005,1.3342511653900149,0.36342117039982363,0.7430455034810087,0.0010841515808432884,0.7430455034810087,0.004798979388203743,0.0
lucknow,2026-09-07,10.2,3.8130574226379395,26.85,80.95,Normal,0.14228786869167323,Inland,10.2,7.194867359738135,6.996851287841796,6.34566443816078,7.493639214353968,6.34566443816078,0.005985882157175273,0.0
madurai,2026-09-07,4.3,0.0,9.93,78.12,Normal,0.14228786869167323,Inland,4.3,1.8367680060863496,2.055711870193481,1.0689754522800228,0.11043341013079733,1.0689754522800228,0.0009687344920994444,0.0
mangaluru,2026-09-07,0.0,0.0,12.91,74.86,Normal,0.14228786869167323,West-coast orographic,0.0,0.0,0.0,2.748677688771137,1.4462281146404572,2.748677688771137,0.00020478683098936943,0.0
mumbai,2026-09-07,3.1,9.334851264953613,19.08,72.88,Normal,0.14228786869167323,West-coast orographic,3.1,0.9119782701134685,0.781816426486705,3.5944101515849773,2.6308719448268234,3.5944101515849773,0.0002742138007051663,0.0
nagpur,2026-09-07,1.6,0.7412986159324646,21.15,79.09,Normal,0.14228786869167323,Inland,1.6,0.1477205001172575,0.25512358784675593,1.3349987102216796,0.2843482407791798,1.3349987102216796,0.0002310840204535148,0.0
panaji,2026-09-07,3.4,0.296221524477005,15.49,73.83,Normal,0.14228786869167323,West-coast orographic,3.4,1.195910573005676,0.8910115833228867,4.7329483386549756,3.4577739834357453,4.7329483386549756,0.00019528694951281538,0.0
patna,2026-09-07,9.399999999999999,0.0,25.59,85.14,Normal,0.14228786869167323,Inland,9.399999999999999,6.234017291108436,6.030514182715578,5.505854899906605,6.120093286695014,5.505854899906605,0.0010159107596966665,0.0
pune,2026-09-07,6.3,1.0853911638259888,18.52,73.86,Normal,0.14228786869167323,Inland,6.3,3.3385578958193456,3.597368297576907,2.005518248472084,0.8713166681092352,2.005518248472084,0.0015815627241765869,0.0
raipur,2026-09-07,1.6,0.24120186269283295,21.25,81.63,Normal,0.14228786869167323,Inland,1.6,0.1477205001172575,0.25512358784675593,1.3103841357789112,0.26136780280928107,1.3103841357789112,0.00022797354180242914,0.0
ranchi,2026-09-07,1.1,1.2511769533157349,23.34,85.31,Normal,0.14228786869167323,Inland,1.1,0.015230039693415229,0.09372258871793762,1.246070685969002,0.20551393074408122,1.246070685969002,0.00023372134357089674,0.0
shillong,2026-09-07,35.599999999999994,0.8404953479766846,25.58,91.89,Normal,0.14228786869167323,Hill / Himalayan orographic,35.599999999999994,26.930477062651345,35.384071091752375,4.994294604728101,2.9050984884143856,4.994294604728101,0.0026472194745466473,0.0
shimla,2026-09-07,2.9000000000000004,4.727609157562256,31.1,77.17,Normal,0.14228786869167323,Hill / Himalayan orographic,2.9000000000000004,0.8031948265433313,1.3163205643831677,5.279410351014852,3.2346582934900607,5.279410351014852,0.0003422892017199989,0.0
srinagar,2026-09-07,0.0,0.0,34.08,74.8,Normal,0.14228786869167323,Hill / Himalayan orographic,0.0,0.0,0.0,0.2524127099690337,0.0,0.2524127099690337,0.0003018512600161301,0.0
surat,2026-09-07,0.6000000000000001,0.11846493929624557,21.17,72.83,Normal,0.14228786869167323,West-coast orographic,0.6000000000000001,0.0,0.0,0.22620071682058465,0.0,0.22620071682058465,0.000277306712755561,0.0
thiruvananthapuram,2026-09-07,0.0,0.0,8.52,76.94,Normal,0.14228786869167323,West-coast orographic,0.0,0.0,0.0,0.17242539219431788,0.0,0.17242539219431788,0.00015313886643032845,0.0
varanasi,2026-09-07,2.0,0.0,25.32,82.97,Normal,0.14228786869167323,Inland,2.0,0.26470319986343394,0.47557587862014783,1.5780571293345536,0.5407304587256043,1.5780571293345536,0.00028619784926521406,0.0
vijayawada,2026-09-07,0.7000000000000001,1.7272825241088867,16.51,80.65,Normal,0.14228786869167323,Inland,0.7000000000000001,0.0,0.0,0.983655131881722,0.05178993693727735,0.983655131881722,0.00024303386455855206,0.0
visakhapatnam,2026-09-07,1.8,0.19576396048069,17.69,83.22,Normal,0.14228786869167323,East coast,1.8,0.21943433731794357,0.01541508082300428,0.9068471589739374,0.04085405430915355,0.9068471589739374,0.00023861701235414022,0.0
agartala,2026-09-08,11.5,0.0,23.83,91.29,Normal,-0.29887070160557544,Inland,11.5,8.27989060719808,8.454495997468296,8.075212169484363,12.134620482142292,8.075212169484363,0.001820335250348851,0.0
ahmedabad,2026-09-08,0.0,0.0,23.02,72.57,Normal,-0.29887070160557544,Inland,0.0,0.0,0.0,0.030031360990796653,0.0,0.030031360990796653,0.0002129964420451839,0.0
amritsar,2026-09-08,0.0,0.0,31.63,74.87,Normal,-0.29887070160557544,Inland,0.0,0.0,0.0,1.6093595851878137,0.5663545762490824,1.6093595851878137,0.0009008662928422969,0.0
bengaluru,2026-09-08,0.6,0.0,12.97,77.59,Normal,-0.29887070160557544,Inland,0.6,0.0,0.0,0.9683743178789773,0.03931313748318565,0.9683743178789773,0.00021993589289377776,0.0
bhopal,2026-09-08,0.0,0.852416455745697,23.26,77.41,Normal,-0.29887070160557544,Inland,0.0,0.0,0.0,0.7787439087105118,0.0,0.7787439087105118,0.00026538129969078854,0.0
bhubaneswar,2026-09-08,0.0,0.0,20.3,85.82,Normal,-0.29887070160557544,East coast,0.0,0.0,0.0,0.3384640481007038,0.0,0.3384640481007038,0.00028004975284854624,0.0
chandigarh,2026-09-08,0.0,0.3685079514980316,30.73,76.78,Normal,-0.29887070160557544,Inland,0.0,0.0,0.0,2.36323510636729,1.4560813722594546,2.36323510636729,0.0009119228906630131,0.0
chennai,2026-09-08,0.30000000000000004,13.787450790405273,13.08,80.27,Normal,-0.29887070160557544,East coast,0.30000000000000004,0.0,0.0,0.2899054537638446,0.0,0.2899054537638446,0.00022972521634337032,0.0
dehradun,2026-09-08,9.3,4.423232555389404,30.32,78.03,Normal,-0.29887070160557544,Hill / Himalayan orographic,9.3,6.122589955408708,7.703057818230782,14.839091366618007,21.55817060224918,14.839091366618007,0.0035383250105191937,0.0
delhi,2026-09-08,0.0,0.0,28.61,77.21,Normal,-0.29887070160557544,Inland,0.0,0.0,0.0,1.1193069980543928,0.14161785107213917,1.1193069980543928,0.00044144774490913625,0.0
gangtok,2026-09-08,7.800000000000001,0.7410343289375305,27.33,88.61,Normal,-0.29887070160557544,Hill / Himalayan orographic,7.800000000000001,4.882157731850942,4.823672547340392,14.522269964389292,20.169849885672647,14.522269964389292,0.0022796686332897213,0.0
guwahati,2026-09-08,6.6,10.586505889892578,26.14,91.74,Normal,-0.29887070160557544,Inland,6.6,3.615876975059508,3.7841385579109215,7.33689745516439,9.524803890099838,7.33689745516439,0.000547452437341648,0.0
hyderabad,2026-09-08,0.5,0.0,17.39,78.49,Normal,-0.29887070160557544,Inland,0.5,0.0,0.0,1.4706608777609336,0.41587754905775953,1.4706608777609336,0.00023758381900868678,0.0
jabalpur,2026-09-08,5.9,1.7033116817474365,23.18,79.95,Normal,-0.29887070160557544,Inland,5.9,3.0410452944040296,3.157093321482342,4.70083148769192,4.617094927825504,4.70083148769192,0.0098274862518398,0.0
jaipur,2026-09-08,0.0,0.6023175716400146,26.91,75.79,Normal,-0.29887070160557544,Inland,0.0,0.0,0.0,0.12719777048549005,0.0,0.12719777048549005,0.0002993026756462648,0.0
jodhpur,2026-09-08,0.0,0.0,26.24,73.02,Normal,-0.29887070160557544,Inland,0.0,0.0,0.0,0.06997473166384659,0.0,0.06997473166384659,0.00022218685962284567,0.0
kochi,2026-09-08,0.8,0.0,9.93,76.27,Normal,-0.29887070160557544,West-coast orographic,0.8,0.0,0.0,2.0423368537471953,0.86645123956905,2.0423368537471953,0.00025427162949058133,0.0
kolkata,2026-09-08,12.5,0.05466032773256302,22.57,88.36,Normal,-0.29887070160557544,East coast,12.5,9.227413398197719,7.442594822505323,4.059524699024946,3.309824038826547,4.059524699024946,0.006558439244421842,0.0
lucknow,2026-09-08,24.1,7.821637153625488,26.85,80.95,Normal,-0.29887070160557544,Inland,24.1,19.25472090790604,22.31723817189536,7.450870206521374,9.776975429126699,7.450870206521374,0.011317990888450771,0.0
madurai,2026-09-08,0.0,0.0,9.93,78.12,Normal,-0.29887070160557544,Inland,0.0,0.0,0.0,0.47905178227523887,0.0,0.47905178227523887,0.0002392632926648239,0.0
mangaluru,2026-09-08,2.8,0.642712414264679,12.91,74.86,Normal,-0.29887070160557544,West-coast orographic,2.8,0.7590630263090131,0.6622365723576461,7.157236162090733,5.4401620801820805,7.157236162090733,0.00021565393130862633,0.0
mumbai,2026-09-08,5.1,0.17561207711696625,19.08,72.88,Normal,-0.29887070160557544,West-coast orographic,5.1,2.430598955154421,2.42127279521775,7.83094346043717,6.68697083568926,7.83094346043717,0.0011176361364122985,0.0
nagpur,2026-09-08,3.0,0.00425116578117013,21.15,79.09,Normal,-0.29887070160557544,Inland,3.0,0.8473266267776489,1.0648953175544744,2.7788801276036894,2.022361808828821,2.7788801276036894,0.00024188730040920162,0.0
panaji,2026-09-08,0.9,18.15445327758789,15.49,73.83,Normal,-0.29887070160557544,West-coast orographic,0.9,0.0,0.0,1.6274429721953458,0.6059248590612901,1.6274429721953458,0.0002056500382720603,0.0
patna,2026-09-08,0.5,2.3171305656433105,25.59,85.14,Normal,-0.29887070160557544,Inland,0.5,0.0,0.0,1.0950509198076677,0.127155717683466,1.0950509198076677,0.0002809890791577052,0.0
pune,2026-09-08,2.3000000000000003,0.0,18.52,73.86,Normal,-0.29887070160557544,Inland,2.3000000000000003,0.4292631387710576,0.6604015517234804,0.793326953960331,0.0,0.793326953960331,0.00020191744594653496,0.0
raipur,2026-09-08,2.7,0.0,21.25,81.63,Normal,-0.29887070160557544,Inland,2.7,0.6681640362739563,0.8340525960922242,2.0386760228381444,0.9400345252863685,2.0386760228381444,0.0002498974330535196,0.0
ranchi,2026-09-08,2.3,17.052780151367188,23.34,85.31,Normal,-0.29887070160557544,Inland,2.3,0.4292631387710573,0.6604015517234799,2.0307108557659834,0.9235271081354448,2.0307108557659834,0.00026358706391636994,0.0
shillong,2026-09-08,139.2,1.0934584140777588,25.58,91.89,Normal,-0.29887070160557544,Hill / Himalayan orographic,139.2,109.74897332725189,85.0152626650689,7.837346598666667,6.678886879392847,7.837346598666667,0.00548315979645923,1.0
shimla,2026-09-08,0.0,7.889294147491455,31.1,77.17,Normal,-0.29887070160557544,Hill / Himalayan orographic,0.0,0.0,0.0,2.1037261466241204,0.5150274243800005,2.1037261466241204,0.0005853354193748461,0.0
srinagar,2026-09-08,0.0,0.0,34.08,74.8,Normal,-0.29887070160557544,Hill / Himalayan orographic,0.0,0.0,0.0,0.5090378899641521,0.0,0.5090378899641521,0.0004356719043557327,0.0
surat,2026-09-08,0.6000000000000001,0.8031550645828247,21.17,72.83,Normal,-0.29887070160557544,West-coast orographic,0.6000000000000001,0.0,0.0,0.1923376098889718,0.0,0.1923376098889718,0.0002920209874424602,0.0
thiruvananthapuram,2026-09-08,0.0,0.0,8.52,76.94,Normal,-0.29887070160557544,West-coast orographic,0.0,0.0,0.0,0.4213723568630596,0.0,0.4213723568630596,0.0001657167002259963,0.0
varanasi,2026-09-08,3.7,5.386048316955566,25.32,82.97,Normal,-0.29887070160557544,Inland,3.7,1.3995460490385694,1.7506373294194535,9.318590564728114,14.34137721544019,9.318590564728114,0.07649875086114272,0.0
vijayawada,2026-09-08,0.0,0.0,16.51,80.65,Normal,-0.29887070160557544,Inland,0.0,0.0,0.0,0.5818417949554754,0.0,0.5818417949554754,0.0002664056996963595,0.0
visakhapatnam,2026-09-08,1.7,0.3848040997982025,17.69,83.22,Normal,-0.29887070160557544,East coast,1.7,0.173444852232933,0.012434914087255796,0.9700112474966922,0.05259694878141196,0.9700112474966922,0.00026156420323952714,0.0
agartala,2026-09-09,6.300000000000001,13.960022926330566,23.83,91.29,Normal,-0.3838756481838144,Inland,6.300000000000001,3.338557895819346,3.597368297576908,8.517419941847937,12.617394172532368,8.517419941847937,0.0008334808173754849,0.0
ahmedabad,2026-09-09,0.0,0.0,23.02,72.57,Normal,-0.3838756481838144,Inland,0.0,0.0,0.0,0.030031360990796653,0.0,0.030031360990796653,0.00032683540783078285,0.0
amritsar,2026-09-09,0.0,0.0,31.63,74.87,Normal,-0.3838756481838144,Inland,0.0,0.0,0.0,1.505633946830005,0.45373685829816696,1.505633946830005,0.00145108329154904,0.0
bengaluru,2026-09-09,0.5,6.019927501678467,12.97,77.59,Normal,-0.3838756481838144,Inland,0.5,0.0,0.0,0.9683743178789773,0.03931313748318565,0.9683743178789773,0.00022886289899832468,0.0
bhopal,2026-09-09,0.8999999999999999,0.0,23.26,77.41,Normal,-0.3838756481838144,Inland,0.8999999999999999,0.0,0.006391217652708412,1.9453293490264627,0.8390407437192405,1.9453293490264627,0.0002761523857281921,0.0
bhubaneswar,2026-09-09,1.3,0.0,20.3,85.82,Normal,-0.3838756481838144,East coast,1.3,0.07296817019581799,0.0,0.6185885059713223,0.0,0.6185885059713223,0.00029141601690579037,0.0
chandigarh,2026-09-09,0.0,0.0,30.73,76.78,Normal,-0.3838756481838144,Inland,0.0,0.0,0.0,2.237175689322174,1.2347283138628589,2.237175689322174,0.0016667689475999843,0.0
chennai,2026-09-09,0.30000000000000004,0.0,13.08,80.27,Normal,-0.3838756481838144,East coast,0.30000000000000004,0.0,0.0,0.2899054537638446,0.0,0.2899054537638446,0.00023904946754543715,0.0
dehradun,2026-09-09,0.0,0.0,30.32,78.03,Normal,-0.3838756481838144,Hill / Himalayan orographic,0.0,0.0,0.0,2.2034497023651545,0.5746130736873547,2.2034497023651545,0.00040444133397937146,0.0
delhi,2026-09-09,0.0,0.0,28.61,77.21,Normal,-0.3838756481838144,Inland,0.0,0.0,0.0,1.0330902147366017,0.08661133781215434,1.0330902147366017,0.0008071716571089885,0.0
gangtok,2026-09-09,4.1,37.322147369384766,27.33,88.61,Normal,-0.3838756481838144,Hill / Himalayan orographic,4.1,1.6949622297286988,2.3069786468022313,12.947851706551827,16.620875633216887,12.947851706551827,0.02094950938976444,0.0
guwahati,2026-09-09,6.2,0.5189805030822754,26.14,91.74,Normal,-0.3838756481838144,Inland,6.2,3.2543483257293704,3.48449682235718,7.447182587945224,9.76881635214891,7.447182587945224,0.000547452437341648,0.0
hyderabad,2026-09-09,0.5,0.0,17.39,78.49,Normal,-0.3838756481838144,Inland,0.5,0.0,0.0,1.4706608777609336,0.41587754905775953,1.4706608777609336,0.00024722696191385686,0.0
jabalpur,2026-09-09,0.30000000000000004,3.842559814453125,23.18,79.95,Normal,-0.3838756481838144,Inland,0.30000000000000004,0.0,0.0,1.2216300922058096,0.1882188768516062,1.2216300922058096,0.00026569537506966037,0.0
jaipur,2026-09-09,0.0,0.0,26.91,75.79,Normal,-0.3838756481838144,Inland,0.0,0.0,0.0,0.12719777048549005,0.0,0.12719777048549005,0.00047788387671019605,0.0
jodhpur,2026-09-09,0.0,0.0,26.24,73.02,Normal,-0.3838756481838144,Inland,0.0,0.0,0.0,0.06997473166384659,0.0,0.06997473166384659,0.00035477265544881143,0.0
kochi,2026-09-09,1.5,0.9079473614692688,9.93,76.27,Normal,-0.3838756481838144,West-coast orographic,1.5,0.11891057008299419,0.08850810382515195,2.969380382808042,1.6590769398177174,2.969380382808042,0.0004059956284982744,0.0
kolkata,2026-09-09,5.1,15.119041442871094,22.57,88.36,Normal,-0.3838756481838144,East coast,5.1,2.430598955154421,0.7573010176420224,1.1373567150769486,0.08764333698296163,1.1373567150769486,0.0026399207821468777,0.0
lucknow,2026-09-09,11.5,28.404176712036133,26.85,80.95,Normal,-0.3838756481838144,Inland,11.5,8.27989060719808,8.454495997468296,5.346438597236367,5.717849607107404,5.346438597236367,0.004112969155678887,0.0
madurai,2026-09-09,1.1,0.0,9.93,78.12,Normal,-0.3838756481838144,Inland,1.1,0.015230039693415229,0.09372258871793762,1.0047593393170593,0.0670893286394688,1.0047593393170593,0.00024897458571311837,0.0
mangaluru,2026-09-09,1.9000000000000001,8.815918922424316,12.91,74.86,Normal,-0.3838756481838144,West-coast orographic,1.9000000000000001,0.24206876859068877,0.25258255710204436,4.516421654447627,3.3147428603303206,4.516421654447627,0.00034434266871131075,0.0
mumbai,2026-09-09,1.4000000000000001,1.2426164150238037,19.08,72.88,Normal,-0.3838756481838144,West-coast orographic,1.4000000000000001,0.09123759721373641,0.04383031237456544,2.591429789504004,1.3544866118777648,2.591429789504004,0.00046106013447076233,0.0
nagpur,2026-09-09,0.0,0.07652097940444946,21.15,79.09,Normal,-0.3838756481838144,Inland,0.0,0.0,0.0,0.7914941301721372,0.0,0.7914941301721372,0.00025170507068712517,0.0
panaji,2026-09-09,3.6,6.168910503387451,15.49,73.83,Normal,-0.3838756481838144,West-coast orographic,3.6,1.3342511653900146,1.084546497088778,6.967470035312828,5.307154995569565,6.967470035312828,0.004727687128835614,0.0
patna,2026-09-09,5.7,7.812039375305176,25.59,85.14,Normal,-0.3838756481838144,Inland,5.7,2.8997328074773145,2.9537722206115724,8.078891129486706,12.144501159952496,8.078891129486706,0.003263565131569577,0.0
pune,2026-09-09,2.5,8.266138076782227,18.52,73.86,Normal,-0.3838756481838144,Inland,2.5,0.5432265117764474,0.708970308303833,0.838245401807357,0.0,0.838245401807357,0.0003224117540304487,0.0
raipur,2026-09-09,0.0,0.15258102118968964,21.25,81.63,Normal,-0.3838756481838144,Inland,0.0,0.0,0.0,0.5685488338361513,0.0,0.5685488338361513,0.00026004023563833096,0.0
ranchi,2026-09-09,4.3,13.110536575317383,23.34,85.31,Normal,-0.3838756481838144,Inland,4.3,1.8367680060863496,2.055711870193481,5.680302055494353,6.503997142596557,5.680302055494353,0.0014154420632938273,0.0
shillong,2026-09-09,35.0,4.030102252960205,25.58,91.89,Normal,-0.3838756481838144,Hill / Himalayan orographic,35.0,26.314036114397393,34.22062743511392,1.9381050536318845,0.41606745156712416,1.9381050536318845,0.0015803834926676698,0.0
shimla,2026-09-09,0.0,0.0,31.1,77.17,Normal,-0.3838756481838144,Hill / Himalayan orographic,0.0,0.0,0.0,1.984886900485998,0.4440199919662884,1.984886900485998,0.0008973633091554459,0.0
srinagar,2026-09-09,0.0,0.0,34.08,74.8,Normal,-0.3838756481838144,Hill / Himalayan orographic,0.0,0.0,0.0,0.48215660741534117,0.0,0.48215660741534117,0.0006679711851361771,0.0
surat,2026-09-09,1.2000000000000002,0.0,21.17,72.83,Normal,-0.3838756481838144,West-coast orographic,1.2000000000000002,0.05181836754083635,0.0,0.27419078603502606,0.0,0.27419078603502606,0.0004480768120784194,0.0
thiruvananthapuram,2026-09-09,0.1,0.0,8.52,76.94,Normal,-0.3838756481838144,West-coast orographic,0.1,0.0,0.0,0.49979700917165576,0.0,0.49979700917165576,0.00025150074827147407,0.0
varanasi,2026-09-09,6.5,0.032558586448431015,25.32,82.97,Normal,-0.3838756481838144,Inland,6.5,3.5069770359992964,3.7218818044662503,3.831681885818903,3.155336392038956,3.831681885818903,0.0026779569693053847,0.0
vijayawada,2026-09-09,0.0,10.526566505432129,16.51,80.65,Normal,-0.3838756481838144,Inland,0.0,0.0,0.0,0.5818417949554754,0.0,0.5818417949554754,0.00027721835174085506,0.0
visakhapatnam,2026-09-09,5.3,1.53921639919281,17.69,83.22,Normal,-0.3838756481838144,East coast,5.3,2.5948572492599524,0.8866342949867256,1.0030758609740338,0.0588698461851045,1.0030758609740338,0.0006472915205510765,0.0
agartala,2026-09-10,1.2000000000000002,6.097805023193359,23.83,91.29,Normal,-0.791073856675267,Inland,1.2000000000000002,0.05181836754083635,0.1338006734848023,2.522226326648329,1.6843630143303152,2.522226326648329,0.00030277588824345234,0.0
ahmedabad,2026-09-10,0.0,0.0,23.02,72.57,Normal,-0.791073856675267,Inland,0.0,0.0,0.0,0.032471760668174324,0.0,0.032471760668174324,0.00034800819857568646,0.0
amritsar,2026-09-10,0.0,0.0,31.63,74.87,Normal,-0.791073856675267,Inland,0.0,0.0,0.0,1.5458632432935153,0.512369071046338,1.5458632432935153,0.001529239616882476,0.0
bengaluru,2026-09-10,0.1,0.0,12.97,77.59,Normal,-0.791073856675267,Inland,0.1,0.0,0.0,0.5454617241075477,0.0,0.5454617241075477,0.00023485540957106116,0.0
bhopal,2026-09-10,0.30000000000000004,0.0,23.26,77.41,Normal,-0.791073856675267,Inland,0.30000000000000004,0.0,0.0,1.6412055713752487,0.6052148817096902,1.6412055713752487,0.00031324814576941484,0.0
bhubaneswar,2026-09-10,16.8,9.383519172668457,20.3,85.82,Normal,-0.791073856675267,East coast,16.8,12.877504747715589,9.934287850090046,7.983379312675397,10.572498633400668,7.983379312675397,0.009496974349741085,0.0
chandigarh,2026-09-10,0.30000000000000004,0.0,30.73,76.78,Normal,-0.791073856675267,Inland,0.30000000000000004,0.0,0.0,3.9772997564421186,3.520138589606657,3.9772997564421186,0.0017565218127988322,0.0
chennai,2026-09-10,1.5,0.0,13.08,80.27,Normal,-0.791073856675267,East coast,1.5,0.11891057008299419,0.005760866980999701,0.6732684320890776,0.0,0.6732684320890776,0.00023163243819725946,0.0
dehradun,2026-09-10,0.0,1.8664718866348267,30.32,78.03,Normal,-0.791073856675267,Hill / Himalayan orographic,0.0,0.0,0.0,2.6811848496118356,0.6990975117018702,2.6811848496118356,0.0004017828473456728,0.0
delhi,2026-09-10,0.2,0.0,28.61,77.21,Normal,-0.791073856675267,Inland,0.2,0.0,0.0,1.3719385085341782,0.3208191118267549,1.3719385085341782,0.0008321864332258045,0.0
gangtok,2026-09-10,13.5,5.786808967590332,27.33,88.61,Normal,-0.791073856675267,Hill / Himalayan orographic,13.5,10.069477111186188,10.42436463399367,10.600986801235347,12.52024912108669,10.600986801235347,0.0024525621538735586,0.0
guwahati,2026-09-10,0.0,0.0,26.14,91.74,Normal,-0.791073856675267,Inland,0.0,0.0,0.0,1.2921985163499636,0.24522547144302587,1.2921985163499636,0.00028155964637730386,0.0
hyderabad,2026-09-10,1.5,0.0,17.39,78.49,Normal,-0.791073856675267,Inland,1.5,0.11891057008299419,0.22326963067054742,2.196605210053999,1.1795114480547413,2.196605210053999,0.0002444521809597893,0.0
jabalpur,2026-09-10,0.0,2.3079473972320557,23.18,79.95,Normal,-0.791073856675267,Inland,0.0,0.0,0.0,0.6235160892008901,0.0,0.6235160892008901,0.000263681220353443,0.0
jaipur,2026-09-10,0.2,0.0,26.91,75.79,Normal,-0.791073856675267,Inland,0.2,0.0,0.0,0.11597261176901949,0.0,0.11597261176901949,0.0005036494630527448,0.0
jodhpur,2026-09-10,0.0,0.0,26.24,73.02,Normal,-0.791073856675267,Inland,0.0,0.0,0.0,0.04609463355143214,0.0,0.04609463355143214,0.0003893518489232446,0.0
kochi,2026-09-10,4.9,0.10044228285551071,9.93,76.27,Normal,-0.791073856675267,West-coast orographic,4.9,2.282392733891806,2.173259278377599,5.9699245871215,4.528998504478883,5.9699245871215,0.0014880110787789758,0.0
kolkata,2026-09-10,10.3,33.856685638427734,22.57,88.36,Normal,-0.791073856675267,East coast,10.3,7.306270735451345,6.2560710834054385,3.590988477119538,3.098814022995101,3.590988477119538,0.002478457770007017,0.0
lucknow,2026-09-10,0.0,0.0,26.85,80.95,Normal,-0.791073856675267,Inland,0.0,0.0,0.0,0.45977759100818905,0.0,0.45977759100818905,0.0002942192326006986,0.0
madurai,2026-09-10,0.8,0.0,9.93,78.12,Normal,-0.791073856675267,Inland,0.8,0.0,0.0,1.0186470901517541,0.0768769460253827,1.0186470901517541,0.0002461801949272376,0.0
mangaluru,2026-09-10,1.7000000000000002,2.541001319885254,12.91,74.86,Normal,-0.791073856675267,West-coast orographic,1.7000000000000002,0.17344485223293304,0.18464351933449513,4.270942883790625,3.109951695271247,4.270942883790625,0.00036121259098213944,0.0
mumbai,2026-09-10,1.3,3.3762388229370117,19.08,72.88,Normal,-0.791073856675267,West-coast orographic,1.3,0.07296817019581799,0.0,1.0727041864597227,0.15482215083808282,1.0727041864597227,0.0005158091476186362,0.0
nagpur,2026-09-10,0.0,0.1225707083940506,21.15,79.09,Normal,-0.791073856675267,Inland,0.0,0.0,0.0,0.8038255626741535,0.0,0.8038255626741535,0.00024888004166323947,0.0
panaji,2026-09-10,2.2,0.0,15.49,73.83,Normal,-0.791073856675267,West-coast orographic,2.2,0.3853443026542664,0.34851146787405013,2.0143563904546706,0.85526752859677,2.0143563904546706,0.00036736955531251617,0.0
patna,2026-09-10,7.7,8.353129386901855,25.59,85.14,Normal,-0.791073856675267,Inland,7.7,4.841866612434386,4.753500118255608,5.997701598846432,7.001404212409923,5.997701598846432,0.0007499898324060263,0.0
pune,2026-09-10,2.4000000000000004,0.0,18.52,73.86,Normal,-0.791073856675267,Inland,2.4000000000000004,0.496620389223099,0.6846859300136567,0.8509344132434917,0.0,0.8509344132434917,0.0003452271758833526,0.0
raipur,2026-09-10,0.0,0.249508798122406,21.25,81.63,Normal,-0.791073856675267,Inland,0.0,0.0,0.0,0.5797708883030029,0.0,0.5797708883030029,0.00025197208622749074,0.0
ranchi,2026-09-10,2.2,7.523141860961914,23.34,85.31,Normal,-0.791073856675267,Inland,2.2,0.3853443026542664,0.5706821680068971,1.9108492721655883,0.8237905150954263,1.9108492721655883,0.00029378563734351273,0.0
shillong,2026-09-10,6.7,0.0,25.58,91.89,Normal,-0.791073856675267,Hill / Himalayan orographic,6.7,3.7247769141197202,3.8161204885929205,5.220970902872044,3.213783462847265,5.220970902872044,0.0004947710479975121,0.0
shimla,2026-09-10,0.30000000000000004,0.0,31.1,77.17,Normal,-0.791073856675267,Hill / Himalayan orographic,0.30000000000000004,0.0,0.0,3.7227769563118898,1.6400335304051086,3.7227769563118898,0.0009251705953634636,0.0
srinagar,2026-09-10,0.0,0.0,34.08,74.8,Normal,-0.791073856675267,Hill / Himalayan orographic,0.0,0.0,0.0,0.6344294071160901,0.0,0.6344294071160901,0.0007185840569525155,0.0
surat,2026-09-10,0.30000000000000004,0.0,21.17,72.83,Normal,-0.791073856675267,West-coast orographic,0.30000000000000004,0.0,0.0,0.1984406307578589,0.0,0.1984406307578589,0.0004771000183386213,0.0
thiruvananthapuram,2026-09-10,0.0,0.0,8.52,76.94,Normal,-0.791073856675267,West-coast orographic,0.0,0.0,0.0,0.23769228412077859,0.0,0.23769228412077859,0.00026448306460333146,0.0
varanasi,2026-09-10,4.8,2.4152419567108154,25.32,82.97,Normal,-0.791073856675267,Inland,4.8,2.208289623260498,2.3658960056304923,5.1196882549478016,5.433497751142137,5.1196882549478016,0.022221417302395526,0.0
vijayawada,2026-09-10,0.30000000000000004,0.0,16.51,80.65,Normal,-0.791073856675267,Inland,0.30000000000000004,0.0,0.0,1.1951718850393462,0.17773067996105596,1.1951718850393462,0.00026861736798574227,0.0
visakhapatnam,2026-09-10,1.9000000000000001,1.223524570465088,17.69,83.22,Normal,-0.791073856675267,East coast,1.9000000000000001,0.24206876859068877,0.026521015912294544,1.1514239388608205,0.09614773368407084,1.1514239388608205,0.0002637356886070671,0.0
agartala,2026-09-11,2.0999999999999996,9.180703163146973,23.83,91.29,Normal,-0.7904822506045349,Inland,2.0999999999999996,0.3118042752146719,0.5127245128154757,4.7215993301742945,4.972984701323806,4.7215993301742945,0.00026117854633786946,0.0
ahmedabad,2026-09-11,0.9,0.0,23.02,72.57,Normal,-0.7904822506045349,Inland,0.9,0.0,0.023911382071674103,0.20908996987848943,0.0,0.20908996987848943,0.00020263746764374478,0.0
amritsar,2026-09-11,0.0,0.0,31.63,74.87,Normal,-0.7904822506045349,Inland,0.0,0.0,0.0,0.22814784361174092,0.0,0.22814784361174092,0.00035393292919674147,0.0
bengaluru,2026-09-11,0.4,0.0,12.97,77.59,Normal,-0.7904822506045349,Inland,0.4,0.0,0.0,0.4335739824394524,0.0,0.4335739824394524,0.00014569205323642615,0.0
bhopal,2026-09-11,0.8,0.4041897654533386,23.26,77.41,Normal,-0.7904822506045349,Inland,0.8,0.0,0.0,1.1551987948603095,0.13400333402592204,1.1551987948603095,0.00020950439894068388,0.0
bhubaneswar,2026-09-11,44.1,1.9721698760986328,20.3,85.82,Normal,-0.7904822506045349,East coast,44.1,34.82533973744908,50.96745849045732,23.954054142055192,39.92255690316895,23.954054142055192,0.03254328216586819,0.0
chandigarh,2026-09-11,0.0,0.0,30.73,76.78,Normal,-0.7904822506045349,Inland,0.0,0.0,0.0,0.6547028661293176,0.0,0.6547028661293176,0.0002280547708791908,0.0
chennai,2026-09-11,3.4,9.805695533752441,13.08,80.27,Normal,-0.7904822506045349,East coast,3.4,1.1545434474945064,0.4458691924810414,1.0636982826996706,0.08484843916741051,1.0636982826996706,0.00042364481565596967,0.0
dehradun,2026-09-11,0.0,0.6455590128898621,30.32,78.03,Normal,-0.7904822506045349,Hill / Himalayan orographic,0.0,0.0,0.0,0.4932711268096842,0.0,0.4932711268096842,0.00023715134114247834,0.0
delhi,2026-09-11,0.0,0.0,28.61,77.21,Normal,-0.7904822506045349,Inland,0.0,0.0,0.0,0.6420170053350873,0.0,0.6420170053350873,0.00039165541352967825,0.0
gangtok,2026-09-11,5.1,19.43700408935547,27.33,88.61,Normal,-0.7904822506045349,Hill / Himalayan orographic,5.1,2.4617086887359623,2.7095293879315125,10.34311898968183,11.948405517447734,10.34311898968183,0.007772798684293878,0.0
guwahati,2026-09-11,0.0,0.0,26.14,91.74,Normal,-0.7904822506045349,Inland,0.0,0.0,0.0,2.3967955667613223,1.4959076911452622,2.3967955667613223,0.00029219761303062145,0.0
hyderabad,2026-09-11,0.9,0.0,17.39,78.49,Normal,-0.7904822506045349,Inland,0.9,0.0,0.023911382071674103,0.8510958346664997,0.0,0.8510958346664997,0.000154395630112509,0.0
jabalpur,2026-09-11,0.8,4.925325393676758,23.18,79.95,Normal,-0.7904822506045349,Inland,0.8,0.0,0.0,1.0324955942966956,0.05897912848665253,1.0324955942966956,0.0002596369374879034,0.0
jaipur,2026-09-11,0.4,0.0,26.91,75.79,Normal,-0.7904822506045349,Inland,0.4,0.0,0.0,0.905538526193314,4.2047687745898255e-05,0.905538526193314,0.00029306349470263745,0.0
jodhpur,2026-09-11,0.30000000000000004,0.0,26.24,73.02,Normal,-0.7904822506045349,Inland,0.30000000000000004,0.0,0.0,0.429704313459803,0.0,0.429704313459803,0.0001643214627761888,0.0
kochi,2026-09-11,3.2,0.0,9.93,76.27,Normal,-0.7904822506045349,West-coast orographic,3.2,1.0065616309642793,0.794803725910508,1.4001938616048508,0.5335993438296471,1.4001938616048508,0.0001871336958455426,0.0
kolkata,2026-09-11,2.6,26.862060546875,22.57,88.36,Normal,-0.7904822506045349,East coast,2.6,0.6124614298343655,0.13592061631381502,2.288141568791283,1.3979650093494551,2.288141568791283,0.0007503828329628595,0.0
lucknow,2026-09-11,0.2,7.70202112197876,26.85,80.95,Normal,-0.7904822506045349,Inland,0.2,0.0,0.0,1.0196261098564023,0.05458504113877869,1.0196261098564023,0.0005308878557443048,0.0
madurai,2026-09-11,0.8999999999999999,0.5271830558776855,9.93,78.12,Normal,-0.7904822506045349,Inland,0.8999999999999999,0.0,0.00025780651252717756,0.4187028387697594,0.0,0.4187028387697594,0.00017708308667050993,0.0
mangaluru,2026-09-11,2.0,0.0,12.91,74.86,Normal,-0.7904822506045349,West-coast orographic,2.0,0.2726657897233963,0.1791518263441924,2.420935899761054,1.143762863759006,2.420935899761054,0.00015650497604060787,0.0
mumbai,2026-09-11,3.0,13.202913284301758,19.08,72.88,Normal,-0.7904822506045349,West-coast orographic,3.0,0.8671408593654634,0.6766625338936774,2.0428693037656562,0.8905518385833808,2.0428693037656562,0.0001810454273620022,0.0
nagpur,2026-09-11,1.0,0.0,21.15,79.09,Normal,-0.7904822506045349,Inland,1.0,0.0,0.05265415981411937,0.8742974860974156,0.0,0.8742974860974156,0.0001652517014215079,0.0
panaji,2026-09-11,0.9,0.0,15.49,73.83,Normal,-0.7904822506045349,West-coast orographic,0.9,0.0,0.0,0.6594732529896186,0.0,0.6594732529896186,0.00014212322291281402,0.0
patna,2026-09-11,2.6,12.113842010498047,25.59,85.14,Normal,-0.7904822506045349,Inland,2.6,0.6124614298343655,0.7909515798091888,3.9500566220821374,3.359329490855056,3.9500566220821374,0.00021886785451992176,0.0
pune,2026-09-11,1.0,0.0,18.52,73.86,Normal,-0.7904822506045349,Inland,1.0,0.0,0.05265415981411937,0.37654961889649236,0.0,0.37654961889649236,0.00013441235145635614,0.0
raipur,2026-09-11,15.5,7.63868522644043,21.25,81.63,Normal,-0.7904822506045349,Inland,15.5,11.879103029876198,13.249245711268744,12.604689565735118,23.255362942508558,12.604689565735118,0.009583710434037706,0.0
ranchi,2026-09-11,10.299999999999999,7.630092144012451,23.34,85.31,Normal,-0.7904822506045349,Inland,10.299999999999999,7.399387979507444,7.246250230789183,8.915749940774777,14.03275630428416,8.915749940774777,0.002925966333331773,0.0
shillong,2026-09-11,0.0,1.649635672569275,25.58,91.89,Normal,-0.7904822506045349,Hill / Himalayan orographic,0.0,0.0,0.0,3.2778977601036536,1.484461349271601,3.2778977601036536,0.000321209745870726,0.0
shimla,2026-09-11,0.0,0.0,31.1,77.17,Normal,-0.7904822506045349,Hill / Himalayan orographic,0.0,0.0,0.0,0.4179055489544894,0.0,0.4179055489544894,0.00016064709461714873,0.0
srinagar,2026-09-11,0.0,0.0,34.08,74.8,Normal,-0.7904822506045349,Hill / Himalayan orographic,0.0,0.0,0.0,0.05719046794086414,0.0,0.05719046794086414,0.00015844067988072069,0.0
surat,2026-09-11,1.7999999999999998,0.0,21.17,72.83,Normal,-0.7904822506045349,West-coast orographic,1.7999999999999998,0.19960565236774505,0.04134558393102497,0.43439797843394773,0.0,0.43439797843394773,0.00023052042380673253,0.0
thiruvananthapuram,2026-09-11,2.6,0.0,8.52,76.94,Normal,-0.7904822506045349,West-coast orographic,2.6,0.6124614298343655,0.4784413534402851,0.53825330831832,0.0,0.53825330831832,0.0001711675160959521,0.0
varanasi,2026-09-11,11.3,0.9638640880584717,25.32,82.97,Normal,-0.7904822506045349,Inland,11.3,8.32491212844849,8.605200931932504,5.3242430819010425,5.987346457986851,5.3242430819010425,0.0028662855522939745,0.0
vijayawada,2026-09-11,0.6000000000000001,0.0,16.51,80.65,Normal,-0.7904822506045349,Inland,0.6000000000000001,0.0,0.0,1.3447929887856025,0.3096141062982963,1.3447929887856025,0.0003205562852659689,0.0
visakhapatnam,2026-09-11,38.1,6.955589771270752,17.69,83.22,Normal,-0.7904822506045349,East coast,38.1,29.31637324205083,39.39043845385479,22.520378854960992,38.83070090029619,22.520378854960992,0.07276504715817113,0.0
agartala,2026-09-13,7.9,1.6335874795913696,23.83,91.29,Normal,-1.3402395205297954,Inland,7.9,4.984487255414328,5.1831693220076716,6.748503548259268,9.2554631958572,6.748503548259268,0.009133367269909392,0.0
ahmedabad,2026-09-13,11.3,13.190499305725098,23.02,72.57,Normal,-1.3402395205297954,Inland,11.3,8.32491212844849,8.605200931932504,1.137278029491452,0.11883487551093977,1.137278029491452,0.0013071332146068872,0.0
amritsar,2026-09-13,0.0,0.0,31.63,74.87,Normal,-1.3402395205297954,Inland,0.0,0.0,0.0,0.15637167218634698,0.0,0.15637167218634698,0.0005085799605737227,0.0
bengaluru,2026-09-13,0.0,0.0,12.97,77.59,Normal,-1.3402395205297954,Inland,0.0,0.0,0.0,0.1446805487296188,0.0,0.1446805487296188,0.0002231660143981367,0.0
bhopal,2026-09-13,10.0,1.4796513319015503,23.26,77.41,Normal,-1.3402395205297954,Inland,10.0,7.132597796122232,7.038351812362671,7.499503257162476,10.94366967275066,7.499503257162476,0.003935888233020735,0.0
bhubaneswar,2026-09-13,0.6000000000000001,9.403191566467285,20.3,85.82,Normal,-1.3402395205297954,East coast,0.6000000000000001,0.0,0.0,2.1869201406337875,1.2479577032829436,2.1869201406337875,0.000596859357951412,0.0
chandigarh,2026-09-13,11.9,1.0548095703125,30.73,76.78,Normal,-1.3402395205297954,Inland,11.9,8.926601751919456,9.228040481682822,5.557154075687256,6.586548683409614,5.557154075687256,0.0012832075592273022,0.0
chennai,2026-09-13,0.0,0.0,13.08,80.27,Normal,-1.3402395205297954,East coast,0.0,0.0,0.0,0.32249784323183833,0.0,0.32249784323183833,0.0006488284635749857,0.0
dehradun,2026-09-13,25.2,0.08927623927593231,30.32,78.03,Normal,-1.3402395205297954,Hill / Himalayan orographic,25.2,19.940970151564652,24.54427890464267,4.321406354544637,2.3912166704702833,4.321406354544637,0.0026176438385143606,0.0
delhi,2026-09-13,11.2,0.1182471513748169,28.61,77.21,Normal,-1.3402395205297954,Inland,11.2,8.220538787841798,8.492174720764172,5.067783771474106,5.578703894261917,5.067783771474106,0.001037693179002465,0.0
gangtok,2026-09-13,25.7,38.20722579956055,27.33,88.61,Normal,-1.3402395205297954,Hill / Himalayan orographic,25.7,20.26688638574937,24.826077295806957,10.46417016634552,12.078829792604163,10.46417016634552,0.0067392365649250625,0.0
guwahati,2026-09-13,17.5,3.4144692420959473,26.14,91.74,Normal,-1.3402395205297954,Inland,17.5,13.680234713097132,15.910665676768234,4.83509507370628,5.198964938514059,4.83509507370628,0.0016690343485672447,0.0
hyderabad,2026-09-13,7.3,22.472219467163086,17.39,78.49,Normal,-1.3402395205297954,Inland,7.3,4.400261457761128,4.579562218983968,3.081795752960472,2.13579090724414,3.081795752960472,0.0015712829747896978,0.0
jabalpur,2026-09-13,2.5,0.43464839458465576,23.18,79.95,Normal,-1.3402395205297954,Inland,2.5,0.5651399165391918,0.7120817184448245,2.6818584514149686,1.7446551837306958,2.6818584514149686,0.0004096224102999546,0.0
jaipur,2026-09-13,0.0,0.03150968253612518,26.91,75.79,Normal,-1.3402395205297954,Inland,0.0,0.0,0.0,0.37211904681926133,0.0,0.37211904681926133,0.0003033706358428472,0.0
jodhpur,2026-09-13,0.1,6.857333183288574,26.24,73.02,Normal,-1.3402395205297954,Inland,0.1,0.0,0.0,0.17475805979840003,0.0,0.17475805979840003,0.0002694462474987347,0.0
kochi,2026-09-13,0.0,0.0,9.93,76.27,Normal,-1.3402395205297954,West-coast orographic,0.0,0.0,0.0,0.7102753441475691,0.0014766296238392985,0.7102753441475691,0.000286638561981063,0.0
kolkata,2026-09-13,11.7,0.018440645188093185,22.57,88.36,Normal,-1.3402395205297954,East coast,11.7,8.734222017485529,8.90197056924272,8.751932637891711,12.960091811318405,8.751932637891711,0.03909859618240277,0.0
lucknow,2026-09-13,0.0,0.0,26.85,80.95,Normal,-1.3402395205297954,Inland,0.0,0.0,0.0,0.7839624024063246,0.0,0.7839624024063246,0.0005495547611933857,0.0
madurai,2026-09-13,1.7,27.67424964904785,9.93,78.12,Normal,-1.3402395205297954,Inland,1.7,0.1719951525978391,0.2974035456776618,1.0603875789850272,0.07002185298325156,1.0603875789850272,0.00027124517796717646,0.0
mangaluru,2026-09-13,3.3,0.0,12.91,74.86,Normal,-1.3402395205297954,West-coast orographic,3.3,1.092400479316711,0.8228474911214525,5.094861585089781,4.63260771353961,5.094861585089781,0.00024914654926325175,0.0
mumbai,2026-09-13,59.0,43.32622528076172,19.08,72.88,Normal,-1.3402395205297954,West-coast orographic,59.0,42.520151938161554,26.274989184568526,55.87866002837917,66.95207128917703,55.87866002837917,0.005328664074613758,0.0
nagpur,2026-09-13,30.2,30.323631286621094,21.15,79.09,Normal,-1.3402395205297954,Inland,30.2,23.72030353233462,29.512917657410483,3.452761880933859,2.546700074636516,3.452761880933859,0.0013323322821161688,0.0
panaji,2026-09-13,4.9,0.0,15.49,73.83,Normal,-1.3402395205297954,West-coast orographic,4.9,2.2421221137046836,2.0943034142461316,4.9011700642195795,4.4397386437657556,4.9011700642195795,0.002128173885053527,0.0
patna,2026-09-13,0.0,0.8768100738525391,25.59,85.14,Normal,-1.3402395205297954,Inland,0.0,0.0,0.0,3.306167831609599,2.3080597017654636,3.306167831609599,0.0003453102282523242,0.0
pune,2026-09-13,31.8,0.2995738983154297,18.52,73.86,Normal,-1.3402395205297954,Inland,31.8,24.598044886407457,31.477646502609538,0.7958832254471119,0.0,0.7958832254471119,0.0006068084157951964,0.0
raipur,2026-09-13,9.200000000000001,7.8664469718933105,21.25,81.63,Normal,-1.3402395205297954,Inland,9.200000000000001,6.230886358373278,6.102068305015566,7.695523753909669,11.586578399844683,7.695523753909669,0.009435585219252847,0.0
ranchi,2026-09-13,3.3000000000000003,0.0,23.34,85.31,Normal,-1.3402395205297954,Inland,3.3000000000000003,1.0924004793167112,1.3235714495182038,4.301703122736776,4.23677497053304,4.301703122736776,0.0003086545819910584,0.0
shillong,2026-09-13,4.1,0.18083585798740387,25.58,91.89,Normal,-1.3402395205297954,Hill / Himalayan orographic,4.1,1.6452755351861317,1.8090672254562379,8.068352623464683,8.304121903185749,8.068352623464683,0.003133075162215746,0.0
shimla,2026-09-13,10.8,1.2577788829803467,31.1,77.17,Normal,-1.3402395205297954,Hill / Himalayan orographic,10.8,7.746732139587403,9.064976872524745,4.538516065313379,2.5491468112046096,4.538516065313379,0.0006546515757371947,0.0
srinagar,2026-09-13,0.9,0.0,34.08,74.8,Normal,-1.3402395205297954,Hill / Himalayan orographic,0.9,0.0,0.04255300424993038,0.12477923567171861,0.0,0.12477923567171861,0.00022768901698083308,0.0
surat,2026-09-13,34.7,126.85166931152344,21.17,72.83,Normal,-1.3402395205297954,West-coast orographic,34.7,26.166085103875417,15.510100885380457,6.195837181166141,5.31786040335049,6.195837181166141,0.0008481449944952787,0.0
thiruvananthapuram,2026-09-13,13.7,0.0,8.52,76.94,Normal,-1.3402395205297954,West-coast orographic,13.7,10.585919952392583,8.062327025623144,1.6519486884410781,0.6439883606457916,1.6519486884410781,0.0027396223741188485,0.0
varanasi,2026-09-13,0.0,0.0,25.32,82.97,Normal,-1.3402395205297954,Inland,0.0,0.0,0.0,4.884007150609709,5.290704330233579,4.884007150609709,0.000661644996019712,0.0
vijayawada,2026-09-13,3.5,49.03411102294922,16.51,80.65,Normal,-1.3402395205297954,Inland,3.5,1.2166864156723018,1.4756090501944228,1.505877903721802,0.4624907367625543,1.505877903721802,0.0004909712960879816,0.0
visakhapatnam,2026-09-13,16.4,9.216839790344238,17.69,83.22,Normal,-1.3402395205297954,East coast,16.4,12.609478962421417,11.477518520994055,15.638876595594892,26.088742632837807,15.638876595594892,0.01378979037931225,0.0
agartala,2026-09-14,2.1,0.36064064502716064,23.83,91.29,Normal,-0.7990080022870909,Inland,2.1,0.3118042752146721,0.5127245128154759,4.7215993301742945,4.972984701323806,4.7215993301742945,0.00026117854633786946,0.0
ahmedabad,2026-09-14,50.1,53.41473388671875,23.02,72.57,Normal,-0.7990080022870909,Inland,50.1,38.158374847953986,44.599033446254914,48.184810426749195,99.94670624710743,48.184810426749195,0.013209355587763242,0.0
amritsar,2026-09-14,0.6000000000000001,0.0,31.63,74.87,Normal,-0.7990080022870909,Inland,0.6000000000000001,0.0,0.0,1.2566904852117171,0.2049364179249615,1.2566904852117171,0.00035393292919674147,0.0
bengaluru,2026-09-14,0.0,0.0,12.97,77.59,Normal,-0.7990080022870909,Inland,0.0,0.0,0.0,0.13722850479474996,0.0,0.13722850479474996,0.00014569205323642615,0.0
bhopal,2026-09-14,9.4,7.1431097984313965,23.26,77.41,Normal,-0.7990080022870909,Inland,9.4,6.475026688444495,6.319174157142639,6.088339244127033,7.875272885495262,6.088339244127033,0.008516563593280548,0.0
bhubaneswar,2026-09-14,19.0,0.0,20.3,85.82,Normal,-0.7990080022870909,East coast,19.0,14.819704723358155,12.943894723329356,13.052229647113641,21.700830499894725,13.052229647113641,0.015678341508442346,0.0
chandigarh,2026-09-14,3.5,92.41300201416016,30.73,76.78,Normal,-0.7990080022870909,Inland,3.5,1.2166864156723018,1.4756090501944228,4.038796564383143,3.6163084931017333,4.038796564383143,0.0002280547708791908,0.0
chennai,2026-09-14,0.0,0.0,13.08,80.27,Normal,-0.7990080022870909,East coast,0.0,0.0,0.0,0.23108342914189242,0.0,0.23108342914189242,0.00042364481565596967,0.0
dehradun,2026-09-14,18.4,55.10389709472656,30.32,78.03,Normal,-0.7990080022870909,Hill / Himalayan orographic,18.4,14.39658010925989,17.977714684173346,4.8559839902354,2.815955943247253,4.8559839902354,0.001741059071327207,0.0
delhi,2026-09-14,0.1,0.0,28.61,77.21,Normal,-0.7990080022870909,Inland,0.1,0.0,0.0,0.8441559017506055,0.0,0.8441559017506055,0.00039165541352967825,0.0
gangtok,2026-09-14,3.1,18.077308654785156,27.33,88.61,Normal,-0.7990080022870909,Hill / Himalayan orographic,3.1,0.9368512451648714,1.2622698740239418,9.99096611703393,11.568985139841988,9.99096611703393,0.0004895326666056093,0.0
guwahati,2026-09-14,1.1,0.35679909586906433,26.14,91.74,Normal,-0.7990080022870909,Inland,1.1,0.004815013310872032,0.06642042204737665,2.433805733398029,1.5566449257137995,2.433805733398029,0.00029219761303062145,0.0
hyderabad,2026-09-14,1.2,29.386186599731445,17.39,78.49,Normal,-0.7990080022870909,Inland,1.2,0.028040858358144755,0.09471301600337022,0.8510958346664997,0.0,0.8510958346664997,0.000154395630112509,0.0
jabalpur,2026-09-14,3.3,4.009740829467773,23.18,79.95,Normal,-0.7990080022870909,Inland,3.3,1.092400479316711,1.3235714495182025,2.1358499630853274,1.1429620382968304,2.1358499630853274,0.0002596369374879034,0.0
jaipur,2026-09-14,0.30000000000000004,1.8152670860290527,26.91,75.79,Normal,-0.7990080022870909,Inland,0.30000000000000004,0.0,0.0,0.905538526193314,4.2047687745898255e-05,0.905538526193314,0.00029306349470263745,0.0
jodhpur,2026-09-14,0.30000000000000004,0.0,26.24,73.02,Normal,-0.7990080022870909,Inland,0.30000000000000004,0.0,0.0,0.429704313459803,0.0,0.429704313459803,0.0001643214627761888,0.0
kochi,2026-09-14,0.0,0.0,9.93,76.27,Normal,-0.7990080022870909,West-coast orographic,0.0,0.0,0.0,0.22004795606479158,0.0,0.22004795606479158,0.0001871336958455426,0.0
kolkata,2026-09-14,8.6,6.231457710266113,22.57,88.36,Normal,-0.7990080022870909,East coast,8.6,5.477769711373861,4.892255349731445,2.5876869147289443,2.236266738076232,2.5876869147289443,0.025630113452067324,0.0
lucknow,2026-09-14,0.8999999999999999,0.0,26.85,80.95,Normal,-0.7990080022870909,Inland,0.8999999999999999,0.0,0.00025780651252717756,1.682706029860488,0.6417734926206674,1.682706029860488,0.0005308878557443048,0.0
madurai,2026-09-14,1.5,13.540910720825195,9.93,78.12,Normal,-0.7990080022870909,Inland,1.5,0.10716089606285095,0.1848566888272763,0.6003238798467588,0.0,0.6003238798467588,0.00017708308667050993,0.0
mangaluru,2026-09-14,0.0,0.0,12.91,74.86,Normal,-0.7990080022870909,West-coast orographic,0.0,0.0,0.0,0.4079316935804045,0.0,0.4079316935804045,0.00015650497604060787,0.0
mumbai,2026-09-14,36.2,30.296720504760742,19.08,72.88,Normal,-0.7990080022870909,West-coast orographic,36.2,27.470233359837604,15.919941295908062,8.91185631648696,8.361415173073006,8.91185631648696,0.001727261506299353,0.0
nagpur,2026-09-14,15.200000000000001,7.670914173126221,21.15,79.09,Normal,-0.7990080022870909,Inland,15.200000000000001,11.687749688765585,12.990272646547531,5.206521046865313,5.784883897004821,5.206521046865313,0.0020881752280297026,0.0
panaji,2026-09-14,2.1,0.0,15.49,73.83,Normal,-0.7990080022870909,West-coast orographic,2.1,0.3118042752146721,0.19670171935523173,1.2566426521914886,0.4141516484524724,1.2566426521914886,0.00014212322291281402,0.0
patna,2026-09-14,0.0,0.0,25.59,85.14,Normal,-0.7990080022870909,Inland,0.0,0.0,0.0,1.1128394543164106,0.10203244807193511,1.1128394543164106,0.00021886785451992176,0.0
pune,2026-09-14,30.0,0.03131117299199104,18.52,73.86,Normal,-0.7990080022870909,Inland,30.0,23.572149115033113,29.267326551760604,1.262468536115481,0.20984083369668752,1.262468536115481,0.0010118823473716152,0.0
raipur,2026-09-14,3.3,0.8280174732208252,21.25,81.63,Normal,-0.7990080022870909,Inland,3.3,1.092400479316711,1.3235714495182025,3.398268705347756,2.454258423557298,3.398268705347756,0.0002491964271382467,0.0
ranchi,2026-09-14,0.0,0.0,23.34,85.31,Normal,-0.7990080022870909,Inland,0.0,0.0,0.0,1.2103723046310908,0.17376260224072787,1.2103723046310908,0.00019563179306132208,0.0
shillong,2026-09-14,24.5,0.05082056671380997,25.58,91.89,Normal,-0.7990080022870909,Hill / Himalayan orographic,24.5,19.484687423706053,24.22386755541855,9.086635749225245,9.437383870819147,9.086635749225245,0.006054774097413179,0.0
shimla,2026-09-14,6.6000000000000005,9.329127311706543,31.1,77.17,Normal,-0.7990080022870909,Hill / Himalayan orographic,6.6000000000000005,3.7301105749912726,3.592585817515422,4.958012994484413,2.91643783290226,4.958012994484413,0.00032275230633864763,0.0
srinagar,2026-09-14,0.0,0.0,34.08,74.8,Normal,-0.7990080022870909,Hill / Himalayan orographic,0.0,0.0,0.0,0.05719046794086414,0.0,0.05719046794086414,0.00015844067988072069,0.0
surat,2026-09-14,85.9,10.058791160583496,21.17,72.83,Normal,-0.7990080022870909,West-coast orographic,85.9,58.507540001649545,37.10623003573367,39.93545818715687,50.4477903836905,39.93545818715687,0.008158156338745866,1.0
thiruvananthapuram,2026-09-14,0.0,0.5622031688690186,8.52,76.94,Normal,-0.7990080022870909,West-coast orographic,0.0,0.0,0.0,0.02537123692402215,0.0,0.02537123692402215,0.0001711675160959521,0.0
varanasi,2026-09-14,1.3,0.0,25.32,82.97,Normal,-0.7990080022870909,Inland,1.3,0.06509225331246862,0.13629752405646745,2.435481860799581,1.5578562010610186,2.435481860799581,0.0004194188026915618,0.0
vijayawada,2026-09-14,1.2000000000000002,4.445018291473389,16.51,80.65,Normal,-0.7990080022870909,Inland,1.2000000000000002,0.0529266856610775,0.09471301600337036,1.2356318167572948,0.1870617976733228,1.2356318167572948,0.0003205562852659689,0.0
visakhapatnam,2026-09-14,21.4,10.57758903503418,17.69,83.22,Normal,-0.7990080022870909,East coast,21.4,16.689344902038574,14.310531657898132,11.453556922679608,17.960848728335332,11.453556922679608,0.020583436062854683,0.0
agartala,2026-09-17,0.6000000000000001,5.4056830406188965,23.83,91.29,Normal,0.8511761298221261,Inland,0.6000000000000001,0.0,0.0,3.6839377059494334,2.8511254281836123,3.6839377059494334,0.00017820737783053836,0.0
ahmedabad,2026-09-17,2.1,0.0,23.02,72.57,Normal,0.8511761298221261,Inland,2.1,0.3118042752146721,0.5127245128154759,0.492744660253425,0.0,0.492744660253425,0.0001628081372184583,0.0
amritsar,2026-09-17,9.5,11.463397979736328,31.63,74.87,Normal,0.8511761298221261,Inland,9.5,6.562074304720669,6.427727083206175,3.4006097482390087,2.4590072757173314,3.4006097482390087,0.0015501108867179245,0.0
bengaluru,2026-09-17,3.1,4.64180326461792,12.97,77.59,Normal,0.8511761298221261,Inland,3.1,0.9368512451648714,1.0868733870983127,1.0850099191689864,0.08456412361768999,1.0850099191689864,0.00011760355469768074,0.0
bhopal,2026-09-17,0.30000000000000004,3.7970712184906006,23.26,77.41,Normal,0.8511761298221261,Inland,0.30000000000000004,0.0,0.0,1.4935764544267152,0.44655056372617224,1.4935764544267152,0.00014337867355618283,0.0
bhubaneswar,2026-09-17,0.7000000000000001,0.0,20.3,85.82,Normal,0.8511761298221261,East coast,0.7000000000000001,0.0,0.0,1.6930204774017423,0.6889879429225325,1.6930204774017423,0.000299609767084742,0.0
chandigarh,2026-09-17,3.0,0.3018821179866791,30.73,76.78,Normal,0.8511761298221261,Inland,3.0,0.8671408593654634,1.0362214106321346,3.5401429906190836,2.6401474027108582,3.5401429906190836,0.00021360735266667247,0.0
chennai,2026-09-17,0.0,0.0,13.08,80.27,Normal,0.8511761298221261,East coast,0.0,0.0,0.0,0.37798637083440956,0.0,0.37798637083440956,0.0003317649674838372,0.0
dehradun,2026-09-17,2.3000000000000003,5.5306077003479,30.32,78.03,Normal,0.8511761298221261,Hill / Himalayan orographic,2.3000000000000003,0.4344901353120805,0.6879708898694891,2.620700590824952,1.0090632429611277,2.620700590824952,0.0002255325884903139,0.0
delhi,2026-09-17,7.800000000000001,0.0,28.61,77.21,Normal,0.8511761298221261,Inland,7.800000000000001,4.898018995920817,5.135076644417533,3.6540854162848593,2.8055974443776726,3.6540854162848593,0.0008105259824260451,0.0
gangtok,2026-09-17,9.6,30.751527786254883,27.33,88.61,Normal,0.8511761298221261,Hill / Himalayan orographic,9.6,6.649121920996844,7.882815538378927,9.241205825372363,9.621045519130506,9.241205825372363,0.0028033233772295353,0.0
guwahati,2026-09-17,87.2,2.8578171730041504,26.14,91.74,Normal,0.8511761298221261,Inland,87.2,59.6905741709681,101.1275180239205,10.392706399647835,17.55141081619489,10.392706399647835,0.014567395037596298,1.0
hyderabad,2026-09-17,0.7000000000000001,0.0,17.39,78.49,Normal,0.8511761298221261,Inland,0.7000000000000001,0.0,0.0,1.2494708339627636,0.19880837024219297,1.2494708339627636,0.00012462934662730253,0.0
jabalpur,2026-09-17,1.9000000000000001,2.023247718811035,23.18,79.95,Normal,0.8511761298221261,Inland,1.9000000000000001,0.22545564472675292,0.4318348467350006,1.8484252157635506,0.8293706798433892,1.8484252157635506,0.00019017883168027935,0.0
jaipur,2026-09-17,3.9000000000000004,0.047264520078897476,26.91,75.79,Normal,0.8511761298221261,Inland,3.9000000000000004,1.5535757243633272,1.749476555188497,3.4714483003483303,2.566683752708919,3.4714483003483303,0.004290465243770995,0.0
jodhpur,2026-09-17,0.6,0.0,26.24,73.02,Normal,0.8511761298221261,Inland,0.6,0.0,0.0,0.2920816098311344,0.0,0.2920816098311344,0.00014919922892293771,0.0
kochi,2026-09-17,6.800000000000001,7.754499435424805,9.93,76.27,Normal,0.8511761298221261,West-coast orographic,6.800000000000001,3.880307372154719,3.9920750988695666,3.125178955453466,2.3852877324726824,3.125178955453466,0.0013687541382237935,0.0
kolkata,2026-09-17,9.5,0.004259814042598009,22.57,88.36,Normal,0.8511761298221261,East coast,9.5,6.562074304720669,5.302569212140264,5.1430775742014365,5.078799992568316,5.1430775742014365,0.07008794999850748,0.0
lucknow,2026-09-17,1.0,0.0,26.85,80.95,Normal,0.8511761298221261,Inland,1.0,0.0,0.05265415981411937,1.2948176053254608,0.23969188975755332,1.2948176053254608,0.0004394755273094219,0.0
madurai,2026-09-17,6.199999999999999,0.0,9.93,78.12,Normal,0.8511761298221261,Inland,6.199999999999999,3.2791235446929923,3.4289295864105243,1.2130866737632338,0.17509143354382772,1.2130866737632338,0.0015710262349410856,0.0
mangaluru,2026-09-17,0.30000000000000004,2.636831045150757,12.91,74.86,Normal,0.8511761298221261,West-coast orographic,0.30000000000000004,0.0,0.0,1.4623455244950614,0.5480522264127816,1.4623455244950614,0.0001393883674595664,0.0
mumbai,2026-09-17,4.3,0.8065441846847534,19.08,72.88,Normal,0.8511761298221261,West-coast orographic,4.3,1.7644363641738892,1.3154074192047118,7.833514709728824,6.84590194748269,7.833514709728824,0.00091802364047775,0.0
nagpur,2026-09-17,0.7,0.08077214658260345,21.15,79.09,Normal,0.8511761298221261,Inland,0.7,0.0,0.0,1.2237595983753993,0.1803164105568376,1.2237595983753993,0.00012793083367680958,0.0
panaji,2026-09-17,3.4,27.150638580322266,15.49,73.83,Normal,0.8511761298221261,West-coast orographic,3.4,1.1545434474945064,0.8508912563323973,2.2249311631797717,0.9819316186240793,2.2249311631797717,0.00012207760405083263,0.0
patna,2026-09-17,0.9,6.620372295379639,25.59,85.14,Normal,0.8511761298221261,Inland,0.9,0.0,0.023911382071674103,0.8191846865387031,0.0,0.8191846865387031,0.0001861921998458817,0.0
pune,2026-09-17,1.0,0.0,18.52,73.86,Normal,0.8511761298221261,Inland,1.0,0.0,0.05265415981411937,0.7578198200786995,0.0,0.7578198200786995,0.0001154541786777579,0.0
raipur,2026-09-17,0.0,0.0,21.25,81.63,Normal,0.8511761298221261,Inland,0.0,0.0,0.0,0.6443689571669348,0.0,0.6443689571669348,0.00018553257356495112,0.0
ranchi,2026-09-17,0.1,11.325621604919434,23.34,85.31,Normal,0.8511761298221261,Inland,0.1,0.0,0.0,1.0901420673628703,0.08759523631509827,1.0901420673628703,0.0001334807289006562,0.0
shillong,2026-09-17,42.800000000000004,0.5816160440444946,25.58,91.89,Normal,0.8511761298221261,Hill / Himalayan orographic,42.800000000000004,33.940513630732475,39.6243542424995,5.164799838511713,3.21942555418216,5.164799838511713,0.011648551794684622,0.0
shimla,2026-09-17,0.2,15.323144912719727,31.1,77.17,Normal,0.8511761298221261,Hill / Himalayan orographic,0.2,0.0,0.0,0.823481296851932,0.0,0.823481296851932,0.00012912538557827009,0.0
srinagar,2026-09-17,1.6,10.389094352722168,34.08,74.8,Normal,0.8511761298221261,Hill / Himalayan orographic,1.6,0.1344084441661835,0.38660646342982846,0.5663759562645819,0.0,0.5663759562645819,0.00013551631286629713,0.0
surat,2026-09-17,5.3,0.5841127634048462,21.17,72.83,Normal,0.8511761298221261,West-coast orographic,5.3,2.6110147714614875,2.723913111686704,2.514389967080142,1.252057781287447,2.514389967080142,0.0010030087500529073,0.0
thiruvananthapuram,2026-09-17,5.4,3.0469863414764404,8.52,76.94,Normal,0.8511761298221261,West-coast orographic,5.4,2.692172574996949,2.8270276725292205,0.3594028428171862,0.0,0.3594028428171862,0.0007146177900759991,0.0
varanasi,2026-09-17,0.1,2.9329745769500732,25.32,82.97,Normal,0.8511761298221261,Inland,0.1,0.0,0.0,0.32532104700183845,0.0,0.32532104700183845,0.00026475750214575115,0.0
vijayawada,2026-09-17,0.0,0.0,16.51,80.65,Normal,0.8511761298221261,Inland,0.0,0.0,0.0,1.0017908541642238,0.04336334112632255,1.0017908541642238,0.0002510286044768269,0.0
visakhapatnam,2026-09-17,9.5,4.325925350189209,17.69,83.22,Normal,0.8511761298221261,East coast,9.5,6.562074304720669,5.302569212140264,3.7525933800570472,3.165318704206656,3.7525933800570472,0.02920043027844871,0.0
agartala,2026-09-20,29.6,5.808665752410889,23.83,91.29,Normal,-0.985823056872033,Inland,29.6,23.772909258830666,29.429753493004377,6.096075566953055,7.490884985250577,6.096075566953055,0.0073336017172077475,0.0
ahmedabad,2026-09-20,17.7,0.3586835563182831,23.02,72.57,Normal,-0.985823056872033,Inland,17.7,14.127982902526858,16.522908193047737,7.087723265914031,9.90709610482158,7.087723265914031,0.030374542329980683,0.0
amritsar,2026-09-20,0.0,0.0,31.63,74.87,Normal,-0.985823056872033,Inland,0.0,0.0,0.0,0.017732407647080364,0.0,0.017732407647080364,0.0007584175471967374,0.0
bengaluru,2026-09-20,8.5,51.596092224121094,12.97,77.59,Normal,-0.985823056872033,Inland,8.5,5.524018211364745,5.643195895365405,2.8403596350577107,1.9068038751189764,2.8403596350577107,0.0025207826665722384,0.0
bhopal,2026-09-20,0.0,0.0,23.26,77.41,Normal,-0.985823056872033,Inland,0.0,0.0,0.0,0.2808207900635873,0.0,0.2808207900635873,0.00042617171242441046,0.0
bhubaneswar,2026-09-20,3.4000000000000004,0.8015599250793457,20.3,85.82,Normal,-0.985823056872033,East coast,3.4000000000000004,1.186739274263382,0.5195320463180554,5.001766822159594,4.851237984552023,5.001766822159594,0.0002663404561621071,0.0
chandigarh,2026-09-20,0.0,0.0,30.73,76.78,Normal,-0.985823056872033,Inland,0.0,0.0,0.0,1.0363122797673787,0.08649931617127543,1.0363122797673787,0.0010230510344039665,0.0
chennai,2026-09-20,3.9,0.0,13.08,80.27,Normal,-0.985823056872033,East coast,3.9,1.557761254310608,0.7058413636299871,3.626689060452314,3.2276919716623995,3.626689060452314,0.0016444241595650409,0.0
dehradun,2026-09-20,3.4000000000000004,0.0,30.32,78.03,Normal,-0.985823056872033,Hill / Himalayan orographic,3.4000000000000004,1.186739274263382,1.3087704349234404,9.978081263775628,9.99138269038821,9.978081263775628,0.00045471187057905714,0.0
delhi,2026-09-20,0.0,0.0,28.61,77.21,Normal,-0.985823056872033,Inland,0.0,0.0,0.0,0.20750900318343993,0.0,0.20750900318343993,0.0006846974727871945,0.0
gangtok,2026-09-20,0.5,5.601260662078857,27.33,88.61,Normal,-0.985823056872033,Hill / Himalayan orographic,0.5,0.0,0.0,4.619869461074821,2.776099237244454,4.619869461074821,0.0003045870920145452,0.0
guwahati,2026-09-20,0.0,8.20557975769043,26.14,91.74,Normal,-0.985823056872033,Inland,0.0,0.0,0.0,0.4563965652727493,0.0,0.4563965652727493,0.00027510769665064155,0.0
hyderabad,2026-09-20,3.5,7.80470085144043,17.39,78.49,Normal,-0.985823056872033,Inland,3.5,1.2579967265129093,1.6014851820468903,5.527553120588539,6.544295749943754,5.527553120588539,0.008561438766397665,0.0
jabalpur,2026-09-20,0.3,2.6730875968933105,23.18,79.95,Normal,-0.985823056872033,Inland,0.3,0.0,0.0,1.218999764872597,0.19954812728527102,1.218999764872597,0.0003592245038718718,0.0
jaipur,2026-09-20,0.0,0.0,26.91,75.79,Normal,-0.985823056872033,Inland,0.0,0.0,0.0,0.11137348661559672,0.0,0.11137348661559672,0.0006706235782474061,0.0
jodhpur,2026-09-20,0.0,0.0,26.24,73.02,Normal,-0.985823056872033,Inland,0.0,0.0,0.0,0.01908822187655981,0.0,0.01908822187655981,0.0006799089997081924,0.0
kochi,2026-09-20,15.200000000000001,2.2026443481445312,9.93,76.27,Normal,-0.985823056872033,West-coast orographic,15.200000000000001,11.780487006794326,8.624928161686864,5.081928749461662,4.268947753814513,5.081928749461662,0.010453455638954388,0.0
kolkata,2026-09-20,6.6,0.06945136934518814,22.57,88.36,Normal,-0.985823056872033,East coast,6.6,3.9229306709432126,2.974395938086928,8.256870342311156,13.50961525690205,8.256870342311156,0.0031469517686223457,0.0
lucknow,2026-09-20,0.8999999999999999,0.14740408957004547,26.85,80.95,Normal,-0.985823056872033,Inland,0.8999999999999999,0.0,0.004258007160387938,1.4620774151515545,0.4194189688178182,1.4620774151515545,0.0003604470628231149,0.0
madurai,2026-09-20,12.5,5.185102462768555,9.93,78.12,Normal,-0.985823056872033,Inland,12.5,9.543168043285363,10.258321837782868,2.1153497041244744,1.0137289319216833,2.1153497041244744,0.002164753380147543,0.0
mangaluru,2026-09-20,0.0,2.5319418907165527,12.91,74.86,Normal,-0.985823056872033,West-coast orographic,0.0,0.0,0.0,0.2900286710777427,0.0,0.2900286710777427,0.0005116511732298196,0.0
mumbai,2026-09-20,8.5,0.011539497412741184,19.08,72.88,Normal,-0.985823056872033,West-coast orographic,8.5,5.524018211364745,5.157269787788391,11.232146131139825,12.54062764469339,11.232146131139825,0.007028059112576084,0.0
nagpur,2026-09-20,0.0,17.668046951293945,21.15,79.09,Normal,-0.985823056872033,Inland,0.0,0.0,0.0,0.42135717540786866,0.0,0.42135717540786866,0.00032258869255280385,0.0
panaji,2026-09-20,0.0,0.03878403082489967,15.49,73.83,Normal,-0.985823056872033,West-coast orographic,0.0,0.0,0.0,0.4279707504902388,0.0,0.4279707504902388,0.00047355919326587777,0.0
patna,2026-09-20,2.1,0.0,25.59,85.14,Normal,-0.985823056872033,Inland,2.1,0.29197046756744466,0.4870663285255432,7.720806092540544,11.666451807839737,7.720806092540544,0.0002899782043471239,0.0
pune,2026-09-20,5.5,1.1669843196868896,18.52,73.86,Normal,-0.985823056872033,Inland,5.5,2.7840992188453675,2.8986160348682857,4.743313142926926,4.743188499696943,4.743313142926926,0.007001768221020133,0.0
raipur,2026-09-20,0.4,1.8258706331253052,21.25,81.63,Normal,-0.985823056872033,Inland,0.4,0.0,0.0,1.3339002610009079,0.2977746699970535,1.3339002610009079,0.0003864478975469282,0.0
ranchi,2026-09-20,8.6,0.0,23.34,85.31,Normal,-0.985823056872033,Inland,8.6,5.5992711219787585,5.671120359505975,6.932181685548632,9.516683749352437,6.932181685548632,0.0031068968712334145,0.0
shillong,2026-09-20,0.0,6.455605506896973,25.58,91.89,Normal,-0.985823056872033,Hill / Himalayan orographic,0.0,0.0,0.0,1.0310809040786932,0.0,1.0310809040786932,0.00029695099741643523,0.0
shimla,2026-09-20,0.8999999999999999,0.0,31.1,77.17,Normal,-0.985823056872033,Hill / Himalayan orographic,0.8999999999999999,0.0,0.0448501485213638,1.0355334046192217,0.0,1.0355334046192217,0.0003148622237186891,0.0
srinagar,2026-09-20,0.0,0.0,34.08,74.8,Normal,-0.985823056872033,Hill / Himalayan orographic,0.0,0.0,0.0,0.0005429062359510934,0.0,0.0005429062359510934,0.00044314553262725007,0.0
surat,2026-09-20,2.9,1.1682255268096924,21.17,72.83,Normal,-0.985823056872033,West-coast orographic,2.9,0.8279438731074334,0.6594328648514217,4.875372311041462,4.134758192935542,4.875372311041462,0.0007598357234639324,0.0
thiruvananthapuram,2026-09-20,16.0,5.429556369781494,8.52,76.94,Normal,-0.985823056872033,West-coast orographic,16.0,12.40616924709744,8.776299953131838,0.8125829870658323,0.042249730418420464,0.8125829870658323,0.0091585560120451,0.0
varanasi,2026-09-20,3.6,0.0,25.32,82.97,Normal,-0.985823056872033,Inland,3.6,1.3132422223091136,1.6597864222526548,21.278843142582307,41.06486965873363,70.0,0.6057688540807158,0.0
vijayawada,2026-09-20,12.600000000000001,1.61749267578125,16.51,80.65,Normal,-0.985823056872033,Inland,12.600000000000001,9.599331441441846,10.373812915086754,3.4845776450561647,2.572072033786128,3.4845776450561647,0.0015258646614559224,0.0
visakhapatnam,2026-09-20,16.7,9.093022346496582,17.69,83.22,Normal,-0.985823056872033,East coast,16.7,13.095973834991455,12.638805234886911,11.426113518203216,21.050521398865143,11.426113518203216,0.009397814360475263,0.0
agartala,2026-09-21,5.3,2.9167678356170654,23.83,91.29,Normal,-1.0906467670953686,Inland,5.3,2.674150420029958,2.7475862311104624,5.0917523150475015,5.436338258398239,5.0917523150475015,0.013011074957096642,0.0
ahmedabad,2026-09-21,0.0,15.854907989501953,23.02,72.57,Normal,-1.0906467670953686,Inland,0.0,0.0,0.0,0.016415644850832415,0.0,0.016415644850832415,0.0009421375582615978,0.0
amritsar,2026-09-21,0.0,0.0,31.63,74.87,Normal,-1.0906467670953686,Inland,0.0,0.0,0.0,0.02447957335824481,0.0,0.02447957335824481,0.0007584175471967374,0.0
bengaluru,2026-09-21,36.5,0.16179315745830536,12.97,77.59,Normal,-1.0906467670953686,Inland,36.5,28.222527332987106,35.22850699731777,9.061910162840054,15.650458830932116,9.061910162840054,0.004680771925028026,0.0
bhopal,2026-09-21,0.30000000000000004,9.61617374420166,23.26,77.41,Normal,-1.0906467670953686,Inland,0.30000000000000004,0.0,0.0,0.9710915092654292,0.04541491504349639,0.9710915092654292,0.00042617171242441046,0.0
bhubaneswar,2026-09-21,35.0,7.237247943878174,20.3,85.82,Normal,-1.0906467670953686,East coast,35.0,26.88548303604126,36.24905946245307,9.899651052738482,18.53448890362685,9.899651052738482,0.007785549982758853,0.0
chandigarh,2026-09-21,0.0,0.0,30.73,76.78,Normal,-1.0906467670953686,Inland,0.0,0.0,0.0,0.7848988972146855,0.0,0.7848988972146855,0.0010230510344039665,0.0
chennai,2026-09-21,45.1,1.99750554561615,13.08,80.27,Normal,-1.0906467670953686,East coast,45.1,35.07984089783401,55.39113965784096,8.11797706063636,13.125155565763471,8.11797706063636,0.004584432997056827,0.0
dehradun,2026-09-21,0.0,0.0,30.32,78.03,Normal,-1.0906467670953686,Hill / Himalayan orographic,0.0,0.0,0.0,0.6675269773084669,0.0,0.6675269773084669,0.00045471187057905714,0.0
delhi,2026-09-21,0.0,0.0,28.61,77.21,Normal,-1.0906467670953686,Inland,0.0,0.0,0.0,0.20750900318343993,0.0,0.20750900318343993,0.0006846974727871945,0.0
gangtok,2026-09-21,2.6,21.589550018310547,27.33,88.61,Normal,-1.0906467670953686,Hill / Himalayan orographic,2.6,0.6195633339881897,0.7524361017180448,12.064198965363135,14.509515021356476,12.064198965363135,0.0003045870920145452,0.0
guwahati,2026-09-21,0.2,0.8044883012771606,26.14,91.74,Normal,-1.0906467670953686,Inland,0.2,0.0,0.0,0.6147604679850726,0.0,0.6147604679850726,0.00027510769665064155,0.0
hyderabad,2026-09-21,10.0,16.997453689575195,17.39,78.49,Normal,-1.0906467670953686,Inland,10.0,7.2915979767401895,7.340072385072706,4.819597556534086,4.894087435570489,4.819597556534086,0.0009581580551404083,0.0
jabalpur,2026-09-21,3.2,12.94947338104248,23.18,79.95,Normal,-1.0906467670953686,Inland,3.2,1.0059376096725463,1.1963645219802856,4.598822263093413,4.474030096834227,4.598822263093413,0.0003592245038718718,0.0
jaipur,2026-09-21,0.5,0.0,26.91,75.79,Normal,-1.0906467670953686,Inland,0.5,0.0,0.0,0.7135942103041916,0.0,0.7135942103041916,0.0006706235782474061,0.0
jodhpur,2026-09-21,0.0,4.433987617492676,26.24,73.02,Normal,-1.0906467670953686,Inland,0.0,0.0,0.0,0.01908822187655981,0.0,0.01908822187655981,0.0006932254481598428,0.0
kochi,2026-09-21,83.39999999999999,25.1112060546875,9.93,76.27,Normal,-1.0906467670953686,West-coast orographic,83.39999999999999,57.8790147016308,37.60060458969021,14.79542916199323,17.684986943101862,14.79542916199323,0.016313713706396487,1.0
kolkata,2026-09-21,0.30000000000000004,0.01971346326172352,22.57,88.36,Normal,-1.0906467670953686,East coast,0.30000000000000004,0.0,0.0,3.149666041240147,2.787623170597376,3.149666041240147,0.000341575017502921,0.0
lucknow,2026-09-21,0.0,0.0,26.85,80.95,Normal,-1.0906467670953686,Inland,0.0,0.0,0.0,0.37163795305189284,0.0,0.37163795305189284,0.0003604470628231149,0.0
madurai,2026-09-21,12.4,22.77104949951172,9.93,78.12,Normal,-1.0906467670953686,Inland,12.4,9.487004645128883,10.142830760478985,2.409342109444011,1.3660074893495424,2.409342109444011,0.001327996383658715,0.0
mangaluru,2026-09-21,4.5,24.86390495300293,12.91,74.86,Normal,-1.0906467670953686,West-coast orographic,4.5,2.0520278930664064,1.6546161293983457,8.7691364401816,9.190623449934426,8.7691364401816,0.0037727959693171684,0.0
mumbai,2026-09-21,0.30000000000000004,0.0,19.08,72.88,Normal,-1.0906467670953686,West-coast orographic,0.30000000000000004,0.0,0.0,2.130098466364131,0.8644187571888726,2.130098466364131,0.0005327714966273378,0.0
nagpur,2026-09-21,6.1,6.765737533569336,21.15,79.09,Normal,-1.0906467670953686,Inland,6.1,3.3333249974250774,3.5050845311238157,8.363283549846187,13.670426645819814,8.363283549846187,0.0032445315859219383,0.0
panaji,2026-09-21,0.0,0.0,15.49,73.83,Normal,-1.0906467670953686,West-coast orographic,0.0,0.0,0.0,0.32496466599119295,0.0,0.32496466599119295,0.00038188081639933303,0.0
patna,2026-09-21,0.0,18.828842163085938,25.59,85.14,Normal,-1.0906467670953686,Inland,0.0,0.0,0.0,1.5297660739494034,0.4622244110403672,1.5297660739494034,0.0002899782043471239,0.0
pune,2026-09-21,0.6000000000000001,5.194060325622559,18.52,73.86,Normal,-1.0906467670953686,Inland,0.6000000000000001,0.0,0.0,0.4791313780051611,0.0,0.4791313780051611,0.0004061631580920434,0.0
raipur,2026-09-21,7.5,1.0364036560058594,21.25,81.63,Normal,-1.0906467670953686,Inland,7.5,4.767200668652858,4.959575743859183,8.866712239718328,15.075673691890032,8.866712239718328,0.00868859982400312,0.0
ranchi,2026-09-21,2.8,1.7876489162445068,23.34,85.31,Normal,-1.0906467670953686,Inland,2.8,0.7794070577621459,0.9058145686775243,5.527124884262155,6.5429414535601405,5.527124884262155,0.0003172986816459658,0.0
shillong,2026-09-21,6.699999999999999,11.517580032348633,25.58,91.89,Normal,-1.0906467670953686,Hill / Himalayan orographic,6.699999999999999,4.014408143353019,3.6147180178656644,5.14179765139383,3.128515343825801,5.14179765139383,0.0006908288783247995,0.0
shimla,2026-09-21,0.0,0.0,31.1,77.17,Normal,-1.0906467670953686,Hill / Himalayan orographic,0.0,0.0,0.0,0.17099829148503837,0.0,0.17099829148503837,0.0003148622237186891,0.0
srinagar,2026-09-21,0.0,0.0,34.08,74.8,Normal,-1.0906467670953686,Hill / Himalayan orographic,0.0,0.0,0.0,0.002171257675325281,0.0,0.002171257675325281,0.00045182691521723637,0.0
surat,2026-09-21,0.30000000000000004,7.5920023918151855,21.17,72.83,Normal,-1.0906467670953686,West-coast orographic,0.30000000000000004,0.0,0.0,1.475985849609413,0.5754454209841376,1.475985849609413,0.0009077788503253233,0.0
thiruvananthapuram,2026-09-21,106.3,25.860313415527344,8.52,76.94,Normal,-1.0906467670953686,West-coast orographic,106.3,75.98275551665732,50.460621460569165,9.919798122540545,10.972486557303457,9.919798122540545,0.017602721871881274,1.0
varanasi,2026-09-21,0.2,0.0,25.32,82.97,Normal,-1.0906467670953686,Inland,0.2,0.0,0.0,3.4072578619335747,2.517958838929792,3.4072578619335747,0.0007430471699274404,0.0
vijayawada,2026-09-21,12.9,0.6023204326629639,16.51,80.65,Normal,-1.0906467670953686,Inland,12.9,9.76782163591129,10.721642799833605,3.6332908733796008,2.7235216252426317,3.6332908733796008,0.0009358301023419101,0.0
visakhapatnam,2026-09-21,9.4,0.32852137088775635,17.69,83.22,Normal,-1.0906467670953686,East coast,9.4,6.623736953050496,5.992712711211174,8.2795221511542,13.572315967307302,8.2795221511542,0.0014509310269027065,0.0
agartala,2026-09-24,6.6,7.311337471008301,23.83,91.29,Normal,-0.6587330858706862,Inland,6.6,3.9229306709432126,4.210933399200442,4.618083406307205,4.5096361489846934,4.618083406307205,0.0014776768811121546,0.0
ahmedabad,2026-09-24,0.0,0.0,23.02,72.57,Normal,-0.6587330858706862,Inland,0.0,0.0,0.0,0.0,0.0,0.0,0.0004949704828664959,0.0
amritsar,2026-09-24,0.0,0.0,31.63,74.87,Normal,-0.6587330858706862,Inland,0.0,0.0,0.0,0.001810856495331198,0.0,0.001810856495331198,0.0006018714556981757,0.0
bengaluru,2026-09-24,0.0,0.0,12.97,77.59,Normal,-0.6587330858706862,Inland,0.0,0.0,0.0,0.13434020791594503,0.0,0.13434020791594503,0.0001466722037371219,0.0
bhopal,2026-09-24,2.3000000000000003,3.689422607421875,23.26,77.41,Normal,-0.6587330858706862,Inland,2.3000000000000003,0.444617056250572,0.6467155462503431,1.4134935656702758,0.3806089955691832,1.4134935656702758,0.0003038856286857346,0.0
bhubaneswar,2026-09-24,56.7,45.258480072021484,20.3,85.82,Normal,-0.6587330858706862,East coast,56.7,41.54278758952492,65.97339335313183,5.074215795358865,4.888412846497757,5.074215795358865,0.00534447239212442,0.0
chandigarh,2026-09-24,0.0,0.0,30.73,76.78,Normal,-0.6587330858706862,Inland,0.0,0.0,0.0,1.0877929964347446,0.12817585123156044,1.0877929964347446,0.0008640878569749699,0.0
chennai,2026-09-24,3.2,0.0,13.08,80.27,Normal,-0.6587330858706862,East coast,3.2,1.0059376096725463,0.40019197523593897,2.5554330850782074,1.8183436354147915,2.5554330850782074,0.00013023308853521816,0.0
dehradun,2026-09-24,0.0,0.0,30.32,78.03,Normal,-0.6587330858706862,Hill / Himalayan orographic,0.0,0.0,0.0,0.8414295596992692,0.0,0.8414295596992692,0.0003840241223438017,0.0
delhi,2026-09-24,0.0,0.0,28.61,77.21,Normal,-0.6587330858706862,Inland,0.0,0.0,0.0,0.14048376744509963,0.0,0.14048376744509963,0.0005448024782821524,0.0
gangtok,2026-09-24,22.0,14.764869689941406,27.33,88.61,Normal,-0.6587330858706862,Hill / Himalayan orographic,22.0,17.829062112172437,22.160183396006282,9.316278579868294,9.38728093578092,9.316278579868294,0.0024671254862427515,0.0
guwahati,2026-09-24,0.7000000000000001,0.7587709426879883,26.14,91.74,Normal,-0.6587330858706862,Inland,0.7000000000000001,0.0,0.0,1.0807535816119782,0.123604704055909,1.0807535816119782,0.00020076061528739378,0.0
hyderabad,2026-09-24,99.8,6.921657562255859,17.39,78.49,Normal,-0.6587330858706862,Inland,99.8,71.08467050408485,115.80993254389996,12.077982450822983,24.53342155610776,12.077982450822983,0.005755570232493869,1.0
jabalpur,2026-09-24,0.30000000000000004,0.33142411708831787,23.18,79.95,Normal,-0.6587330858706862,Inland,0.30000000000000004,0.0,0.0,1.1273873218697197,0.1435931337067303,1.1273873218697197,0.0002552130466412641,0.0
jaipur,2026-09-24,0.5,0.0,26.91,75.79,Normal,-0.6587330858706862,Inland,0.5,0.0,0.0,0.5611098513114589,0.0,0.5611098513114589,0.0005059886830616034,0.0
jodhpur,2026-09-24,0.0,0.0,26.24,73.02,Normal,-0.6587330858706862,Inland,0.0,0.0,0.0,0.009416052277444504,0.0,0.009416052277444504,0.00046021506350294085,0.0
kochi,2026-09-24,8.8,9.077841758728027,9.93,76.27,Normal,-0.6587330858706862,West-coast orographic,8.8,5.749776943206787,5.226208367623574,1.726876820215967,0.7698491924283083,1.726876820215967,0.0028402321228746994,0.0
kolkata,2026-09-24,22.599999999999998,64.81671142578125,22.57,88.36,Normal,-0.6587330858706862,East coast,22.599999999999998,18.38566630681355,18.20011744627478,8.88249687425415,15.142108907795807,8.88249687425415,0.006685881072870184,0.0
lucknow,2026-09-24,3.4,6.298422336578369,26.85,80.95,Normal,-0.6587330858706862,Inland,3.4,1.1867392742633815,1.543183941841126,4.54384265211152,4.388115584923212,4.54384265211152,0.0002576025663976419,0.0
madurai,2026-09-24,0.0,0.0,9.93,78.12,Normal,-0.6587330858706862,Inland,0.0,0.0,0.0,0.12679273742724145,0.0,0.12679273742724145,0.00017185811878063642,0.0
mangaluru,2026-09-24,30.5,0.12760969996452332,12.91,74.86,Normal,-0.6587330858706862,West-coast orographic,30.5,24.384873243231066,14.20297776823459,6.761134339140702,5.815718487846623,6.761134339140702,0.006583486046590301,0.0
mumbai,2026-09-24,5.3,12.477252006530762,19.08,72.88,Normal,-0.6587330858706862,West-coast orographic,5.3,2.674150420029958,2.825959890683492,5.248405736515209,4.38353537132535,5.248405736515209,0.007442193100283881,0.0
nagpur,2026-09-24,13.299999999999999,0.00425116578117013,21.15,79.09,Normal,-0.6587330858706862,Inland,13.299999999999999,10.161111275469077,11.319272392569463,5.015213700570433,5.282989322709134,5.015213700570433,0.005834270231483361,0.0
panaji,2026-09-24,36.1,14.678901672363281,15.49,73.83,Normal,-0.6587330858706862,West-coast orographic,36.1,27.865982187134883,16.701510948067735,8.691752523622148,9.054778897749664,8.691752523622148,0.0025548862059961205,0.0
patna,2026-09-24,7.4,42.94392776489258,25.59,85.14,Normal,-0.6587330858706862,Inland,7.4,4.670889965693161,4.835701911541409,5.629785446818489,6.855596402807258,5.629785446818489,0.0008920306365240387,0.0
pune,2026-09-24,11.2,0.0,18.52,73.86,Normal,-0.6587330858706862,Inland,11.2,8.298997852325439,8.449444787065294,2.6627330881960174,1.6960263819404546,2.6627330881960174,0.003364735216549732,0.0
raipur,2026-09-24,21.3,12.838841438293457,21.25,81.63,Normal,-0.6587330858706862,Inland,21.3,17.238895249366752,19.86877953199153,8.013536324186534,12.551525217357256,8.013536324186534,0.006178162538557258,0.0
ranchi,2026-09-24,29.0,45.683956146240234,23.34,85.31,Normal,-0.6587330858706862,Inland,29.0,23.34769606977556,28.821420310763948,9.581284345922992,17.22206035868604,9.581284345922992,0.004849663287520791,0.0
shillong,2026-09-24,91.7,0.41654375195503235,25.58,91.89,Normal,-0.6587330858706862,Hill / Himalayan orographic,91.7,64.94868806893898,62.38537724093051,4.644096628392174,2.795082670606021,4.644096628392174,0.001544997932479642,1.0
shimla,2026-09-24,0.0,0.0,31.1,77.17,Normal,-0.6587330858706862,Hill / Himalayan orographic,0.0,0.0,0.0,0.15262206092596028,0.0,0.15262206092596028,0.00024984815264037413,0.0
srinagar,2026-09-24,0.0,0.39124980568885803,34.08,74.8,Normal,-0.6587330858706862,Hill / Himalayan orographic,0.0,0.0,0.0,0.0,0.0,0.0,0.0003284676742889263,0.0
surat,2026-09-24,0.0,0.0,21.17,72.83,Normal,-0.6587330858706862,West-coast orographic,0.0,0.0,0.0,0.011136483117173263,0.0,0.011136483117173263,0.000476911675711343,0.0
thiruvananthapuram,2026-09-24,21.0,4.4073028564453125,8.52,76.94,Normal,-0.6587330858706862,West-coast orographic,21.0,16.990195500850668,11.079537197377341,0.21722462284173016,0.0,0.21722462284173016,0.001233229628446851,0.0
varanasi,2026-09-24,6.9,4.097663879394531,25.32,82.97,Normal,-0.6587330858706862,Inland,6.9,4.200350276096515,4.398057913780213,4.551897866216107,4.393884605892138,4.551897866216107,0.005025604329370364,0.0
vijayawada,2026-09-24,74.5,137.51397705078125,16.51,80.65,Normal,-0.6587330858706862,Inland,74.5,50.41261919572597,83.7996528901265,11.66156764340936,23.247400751942163,11.66156764340936,0.0009849149527667899,1.0
visakhapatnam,2026-09-24,48.1,185.81861877441406,17.69,83.22,Normal,-0.6587330858706862,East coast,48.1,36.80159361814876,58.26313428981941,5.529128247643309,5.263103104545235,5.529128247643309,0.0018398364505239934,0.0
agartala,2026-09-25,0.0,2.9711222648620605,23.83,91.29,Normal,-0.45506279871127386,Inland,0.0,0.0,0.0,3.5738065196396462,2.7188935637616383,3.5738065196396462,0.00029706689128913746,0.0
ahmedabad,2026-09-25,0.0,0.0,23.02,72.57,Normal,-0.45506279871127386,Inland,0.0,0.0,0.0,0.03865698197685216,0.0,0.03865698197685216,0.0003402085946038592,0.0
amritsar,2026-09-25,0.0,11.29600715637207,31.63,74.87,Normal,-0.45506279871127386,Inland,0.0,0.0,0.0,0.28474178189406724,0.0,0.28474178189406724,0.001218215845692696,0.0
bengaluru,2026-09-25,0.30000000000000004,0.11228836327791214,12.97,77.59,Normal,-0.45506279871127386,Inland,0.30000000000000004,0.0,0.0,1.2967583823413775,0.24250557970964823,1.2967583823413775,0.00010899172659199682,0.0
bhopal,2026-09-25,1.0,9.081941604614258,23.26,77.41,Normal,-0.45506279871127386,Inland,1.0,0.0,0.06647913724184035,1.2140003113888687,0.1824117356360917,1.2140003113888687,0.00026517802330296684,0.0
bhubaneswar,2026-09-25,88.6,38.06557846069336,20.3,85.82,Normal,-0.45506279871127386,East coast,88.6,62.14307556721701,100.45572190846899,7.586387220823115,10.614990996450487,7.586387220823115,0.005167666714643969,1.0
chandigarh,2026-09-25,0.0,0.0,30.73,76.78,Normal,-0.45506279871127386,Inland,0.0,0.0,0.0,1.39188511550035,0.33071368360102227,1.39188511550035,0.001324680768752914,0.0
chennai,2026-09-25,0.8,0.0,13.08,80.27,Normal,-0.45506279871127386,East coast,0.8,0.0,0.0,0.5018314075692847,0.0,0.5018314075692847,0.0001225160680629135,0.0
dehradun,2026-09-25,6.5,14.565729141235352,30.32,78.03,Normal,-0.45506279871127386,Hill / Himalayan orographic,6.5,3.8108535607655845,3.7221784591674805,12.471339664435815,16.87326834397689,12.471339664435815,0.0029477842369981665,0.0
delhi,2026-09-25,0.0,0.0,28.61,77.21,Normal,-0.45506279871127386,Inland,0.0,0.0,0.0,0.46603333538298725,0.0,0.46603333538298725,0.0005324850051223066,0.0
gangtok,2026-09-25,15.9,41.3140754699707,27.33,88.61,Normal,-0.45506279871127386,Hill / Himalayan orographic,15.9,12.440450456407335,14.772583062959757,9.064858304835818,9.212341404401673,9.064858304835818,0.0033755099123456943,0.0
guwahati,2026-09-25,0.4,0.0,26.14,91.74,Normal,-0.45506279871127386,Inland,0.4,0.0,0.0,3.2600819179091403,2.245899973459722,3.2600819179091403,0.00026234822929934023,0.0
hyderabad,2026-09-25,19.9,0.0,17.39,78.49,Normal,-0.45506279871127386,Inland,19.9,15.976323906580607,18.805969597952707,8.52079527754451,15.120065319696122,8.52079527754451,0.000905384773967944,0.0
jabalpur,2026-09-25,12.6,13.005768775939941,23.18,79.95,Normal,-0.45506279871127386,Inland,12.6,9.654261929648262,10.500269453866132,6.551269585679274,8.532695347031948,6.551269585679274,0.0054904935851536035,0.0
jaipur,2026-09-25,0.0,0.0,26.91,75.79,Normal,-0.45506279871127386,Inland,0.0,0.0,0.0,0.20151699508583745,0.0,0.20151699508583745,0.00044344286156273056,0.0
jodhpur,2026-09-25,0.0,0.0,26.24,73.02,Normal,-0.45506279871127386,Inland,0.0,0.0,0.0,0.11012941464375878,0.0,0.11012941464375878,0.00029320286387356486,0.0
kochi,2026-09-25,1.2000000000000002,5.632175922393799,9.93,76.27,Normal,-0.45506279871127386,West-coast orographic,1.2000000000000002,0.053534118458628654,0.0,0.7675664933841942,0.0,0.7675664933841942,0.00026840244543746187,0.0
kolkata,2026-09-25,37.800000000000004,72.35855865478516,22.57,88.36,Normal,-0.45506279871127386,East coast,37.800000000000004,29.17051998774211,38.30307037130217,5.426680975364052,7.009149859425927,5.426680975364052,0.01222369118720358,0.0
lucknow,2026-09-25,7.7,21.376798629760742,26.85,80.95,Normal,-0.45506279871127386,Inland,7.7,5.012871503829956,5.3146432281402225,5.061246503579506,5.673266799648995,5.061246503579506,0.0010396022809830575,0.0
madurai,2026-09-25,0.0,0.0,9.93,78.12,Normal,-0.45506279871127386,Inland,0.0,0.0,0.0,0.9614162752753415,0.051380000691533236,0.9614162752753415,0.0001375889093170241,0.0
mangaluru,2026-09-25,95.1,56.17428970336914,12.91,74.86,Normal,-0.45506279871127386,West-coast orographic,95.1,67.54747436786519,43.36133904558234,15.057884273843683,17.4234934275129,15.057884273843683,0.005736996880889104,1.0
mumbai,2026-09-25,0.0,12.672209739685059,19.08,72.88,Normal,-0.45506279871127386,West-coast orographic,0.0,0.0,0.0,0.36165173251427735,0.0,0.36165173251427735,0.00026416352936359775,0.0
nagpur,2026-09-25,9.299999999999999,7.256119251251221,21.15,79.09,Normal,-0.45506279871127386,Inland,9.299999999999999,6.581537151336669,6.67725863031593,8.387544864455808,14.603948067984703,8.387544864455808,0.005232996042042078,0.0
panaji,2026-09-25,21.7,7.627769947052002,15.49,73.83,Normal,-0.45506279871127386,West-coast orographic,21.7,17.561467235371218,11.57623155526756,5.820642871091106,5.296432807509864,5.820642871091106,0.0014105343370411146,0.0
patna,2026-09-25,29.9,48.87337112426758,25.59,85.14,Normal,-0.45506279871127386,Inland,29.9,23.908365366593845,29.252432993664662,4.851711502812834,5.381523841278033,4.851711502812834,0.001799160975160877,0.0
pune,2026-09-25,10.5,0.0,18.52,73.86,Normal,-0.45506279871127386,Inland,10.5,7.794555527823312,7.794863432770848,2.3932592092352496,1.4026670182064755,2.3932592092352496,0.0023988578590428606,0.0
raipur,2026-09-25,45.8,40.01985168457031,21.25,81.63,Normal,-0.45506279871127386,Inland,45.8,35.5602886049371,41.77385966383201,6.1335540665921755,7.968183997344625,6.1335540665921755,0.0067539986923456615,0.0
ranchi,2026-09-25,64.4,38.24895477294922,23.34,85.31,Normal,-0.45506279871127386,Inland,64.4,45.25735796997879,69.15601342018596,5.480956390420594,6.6068988487105695,5.480956390420594,0.004898344231072356,0.0
shillong,2026-09-25,0.0,2.251842975616455,25.58,91.89,Normal,-0.45506279871127386,Hill / Himalayan orographic,0.0,0.0,0.0,2.004015621163974,0.3565942641458826,2.004015621163974,0.00023805849840333686,0.0
shimla,2026-09-25,0.6,0.0,31.1,77.17,Normal,-0.45506279871127386,Hill / Himalayan orographic,0.6,0.0,0.0,3.106324744452716,1.26253032072575,3.106324744452716,0.00034092245512756363,0.0
srinagar,2026-09-25,0.8,0.0,34.08,74.8,Normal,-0.45506279871127386,Hill / Himalayan orographic,0.8,0.0,0.03983173439279199,0.3542813351264484,0.0,0.3542813351264484,0.0004211957763482875,0.0
surat,2026-09-25,0.0,0.0,21.17,72.83,Normal,-0.45506279871127386,West-coast orographic,0.0,0.0,0.0,0.020212174038387626,0.0,0.020212174038387626,0.0003992658911378114,0.0
thiruvananthapuram,2026-09-25,38.9,1.1428382396697998,8.52,76.94,Normal,-0.45506279871127386,West-coast orographic,38.9,29.983609517415363,18.540055273824663,4.008321758562024,3.0528335155937385,4.008321758562024,0.0016840328712892664,0.0
varanasi,2026-09-25,34.8,7.233534336090088,25.32,82.97,Normal,-0.45506279871127386,Inland,34.8,26.409925733293807,33.56460162138266,4.393223271659161,4.356642636332198,4.393223271659161,0.005745790109359707,0.0
vijayawada,2026-09-25,10.2,81.50569915771484,16.51,80.65,Normal,-0.45506279871127386,Inland,10.2,7.5446251869201655,7.598307034685897,4.375093215725201,4.332937875458379,4.375093215725201,0.0006690915147297913,0.0
visakhapatnam,2026-09-25,42.800000000000004,17.25351905822754,17.69,83.22,Normal,-0.45506279871127386,East coast,42.800000000000004,33.03208243219476,46.701826815181605,4.8932662601119485,6.067339243279823,4.8932662601119485,0.0007220183927298448,0.0
agartala,2026-09-26,0.9,1.4620622396469116,23.83,91.29,Normal,-0.5911280851293259,Inland,0.9,0.0,0.0512238641083241,3.980623018941982,3.4561782352514294,3.980623018941982,0.00026974609849337683,0.0
ahmedabad,2026-09-26,0.0,0.0,23.02,72.57,Normal,-0.5911280851293259,Inland,0.0,0.0,0.0,0.03126055103869965,0.0,0.03126055103869965,0.0002753763684232807,0.0
amritsar,2026-09-26,0.0,0.0,31.63,74.87,Normal,-0.5911280851293259,Inland,0.0,0.0,0.0,0.2679063886261908,0.0,0.2679063886261908,0.0011054755647974977,0.0
bengaluru,2026-09-26,3.9,2.8513970375061035,12.97,77.59,Normal,-0.5911280851293259,Inland,3.9,1.6284355223178864,1.907352387110392,2.579820677767156,1.6820367419999838,2.579820677767156,0.00017311264912065497,0.0
bhopal,2026-09-26,16.2,1.0684638023376465,23.26,77.41,Normal,-0.5911280851293259,Inland,16.2,12.724940405951603,14.752815589904769,7.314011262155518,11.426315152723689,7.314011262155518,0.009922447474955782,0.0
bhubaneswar,2026-09-26,26.2,21.173933029174805,20.3,85.82,Normal,-0.5911280851293259,East coast,26.2,21.142871875029343,22.41890707756392,2.8776982960281496,2.2680794682554066,2.8776982960281496,0.00871658701077787,0.0
chandigarh,2026-09-26,1.5,0.05488765612244606,30.73,76.78,Normal,-0.5911280851293259,Inland,1.5,0.10860848426818848,0.23601353049278256,7.273205660256497,11.290180701399057,7.273205660256497,0.0012020995067930865,0.0
chennai,2026-09-26,0.8999999999999999,0.24175752699375153,13.08,80.27,Normal,-0.5911280851293259,East coast,0.8999999999999999,0.0,0.0,0.5155998221466545,0.0,0.5155998221466545,0.0001225160680629135,0.0
dehradun,2026-09-26,11.1,1.0618386268615723,30.32,78.03,Normal,-0.5911280851293259,Hill / Himalayan orographic,11.1,8.284551699956257,9.292154939900273,13.755153799720663,21.722524985654626,13.755153799720663,0.004609247973621598,0.0
delhi,2026-09-26,0.2,0.0,28.61,77.21,Normal,-0.5911280851293259,Inland,0.2,0.0,0.0,1.2781146818681977,0.22796322709698863,1.2781146818681977,0.0004831752634577488,0.0
gangtok,2026-09-26,7.800000000000001,1.6475553512573242,27.33,88.61,Normal,-0.5911280851293259,Hill / Himalayan orographic,7.800000000000001,5.092901945114136,4.788442557198661,10.58317730377727,11.970001069258315,10.58317730377727,0.0012764405913766367,0.0
guwahati,2026-09-26,0.0,1.1060500144958496,26.14,91.74,Normal,-0.5911280851293259,Inland,0.0,0.0,0.0,1.5362118716066386,0.5051822841669682,1.5362118716066386,0.0002382196984815776,0.0
hyderabad,2026-09-26,1.5,0.0,17.39,78.49,Normal,-0.5911280851293259,Inland,1.5,0.10860848426818848,0.23601353049278256,2.819878890154468,1.8577120125611386,2.819878890154468,0.00010899172659199682,0.0
jabalpur,2026-09-26,25.6,76.9605484008789,23.18,79.95,Normal,-0.5911280851293259,Inland,25.6,20.662156105041504,24.467484862530817,8.160595060200484,13.891117402664657,8.160595060200484,0.004968959507403178,0.0
jaipur,2026-09-26,0.6000000000000001,0.0,26.91,75.79,Normal,-0.5911280851293259,Inland,0.6000000000000001,0.0,0.0,0.591758808007116,0.0,0.591758808007116,0.000417425271022113,0.0
jodhpur,2026-09-26,0.0,0.0,26.24,73.02,Normal,-0.5911280851293259,Inland,0.0,0.0,0.0,0.09975632718309656,0.0,0.09975632718309656,0.00027599769035484354,0.0
kochi,2026-09-26,0.8,0.0,9.93,76.27,Normal,-0.5911280851293259,West-coast orographic,0.8,0.0,0.0,0.7807342352887615,0.0,0.7807342352887615,0.00026840244543746187,0.0
kolkata,2026-09-26,0.7000000000000001,13.814167976379395,22.57,88.36,Normal,-0.5911280851293259,East coast,0.7000000000000001,0.0,0.0,0.8658094472012962,0.0028851721442231144,0.8658094472012962,0.0002567987150502532,0.0
lucknow,2026-09-26,109.8,71.39987182617188,26.85,80.95,Normal,-0.5911280851293259,Inland,109.8,79.4151194999958,127.11362494184255,13.65191952088592,27.83631862884136,13.65191952088592,0.0034326653819881548,1.0
madurai,2026-09-26,0.0,5.815948009490967,9.93,78.12,Normal,-0.5911280851293259,Inland,0.0,0.0,0.0,0.9761466005713577,0.058309395656966884,0.9761466005713577,0.0001375889093170241,0.0
mangaluru,2026-09-26,41.9,13.920968055725098,12.91,74.86,Normal,-0.5911280851293259,West-coast orographic,41.9,32.273620580372054,19.873746673972665,11.810546304939624,12.941859381718666,11.810546304939624,0.0025671597948515932,0.0
mumbai,2026-09-26,0.0,0.0,19.08,72.88,Normal,-0.5911280851293259,West-coast orographic,0.0,0.0,0.0,0.33822089115028103,0.0,0.33822089115028103,0.00029767981573460423,0.0
nagpur,2026-09-26,28.2,6.189473628997803,21.15,79.09,Normal,-0.5911280851293259,Inland,28.2,22.66108360657325,27.52758972640334,7.730822042392139,12.65296526094514,7.730822042392139,0.00545395931462574,0.0
panaji,2026-09-26,7.300000000000001,0.4373069107532501,15.49,73.83,Normal,-0.5911280851293259,West-coast orographic,7.300000000000001,4.58229676882426,4.670705902621429,3.5481371025299024,2.600399031027719,3.5481371025299024,0.00040755968981535256,0.0
patna,2026-09-26,31.6,10.374160766601562,25.59,85.14,Normal,-0.5911280851293259,Inland,31.6,25.062164851597377,30.79485514259546,5.255071463622436,6.0133399987632945,5.255071463622436,0.0013889760277409373,0.0
pune,2026-09-26,0.0,0.0,18.52,73.86,Normal,-0.5911280851293259,Inland,0.0,0.0,0.0,0.15113817053873327,0.0,0.15113817053873327,0.00015296836294186812,0.0
raipur,2026-09-26,35.7,61.42656707763672,21.25,81.63,Normal,-0.5911280851293259,Inland,35.7,27.253211819395734,34.320063850522416,8.132021713135298,13.802747525852338,8.132021713135298,0.004922694998022517,0.0
ranchi,2026-09-26,30.3,31.544069290161133,23.34,85.31,Normal,-0.5911280851293259,Inland,30.3,24.197608308972054,29.615355852236615,6.145632436683235,7.980851294153549,6.145632436683235,0.0037086443701781907,0.0
shillong,2026-09-26,1.2,2.123757839202881,25.58,91.89,Normal,-0.5911280851293259,Hill / Himalayan orographic,1.2,0.030831816140562296,0.17096424675413538,1.5471098361987476,0.1502537243617404,1.5471098361987476,0.00021616344482571317,0.0
shimla,2026-09-26,2.4,0.0,31.1,77.17,Normal,-0.5911280851293259,Hill / Himalayan orographic,2.4,0.5213851779699326,0.8332017740895662,5.603351257296691,3.6767188920707747,5.603351257296691,0.00030934650154934345,0.0
srinagar,2026-09-26,0.0,0.0,34.08,74.8,Normal,-0.5911280851293259,Hill / Himalayan orographic,0.0,0.0,0.0,0.21536008879806118,0.0,0.21536008879806118,0.0003821878171572244,0.0
surat,2026-09-26,0.0,0.0,21.17,72.83,Normal,-0.5911280851293259,West-coast orographic,0.0,0.0,0.0,0.014972525718298055,0.0,0.014972525718298055,0.0003879330907360701,0.0
thiruvananthapuram,2026-09-26,7.1,0.5231020450592041,8.52,76.94,Normal,-0.5911280851293259,West-coast orographic,7.1,4.42736333211263,4.512852478950825,0.7131439460593294,0.0,0.7131439460593294,0.00041449354992615083,0.0
varanasi,2026-09-26,40.9,15.835923194885254,25.32,82.97,Normal,-0.5911280851293259,Inland,40.9,31.461954116821286,38.42254057729839,6.16302944080043,7.99909655515128,6.16302944080043,0.003239560392952444,0.0
vijayawada,2026-09-26,3.5999999999999996,0.0,16.51,80.65,Normal,-0.5911280851293259,Inland,3.5999999999999996,1.36426568031311,1.671215872764587,3.530227918287847,2.6586359859360797,3.530227918287847,0.0010721101252622507,0.0
visakhapatnam,2026-09-26,37.6,2.360948085784912,17.69,83.22,Normal,-0.5911280851293259,East coast,37.6,29.022685527801517,38.2414718059757,4.389941126874896,5.049727627811292,4.389941126874896,0.0009986356181969419,0.0
