loc,date,fc,obs,lat,lon,ls,anom,ltype,RAW,QM_GLOBAL,QM_REGIME,ML_REGIME,ML_REGIME_QM,PROB_WARN,P_ML,P_RAW
agartala,2026-06-03,0.5,0.0,23.83,91.29,Normal,-0.42578306451251235,Inland,0.5,0.0,0.0,2.639787576882669,2.0631174535002335,2.639787576882669,0.00031036668731408283,0.0
ahmedabad,2026-06-03,0.0,0.0,23.02,72.57,Normal,-0.42578306451251235,Inland,0.0,0.0,0.0,0.0,0.0,0.0,0.00040827887121723825,0.0
amritsar,2026-06-03,0.6,13.547143936157227,31.63,74.87,Normal,-0.42578306451251235,Inland,0.6,0.0,0.0,2.5977787877810385,2.003862581755142,2.5977787877810385,0.0006177850998920679,0.0
bengaluru,2026-06-03,5.300000000000001,12.82531452178955,12.97,77.59,Normal,-0.42578306451251235,Inland,5.300000000000001,2.483228225708009,2.7325919389724747,0.6879322960644797,0.0,0.6879322960644797,0.0017235293559391975,0.0
bhopal,2026-06-03,3.6999999999999997,0.0,23.26,77.41,Normal,-0.42578306451251235,Inland,3.6999999999999997,1.165703297058741,1.2796057314486096,1.0572248650723632,0.04327302922110396,1.0572248650723632,0.004733059914648198,0.0
bhubaneswar,2026-06-03,6.1,1.648492455482483,20.3,85.82,Normal,-0.42578306451251235,East coast,6.1,3.1066644048690795,1.4501627322283308,5.424531233267564,6.638874315135151,5.424531233267564,0.003156179135214217,0.0
chandigarh,2026-06-03,0.0,0.0,30.73,76.78,Normal,-0.42578306451251235,Inland,0.0,0.0,0.0,1.2199219429374462,0.1033016139488413,1.2199219429374462,0.00042180172294668903,0.0
chennai,2026-06-03,0.0,0.0,13.08,80.27,Normal,-0.42578306451251235,East coast,0.0,0.0,0.0,0.051109687374047405,0.0,0.051109687374047405,0.00033979863817373086,0.0
dehradun,2026-06-03,1.2000000000000002,21.502613067626953,30.32,78.03,Normal,-0.42578306451251235,Hill / Himalayan orographic,1.2000000000000002,2.0932957890722294e-17,0.030760527996620747,2.3981082872456567,0.6892351316645445,2.3981082872456567,0.000757137249113388,0.0
delhi,2026-06-03,0.2,0.0,28.61,77.21,Normal,-0.42578306451251235,Inland,0.2,0.0,0.0,0.18593631241951836,0.0,0.18593631241951836,0.00037188032621466314,0.0
gangtok,2026-06-03,60.300000000000004,8.750842094421387,27.33,88.61,Normal,-0.42578306451251235,Hill / Himalayan orographic,60.300000000000004,48.037436930548445,58.12315930663084,19.77116667572205,33.043212691603856,19.77116667572205,0.01962594437991943,0.0
guwahati,2026-06-03,0.0,0.5618604421615601,26.14,91.74,Normal,-0.42578306451251235,Inland,0.0,0.0,0.0,0.27690086672065733,0.0,0.27690086672065733,0.0002795397546795063,0.0
hyderabad,2026-06-03,1.3,0.0,17.39,78.49,Normal,-0.42578306451251235,Inland,1.3,0.00942736613564193,0.004287797911092647,0.49081366328884096,0.0,0.49081366328884096,0.00030585444173518087,0.0
jabalpur,2026-06-03,4.3,0.0,23.18,79.95,Normal,-0.42578306451251235,Inland,4.3,1.6242261743545532,1.8032280206680302,1.8305255145607233,0.6764797688841172,1.8305255145607233,0.0028121431648828275,0.0
jaipur,2026-06-03,5.4,0.0,26.91,75.79,Normal,-0.42578306451251235,Inland,5.4,2.5519148703209,2.8297252933184303,1.066348034338177,0.04705985040300181,1.066348034338177,0.0025629866829426948,0.0
jodhpur,2026-06-03,0.0,0.0,26.24,73.02,Normal,-0.42578306451251235,Inland,0.0,0.0,0.0,0.007333821082883853,0.0,0.007333821082883853,0.000296408508382591,0.0
kochi,2026-06-03,7.4,11.538491249084473,9.93,76.27,Normal,-0.42578306451251235,West-coast orographic,7.4,4.3883298921585085,3.9657197881627964,2.942671936133118,1.5202197955257497,2.942671936133118,0.003814360151364426,0.0
kolkata,2026-06-03,0.7,0.0012119836173951626,22.57,88.36,Normal,-0.42578306451251235,East coast,0.7,0.0,0.0,0.0,0.0,0.0,0.0005669439119278497,0.0
lucknow,2026-06-03,2.7,0.0,26.85,80.95,Normal,-0.42578306451251235,Inland,2.7,0.6093312638998032,0.6902783572673797,1.4344746008715195,0.2256149073057969,1.4344746008715195,0.005537215690887079,0.0
madurai,2026-06-03,1.2,16.460662841796875,9.93,78.12,Normal,-0.42578306451251235,Inland,1.2,0.0,0.0,0.062270916721765324,0.0,0.062270916721765324,0.00025302880081696426,0.0
mangaluru,2026-06-03,31.099999999999998,22.9243221282959,12.91,74.86,Normal,-0.42578306451251235,West-coast orographic,31.099999999999998,26.570964043872202,16.44209756656569,15.34274621533097,18.088086438950437,15.34274621533097,0.0729321236052218,0.0
mumbai,2026-06-03,0.7000000000000001,0.0,19.08,72.88,Normal,-0.42578306451251235,West-coast orographic,0.7000000000000001,0.0,0.0,0.05770172893101332,0.0,0.05770172893101332,0.0006621065216956828,0.0
nagpur,2026-06-03,1.2999999999999998,0.0,21.15,79.09,Normal,-0.42578306451251235,Inland,1.2999999999999998,0.009427366135641909,0.0,0.4420415119445709,0.0,0.4420415119445709,0.00033374327790168285,0.0
panaji,2026-06-03,7.0,4.491454601287842,15.49,73.83,Normal,-0.42578306451251235,West-coast orographic,7.0,3.995811285972595,3.6988397240638733,5.710559702214052,5.187450192794913,5.710559702214052,0.006600799551604724,0.0
patna,2026-06-03,0.1,0.0,25.59,85.14,Normal,-0.42578306451251235,Inland,0.1,0.0,0.0,0.24413965041026392,0.0,0.24413965041026392,0.0002795397546795063,0.0
pune,2026-06-03,0.1,0.01565558649599552,18.52,73.86,Normal,-0.42578306451251235,Inland,0.1,0.0,0.0,0.1502707483226636,0.0,0.1502707483226636,0.00027013921309515976,0.0
raipur,2026-06-03,0.2,0.5182018280029297,21.25,81.63,Normal,-0.42578306451251235,Inland,0.2,0.0,0.0,0.46135407178791643,0.0,0.46135407178791643,0.0005799996580531555,0.0
ranchi,2026-06-03,0.0,0.0,23.34,85.31,Normal,-0.42578306451251235,Inland,0.0,0.0,0.0,0.8933535944921449,0.0,0.8933535944921449,0.00031036668731408283,0.0
shillong,2026-06-03,3.9,0.36627888679504395,25.58,91.89,Normal,-0.42578306451251235,Hill / Himalayan orographic,3.9,1.244927760362625,1.4223132501002484,3.4680017058240478,1.5091006267160205,3.4680017058240478,0.006841642773625589,0.0
shimla,2026-06-03,1.7000000000000002,1.5799347162246704,31.1,77.17,Normal,-0.42578306451251235,Hill / Himalayan orographic,1.7000000000000002,0.10912105552852162,0.2250226363539697,4.011387448939787,2.051359959386101,4.011387448939787,0.000634181543012114,0.0
srinagar,2026-06-03,6.7,21.915706634521484,34.08,74.8,Normal,-0.42578306451251235,Hill / Himalayan orographic,6.7,3.6519179630279535,3.528393907356261,3.94716849892208,1.9944099365351164,3.94716849892208,0.014382956219740388,0.0
surat,2026-06-03,1.1,0.0,21.17,72.83,Normal,-0.42578306451251235,West-coast orographic,1.1,0.0,0.0,0.0,0.0,0.0,0.0009194060065916077,0.0
thiruvananthapuram,2026-06-03,19.5,26.540996551513672,8.52,76.94,Normal,-0.42578306451251235,West-coast orographic,19.5,16.026745368517368,10.859078052432038,0.0,0.0,0.0,0.004079478218111737,0.0
varanasi,2026-06-03,1.1,0.4558201730251312,25.32,82.97,Normal,-0.42578306451251235,Inland,1.1,0.0,0.0,0.29338250693105006,0.0,0.29338250693105006,0.0005890678697505226,0.0
vijayawada,2026-06-03,0.0,0.37563541531562805,16.51,80.65,Normal,-0.42578306451251235,Inland,0.0,0.0,0.0,0.34719500863557506,0.0,0.34719500863557506,0.00032169762301687644,0.0
visakhapatnam,2026-06-03,1.5,17.676143646240234,17.69,83.22,Normal,-0.42578306451251235,East coast,1.5,0.06876360222697259,0.009074338358335599,0.6734027347206161,0.0,0.6734027347206161,0.00047626387398688096,0.0
agartala,2026-06-04,0.2,0.0,23.83,91.29,Normal,1.0456917328095896,Inland,0.2,0.0,0.0,2.5637861397702664,1.914147447558356,2.5637861397702664,0.0002751868442431873,0.0
ahmedabad,2026-06-04,0.0,0.0,23.02,72.57,Normal,1.0456917328095896,Inland,0.0,0.0,0.0,0.0,0.0,0.0,0.00032226674697790865,0.0
amritsar,2026-06-04,4.7,0.0,31.63,74.87,Normal,1.0456917328095896,Inland,4.7,1.9633426845073705,2.136125731468202,2.0779275520637324,1.002003432361717,2.0779275520637324,0.003634595875794313,0.0
bengaluru,2026-06-04,9.200000000000001,0.14971782267093658,12.97,77.59,Normal,1.0456917328095896,Inland,9.200000000000001,6.0850312261581445,6.764442223310471,3.083714875942409,2.569186293968304,3.083714875942409,0.027978067774011427,0.0
bhopal,2026-06-04,1.7999999999999998,1.432569146156311,23.26,77.41,Normal,1.0456917328095896,Inland,1.7999999999999998,0.13142106235027298,0.12431515976786602,0.7692188160374156,0.0,0.7692188160374156,0.0003168649609843633,0.0
bhubaneswar,2026-06-04,0.30000000000000004,0.0,20.3,85.82,Normal,1.0456917328095896,East coast,0.30000000000000004,0.0,0.0,0.5774769777969538,0.0,0.5774769777969538,0.0006389195530074438,0.0
chandigarh,2026-06-04,1.0,0.0,30.73,76.78,Normal,1.0456917328095896,Inland,1.0,0.0,0.0,0.3569286412856162,0.0,0.3569286412856162,0.00037838449634548034,0.0
chennai,2026-06-04,0.0,0.0,13.08,80.27,Normal,1.0456917328095896,East coast,0.0,0.0,0.0,0.009065778518306271,0.0,0.009065778518306271,0.00044392653933933906,0.0
dehradun,2026-06-04,0.1,1.3279591798782349,30.32,78.03,Normal,1.0456917328095896,Hill / Himalayan orographic,0.1,0.0,0.0,0.30698267148966435,0.0,0.30698267148966435,0.0006610539620813432,0.0
delhi,2026-06-04,0.0,0.0,28.61,77.21,Normal,1.0456917328095896,Inland,0.0,0.0,0.0,0.10319460051547448,0.0,0.10319460051547448,0.00030495072073910367,0.0
gangtok,2026-06-04,29.3,44.26927947998047,27.33,88.61,Normal,1.0456917328095896,Hill / Himalayan orographic,29.3,25.257420710832484,34.59800625180736,16.45051054359732,26.213062004229588,16.45051054359732,0.03724955271316522,0.0
guwahati,2026-06-04,0.2,4.984786510467529,26.14,91.74,Normal,1.0456917328095896,Inland,0.2,0.0,0.0,1.8136598281201215,0.665166098553456,1.8136598281201215,0.00024356713001523375,0.0
hyderabad,2026-06-04,2.7,0.19160199165344238,17.39,78.49,Normal,1.0456917328095896,Inland,2.7,0.6093312638998032,0.6902783572673797,1.3715572634017466,0.17091352311880365,1.3715572634017466,0.0038205242205156366,0.0
jabalpur,2026-06-04,0.7,0.5274115204811096,23.18,79.95,Normal,1.0456917328095896,Inland,0.7,0.0,0.0,0.35195837177816564,0.0,0.35195837177816564,0.0003588895285396587,0.0
jaipur,2026-06-04,0.0,0.0,26.91,75.79,Normal,1.0456917328095896,Inland,0.0,0.0,0.0,0.16130138435818206,0.0,0.16130138435818206,0.000302916222371877,0.0
jodhpur,2026-06-04,0.0,0.0,26.24,73.02,Normal,1.0456917328095896,Inland,0.0,0.0,0.0,0.06255589300363583,0.0,0.06255589300363583,0.00022991270016641901,0.0
kochi,2026-06-04,50.7,36.45494079589844,9.93,76.27,Normal,1.0456917328095896,West-coast orographic,50.7,41.23275976667934,23.369021517973486,8.301363998391773,7.998205940999138,8.301363998391773,0.028734688795371742,0.0
kolkata,2026-06-04,1.3,0.08312810957431793,22.57,88.36,Normal,1.0456917328095896,East coast,1.3,0.00942736613564193,0.0006198405326410709,0.0,0.0,0.0,0.0005002352583490955,0.0
lucknow,2026-06-04,0.0,0.0,26.85,80.95,Normal,1.0456917328095896,Inland,0.0,0.0,0.0,0.30911511625937726,0.0,0.30911511625937726,0.0003706327344075892,0.0
madurai,2026-06-04,1.0,0.0,9.93,78.12,Normal,1.0456917328095896,Inland,1.0,0.0,0.0,0.06340053164556367,0.0,0.06340053164556367,0.0002831359871560608,0.0
mangaluru,2026-06-04,22.8,4.805740833282471,12.91,74.86,Normal,1.0456917328095896,West-coast orographic,22.8,19.306029436196706,12.417572189477776,11.483370537344241,12.142802624981472,11.483370537344241,0.07585971359422254,0.0
mumbai,2026-06-04,0.7000000000000001,0.0,19.08,72.88,Normal,1.0456917328095896,West-coast orographic,0.7000000000000001,0.0,0.0,0.2820623310571038,0.0,0.2820623310571038,0.0009335125760792986,0.0
nagpur,2026-06-04,0.2,0.38442525267601013,21.15,79.09,Normal,1.0456917328095896,Inland,0.2,0.0,0.0,0.3509488618064418,0.0,0.3509488618064418,0.00034090207724988116,0.0
panaji,2026-06-04,33.6,5.91395902633667,15.49,73.83,Normal,1.0456917328095896,West-coast orographic,33.6,28.17825378681051,17.87056119391259,15.783074361559395,18.370662648113242,15.783074361559395,0.04396603110649539,0.0
patna,2026-06-04,0.0,0.0,25.59,85.14,Normal,1.0456917328095896,Inland,0.0,0.0,0.0,0.3160050518393746,0.0,0.3160050518393746,0.00024356713001523375,0.0
pune,2026-06-04,0.0,0.0,18.52,73.86,Normal,1.0456917328095896,Inland,0.0,0.0,0.0,0.11886201114282845,0.0,0.11886201114282845,0.00034636818984395745,0.0
raipur,2026-06-04,1.4,0.0,21.25,81.63,Normal,1.0456917328095896,Inland,1.4,0.032558586448431015,0.03245369605720047,0.6048652254838603,0.0,0.6048652254838603,0.0005102242174418398,0.0
ranchi,2026-06-04,0.1,0.0,23.34,85.31,Normal,1.0456917328095896,Inland,0.1,0.0,0.0,0.5841659341052675,0.0,0.5841659341052675,0.0002751868442431873,0.0
shillong,2026-06-04,1.2,36.32954025268555,25.58,91.89,Normal,1.0456917328095896,Hill / Himalayan orographic,1.2,0.0,0.030760527996620695,1.617138401767852,0.3606506528208758,1.617138401767852,0.0008138296923886597,0.0
shimla,2026-06-04,3.1,3.225219964981079,31.1,77.17,Normal,1.0456917328095896,Hill / Himalayan orographic,3.1,0.784337532520295,0.8975725763618572,1.3246296211973148,0.18432979614991568,1.3246296211973148,0.006246895087387032,0.0
srinagar,2026-06-04,0.1,0.0,34.08,74.8,Normal,1.0456917328095896,Hill / Himalayan orographic,0.1,0.0,0.0,0.009859415187136523,0.0,0.009859415187136523,0.0006072410386323275,0.0
surat,2026-06-04,0.0,0.0,21.17,72.83,Normal,1.0456917328095896,West-coast orographic,0.0,0.0,0.0,0.0,0.0,0.0,0.0007981932149572141,0.0
thiruvananthapuram,2026-06-04,49.6,37.68726348876953,8.52,76.94,Normal,1.0456917328095896,West-coast orographic,49.6,40.455187154856525,23.14939596948976,4.3697499458275475,3.3845002429456015,4.3697499458275475,0.014387841354812515,0.0
varanasi,2026-06-04,1.0,0.0,25.32,82.97,Normal,1.0456917328095896,Inland,1.0,0.0,0.0,0.33215046414689464,0.0,0.33215046414689464,0.0005182020657548587,0.0
vijayawada,2026-06-04,0.30000000000000004,0.2746017277240753,16.51,80.65,Normal,1.0456917328095896,Inland,0.30000000000000004,0.0,0.0,0.5122091112793369,0.0,0.5122091112793369,0.000456218162084953,0.0
visakhapatnam,2026-06-04,0.6000000000000001,0.19576396048069,17.69,83.22,Normal,1.0456917328095896,East coast,0.6000000000000001,0.0,0.0,0.11200846699251607,0.0,0.11200846699251607,0.0005702639526844067,0.0
agartala,2026-06-05,2.2,0.32516780495643616,23.83,91.29,Normal,-0.5081305705833984,Inland,2.2,0.27345526754856114,0.29422059655189503,5.625281289825012,6.446971166232082,5.625281289825012,0.00031036668731408283,0.0
ahmedabad,2026-06-05,0.0,0.0,23.02,72.57,Normal,-0.5081305705833984,Inland,0.0,0.0,0.0,0.0,0.0,0.0,0.00040827887121723825,0.0
amritsar,2026-06-05,3.5,0.47381168603897095,31.63,74.87,Normal,-0.5081305705833984,Inland,3.5,1.0813794845342635,1.18277897076173,5.884324683044875,6.7697774631087535,5.884324683044875,0.04585194393797115,0.0
bengaluru,2026-06-05,1.6,0.2562004625797272,12.97,77.59,Normal,-0.5081305705833984,Inland,1.6,0.08261859729886059,0.07618644833564756,0.6824463033816675,0.0,0.6824463033816675,0.00025050942461572176,0.0
bhopal,2026-06-05,2.8,5.917975902557373,23.26,77.41,Normal,-0.5081305705833984,Inland,2.8,0.6500738570094109,0.7267373651266096,0.9820675261824269,0.006976657103217802,0.9820675261824269,0.004588977249108297,0.0
bhubaneswar,2026-06-05,0.4,0.0,20.3,85.82,Normal,-0.5081305705833984,East coast,0.4,0.0,0.0,0.6621561002857381,0.0,0.6621561002857381,0.0005372036375682656,0.0
chandigarh,2026-06-05,4.1,5.595516204833984,30.73,76.78,Normal,-0.5081305705833984,Inland,4.1,1.4806203901767727,1.6463175117969526,6.056229626629009,7.042684780173844,6.056229626629009,0.0031525220747007456,0.0
chennai,2026-06-05,0.2,0.0,13.08,80.27,Normal,-0.5081305705833984,East coast,0.2,0.0,0.0,0.06651692426070675,0.0,0.06651692426070675,0.0003577850432302485,0.0
dehradun,2026-06-05,0.2,1.1075376272201538,30.32,78.03,Normal,-0.5081305705833984,Hill / Himalayan orographic,0.2,0.0,0.0,2.735245316263407,1.0793520894520137,2.735245316263407,0.0008441757320556909,0.0
delhi,2026-06-05,0.1,11.959850311279297,28.61,77.21,Normal,-0.5081305705833984,Inland,0.1,0.0,0.0,0.12122248271974605,0.0,0.12122248271974605,0.00037188032621466314,0.0
gangtok,2026-06-05,98.0,25.241361618041992,27.33,88.61,Normal,-0.5081305705833984,Hill / Himalayan orographic,98.0,79.07866153098796,100.50901648235791,34.97151003331681,60.480437812673884,34.97151003331681,0.06537448815724342,1.0
guwahati,2026-06-05,14.3,12.466423988342285,26.14,91.74,Normal,-0.5081305705833984,Inland,14.3,11.350498826870353,12.274053027413105,1.1829728651405051,0.08617574967823582,1.1829728651405051,0.012684122288998553,0.0
hyderabad,2026-06-05,9.7,0.8143084645271301,17.39,78.49,Normal,-0.5081305705833984,Inland,9.7,6.683344565629959,7.199373545646663,3.472290685025582,3.2647454255758444,3.472290685025582,0.014631883977311758,0.0
jabalpur,2026-06-05,1.2,0.26326295733451843,23.18,79.95,Normal,-0.5081305705833984,Inland,1.2,0.0,0.0,0.39763051694089513,0.0,0.39763051694089513,0.00044777829771450406,0.0
jaipur,2026-06-05,17.6,2.363612651824951,26.91,75.79,Normal,-0.5081305705833984,Inland,17.6,14.585492534637455,16.74263096925842,1.7430267759348117,0.6177847441278683,1.7430267759348117,0.00912178059307664,0.0
jodhpur,2026-06-05,0.0,1.5393738746643066,26.24,73.02,Normal,-0.5081305705833984,Inland,0.0,0.0,0.0,0.007333821082883853,0.0,0.007333821082883853,0.000296408508382591,0.0
kochi,2026-06-05,62.699999999999996,64.08123016357422,9.93,76.27,Normal,-0.5081305705833984,West-coast orographic,62.699999999999996,49.74539832515878,30.932631492614764,8.130452052332423,7.765203509675275,8.130452052332423,0.03641802125175494,0.0
kolkata,2026-06-05,0.8999999999999999,0.7210891842842102,22.57,88.36,Normal,-0.5081305705833984,East coast,0.8999999999999999,0.0,0.0,0.0,0.0,0.0,0.000596946513553972,0.0
lucknow,2026-06-05,0.0,0.4161112308502197,26.85,80.95,Normal,-0.5081305705833984,Inland,0.0,0.0,0.0,0.20034052553066578,0.0,0.20034052553066578,0.0004657500817275667,0.0
madurai,2026-06-05,1.5,0.0,9.93,78.12,Normal,-0.5081305705833984,Inland,1.5,0.06876360222697259,0.052777510136365925,0.4082637879809635,0.0,0.4082637879809635,0.00025302880081696426,0.0
mangaluru,2026-06-05,66.0,22.278793334960938,12.91,74.86,Normal,-0.5081305705833984,West-coast orographic,66.0,52.093845242748,32.94019852910177,19.41588044758304,21.418647586495293,19.41588044758304,0.11263299924844405,1.0
mumbai,2026-06-05,0.6000000000000001,0.0,19.08,72.88,Normal,-0.5081305705833984,West-coast orographic,0.6000000000000001,0.0,0.0,0.05770172893101332,0.0,0.05770172893101332,0.0007382285960241627,0.0
nagpur,2026-06-05,1.4,0.0,21.15,79.09,Normal,-0.5081305705833984,Inland,1.4,0.032558586448431015,0.03245369605720047,0.6528243174601721,0.0,0.6528243174601721,0.00033374327790168285,0.0
panaji,2026-06-05,9.2,2.2982003688812256,15.49,73.83,Normal,-0.5081305705833984,West-coast orographic,9.2,6.085031226158143,4.761121023421321,6.018428673663366,5.357242657155049,6.018428673663366,0.014882768462059784,0.0
patna,2026-06-05,0.4,0.8606483936309814,25.59,85.14,Normal,-0.5081305705833984,Inland,0.4,0.0,0.0,0.5024112683316677,0.0,0.5024112683316677,0.0002795397546795063,0.0
pune,2026-06-05,0.9,0.03027249500155449,18.52,73.86,Normal,-0.5081305705833984,Inland,0.9,0.0,0.0,0.23708778989360038,0.0,0.23708778989360038,0.00027013921309515976,0.0
raipur,2026-06-05,1.4000000000000001,0.0,21.25,81.63,Normal,-0.5081305705833984,Inland,1.4000000000000001,0.05490860715508461,0.03245369605720052,1.100573810248692,0.05866612810829856,1.100573810248692,0.0005799996580531555,0.0
ranchi,2026-06-05,0.30000000000000004,0.23257865011692047,23.34,85.31,Normal,-0.5081305705833984,Inland,0.30000000000000004,0.0,0.0,1.0653385769627697,0.04664084748197307,1.0653385769627697,0.00031036668731408283,0.0
shillong,2026-06-05,5.4,4.624168395996094,25.58,91.89,Normal,-0.5081305705833984,Hill / Himalayan orographic,5.4,2.5519148703209,2.724490762398995,4.704898522727884,2.8550556742942614,4.704898522727884,0.008580474957331701,0.0
shimla,2026-06-05,2.0,9.47036075592041,31.1,77.17,Normal,-0.5081305705833984,Hill / Himalayan orographic,2.0,0.19975194960832593,0.3735601696372034,4.360647355921957,2.4219664245488306,4.360647355921957,0.0007070953673691418,0.0
srinagar,2026-06-05,10.7,2.604656457901001,34.08,74.8,Normal,-0.5081305705833984,Hill / Himalayan orographic,10.7,7.750962648391723,8.175922242742384,4.812567321437179,2.964273213012426,4.812567321437179,0.021616344870996018,0.0
surat,2026-06-05,0.2,0.0,21.17,72.83,Normal,-0.5081305705833984,West-coast orographic,0.2,0.0,0.0,0.0,0.0,0.0,0.0010250793376921075,0.0
thiruvananthapuram,2026-06-05,62.7,32.28325653076172,8.52,76.94,Normal,-0.5081305705833984,West-coast orographic,62.7,49.74539832515879,30.932631492614767,4.170622388292154,3.164065949086276,4.170622388292154,0.02184250738525336,0.0
varanasi,2026-06-05,0.0,0.0,25.32,82.97,Normal,-0.5081305705833984,Inland,0.0,0.0,0.0,0.1341134255142329,0.0,0.1341134255142329,0.0005890678697505226,0.0
vijayawada,2026-06-05,4.1,0.3138890564441681,16.51,80.65,Normal,-0.5081305705833984,Inland,4.1,1.4806203901767727,1.6463175117969526,1.5224730555144819,0.37369380593018375,1.5224730555144819,0.0020370528655987243,0.0
visakhapatnam,2026-06-05,2.0,0.6185067296028137,17.69,83.22,Normal,-0.5081305705833984,East coast,2.0,0.19975194960832593,0.04639701403677467,0.5474960765985374,0.0,0.5474960765985374,0.000501470107040224,0.0
agartala,2026-06-06,8.8,14.651121139526367,23.83,91.29,Normal,-0.3817976214454973,Inland,8.8,5.593856532573702,6.288431962331138,5.9693030946680095,6.87567310487578,5.9693030946680095,0.019514397743854783,0.0
ahmedabad,2026-06-06,0.0,0.0,23.02,72.57,Normal,-0.3817976214454973,Inland,0.0,0.0,0.0,0.0,0.0,0.0,0.00040827887121723825,0.0
amritsar,2026-06-06,1.5,0.0,31.63,74.87,Normal,-0.3817976214454973,Inland,1.5,0.06876360222697259,0.052777510136365925,3.684281468944007,3.748270467017541,3.684281468944007,0.0006177850998920679,0.0
bengaluru,2026-06-06,2.0999999999999996,0.0,12.97,77.59,Normal,-0.3817976214454973,Inland,2.0999999999999996,0.2247506472468375,0.21849344968795772,0.6871822757931962,0.0,0.6871822757931962,0.00025050942461572176,0.0
bhopal,2026-06-06,9.0,2.5285513401031494,23.26,77.41,Normal,-0.3817976214454973,Inland,9.0,5.877754460334778,6.540922695398332,2.927163333551081,2.432254994173987,2.927163333551081,0.019346734217835622,0.0
bhubaneswar,2026-06-06,1.4,0.0,20.3,85.82,Normal,-0.3817976214454973,East coast,1.4,0.032558586448431015,0.006159038655459868,1.0926469984556604,0.2270634485531655,1.0926469984556604,0.000510202186989352,0.0
chandigarh,2026-06-06,5.0,0.0,30.73,76.78,Normal,-0.3817976214454973,Inland,5.0,2.2707257509231566,2.4842135906219482,5.138386164750221,5.582650065878772,5.138386164750221,0.0031525220747007456,0.0
chennai,2026-06-06,1.0,0.7089607119560242,13.08,80.27,Normal,-0.3817976214454973,East coast,1.0,0.0,0.0,0.1688999047101188,0.0,0.1688999047101188,0.00033979863817373086,0.0
dehradun,2026-06-06,0.6,6.695068359375,30.32,78.03,Normal,-0.3817976214454973,Hill / Himalayan orographic,0.6,0.0,0.0,2.657913640821815,1.0400485912322508,2.657913640821815,0.000757137249113388,0.0
delhi,2026-06-06,6.3999999999999995,0.0,28.61,77.21,Normal,-0.3817976214454973,Inland,6.3999999999999995,3.3430414676666245,3.884509571960993,1.1601946604986046,0.0758333555667005,1.1601946604986046,0.00278031133951992,0.0
gangtok,2026-06-06,24.0,22.936561584472656,27.33,88.61,Normal,-0.3817976214454973,Hill / Himalayan orographic,24.0,20.101681067432988,26.326171623117787,20.1121475742987,33.724551852896504,20.1121475742987,0.026754972244126592,0.0
guwahati,2026-06-06,4.5,0.0,26.14,91.74,Normal,-0.3817976214454973,Inland,4.5,1.7804568111896515,2.0104248762130736,2.164633198793632,1.1700655246746143,2.164633198793632,0.0018287695185415925,0.0
hyderabad,2026-06-06,10.2,0.0,17.39,78.49,Normal,-0.3817976214454973,Inland,10.2,7.328437609399701,7.658091342449189,3.0698910966400472,2.5594479170070192,3.0698910966400472,0.016376712557522932,0.0
jabalpur,2026-06-06,2.9,0.0,23.18,79.95,Normal,-0.3817976214454973,Inland,2.9,0.6908164501190188,0.7631963729858396,1.4615613234055995,0.2620128520182081,1.4615613234055995,0.0047954097416657805,0.0
jaipur,2026-06-06,6.7,0.0,26.91,75.79,Normal,-0.3817976214454973,Inland,6.7,3.6519179630279535,4.28417168593988,1.3476251354420306,0.16156905396642676,1.3476251354420306,0.01173546837723908,0.0
jodhpur,2026-06-06,0.0,0.0,26.24,73.02,Normal,-0.3817976214454973,Inland,0.0,0.0,0.0,0.007333821082883853,0.0,0.007333821082883853,0.000296408508382591,0.0
kochi,2026-06-06,58.0,50.275787353515625,9.93,76.27,Normal,-0.3817976214454973,West-coast orographic,58.0,46.40064059404686,26.79527369273235,8.951929417568596,8.602373082330633,8.951929417568596,0.037270680138944544,0.0
kolkata,2026-06-06,9.3,0.002423967234790325,22.57,88.36,Normal,-0.3817976214454973,East coast,9.3,6.188669609069827,5.099867846171062,1.3710352941962052,0.3692912553303735,1.3710352941962052,0.029394270028336913,0.0
lucknow,2026-06-06,2.8,0.0,26.85,80.95,Normal,-0.3817976214454973,Inland,2.8,0.6500738570094109,0.7267373651266096,1.6148486209664141,0.4709922006993965,1.6148486209664141,0.005537215690887079,0.0
madurai,2026-06-06,2.0999999999999996,0.0,9.93,78.12,Normal,-0.3817976214454973,Inland,2.0999999999999996,0.2247506472468375,0.21849344968795772,0.41192871407850185,0.0,0.41192871407850185,0.00025302880081696426,0.0
mangaluru,2026-06-06,225.9,82.06427001953125,12.91,74.86,Normal,-0.3817976214454973,West-coast orographic,225.9,244.43893867412322,177.69818401172284,42.59573046967961,48.85897659235762,70.0,0.485150735434428,1.0
mumbai,2026-06-06,1.5,0.584871232509613,19.08,72.88,Normal,-0.3817976214454973,West-coast orographic,1.5,0.06876360222697259,0.0,0.3570748085166961,0.0,0.3570748085166961,0.0006621065216956828,0.0
nagpur,2026-06-06,1.4000000000000001,0.05490860715508461,21.15,79.09,Normal,-0.3817976214454973,Inland,1.4000000000000001,0.05490860715508461,0.03245369605720052,1.1114975541811978,0.061811510906440395,1.1114975541811978,0.00033374327790168285,0.0
panaji,2026-06-06,4.1,8.552362442016602,15.49,73.83,Normal,-0.3817976214454973,West-coast orographic,4.1,1.4806203901767727,1.454769323048767,3.7272219230133214,2.6116476867136473,3.7272219230133214,0.0033447507552956794,0.0
patna,2026-06-06,0.30000000000000004,0.0,25.59,85.14,Normal,-0.3817976214454973,Inland,0.30000000000000004,0.0,0.0,0.5024112683316677,0.0,0.5024112683316677,0.0002795397546795063,0.0
pune,2026-06-06,0.0,0.0,18.52,73.86,Normal,-0.3817976214454973,Inland,0.0,0.0,0.0,0.12061660449030245,0.0,0.12061660449030245,0.00027013921309515976,0.0
raipur,2026-06-06,1.1,0.0,21.25,81.63,Normal,-0.3817976214454973,Inland,1.1,0.0,0.0,0.5312605671382461,0.0,0.5312605671382461,0.0005799996580531555,0.0
ranchi,2026-06-06,0.30000000000000004,0.1323167234659195,23.34,85.31,Normal,-0.3817976214454973,Inland,0.30000000000000004,0.0,0.0,1.4405458082501488,0.23377312837617187,1.4405458082501488,0.00031036668731408283,0.0
shillong,2026-06-06,14.1,1.350035309791565,25.58,91.89,Normal,-0.3817976214454973,Hill / Himalayan orographic,14.1,11.196767914417396,13.238763221615132,8.101283894725656,6.135758035450302,8.101283894725656,0.0908898169621712,0.0
shimla,2026-06-06,12.5,1.166989803314209,31.1,77.17,Normal,-0.3817976214454973,Hill / Himalayan orographic,12.5,9.357025372540509,10.609329480391285,12.011767551736934,14.857236882154867,12.011767551736934,0.01860872060099772,0.0
srinagar,2026-06-06,3.2,2.8743703365325928,34.08,74.8,Normal,-0.3817976214454973,Hill / Himalayan orographic,3.2,0.8934741771221162,0.9953823232650766,1.5980158438792191,0.355344764320046,1.5980158438792191,0.04528470407580447,0.0
surat,2026-06-06,0.2,0.0,21.17,72.83,Normal,-0.3817976214454973,West-coast orographic,0.2,0.0,0.0,0.0,0.0,0.0,0.0009194060065916077,0.0
thiruvananthapuram,2026-06-06,112.9,4.9169111251831055,8.52,76.94,Normal,-0.3817976214454973,West-coast orographic,112.9,87.90770405223515,67.56397933456519,31.85790391827514,36.59484648002989,70.0,0.3064268193660493,1.0
varanasi,2026-06-06,0.1,1.7898889780044556,25.32,82.97,Normal,-0.3817976214454973,Inland,0.1,0.0,0.0,0.165294040175175,0.0,0.165294040175175,0.0005890678697505226,0.0
vijayawada,2026-06-06,1.0,0.0,16.51,80.65,Normal,-0.3817976214454973,Inland,1.0,0.0,0.0,0.6382055380017538,0.0,0.6382055380017538,0.00032169762301687644,0.0
visakhapatnam,2026-06-06,5.9,2.9894495010375977,17.69,83.22,Normal,-0.3817976214454973,East coast,5.9,2.8970822286605835,1.3808162686053453,0.8702465702419666,0.07590111817466895,0.8702465702419666,0.002770674040098738,0.0
agartala,2026-06-20,10.9,3.8875017166137695,23.83,91.29,Normal,-1.0411805484196865,Inland,10.9,7.912561675040963,8.563537788391116,6.51307470666426,8.396005725328143,6.51307470666426,0.0022897803956870694,0.0
ahmedabad,2026-06-20,0.7000000000000001,0.0,23.02,72.57,Normal,-1.0411805484196865,Inland,0.7000000000000001,0.0,0.0,0.10426438077027898,0.0,0.10426438077027898,0.00020597653717629335,0.0
amritsar,2026-06-20,1.9000000000000001,0.0,31.63,74.87,Normal,-1.0411805484196865,Inland,1.9000000000000001,0.19210679829120636,0.1603888224810362,0.4006727490529719,0.0,0.4006727490529719,0.0002819163448963517,0.0
bengaluru,2026-06-20,10.9,0.0,12.97,77.59,Normal,-1.0411805484196865,Inland,10.9,7.912561675040963,8.563537788391116,1.9109244576270237,0.7629610974099504,1.9109244576270237,0.0014061402781174314,0.0
bhopal,2026-06-20,0.1,0.0,23.26,77.41,Normal,-1.0411805484196865,Inland,0.1,0.0,0.0,0.016819436444462776,0.0,0.016819436444462776,0.00014523846152544965,0.0
bhubaneswar,2026-06-20,3.0,9.37669563293457,20.3,85.82,Normal,-1.0411805484196865,East coast,3.0,0.7428922340273857,0.13997018367052086,0.662809187282917,0.0,0.662809187282917,0.0008520182460751566,0.0
chandigarh,2026-06-20,0.0,0.0,30.73,76.78,Normal,-1.0411805484196865,Inland,0.0,0.0,0.0,0.04159382984197843,0.0,0.04159382984197843,0.0002179024689784519,0.0
chennai,2026-06-20,0.0,0.12655118107795715,13.08,80.27,Normal,-1.0411805484196865,East coast,0.0,0.0,0.0,0.01434995460578359,0.0,0.01434995460578359,0.00014817073315580743,0.0
dehradun,2026-06-20,0.0,0.0,30.32,78.03,Normal,-1.0411805484196865,Hill / Himalayan orographic,0.0,0.0,0.0,1.1500022834414356,0.0,1.1500022834414356,0.0002479823375082214,0.0
delhi,2026-06-20,0.0,0.0,28.61,77.21,Normal,-1.0411805484196865,Inland,0.0,0.0,0.0,0.026556203883757647,0.0,0.026556203883757647,0.00019503288929611796,0.0
gangtok,2026-06-20,27.900000000000002,23.048892974853516,27.33,88.61,Normal,-1.0411805484196865,Hill / Himalayan orographic,27.900000000000002,24.087019978013142,31.587668990991915,15.060391194216656,25.472061857610186,15.060391194216656,0.007111547549939333,0.0
guwahati,2026-06-20,26.9,1.925995111465454,26.14,91.74,Normal,-1.0411805484196865,Inland,26.9,23.18570139586771,27.61496217442653,6.7884887108901,9.04448834201208,6.7884887108901,0.002045003809028903,0.0
hyderabad,2026-06-20,3.6,0.3577674627304077,17.39,78.49,Normal,-1.0411805484196865,Inland,3.6,1.0900199919939042,1.112575873732567,0.6802820248190983,0.0,0.6802820248190983,0.0004332688123002805,0.0
jabalpur,2026-06-20,0.0,0.0,23.18,79.95,Normal,-1.0411805484196865,Inland,0.0,0.0,0.0,0.05530190765735023,0.0,0.05530190765735023,0.0001407331346896483,0.0
jaipur,2026-06-20,4.8999999999999995,0.0,26.91,75.79,Normal,-1.0411805484196865,Inland,4.8999999999999995,2.216662657260895,2.2728188037872306,0.1464199682740285,0.0,0.1464199682740285,0.00040846682348965783,0.0
jodhpur,2026-06-20,0.1,0.0,26.24,73.02,Normal,-1.0411805484196865,Inland,0.1,0.0,0.0,0.008634134044307707,0.0,0.008634134044307707,0.0001446742262119455,0.0
kochi,2026-06-20,0.1,0.733742356300354,9.93,76.27,Normal,-1.0411805484196865,West-coast orographic,0.1,0.0,0.0,0.5121402034833318,0.0,0.5121402034833318,0.0001512140803334487,0.0
kolkata,2026-06-20,4.9,1.1375021934509277,22.57,88.36,Normal,-1.0411805484196865,East coast,4.9,2.2166626572608954,0.7607427766516417,0.18993292511918622,0.0,0.18993292511918622,0.000825467001763792,0.0
lucknow,2026-06-20,0.1,0.0,26.85,80.95,Normal,-1.0411805484196865,Inland,0.1,0.0,0.0,0.11954257670973478,0.0,0.11954257670973478,0.00014264142379326016,0.0
madurai,2026-06-20,8.9,12.93814468383789,9.93,78.12,Normal,-1.0411805484196865,Inland,8.9,5.724212079128971,6.353116174177691,1.958193160558957,0.8095785917326541,1.958193160558957,0.0005849858699663066,0.0
mangaluru,2026-06-20,0.0,0.0,12.91,74.86,Normal,-1.0411805484196865,West-coast orographic,0.0,0.0,0.0,0.6578160734804318,0.0,0.6578160734804318,0.00020206723353551683,0.0
mumbai,2026-06-20,0.0,0.0,19.08,72.88,Normal,-1.0411805484196865,West-coast orographic,0.0,0.0,0.0,0.006076735525172774,0.0,0.006076735525172774,0.00030568824795054706,0.0
nagpur,2026-06-20,0.4,0.0,21.15,79.09,Normal,-1.0411805484196865,Inland,0.4,0.0,0.0,0.20958662226286665,0.0,0.20958662226286665,0.0001403128019836222,0.0
panaji,2026-06-20,0.0,0.0,15.49,73.83,Normal,-1.0411805484196865,West-coast orographic,0.0,0.0,0.0,0.017367561853763678,0.0,0.017367561853763678,0.00021397159062377198,0.0
patna,2026-06-20,0.5,5.898540019989014,25.59,85.14,Normal,-1.0411805484196865,Inland,0.5,0.0,0.0,0.18722371566053225,0.0,0.18722371566053225,0.00014796415984396163,0.0
pune,2026-06-20,0.2,0.0,18.52,73.86,Normal,-1.0411805484196865,Inland,0.2,0.0,0.0,0.0868072796767898,0.0,0.0868072796767898,0.00014367768198596156,0.0
raipur,2026-06-20,1.6,6.213989734649658,21.25,81.63,Normal,-1.0411805484196865,Inland,1.6,0.09086896777153015,0.10135040022432808,0.6533698703193518,0.0,0.6533698703193518,0.00019556242257694092,0.0
ranchi,2026-06-20,2.0,0.0529266856610775,23.34,85.31,Normal,-1.0411805484196865,Inland,2.0,0.21762442961335185,0.17344485223293304,0.460257130584646,0.0,0.460257130584646,0.00014598467237515893,0.0
shillong,2026-06-20,2.1999999999999997,0.5828967094421387,25.58,91.89,Normal,-1.0411805484196865,Hill / Himalayan orographic,2.1999999999999997,0.2949100896716116,0.502249012531772,9.777444034105994,10.611632557917089,9.777444034105994,0.00016585413946288596,0.0
shimla,2026-06-20,0.0,0.3411324620246887,31.1,77.17,Normal,-1.0411805484196865,Hill / Himalayan orographic,0.0,0.0,0.0,0.7411336911041277,0.0,0.7411336911041277,0.0002559201824675615,0.0
srinagar,2026-06-20,0.39999999999999997,1.5272341966629028,34.08,74.8,Normal,-1.0411805484196865,Hill / Himalayan orographic,0.39999999999999997,0.0,0.0,1.1486949113165659,0.0,1.1486949113165659,0.0003181258414887719,0.0
surat,2026-06-20,0.30000000000000004,0.9009174108505249,21.17,72.83,Normal,-1.0411805484196865,West-coast orographic,0.30000000000000004,0.0,0.0,0.06694857557000897,0.0,0.06694857557000897,0.000413187772191834,0.0
thiruvananthapuram,2026-06-20,2.0,0.0,8.52,76.94,Normal,-1.0411805484196865,West-coast orographic,2.0,0.21762442961335185,0.07015382086554914,1.2221190499064647,0.30139036245855705,1.2221190499064647,0.00014917866082374216,0.0
varanasi,2026-06-20,0.8,0.0,25.32,82.97,Normal,-1.0411805484196865,Inland,0.8,0.0,0.0,0.21475990878272436,0.0,0.21475990878272436,0.00020290886911920655,0.0
vijayawada,2026-06-20,2.3000000000000003,22.424394607543945,16.51,80.65,Normal,-1.0411805484196865,Inland,2.3000000000000003,0.3756354153156282,0.3104006022214898,1.1454953147157363,0.10993857180131118,1.1454953147157363,0.0007421701755802403,0.0
visakhapatnam,2026-06-20,15.6,0.7215911746025085,17.69,83.22,Normal,-1.0411805484196865,East coast,15.6,12.630437049397663,14.615581161765355,3.0126873000343415,2.106770802253561,3.0126873000343415,0.004261023919660999,0.0
agartala,2026-06-21,8.3,1.2744625806808472,23.83,91.29,Normal,-0.9628452727831571,Inland,8.3,5.105197048187257,5.678430971552116,4.279490681404066,4.624563914066972,4.279490681404066,0.00106046308448278,0.0
ahmedabad,2026-06-21,0.1,0.0,23.02,72.57,Normal,-0.9628452727831571,Inland,0.1,0.0,0.0,0.001010133506060938,0.0,0.001010133506060938,0.00020597653717629335,0.0
amritsar,2026-06-21,2.0,0.0,31.63,74.87,Normal,-0.9628452727831571,Inland,2.0,0.21762442961335185,0.17344485223293304,0.4006727490529719,0.0,0.4006727490529719,0.0002819163448963517,0.0
bengaluru,2026-06-21,14.2,22.457162857055664,12.97,77.59,Normal,-0.9628452727831571,Inland,14.2,11.426932040176824,12.346068700154623,0.7838756036511214,0.0,0.7838756036511214,0.003604331455134651,0.0
bhopal,2026-06-21,0.30000000000000004,3.7666237354278564,23.26,77.41,Normal,-0.9628452727831571,Inland,0.30000000000000004,0.0,0.0,0.06460464891128108,0.0,0.06460464891128108,0.00014523846152544965,0.0
bhubaneswar,2026-06-21,2.9,0.0,20.3,85.82,Normal,-0.9628452727831571,East coast,2.9,0.6934861063957214,0.12810355722904207,0.6846190690902968,0.0,0.6846190690902968,0.000828539851786318,0.0
chandigarh,2026-06-21,0.0,0.0,30.73,76.78,Normal,-0.9628452727831571,Inland,0.0,0.0,0.0,0.04159382984197843,0.0,0.04159382984197843,0.0002179024689784519,0.0
chennai,2026-06-21,0.0,0.0,13.08,80.27,Normal,-0.9628452727831571,East coast,0.0,0.0,0.0,0.017709611219243665,0.0,0.017709611219243665,0.00014408491225361583,0.0
dehradun,2026-06-21,0.30000000000000004,0.0,30.32,78.03,Normal,-0.9628452727831571,Hill / Himalayan orographic,0.30000000000000004,0.0,0.0,2.835813720476785,0.8412983278989503,2.835813720476785,0.0002411448667070585,0.0
delhi,2026-06-21,0.0,0.0,28.61,77.21,Normal,-0.9628452727831571,Inland,0.0,0.0,0.0,0.026556203883757647,0.0,0.026556203883757647,0.00019503288929611796,0.0
gangtok,2026-06-21,46.199999999999996,24.92850685119629,27.33,88.61,Normal,-0.9628452727831571,Hill / Himalayan orographic,46.199999999999996,38.515966420242165,40.15061677000065,12.376907806408935,18.31345604536286,12.376907806408935,0.005957393543773331,0.0
guwahati,2026-06-21,3.3,7.36526346206665,26.14,91.74,Normal,-0.9628452727831571,Inland,3.3,0.8946158111095429,0.911012926697731,4.798642801363468,5.318571653746172,4.798642801363468,0.00030677441392776793,0.0
hyderabad,2026-06-21,4.0,8.136594772338867,17.39,78.49,Normal,-0.9628452727831571,Inland,4.0,1.3380548685789109,1.3932014346122752,0.7471314029141864,0.0,0.7471314029141864,0.0003030346590014848,0.0
jabalpur,2026-06-21,1.8,0.0,23.18,79.95,Normal,-0.9628452727831571,Inland,1.8,0.1528801769018172,0.14733279272913932,0.4705955755426336,0.0,0.4705955755426336,0.0001407331346896483,0.0
jaipur,2026-06-21,0.0,24.268115997314453,26.91,75.79,Normal,-0.9628452727831571,Inland,0.0,0.0,0.0,8.280089058704285e-05,0.0,8.280089058704285e-05,0.00015056333310623014,0.0
jodhpur,2026-06-21,0.0,0.0,26.24,73.02,Normal,-0.9628452727831571,Inland,0.0,0.0,0.0,0.002348796460184787,0.0,0.002348796460184787,0.0001446742262119455,0.0
kochi,2026-06-21,2.8,0.6052982807159424,9.93,76.27,Normal,-0.9628452727831571,West-coast orographic,2.8,0.6500859037041664,0.6166838824748991,4.574700539942985,4.255085444126841,4.574700539942985,0.0005300491200744093,0.0
kolkata,2026-06-21,0.1,0.0,22.57,88.36,Normal,-0.9628452727831571,East coast,0.1,0.0,0.0,0.0,0.0,0.0,0.00023811745516492985,0.0
lucknow,2026-06-21,0.6,0.0,26.85,80.95,Normal,-0.9628452727831571,Inland,0.6,0.0,0.0,0.3987556920536675,0.0,0.3987556920536675,0.00014264142379326016,0.0
madurai,2026-06-21,0.1,0.0,9.93,78.12,Normal,-0.9628452727831571,Inland,0.1,0.0,0.0,0.1347764563358425,0.0,0.1347764563358425,0.0001364233210926707,0.0
mangaluru,2026-06-21,0.2,0.0,12.91,74.86,Normal,-0.9628452727831571,West-coast orographic,0.2,0.0,0.0,1.0346938819143128,0.16934434832816392,1.0346938819143128,0.0001964955040051816,0.0
mumbai,2026-06-21,0.0,1.7691614627838135,19.08,72.88,Normal,-0.9628452727831571,West-coast orographic,0.0,0.0,0.0,0.006076735525172774,0.0,0.006076735525172774,0.0002972601591849362,0.0
nagpur,2026-06-21,0.0,0.0,21.15,79.09,Normal,-0.9628452727831571,Inland,0.0,0.0,0.0,0.08344355537991723,0.0,0.08344355537991723,0.0001403128019836222,0.0
panaji,2026-06-21,0.3,1.12355637550354,15.49,73.83,Normal,-0.9628452727831571,West-coast orographic,0.3,0.0,0.0,0.13023985705014127,0.0,0.13023985705014127,0.00020807168292704276,0.0
patna,2026-06-21,0.6000000000000001,0.0,25.59,85.14,Normal,-0.9628452727831571,Inland,0.6000000000000001,0.0,0.0,0.3387467340327557,0.0,0.3387467340327557,0.00014796415984396163,0.0
pune,2026-06-21,1.2,0.0,18.52,73.86,Normal,-0.9628452727831571,Inland,1.2,0.0,0.0,0.09420747882849449,0.0,0.09420747882849449,0.00014367768198596156,0.0
raipur,2026-06-21,0.2,0.0,21.25,81.63,Normal,-0.9628452727831571,Inland,0.2,0.0,0.0,0.2786826946017906,0.0,0.2786826946017906,0.00019556242257694092,0.0
ranchi,2026-06-21,0.8,9.420949935913086,23.34,85.31,Normal,-0.9628452727831571,Inland,0.8,0.0,0.0,0.2624394164383759,0.0,0.2624394164383759,0.00014598467237515893,0.0
shillong,2026-06-21,9.5,98.7431411743164,25.58,91.89,Normal,-0.9628452727831571,Hill / Himalayan orographic,9.5,6.357335567474367,6.619392504692077,7.027917782835747,5.87471043246762,7.027917782835747,0.0006703980233113192,0.0
shimla,2026-06-21,0.0,0.0,31.1,77.17,Normal,-0.9628452727831571,Hill / Himalayan orographic,0.0,0.0,0.0,0.7411336911041277,0.0,0.7411336911041277,0.0002488639006281033,0.0
srinagar,2026-06-21,5.0,0.0,34.08,74.8,Normal,-0.9628452727831571,Hill / Himalayan orographic,5.0,2.308870553970337,2.7284305291365136,1.9021075618845011,0.40067033685137554,1.9021075618845011,0.0008427960976976664,0.0
surat,2026-06-21,1.4,0.0,21.17,72.83,Normal,-0.9628452727831571,West-coast orographic,1.4,0.048555215448141356,0.0,0.1942045100638836,0.0,0.1942045100638836,0.00040179702001674495,0.0
thiruvananthapuram,2026-06-21,4.8999999999999995,0.6093385219573975,8.52,76.94,Normal,-0.9628452727831571,West-coast orographic,4.8999999999999995,2.216662657260895,2.6105300366878508,2.4323767234619416,1.0175492728605366,2.4323767234619416,0.00030732162191831106,0.0
varanasi,2026-06-21,0.2,0.0,25.32,82.97,Normal,-0.9628452727831571,Inland,0.2,0.0,0.0,0.2093029899218368,0.0,0.2093029899218368,0.00020290886911920655,0.0
vijayawada,2026-06-21,8.5,3.844229221343994,16.51,80.65,Normal,-0.9628452727831571,Inland,8.5,5.298036081996957,5.874687466476905,1.9326724444097658,0.7844094678430177,1.9326724444097658,0.0007304150880575321,0.0
visakhapatnam,2026-06-21,2.2,27.551088333129883,17.69,83.22,Normal,-0.9628452727831571,East coast,2.2,0.2949100896716118,0.07604649018938262,0.38326092388861843,0.0,0.38326092388861843,0.0001944102888269544,0.0
agartala,2026-06-22,4.5,5.733531951904297,23.83,91.29,Break,-1.030849336606672,Inland,4.5,1.7308724403381346,2.428781924817099,5.758833258337627,4.413266238233001,5.758833258337627,0.001088942351965441,0.0
ahmedabad,2026-06-22,0.1,0.0,23.02,72.57,Break,-1.030849336606672,Inland,0.1,0.0,0.0,8.477135438877139e-05,0.0,8.477135438877139e-05,0.00025334915077060357,0.0
amritsar,2026-06-22,2.2,8.715869903564453,31.63,74.87,Break,-1.030849336606672,Inland,2.2,0.2949100896716118,1.777000005428608,0.37260244586757063,0.11726860775035862,0.37260244586757063,0.00045051078589529464,0.0
bengaluru,2026-06-22,1.3,0.0,12.97,77.59,Break,-1.030849336606672,Inland,1.3,0.021258474886417366,0.9976658427715304,0.08472407847396508,0.0,0.08472407847396508,0.0002243811322971764,0.0
bhopal,2026-06-22,8.0,0.0,23.26,77.41,Break,-1.030849336606672,Inland,8.0,4.937718236446381,2.7588353689689047,0.8558196044065474,0.7739878406156145,0.8558196044065474,0.005071733814533218,0.0
bhubaneswar,2026-06-22,5.1,1.5676805973052979,20.3,85.82,Break,-1.030849336606672,East coast,5.1,2.3800439198811847,2.535002332504167,0.5940226523757944,0.18710578017536134,0.5940226523757944,0.002908383430249761,0.0
chandigarh,2026-06-22,0.0,2.632953405380249,30.73,76.78,Break,-1.030849336606672,Inland,0.0,0.0,0.0,0.02535966178191575,0.0,0.02535966178191575,0.00034822802436066226,0.0
chennai,2026-06-22,0.0,0.48815038800239563,13.08,80.27,Break,-1.030849336606672,East coast,0.0,0.0,0.0,0.009450918488854402,0.0,0.009450918488854402,0.00031810314550717047,0.0
dehradun,2026-06-22,0.0,0.12449616938829422,30.32,78.03,Break,-1.030849336606672,Hill / Himalayan orographic,0.0,0.0,0.0,0.9901088460699587,0.6165769478632591,0.9901088460699587,0.0004794309326554095,0.0
delhi,2026-06-22,0.1,0.0,28.61,77.21,Break,-1.030849336606672,Inland,0.1,0.0,0.0,0.04402241143224197,0.0,0.04402241143224197,0.000311684613849922,0.0
gangtok,2026-06-22,36.199999999999996,24.047243118286133,27.33,88.61,Break,-1.030849336606672,Hill / Himalayan orographic,36.199999999999996,31.527164077758798,26.321715205297018,16.180330044792505,22.674376747920014,16.180330044792505,0.029968228071498692,0.0
guwahati,2026-06-22,47.1,11.31120777130127,26.14,91.74,Break,-1.030849336606672,Inland,47.1,38.88673195149671,25.509693687608507,10.922652705478939,24.576407890504257,10.922652705478939,0.005284733083898383,0.0
hyderabad,2026-06-22,9.5,0.0,17.39,78.49,Break,-1.030849336606672,Inland,9.5,6.357335567474367,2.938481681503936,0.6720027299852427,0.4297245797379656,0.6720027299852427,0.003289328921459314,0.0
jabalpur,2026-06-22,3.1,0.0,23.18,79.95,Break,-1.030849336606672,Inland,3.1,0.79229836165905,2.0563161261876437,0.32952837396943513,0.09749207201627,0.32952837396943513,0.0012259892094653676,0.0
jaipur,2026-06-22,0.7000000000000001,0.011119713075459003,26.91,75.79,Break,-1.030849336606672,Inland,0.7000000000000001,0.0,0.27684047102928167,0.08237689161786747,0.0,0.08237689161786747,0.00024062363519923515,0.0
jodhpur,2026-06-22,0.30000000000000004,0.0,26.24,73.02,Break,-1.030849336606672,Inland,0.30000000000000004,0.0,0.07390400520884075,0.0643813373786536,0.0,0.0643813373786536,0.00019593518556460416,0.0
kochi,2026-06-22,40.3,30.932146072387695,9.93,76.27,Break,-1.030849336606672,West-coast orographic,40.3,35.260499384648476,27.159143066457954,33.995860819931345,55.56900318462006,33.995860819931345,0.09054056747693204,0.0
kolkata,2026-06-22,10.799999999999999,12.894621849060059,22.57,88.36,Break,-1.030849336606672,East coast,10.799999999999999,7.842279969492278,4.413277686017613,0.46818144582471155,0.08607042761068012,0.46818144582471155,0.03225437027081071,0.0
lucknow,2026-06-22,0.0,0.0,26.85,80.95,Break,-1.030849336606672,Inland,0.0,0.0,0.0,0.07152068316200166,0.0,0.07152068316200166,0.00022796427178196094,0.0
madurai,2026-06-22,0.5,1.5606611967086792,9.93,78.12,Break,-1.030849336606672,Inland,0.5,0.0,0.12094064652919774,0.31250969197414025,0.0913883382003049,0.31250969197414025,0.00021640941043154626,0.0
mangaluru,2026-06-22,8.6,8.492852210998535,12.91,74.86,Break,-1.030849336606672,West-coast orographic,8.6,5.394455598901808,3.37578054807541,9.434405344622814,7.7974694044525865,9.434405344622814,0.009295489204294748,0.0
mumbai,2026-06-22,4.5,11.782967567443848,19.08,72.88,Break,-1.030849336606672,West-coast orographic,4.5,1.7308724403381346,2.0104657777860835,1.453710400355086,1.051535682508329,1.453710400355086,0.004206671006137405,0.0
nagpur,2026-06-22,0.0,0.0,21.15,79.09,Break,-1.030849336606672,Inland,0.0,0.0,0.0,0.07091064115736906,0.0,0.07091064115736906,0.00022424306653201246,0.0
panaji,2026-06-22,13.1,15.764620780944824,15.49,73.83,Break,-1.030849336606672,West-coast orographic,13.1,9.95679439544678,7.028162027609464,5.420742267405258,3.427136098359695,5.420742267405258,0.01744402485232878,0.0
patna,2026-06-22,0.6000000000000001,0.1007075309753418,25.59,85.14,Break,-1.030849336606672,Inland,0.6000000000000001,0.0,0.17185385227203373,0.2806418063110359,0.08059386048333189,0.2806418063110359,0.00028650235405717334,0.0
pune,2026-06-22,1.5999999999999999,18.208250045776367,18.52,73.86,Break,-1.030849336606672,Inland,1.5999999999999999,0.09086896777153014,1.2209053083702357,0.31154125525058196,0.09106030361579365,0.31154125525058196,0.0001867650978972266,0.0
raipur,2026-06-22,0.0,0.0,21.25,81.63,Break,-1.030849336606672,Inland,0.0,0.0,0.0,0.09081206459356936,0.0,0.09081206459356936,0.0003125307689146122,0.0
ranchi,2026-06-22,1.2,17.246461868286133,23.34,85.31,Break,-1.030849336606672,Inland,1.2,0.0,0.9778531535466515,0.18992806907984303,0.033783896967790446,0.18992806907984303,0.0002826700051230544,0.0
shillong,2026-06-22,75.1,13.618049621582031,25.58,91.89,Break,-1.030849336606672,Hill / Himalayan orographic,75.1,64.64966641625153,49.54483883577535,17.411254272011707,25.244002471945556,17.411254272011707,0.00840018396021605,1.0
shimla,2026-06-22,0.0,1.145555019378662,31.1,77.17,Break,-1.030849336606672,Hill / Himalayan orographic,0.0,0.0,0.0,0.6139533570955497,0.2107904605006346,0.6139533570955497,0.000494773715633838,0.0
srinagar,2026-06-22,5.3,0.0,34.08,74.8,Break,-1.030849336606672,Hill / Himalayan orographic,5.3,2.522390651702881,2.5740669321649867,1.4978468998177061,1.0836732320306,1.4978468998177061,0.0019902747794157444,0.0
surat,2026-06-22,6.300000000000001,1.387267827987671,21.17,72.83,Break,-1.030849336606672,West-coast orographic,6.300000000000001,3.2644789636135103,2.9882449532561695,1.7540586164030316,1.5431696314892158,1.7540586164030316,0.005250866847836322,0.0
thiruvananthapuram,2026-06-22,8.2,0.3911132514476776,8.52,76.94,Break,-1.030849336606672,West-coast orographic,8.2,5.049370777606964,3.2427866834564005,4.347490034656548,3.1940777264204843,4.347490034656548,0.003889399648502682,0.0
varanasi,2026-06-22,0.5,0.25395697355270386,25.32,82.97,Break,-1.030849336606672,Inland,0.5,0.0,0.12094064652919774,0.15584038728395302,0.00018890902229662808,0.15584038728395302,0.00032426979247703877,0.0
vijayawada,2026-06-22,6.4,0.6558148860931396,16.51,80.65,Break,-1.030849336606672,Inland,6.4,3.3176299542188645,2.6085199396758734,1.295066619941743,1.549852029641357,1.295066619941743,0.0008461451386607579,0.0
visakhapatnam,2026-06-22,4.0,0.0,17.69,83.22,Break,-1.030849336606672,East coast,4.0,1.3380548685789109,1.8817943226968918,0.4639444681098773,0.08556612012062119,0.4639444681098773,0.0018477544039084588,0.0
agartala,2026-06-23,9.2,0.6397023797035217,23.83,91.29,Break,-1.3468484463590513,Inland,9.2,6.047774085998535,2.8715719409386784,5.034345785761623,3.576870049229103,5.034345785761623,0.006081223443323599,0.0
ahmedabad,2026-06-23,0.0,0.0,23.02,72.57,Break,-1.3468484463590513,Inland,0.0,0.0,0.0,0.0,0.0,0.0,0.00025334915077060357,0.0
amritsar,2026-06-23,2.8,0.0,31.63,74.87,Break,-1.3468484463590513,Inland,2.8,0.6500859037041664,1.9958052603403729,0.338013563613048,0.10138786474731878,0.338013563613048,0.010743035643169871,0.0
bengaluru,2026-06-23,1.9,0.019935233518481255,12.97,77.59,Break,-1.3468484463590513,Inland,1.9,0.19210679829120628,1.5338903607428065,0.3106711317695792,0.09076557027119736,0.3106711317695792,0.0002243811322971764,0.0
bhopal,2026-06-23,0.1,2.2404959201812744,23.26,77.41,Break,-1.3468484463590513,Inland,0.1,0.0,0.0,0.004570255795797444,0.0,0.004570255795797444,0.00023211440123857213,0.0
bhubaneswar,2026-06-23,2.0,5.339478969573975,20.3,85.82,Break,-1.3468484463590513,East coast,2.0,0.21762442961335185,1.0829221807420257,0.6156101839943873,0.21275935302124813,0.6156101839943873,0.00044948503390267874,0.0
chandigarh,2026-06-23,0.5,0.0,30.73,76.78,Break,-1.3468484463590513,Inland,0.5,0.0,0.12094064652919774,0.37413563337711403,0.11797253789286405,0.37413563337711403,0.00034822802436066226,0.0
chennai,2026-06-23,0.0,0.0,13.08,80.27,Break,-1.3468484463590513,East coast,0.0,0.0,0.0,0.0,0.0,0.0,0.00031810314550717047,0.0
dehradun,2026-06-23,0.0,0.0,30.32,78.03,Break,-1.3468484463590513,Hill / Himalayan orographic,0.0,0.0,0.0,0.8600280376492999,0.31315883627270075,0.8600280376492999,0.0004794309326554095,0.0
delhi,2026-06-23,4.0,0.0,28.61,77.21,Break,-1.3468484463590513,Inland,4.0,1.3380548685789109,2.3813596420857444,0.311709233254642,0.09111720211357717,0.311709233254642,0.001412312827468414,0.0
gangtok,2026-06-23,20.2,14.667546272277832,27.33,88.61,Break,-1.3468484463590513,Hill / Himalayan orographic,20.2,16.938820266723628,12.413741632498493,19.59780269177865,26.78823685948862,19.59780269177865,0.012377809510439914,0.0
guwahati,2026-06-23,9.1,1.9866694211959839,26.14,91.74,Break,-1.3468484463590513,Inland,9.1,5.9445869255065915,2.862177226607864,2.868239220864759,2.7068889941057908,2.868239220864759,0.003443449352110863,0.0
hyderabad,2026-06-23,7.1,10.819999694824219,17.39,78.49,Break,-1.3468484463590513,Inland,7.1,4.1306483317394616,2.6742829399915746,1.0164351973446597,1.2290078884461677,1.0164351973446597,0.0033302191976506256,0.0
jabalpur,2026-06-23,1.5,2.267261028289795,23.18,79.95,Break,-1.3468484463590513,Inland,1.5,0.08140911534428598,1.0684638023376465,0.39343459040374046,0.12543231578660316,0.39343459040374046,0.0002249147711650247,0.0
jaipur,2026-06-23,4.2,0.014322582632303238,26.91,75.79,Break,-1.3468484463590513,Inland,4.2,1.504484570026399,2.400328555178286,0.0722546508618104,0.0,0.0722546508618104,0.0011098571248874221,0.0
jodhpur,2026-06-23,0.0,0.0,26.24,73.02,Break,-1.3468484463590513,Inland,0.0,0.0,0.0,0.0,0.0,0.0,0.00019593518556460416,0.0
kochi,2026-06-23,29.7,9.336620330810547,9.93,76.27,Break,-1.3468484463590513,West-coast orographic,29.7,25.738702350894343,23.485625023959134,33.40573944991331,54.740277447345804,33.40573944991331,0.0684736834969966,0.0
kolkata,2026-06-23,0.5,0.023542355746030807,22.57,88.36,Break,-1.3468484463590513,East coast,0.5,0.0,0.07525363005697733,0.015481495762287183,0.0,0.015481495762287183,0.0005735492398889847,0.0
lucknow,2026-06-23,0.0,0.6366869807243347,26.85,80.95,Break,-1.3468484463590513,Inland,0.0,0.0,0.0,0.07206858365617638,0.0,0.07206858365617638,0.00022796427178196094,0.0
madurai,2026-06-23,4.800000000000001,0.0,9.93,78.12,Break,-1.3468484463590513,Inland,4.800000000000001,2.1244547605514543,2.457235294455912,1.3690514509310043,1.8125724617899162,1.3690514509310043,0.0008347451926135596,0.0
mangaluru,2026-06-23,93.2,36.823184967041016,12.91,74.86,Break,-1.3468484463590513,West-coast orographic,93.2,77.98171030484065,56.96239566945993,31.997402518926982,52.76250622813622,31.997402518926982,0.06891592215289931,1.0
mumbai,2026-06-23,24.2,6.827450752258301,19.08,72.88,Break,-1.3468484463590513,West-coast orographic,24.2,20.395735601301155,15.214908355926212,9.40692794521929,7.765548530941587,9.40692794521929,0.16003704850982373,0.0
nagpur,2026-06-23,3.0,14.418035507202148,21.15,79.09,Break,-1.3468484463590513,Inland,3.0,0.7428922340273857,2.036145837571887,0.3359661403919109,0.10044783431343325,0.3359661403919109,0.0010858755544418284,0.0
panaji,2026-06-23,141.9,66.74803161621094,15.49,73.83,Break,-1.3468484463590513,West-coast orographic,141.9,132.33387630803733,120.54268848566483,27.705615250569323,46.11890593628477,27.705615250569323,0.1865718298319261,1.0
patna,2026-06-23,3.7,3.3478200435638428,25.59,85.14,Break,-1.3468484463590513,Inland,3.7,1.1428511142730713,2.330660639149802,0.516643679871554,0.2421887198622284,0.516643679871554,0.0013151940357289654,0.0
pune,2026-06-23,11.2,0.0,18.52,73.86,Break,-1.3468484463590513,Inland,11.2,8.123406791687012,3.4538919331165068,1.05769621210618,1.276119578410998,1.05769621210618,0.004872821202385413,0.0
raipur,2026-06-23,6.7,1.557940125465393,21.25,81.63,Break,-1.3468484463590513,Inland,6.7,3.701266586780548,2.636704082668317,2.480492235267812,2.606183224004046,2.480492235267812,0.01455480070986108,0.0
ranchi,2026-06-23,1.9,1.667786955833435,23.34,85.31,Break,-1.3468484463590513,Inland,1.9,0.19210679829120628,1.5338903607428065,0.6046062684678004,0.40688702296162654,0.6046062684678004,0.0002826700051230544,0.0
shillong,2026-06-23,25.2,30.940319061279297,25.58,91.89,Break,-1.3468484463590513,Hill / Himalayan orographic,25.2,21.429100995676635,15.915200036783142,8.025005642738314,6.923941705956018,8.025005642738314,0.004819629365453984,0.0
shimla,2026-06-23,0.6,0.0,31.1,77.17,Break,-1.3468484463590513,Hill / Himalayan orographic,0.6,0.0,0.08063584983348851,1.9866142828970892,1.8600927135431333,1.9866142828970892,0.000494773715633838,0.0
srinagar,2026-06-23,2.2,4.538349151611328,34.08,74.8,Break,-1.3468484463590513,Hill / Himalayan orographic,2.2,0.2949100896716118,1.1796818458877802,0.9500723274498801,0.43297028212781496,0.9500723274498801,0.00047349814035076496,0.0
surat,2026-06-23,11.1,8.176440238952637,21.17,72.83,Break,-1.3468484463590513,West-coast orographic,11.1,8.053125086138328,4.863990175909327,2.5037500302973643,2.0396968157931434,2.5037500302973643,0.03662258821910102,0.0
thiruvananthapuram,2026-06-23,18.400000000000002,2.9407670497894287,8.52,76.94,Break,-1.3468484463590513,West-coast orographic,18.400000000000002,15.307710786966188,11.15321660695602,2.871432161408557,2.235622509829758,2.871432161408557,0.004757606455151306,0.0
varanasi,2026-06-23,0.1,0.0,25.32,82.97,Break,-1.3468484463590513,Inland,0.1,0.0,0.0,0.04168781844423609,0.0,0.04168781844423609,0.00032426979247703877,0.0
vijayawada,2026-06-23,13.9,0.4444099962711334,16.51,80.65,Break,-1.3468484463590513,Inland,13.9,11.087016228267128,5.240590767738147,0.9822759476423802,1.0943918608172967,0.9822759476423802,0.014941882910052183,0.0
visakhapatnam,2026-06-23,19.3,0.0,17.69,83.22,Break,-1.3468484463590513,East coast,19.3,16.091576396501992,11.783479119727257,1.6734447377577764,1.3942723135211743,1.6734447377577764,0.009731591388037327,0.0
agartala,2026-06-24,0.1,4.676222801208496,23.83,91.29,Break,-1.2153805705503016,Inland,0.1,0.0,0.0,4.166980974126743,3.4912299141645806,4.166980974126743,0.00025483020775807496,0.0
ahmedabad,2026-06-24,0.2,0.0,23.02,72.57,Break,-1.2153805705503016,Inland,0.2,0.0,0.06392324715852737,0.023985042673982767,0.0,0.023985042673982767,0.00012950691688710746,0.0
amritsar,2026-06-24,0.0,0.0,31.63,74.87,Break,-1.2153805705503016,Inland,0.0,0.0,0.0,0.12546997758140715,0.0,0.12546997758140715,0.00028760631689247524,0.0
bengaluru,2026-06-24,3.0,0.0,12.97,77.59,Break,-1.2153805705503016,Inland,3.0,0.7756732553243637,2.036145837571887,0.555934971983048,0.13326507281945882,0.555934971983048,0.0010072258379307288,0.0
bhopal,2026-06-24,3.7,0.0,23.26,77.41,Break,-1.2153805705503016,Inland,3.7,1.1852293819189073,2.330660639149802,0.7445299608498563,0.4142950575512252,0.7445299608498563,0.0010262107947578358,0.0
bhubaneswar,2026-06-24,0.5,0.09843718260526657,20.3,85.82,Break,-1.2153805705503016,East coast,0.5,0.0,0.07525363005697733,0.4118964428703192,0.07988357174170646,0.4118964428703192,0.0005185407211769312,0.0
chandigarh,2026-06-24,0.0,0.0,30.73,76.78,Break,-1.2153805705503016,Inland,0.0,0.0,0.0,0.06786204142872511,0.0,0.06786204142872511,0.0002012637094128839,0.0
chennai,2026-06-24,0.6,4.551860332489014,13.08,80.27,Break,-1.2153805705503016,East coast,0.6,0.0,0.08063584983348851,0.25798947073059203,0.0,0.25798947073059203,0.0003721525762646987,0.0
dehradun,2026-06-24,0.1,1.493954062461853,30.32,78.03,Break,-1.2153805705503016,Hill / Himalayan orographic,0.1,0.0,0.0,0.3647558679411306,0.07439007633530585,0.3647558679411306,0.00023430177532769378,0.0
delhi,2026-06-24,0.8,0.0,28.61,77.21,Break,-1.2153805705503016,Inland,0.8,0.0,0.33089745270578486,0.20841526263151067,0.0,0.20841526263151067,0.00016165789077575638,0.0
gangtok,2026-06-24,18.0,16.24510955810547,27.33,88.61,Break,-1.2153805705503016,Hill / Himalayan orographic,18.0,14.688892838050577,11.000444482956127,16.73666633737225,24.459983427963884,16.73666633737225,0.011416455014814763,0.0
guwahati,2026-06-24,16.1,4.293918609619141,26.14,91.74,Break,-1.2153805705503016,Inland,16.1,12.7557141309116,6.225469552308758,5.734109620755785,4.735603000327252,5.734109620755785,0.001291114010049705,0.0
hyderabad,2026-06-24,0.0,0.0,17.39,78.49,Break,-1.2153805705503016,Inland,0.0,0.0,0.0,0.02602236425694776,0.0,0.02602236425694776,0.00013176163204319037,0.0
jabalpur,2026-06-24,3.5,0.0,23.18,79.95,Break,-1.2153805705503016,Inland,3.5,1.0772016018629074,2.1881048744065437,0.8125237800225993,0.5572924072505673,0.8125237800225993,0.002690522081477334,0.0
jaipur,2026-06-24,0.0,0.0,26.91,75.79,Break,-1.2153805705503016,Inland,0.0,0.0,0.0,0.0,0.0,0.0,0.00012270841590938827,0.0
jodhpur,2026-06-24,0.0,0.0,26.24,73.02,Break,-1.2153805705503016,Inland,0.0,0.0,0.0,0.0,0.0,0.0,0.00010230329042681838,0.0
kochi,2026-06-24,48.7,1.1006135940551758,9.93,76.27,Break,-1.2153805705503016,West-coast orographic,48.7,40.35656840849537,29.088949697971763,39.9027018180878,64.73526048145158,39.9027018180878,0.08395271299865398,0.0
kolkata,2026-06-24,6.5,0.3703574538230896,22.57,88.36,Break,-1.2153805705503016,East coast,6.5,3.5133535861968994,3.0800853764476117,1.1538911986374951,0.6274299290657481,1.1538911986374951,0.004601214916536529,0.0
lucknow,2026-06-24,1.0,0.0,26.85,80.95,Break,-1.2153805705503016,Inland,1.0,0.0,0.9382277750968936,0.31938871835283866,0.07963768206629002,0.31938871835283866,0.0003464476527881347,0.0
madurai,2026-06-24,1.7,0.0,9.93,78.12,Break,-1.2153805705503016,Inland,1.7,0.1524973899126052,1.312201005363464,0.5479538180472566,0.13224980266877426,0.5479538180472566,0.0002316352621916221,0.0
mangaluru,2026-06-24,125.39999999999999,13.635209083557129,12.91,74.86,Break,-1.2153805705503016,West-coast orographic,125.39999999999999,114.29252491340293,89.16144737771238,58.68226124768067,132.7621338301453,70.0,0.44501399229653554,1.0
mumbai,2026-06-24,48.6,145.76063537597656,19.08,72.88,Break,-1.2153805705503016,West-coast orographic,48.6,40.29924389187582,29.06597580950136,14.518953868826104,21.300789873016953,14.518953868826104,0.015036880956189087,0.0
nagpur,2026-06-24,7.8,37.4354133605957,21.15,79.09,Break,-1.2153805705503016,Inland,7.8,4.79882526397705,2.740045940307276,2.3908420136269424,2.0761562710497907,2.3908420136269424,0.005662392294682777,0.0
panaji,2026-06-24,229.8,49.78874206542969,15.49,73.83,Break,-1.2153805705503016,West-coast orographic,229.8,251.64838994452964,210.23812152184325,18.637278501678654,26.65711595304847,18.637278501678654,0.0721370564880523,1.0
patna,2026-06-24,0.0,2.4613680839538574,25.59,85.14,Break,-1.2153805705503016,Inland,0.0,0.0,0.0,0.014050898859211004,0.0,0.014050898859211004,0.0004250797549527196,0.0
pune,2026-06-24,9.8,24.151643753051758,18.52,73.86,Break,-1.2153805705503016,Inland,9.8,6.67982121706009,3.020451376680843,2.258733388914752,2.027935067008068,2.258733388914752,0.005949522214803128,0.0
raipur,2026-06-24,5.7,2.7883689403533936,21.25,81.63,Break,-1.2153805705503016,Inland,5.7,2.8140660047531125,2.5425954033723506,2.1753384684023387,1.9974949387663785,2.1753384684023387,0.004522036548869914,0.0
ranchi,2026-06-24,0.1,14.715734481811523,23.34,85.31,Break,-1.2153805705503016,Inland,0.1,0.0,0.0,0.22399656372992174,0.0,0.22399656372992174,0.0004426729407828478,0.0
shillong,2026-06-24,27.3,15.999485969543457,25.58,91.89,Break,-1.2153805705503016,Hill / Himalayan orographic,27.3,23.53460263421374,18.840945579795626,14.716981903532961,21.582886357488107,14.716981903532961,0.0017017415187766175,0.0
shimla,2026-06-24,0.0,1.296655297279358,31.1,77.17,Break,-1.2153805705503016,Hill / Himalayan orographic,0.0,0.0,0.0,0.21083420696322108,0.0,0.21083420696322108,0.00026035262004419545,0.0
srinagar,2026-06-24,0.0,0.0,34.08,74.8,Break,-1.2153805705503016,Hill / Himalayan orographic,0.0,0.0,0.0,0.031902087385602976,0.0,0.031902087385602976,0.0002502610575061131,0.0
surat,2026-06-24,9.0,0.0,21.17,72.83,Break,-1.2153805705503016,West-coast orographic,9.0,5.751086306571961,3.524615921719992,3.8544016320135697,3.1051519920964394,3.8544016320135697,0.006533591089197227,0.0
thiruvananthapuram,2026-06-24,22.099999999999998,0.0,8.52,76.94,Break,-1.2153805705503016,West-coast orographic,22.099999999999998,18.33457889556884,13.74429582612666,10.465534498277812,10.732690598081078,10.465534498277812,0.005700410725814256,0.0
varanasi,2026-06-24,1.4,0.0,25.32,82.97,Break,-1.2153805705503016,Inland,1.4,0.06584120020270356,1.0174785319964093,0.2226433084795081,0.0,0.2226433084795081,0.00045692872803677675,0.0
vijayawada,2026-06-24,0.30000000000000004,0.0,16.51,80.65,Break,-1.2153805705503016,Inland,0.30000000000000004,0.0,0.07390400520884075,0.24915054936470415,0.001491791710879485,0.24915054936470415,0.0003138069160949666,0.0
visakhapatnam,2026-06-24,5.300000000000001,0.0,17.69,83.22,Break,-1.2153805705503016,East coast,5.300000000000001,2.5585167407989506,2.5740669321649867,2.4461434659239774,1.8204960860857675,2.4461434659239774,0.003318781810208212,0.0
agartala,2026-06-25,9.2,3.422004222869873,23.83,91.29,Normal,-0.587636223538943,Inland,9.2,5.985082459449769,6.473217336755049,3.9502434378782065,4.126650465071911,3.9502434378782065,0.001760188486966888,0.0
ahmedabad,2026-06-25,0.2,0.0,23.02,72.57,Normal,-0.587636223538943,Inland,0.2,0.0,0.0,0.06993997035200808,0.0,0.06993997035200808,0.00016912400753142485,0.0
amritsar,2026-06-25,0.30000000000000004,36.13621520996094,31.63,74.87,Normal,-0.587636223538943,Inland,0.30000000000000004,0.0,0.0,0.7070525160474609,0.0,0.7070525160474609,0.00026495990975721926,0.0
bengaluru,2026-06-25,2.3,0.0,12.97,77.59,Normal,-0.587636223538943,Inland,2.3,0.40287803485989565,0.406574058532715,1.6651017517249713,0.5701384899740041,1.6651017517249713,0.0016429653729850924,0.0
bhopal,2026-06-25,12.1,23.851228713989258,23.26,77.41,Normal,-0.587636223538943,Inland,12.1,9.038438680220624,9.54308498606961,2.761734126659998,2.189485199599946,2.761734126659998,0.0034115143267360215,0.0
bhubaneswar,2026-06-25,0.1,0.0,20.3,85.82,Normal,-0.587636223538943,East coast,0.1,0.0,0.0,0.06960052426129772,0.0,0.06960052426129772,0.0002701926192220815,0.0
chandigarh,2026-06-25,0.39999999999999997,0.13370056450366974,30.73,76.78,Normal,-0.587636223538943,Inland,0.39999999999999997,0.0,0.0,0.5510178764784929,0.0,0.5510178764784929,0.0001854147440314573,0.0
chennai,2026-06-25,0.2,0.0,13.08,80.27,Normal,-0.587636223538943,East coast,0.2,0.0,0.0,0.10498156061492481,0.0,0.10498156061492481,0.00023389914813588407,0.0
dehradun,2026-06-25,0.0,1.2819846868515015,30.32,78.03,Normal,-0.587636223538943,Hill / Himalayan orographic,0.0,0.0,0.0,0.5412834319020376,0.0,0.5412834319020376,0.00014792223342983138,0.0
delhi,2026-06-25,0.9,0.0,28.61,77.21,Normal,-0.587636223538943,Inland,0.9,0.0,0.0,0.31502561478469315,0.0,0.31502561478469315,0.0001470664294114321,0.0
gangtok,2026-06-25,25.1,25.06758689880371,27.33,88.61,Normal,-0.587636223538943,Hill / Himalayan orographic,25.1,20.886258367713232,26.288159709257236,19.387007754026087,36.861995629030396,19.387007754026087,0.005220564186473568,0.0
guwahati,2026-06-25,18.9,0.8846006989479065,26.14,91.74,Normal,-0.587636223538943,Inland,18.9,15.45167257838311,17.411750818227787,3.0920059374841085,2.641529154197122,3.0920059374841085,0.0006913200833488109,0.0
hyderabad,2026-06-25,1.2000000000000002,2.3544116020202637,17.39,78.49,Normal,-0.587636223538943,Inland,1.2000000000000002,3.459089885542383e-17,3.7757937054032524e-18,0.3339199400670251,0.0,0.3339199400670251,0.0001309847695916113,0.0
jabalpur,2026-06-25,5.1,11.169820785522461,23.18,79.95,Normal,-0.587636223538943,Inland,5.1,2.4175145308176678,2.570876026153564,1.1058053266950034,0.10732318539334736,1.1058053266950034,0.0011849742782361992,0.0
jaipur,2026-06-25,1.2,1.3556705713272095,26.91,75.79,Normal,-0.587636223538943,Inland,1.2,0.0,0.0,0.055908007296287206,0.0,0.055908007296287206,0.00012079350139844028,0.0
jodhpur,2026-06-25,2.3,0.0,26.24,73.02,Normal,-0.587636223538943,Inland,2.3,0.40287803485989565,0.406574058532715,1.2196349862142914,0.14257168431039688,1.2196349862142914,0.005912213822880841,0.0
kochi,2026-06-25,36.199999999999996,6.752403736114502,9.93,76.27,Normal,-0.587636223538943,West-coast orographic,36.199999999999996,31.947213887321876,18.937551077400766,55.141612345232204,69.76501103662908,55.141612345232204,0.07024409163010054,0.0
kolkata,2026-06-25,0.4,0.0,22.57,88.36,Normal,-0.587636223538943,East coast,0.4,0.0,0.0,0.0,0.0,0.0,0.00028061221460595336,0.0
lucknow,2026-06-25,0.3,0.0,26.85,80.95,Normal,-0.587636223538943,Inland,0.3,0.0,0.0,0.14519328254740527,0.0,0.14519328254740527,0.00023592628222466404,0.0
madurai,2026-06-25,6.2,0.0,9.93,78.12,Normal,-0.587636223538943,Inland,6.2,3.2291959087053934,3.6406853357950855,1.353446516243621,0.22287498894525956,1.353446516243621,0.0007892851734070301,0.0
mangaluru,2026-06-25,30.7,19.567832946777344,12.91,74.86,Normal,-0.587636223538943,West-coast orographic,30.7,26.348431388367995,17.56617695925047,45.50666473865717,56.45085991413725,45.50666473865717,0.04258003218018505,0.0
mumbai,2026-06-25,141.6,5.7743000984191895,19.08,72.88,Normal,-0.587636223538943,West-coast orographic,141.6,135.6063660389226,94.55621864910889,65.7190751641644,91.63148003708145,70.0,0.5870623236276318,1.0
nagpur,2026-06-25,1.8,4.985291957855225,21.15,79.09,Normal,-0.587636223538943,Inland,1.8,0.19570063203573218,0.1478668361902238,0.7933811807037476,0.0,0.7933811807037476,0.00012061434628804053,0.0
panaji,2026-06-25,171.8,64.78394317626953,15.49,73.83,Normal,-0.587636223538943,West-coast orographic,171.8,175.33957603834813,107.69552965003376,36.747893825918844,40.9875016944309,36.747893825918844,0.24949426739861377,1.0
patna,2026-06-25,0.2,0.0,25.59,85.14,Normal,-0.587636223538943,Inland,0.2,0.0,0.0,0.14193441925731906,0.0,0.14193441925731906,0.00022133175230227764,0.0
pune,2026-06-25,6.3999999999999995,4.666656017303467,18.52,73.86,Normal,-0.587636223538943,Inland,6.3999999999999995,3.4109547138214107,3.8673052151997886,1.2501566269467759,0.15413124456678357,1.2501566269467759,0.0008467332694614624,0.0
raipur,2026-06-25,2.3000000000000003,0.0,21.25,81.63,Normal,-0.587636223538943,Inland,2.3000000000000003,0.40287803485989576,0.4065740585327154,1.7381578139150922,0.6364852038860592,1.7381578139150922,0.007474172906794385,0.0
ranchi,2026-06-25,0.5,6.905876636505127,23.34,85.31,Normal,-0.587636223538943,Inland,0.5,0.0,0.0,0.276628473829745,0.0,0.276628473829745,0.00025626321167641854,0.0
shillong,2026-06-25,7.2,2.0396809577941895,25.58,91.89,Normal,-0.587636223538943,Hill / Himalayan orographic,7.2,4.261866195996599,4.107378733109456,2.5802372346522864,0.7915551592231608,2.5802372346522864,0.0019997121820408154,0.0
shimla,2026-06-25,0.1,2.629201650619507,31.1,77.17,Normal,-0.587636223538943,Hill / Himalayan orographic,0.1,0.0,0.0,0.6047912545924291,0.0,0.6047912545924291,0.00016437054710976136,0.0
srinagar,2026-06-25,0.8,2.123520851135254,34.08,74.8,Normal,-0.587636223538943,Hill / Himalayan orographic,0.8,0.0,0.0,0.84119586739946,0.0,0.84119586739946,0.00020127100560388416,0.0
surat,2026-06-25,4.5,0.0,21.17,72.83,Normal,-0.587636223538943,West-coast orographic,4.5,1.76716167330742,2.4250462897280425,4.177072421322323,3.357954438715768,4.177072421322323,0.002142070867480442,0.0
thiruvananthapuram,2026-06-25,5.9,0.0,8.52,76.94,Normal,-0.587636223538943,West-coast orographic,5.9,2.985006030400594,3.307252082370577,1.288479816306262,0.5848963354679926,1.288479816306262,0.0005495880696155566,0.0
varanasi,2026-06-25,0.6000000000000001,0.0,25.32,82.97,Normal,-0.587636223538943,Inland,0.6000000000000001,0.0,0.0,0.2003038715127422,0.0,0.2003038715127422,0.00039040678179078325,0.0
vijayawada,2026-06-25,1.9000000000000001,32.84701156616211,16.51,80.65,Normal,-0.587636223538943,Inland,1.9000000000000001,0.21971803233027457,0.1774463653564453,0.8859772803519586,0.015317379182491438,0.8859772803519586,0.00022574243599818097,0.0
visakhapatnam,2026-06-25,0.0,0.11011721193790436,17.69,83.22,Normal,-0.587636223538943,East coast,0.0,0.0,0.0,0.02450476310039167,0.0,0.02450476310039167,0.0002453977505071328,0.0
agartala,2026-06-26,3.1,2.782186985015869,23.83,91.29,Normal,-0.15925127482255808,Inland,3.1,0.826771740615368,0.7925738970438643,6.1802388714093786,7.539865426290002,6.1802388714093786,0.0009347465483291634,0.0
ahmedabad,2026-06-26,0.0,0.0,23.02,72.57,Normal,-0.15925127482255808,Inland,0.0,0.0,0.0,0.02044395185049287,0.0,0.02044395185049287,0.0003016392336803015,0.0
amritsar,2026-06-26,0.0,6.462249279022217,31.63,74.87,Normal,-0.15925127482255808,Inland,0.0,0.0,0.0,0.32022660614215454,0.0,0.32022660614215454,0.0005593726651365877,0.0
bengaluru,2026-06-26,3.2,2.5564534664154053,12.97,77.59,Normal,-0.15925127482255808,Inland,3.2,0.8778702259063722,0.8164643049240117,0.7365439694490356,0.0,0.7365439694490356,0.0009890137164595071,0.0
bhopal,2026-06-26,21.0,0.0,23.26,77.41,Normal,-0.15925127482255808,Inland,21.0,17.294721921284992,19.365590491661656,5.504325507335813,6.149505798766195,5.504325507335813,0.00655000339840352,0.0
bhubaneswar,2026-06-26,0.30000000000000004,1.648492455482483,20.3,85.82,Normal,-0.15925127482255808,East coast,0.30000000000000004,0.0,0.0,0.12464915360976428,0.0,0.12464915360976428,0.00036862173075964086,0.0
chandigarh,2026-06-26,0.7000000000000001,0.0,30.73,76.78,Normal,-0.15925127482255808,Inland,0.7000000000000001,0.0,0.0,0.7618357192168761,0.0,0.7618357192168761,0.0004011335292399935,0.0
chennai,2026-06-26,2.1,1.0482677221298218,13.08,80.27,Normal,-0.15925127482255808,East coast,2.1,0.2952029749751091,0.08329364312867794,1.0850812104373346,0.12178227346057918,1.0850812104373346,0.00024190198205860383,0.0
dehradun,2026-06-26,0.4,0.0,30.32,78.03,Normal,-0.15925127482255808,Hill / Himalayan orographic,0.4,0.0,0.0,0.9380571157394116,0.0,0.9380571157394116,0.00028745309749797623,0.0
delhi,2026-06-26,4.4,0.0,28.61,77.21,Normal,-0.15925127482255808,Inland,4.4,1.6904690504074105,1.81438946723938,1.0880826151394933,0.10291205967560099,1.0880826151394933,0.0012804370535041002,0.0
gangtok,2026-06-26,10.5,40.72620391845703,27.33,88.61,Normal,-0.15925127482255808,Hill / Himalayan orographic,10.5,7.540518951416015,7.64678565979004,10.928973467335103,14.190294703503776,10.928973467335103,0.002623474181533108,0.0
guwahati,2026-06-26,16.8,0.0,26.14,91.74,Normal,-0.15925127482255808,Inland,16.8,13.369761366002683,14.691479878547861,6.166336506956075,7.520600888059533,6.166336506956075,0.000843349153988616,0.0
hyderabad,2026-06-26,3.8,0.0,17.39,78.49,Normal,-0.15925127482255808,Inland,3.8,1.2414741456508636,1.3320877075195323,1.155108747336822,0.11959464769666381,1.155108747336822,0.0005911467250685571,0.0
jabalpur,2026-06-26,5.2,2.2843246459960938,23.18,79.95,Normal,-0.15925127482255808,Inland,5.2,2.488991928100586,2.626255989074707,1.0983183434181754,0.10545969941506965,1.0983183434181754,0.0012248897163671128,0.0
jaipur,2026-06-26,0.4,0.635200023651123,26.91,75.79,Normal,-0.15925127482255808,Inland,0.4,0.0,0.0,0.045684052687614565,0.0,0.045684052687614565,0.0002613490510903712,0.0
jodhpur,2026-06-26,1.0,0.0,26.24,73.02,Normal,-0.15925127482255808,Inland,1.0,0.0,0.0,0.09854771717815793,0.0,0.09854771717815793,0.00023976481522878596,0.0
kochi,2026-06-26,58.9,3.740809679031372,9.93,76.27,Normal,-0.15925127482255808,West-coast orographic,58.9,47.86446246436063,28.570304911657665,35.55993436647332,39.54693148355016,35.55993436647332,0.010887401704615085,0.0
kolkata,2026-06-26,7.5,0.879045844078064,22.57,88.36,Normal,-0.15925127482255808,East coast,7.5,4.544132974412701,2.951916538435837,1.2575565450901016,0.22546303836583048,1.2575565450901016,0.0019552153066686676,0.0
lucknow,2026-06-26,0.30000000000000004,0.6677449345588684,26.85,80.95,Normal,-0.15925127482255808,Inland,0.30000000000000004,0.0,0.0,0.18889547493482903,0.0,0.18889547493482903,0.000286925389258697,0.0
madurai,2026-06-26,3.2,0.0,9.93,78.12,Normal,-0.15925127482255808,Inland,3.2,0.8778702259063722,0.8164643049240117,0.9065921214417,0.024885485886938178,0.9065921214417,0.0011650560218270584,0.0
mangaluru,2026-06-26,51.3,19.863727569580078,12.91,74.86,Normal,-0.15925127482255808,West-coast orographic,51.3,41.84700584060358,24.398716183150146,40.63190584214435,46.344329690940974,40.63190584214435,0.019591123503262208,0.0
mumbai,2026-06-26,61.8,0.02307899482548237,19.08,72.88,Normal,-0.15925127482255808,West-coast orographic,61.8,50.83565082294359,31.384590751823303,28.67906752852448,32.916116635242226,28.67906752852448,0.02409548908189618,0.0
nagpur,2026-06-26,13.299999999999999,0.8236290812492371,21.15,79.09,Normal,-0.15925127482255808,Inland,13.299999999999999,10.078011431012836,11.437023162841797,6.0289473626020005,7.2873443961790665,6.0289473626020005,0.011980297427855058,0.0
panaji,2026-06-26,73.7,19.760936737060547,15.49,73.83,Normal,-0.15925127482255808,West-coast orographic,73.7,63.65105768371226,38.90175603457861,17.648397642822314,20.309635847286465,17.648397642822314,0.01529131332771863,1.0
patna,2026-06-26,0.1,4.6075286865234375,25.59,85.14,Normal,-0.15925127482255808,Inland,0.1,0.0,0.0,0.0732254690174525,0.0,0.0732254690174525,0.00023407775194221765,0.0
pune,2026-06-26,16.0,0.0,18.52,73.86,Normal,-0.15925127482255808,Inland,16.0,12.684160972024031,13.857412012611944,6.187222373139886,7.549542480615673,6.187222373139886,0.005853174603804612,0.0
raipur,2026-06-26,1.7000000000000002,7.4275593757629395,21.25,81.63,Normal,-0.15925127482255808,Inland,1.7000000000000002,0.15249738991260528,0.13543592095375068,0.6774554972917777,0.0,0.6774554972917777,0.0006584483037678115,0.0
ranchi,2026-06-26,1.0999999999999999,0.0,23.34,85.31,Normal,-0.15925127482255808,Inland,1.0999999999999999,0.0,0.0,0.3985674706606329,0.0,0.3985674706606329,0.00027430387976345316,0.0
shillong,2026-06-26,32.6,35.45536804199219,25.58,91.89,Normal,-0.15925127482255808,Hill / Himalayan orographic,32.6,28.099186618268973,36.66657411658247,23.421706806916408,39.81280086544688,23.421706806916408,0.0018104446680495517,0.0
shimla,2026-06-26,2.3,1.1127173900604248,31.1,77.17,Normal,-0.15925127482255808,Hill / Himalayan orographic,2.3,0.40287803485989565,0.5405054139428669,2.9730178057610552,1.4358225457877647,2.9730178057610552,0.005580090748990798,0.0
srinagar,2026-06-26,0.1,0.0,34.08,74.8,Normal,-0.15925127482255808,Hill / Himalayan orographic,0.1,0.0,0.0,0.053239008264313596,0.0,0.053239008264313596,0.00036335210528339084,0.0
surat,2026-06-26,0.0,0.0,21.17,72.83,Normal,-0.15925127482255808,West-coast orographic,0.0,0.0,0.0,0.005410694668060011,0.0,0.005410694668060011,0.0005224480322089114,0.0
thiruvananthapuram,2026-06-26,24.6,0.0,8.52,76.94,Normal,-0.15925127482255808,West-coast orographic,24.6,20.272594173780952,13.932158034702514,7.41370093893603,7.583510520701835,7.41370093893603,0.002440750622680978,0.0
varanasi,2026-06-26,0.8,0.0520937405526638,25.32,82.97,Normal,-0.15925127482255808,Inland,0.8,0.0,0.0,0.23236695988004408,0.0,0.23236695988004408,0.0004476636735933477,0.0
vijayawada,2026-06-26,1.6,0.0,16.51,80.65,Normal,-0.15925127482255808,Inland,1.6,0.11832021176815033,0.1230050057172775,0.7704565453602669,0.0,0.7704565453602669,0.0002888031236380259,0.0
visakhapatnam,2026-06-26,2.2,0.0,17.69,83.22,Normal,-0.15925127482255808,East coast,2.2,0.3685079514980316,0.08418977813211069,1.175051869759121,0.16988656703123686,1.175051869759121,0.0002491817107807413,0.0
agartala,2026-06-27,6.0,1.3929941654205322,23.83,91.29,Normal,-0.566309555946495,Inland,6.0,3.070476043224334,3.4144692420959473,4.437926236970855,4.8206621995990195,4.437926236970855,0.0007090948192583347,0.0
ahmedabad,2026-06-27,0.1,0.0,23.02,72.57,Normal,-0.566309555946495,Inland,0.1,0.0,0.0,0.014335740051380988,0.0,0.014335740051380988,0.00024734636163041497,0.0
amritsar,2026-06-27,0.0,0.0,31.63,74.87,Normal,-0.566309555946495,Inland,0.0,0.0,0.0,0.4552181641702283,0.0,0.4552181641702283,0.00042419804007089564,0.0
bengaluru,2026-06-27,4.7,0.0,12.97,77.59,Normal,-0.566309555946495,Inland,4.7,2.058137369155884,2.193768882751464,0.6402347109276169,0.0,0.6402347109276169,0.0004914599782200276,0.0
bhopal,2026-06-27,10.700000000000001,0.0,23.26,77.41,Normal,-0.566309555946495,Inland,10.700000000000001,7.697222089767455,8.191141155787875,4.052783720137462,4.205905273329367,4.052783720137462,0.007248139468791608,0.0
bhubaneswar,2026-06-27,1.9,0.3937487304210663,20.3,85.82,Normal,-0.566309555946495,East coast,1.9,0.2197180323302745,0.07727691034475961,1.4428047550148795,0.4682484273843048,1.4428047550148795,0.00027281794367462544,0.0
chandigarh,2026-06-27,0.1,0.0,30.73,76.78,Normal,-0.566309555946495,Inland,0.1,0.0,0.0,0.42352222817640733,0.0,0.42352222817640733,0.00029686125843271803,0.0
chennai,2026-06-27,5.0,0.08436746150255203,13.08,80.27,Normal,-0.566309555946495,East coast,5.0,2.3460371335347503,1.1462712610984331,1.9245574527475584,1.1375085751037586,1.9245574527475584,0.0008061321805892457,0.0
dehradun,2026-06-27,0.0,1.056087851524353,30.32,78.03,Normal,-0.566309555946495,Hill / Himalayan orographic,0.0,0.0,0.0,0.8438894441634522,0.0,0.8438894441634522,0.00023683860950645124,0.0
delhi,2026-06-27,0.2,0.0,28.61,77.21,Normal,-0.566309555946495,Inland,0.2,0.0,0.0,0.21075066446513344,0.0,0.21075066446513344,0.00023546850098115426,0.0
gangtok,2026-06-27,2.7,5.914587497711182,27.33,88.61,Normal,-0.566309555946495,Hill / Himalayan orographic,2.7,0.5917179375886916,0.6827313174115549,8.219214388791293,7.409624140897323,8.219214388791293,0.0019123760679142234,0.0
guwahati,2026-06-27,0.5,0.0,26.14,91.74,Normal,-0.566309555946495,Inland,0.5,0.0,0.0,1.3035357049403284,0.17407387736990618,1.3035357049403284,0.0001844225880910684,0.0
hyderabad,2026-06-27,14.5,0.0,17.39,78.49,Normal,-0.566309555946495,Inland,14.5,11.47549505233765,12.428154638258077,6.864989288441338,8.619874460613518,6.864989288441338,0.009879006087046269,0.0
jabalpur,2026-06-27,7.4,0.15385094285011292,23.18,79.95,Normal,-0.566309555946495,Inland,7.4,4.447911838690433,4.932419300079346,1.8567306693118653,0.7351363877518747,1.8567306693118653,0.002776764548904911,0.0
jaipur,2026-06-27,0.6,0.0,26.91,75.79,Normal,-0.566309555946495,Inland,0.6,0.0,0.0,0.07947219727340148,0.0,0.07947219727340148,0.0001934058920404963,0.0
jodhpur,2026-06-27,1.2000000000000002,0.07658214122056961,26.24,73.02,Normal,-0.566309555946495,Inland,1.2000000000000002,3.459089885542383e-17,3.7757937054032524e-18,0.09439571040745211,0.0,0.09439571040745211,0.00017526447868722482,0.0
kochi,2026-06-27,46.1,13.319217681884766,9.93,76.27,Normal,-0.566309555946495,West-coast orographic,46.1,38.90837083211759,22.709937735014083,59.59504925122314,76.95687630110683,59.59504925122314,0.044480628578995,0.0
kolkata,2026-06-27,1.2,0.013489410281181335,22.57,88.36,Normal,-0.566309555946495,East coast,1.2,0.0,0.004292130041867487,0.0,0.0,0.0,0.00026888099574696127,0.0
lucknow,2026-06-27,0.0,2.2470006942749023,26.85,80.95,Normal,-0.566309555946495,Inland,0.0,0.0,0.0,0.03294723480231067,0.0,0.03294723480231067,0.00022606277220160566,0.0
madurai,2026-06-27,2.6,1.0397955179214478,9.93,78.12,Normal,-0.566309555946495,Inland,2.6,0.5351030686726919,0.5188247680664063,0.5687252360863855,0.0,0.5687252360863855,0.001321982987179482,0.0
mangaluru,2026-06-27,13.4,11.474425315856934,12.91,74.86,Normal,-0.566309555946495,West-coast orographic,13.4,10.207142475673134,7.8362003438612975,19.83227148903701,22.648760566911722,19.83227148903701,0.07927196880866993,0.0
mumbai,2026-06-27,23.3,0.007273946888744831,19.08,72.88,Normal,-0.566309555946495,West-coast orographic,23.3,19.302196766653847,13.294175703097611,22.388410927756855,25.627144826208735,22.388410927756855,0.02638980533063918,0.0
nagpur,2026-06-27,16.0,1.6889264583587646,21.15,79.09,Normal,-0.566309555946495,Inland,16.0,12.684160972024031,13.857412012611944,4.66176151573625,5.311701457574294,4.66176151573625,0.0026536995164343634,0.0
panaji,2026-06-27,44.0,10.821514129638672,15.49,73.83,Normal,-0.566309555946495,West-coast orographic,44.0,37.79553413391113,22.299010062474125,25.24847031371108,28.68774150176959,25.24847031371108,0.021997465087442127,0.0
patna,2026-06-27,3.4,0.0,25.59,85.14,Normal,-0.566309555946495,Inland,3.4,1.0254185855388642,0.985619097948074,0.7762024422560468,0.0,0.7762024422560468,0.0013216529692581726,0.0
pune,2026-06-27,0.0,0.18163497745990753,18.52,73.86,Normal,-0.566309555946495,Inland,0.0,0.0,0.0,0.040730133782275475,0.0,0.040730133782275475,0.0001456674924164385,0.0
raipur,2026-06-27,0.0,4.359984397888184,21.25,81.63,Normal,-0.566309555946495,Inland,0.0,0.0,0.0,0.024269006732532575,0.0,0.024269006732532575,0.0005243364194459685,0.0
ranchi,2026-06-27,0.0,0.0,23.34,85.31,Normal,-0.566309555946495,Inland,0.0,0.0,0.0,0.07660607824733444,0.0,0.07660607824733444,0.0002455496724056601,0.0
shillong,2026-06-27,33.7,0.5982871055603027,25.58,91.89,Normal,-0.566309555946495,Hill / Himalayan orographic,33.7,29.404349568264525,37.4654686475732,22.058989156543273,39.696415216504406,22.058989156543273,0.001919424517853519,0.0
shimla,2026-06-27,0.4,17.791093826293945,31.1,77.17,Normal,-0.566309555946495,Hill / Himalayan orographic,0.4,0.0,0.0,1.4014222977918867,0.03573914059602945,1.4014222977918867,0.00026317143790390935,0.0
srinagar,2026-06-27,0.0,0.11060003191232681,34.08,74.8,Normal,-0.566309555946495,Hill / Himalayan orographic,0.0,0.0,0.0,0.18017601152945917,0.0,0.18017601152945917,0.00028205175714892777,0.0
surat,2026-06-27,0.30000000000000004,0.0,21.17,72.83,Normal,-0.566309555946495,West-coast orographic,0.30000000000000004,0.0,0.0,0.05101528522676505,0.0,0.05101528522676505,0.00044801138686977477,0.0
thiruvananthapuram,2026-06-27,9.399999999999999,3.190232753753662,8.52,76.94,Normal,-0.566309555946495,West-coast orographic,9.399999999999999,6.210627579689026,5.036426061391831,2.4145771240064113,0.9147290802395647,2.4145771240064113,0.0010650046333094704,0.0
varanasi,2026-06-27,1.9,0.0,25.32,82.97,Normal,-0.566309555946495,Inland,1.9,0.2197180323302745,0.17744636535644526,0.656293579588373,0.0,0.656293579588373,0.000374087230487432,0.0
vijayawada,2026-06-27,7.0,45.649017333984375,16.51,80.65,Normal,-0.566309555946495,Inland,7.0,4.060953577359517,4.500498098797268,2.642350094209443,2.027402301325789,2.642350094209443,0.0026560457179307913,0.0
visakhapatnam,2026-06-27,1.9,0.0,17.69,83.22,Normal,-0.566309555946495,East coast,1.9,0.2197180323302745,0.07727691034475961,1.2852735719363353,0.23784611325026245,1.2852735719363353,0.0002477822155250812,0.0
agartala,2026-06-28,0.9,3.375445604324341,23.83,91.29,Normal,-0.9401070363488979,Inland,0.9,0.0,0.0,4.12107789112844,4.258690786570951,4.12107789112844,0.0001868914224460445,0.0
ahmedabad,2026-06-28,1.1,0.0,23.02,72.57,Normal,-0.9401070363488979,Inland,1.1,0.0,0.0,0.5857006542234386,0.0,0.5857006542234386,0.0001311653984875767,0.0
amritsar,2026-06-28,0.0,0.0,31.63,74.87,Normal,-0.9401070363488979,Inland,0.0,0.0,0.0,0.6276886418630939,0.0,0.6276886418630939,0.00021137216842039306,0.0
bengaluru,2026-06-28,6.8,0.03987046703696251,12.97,77.59,Normal,-0.9401070363488979,Inland,6.8,3.8424325704574587,4.36424892743428,1.4691588509798506,0.3621168002028789,1.4691588509798506,0.0008230337756631183,0.0
bhopal,2026-06-28,6.6,8.251567840576172,23.26,77.41,Normal,-0.9401070363488979,Inland,6.6,3.6157524585723873,4.094328880310059,1.6172726646288091,0.5332538970357998,1.6172726646288091,0.00032841898763811026,0.0
bhubaneswar,2026-06-28,0.39999999999999997,0.0,20.3,85.82,Normal,-0.9401070363488979,East coast,0.39999999999999997,0.0,0.0,0.6245475299869023,0.0010687091053548058,0.6245475299869023,0.0001994404286988079,0.0
chandigarh,2026-06-28,0.0,0.0,30.73,76.78,Normal,-0.9401070363488979,Inland,0.0,0.0,0.0,0.4879777738398673,0.0,0.4879777738398673,0.0001479125120219415,0.0
chennai,2026-06-28,1.4,4.890562057495117,13.08,80.27,Normal,-0.9401070363488979,East coast,1.4,0.06584120020270356,0.029854631572961803,0.6412862147033055,0.0030805750245582924,0.6412862147033055,0.00016299458428279344,0.0
dehradun,2026-06-28,0.0,0.16599489748477936,30.32,78.03,Normal,-0.9401070363488979,Hill / Himalayan orographic,0.0,0.0,0.0,0.7137657434445439,0.0,0.7137657434445439,0.00013868170121912433,0.0
delhi,2026-06-28,0.6000000000000001,2.46307110786438,28.61,77.21,Normal,-0.9401070363488979,Inland,0.6000000000000001,0.0,0.0,0.5097861947503856,0.0,0.5097861947503856,0.00012565080617914576,0.0
gangtok,2026-06-28,8.8,53.4678840637207,27.33,88.61,Normal,-0.9401070363488979,Hill / Himalayan orographic,8.8,5.50054943561554,5.0107975392592605,12.563741868747293,17.72867842301576,12.563741868747293,0.0027830482923852087,0.0
guwahati,2026-06-28,2.3,20.314159393310547,26.14,91.74,Normal,-0.9401070363488979,Inland,2.3,0.40287803485989565,0.406574058532715,7.664742010527546,10.294609797381398,7.664742010527546,0.0010093028365912996,0.0
hyderabad,2026-06-28,4.5,0.0,17.39,78.49,Normal,-0.9401070363488979,Inland,4.5,1.76716167330742,1.9309332370758059,1.5468154883568115,0.45864608019511943,1.5468154883568115,0.0003259530566392636,0.0
jabalpur,2026-06-28,0.4,0.6519725918769836,23.18,79.95,Normal,-0.9401070363488979,Inland,0.4,0.0,0.0,0.27216065530050476,0.0,0.27216065530050476,0.000198210606882264,0.0
jaipur,2026-06-28,0.0,0.0,26.91,75.79,Normal,-0.9401070363488979,Inland,0.0,0.0,0.0,0.012394293511125865,0.0,0.012394293511125865,9.537596666435232e-05,0.0
jodhpur,2026-06-28,0.7,0.17869165539741516,26.24,73.02,Normal,-0.9401070363488979,Inland,0.7,0.0,0.0,0.6240748566482712,0.0,0.6240748566482712,0.00010129524912495256,0.0
kochi,2026-06-28,73.60000000000001,23.504642486572266,9.93,76.27,Normal,-0.9401070363488979,West-coast orographic,73.60000000000001,63.54294693166059,38.82782145114174,46.438142309337024,59.852193708499776,46.438142309337024,0.05307574870645896,1.0
kolkata,2026-06-28,1.0,0.0005965555901639163,22.57,88.36,Normal,-0.9401070363488979,East coast,1.0,0.0,0.0,0.12156126016965906,0.0,0.12156126016965906,0.00020441273400975072,0.0
lucknow,2026-06-28,0.30000000000000004,7.374226093292236,26.85,80.95,Normal,-0.9401070363488979,Inland,0.30000000000000004,0.0,0.0,0.39162192094615267,0.0,0.39162192094615267,0.00019647917587838735,0.0
madurai,2026-06-28,2.5,0.708970308303833,9.93,78.12,Normal,-0.9401070363488979,Inland,2.5,0.4848189945606613,0.49253818988800047,0.8505962009618544,0.0015089991759302524,0.8505962009618544,0.0007742373193836404,0.0
mangaluru,2026-06-28,69.9,7.455592632293701,12.91,74.86,Normal,-0.9401070363488979,West-coast orographic,69.9,59.5428491057484,36.6272541999817,55.93784052580865,71.01857290463964,55.93784052580865,0.10006652391597942,1.0
mumbai,2026-06-28,8.6,6.915813446044922,19.08,72.88,Normal,-0.9401070363488979,West-coast orographic,8.6,5.303173580169678,4.901785267723932,5.008484820766943,4.936034702954769,5.008484820766943,0.000937137519350318,0.0
nagpur,2026-06-28,7.9,14.498929977416992,21.15,79.09,Normal,-0.9401070363488979,Inland,7.9,4.861075282096863,5.3866069221496575,3.3986611955428123,3.127221852316788,3.3986611955428123,0.0008709239873541315,0.0
panaji,2026-06-28,56.4,36.37287521362305,15.49,73.83,Normal,-0.9401070363488979,West-coast orographic,56.4,45.30309318972014,25.985162874678487,10.865714783189034,13.044806688273427,10.865714783189034,0.006230766080985963,0.0
patna,2026-06-28,0.9999999999999999,6.850005149841309,25.59,85.14,Normal,-0.9401070363488979,Inland,0.9999999999999999,0.0,0.0,0.4720737513709703,0.0,0.4720737513709703,0.00019844803045901193,0.0
pune,2026-06-28,0.5,3.987196207046509,18.52,73.86,Normal,-0.9401070363488979,Inland,0.5,0.0,0.0,0.5718771116901366,0.0,0.5718771116901366,0.00011689416182953921,0.0
raipur,2026-06-28,3.2,1.9527639150619507,21.25,81.63,Normal,-0.9401070363488979,Inland,3.2,0.8778702259063722,0.8164643049240117,1.708852113160724,0.6098511016156981,1.708852113160724,0.001496249631684375,0.0
ranchi,2026-06-28,0.1,0.04932054132223129,23.34,85.31,Normal,-0.9401070363488979,Inland,0.1,0.0,0.0,0.46642899199911825,0.0,0.46642899199911825,0.00020666332979961898,0.0
shillong,2026-06-28,20.6,28.576635360717773,25.58,91.89,Normal,-0.9401070363488979,Hill / Himalayan orographic,20.6,16.99299399058024,21.173318616081684,7.7679062086408885,6.7750760142259265,7.7679062086408885,0.0006498104611249917,0.0
shimla,2026-06-28,0.0,0.2593310475349426,31.1,77.17,Normal,-0.9401070363488979,Hill / Himalayan orographic,0.0,0.0,0.0,0.7216549465312843,0.0,0.7216549465312843,0.00015410266597970984,0.0
srinagar,2026-06-28,2.4,0.0,34.08,74.8,Normal,-0.9401070363488979,Hill / Himalayan orographic,2.4,0.4372481182217598,0.5790614044335154,3.2170076067653475,1.5712453709278609,3.2170076067653475,0.006302622573786585,0.0
surat,2026-06-28,1.4,0.0,21.17,72.83,Normal,-0.9401070363488979,West-coast orographic,1.4,0.06584120020270356,0.0,0.4673909782190211,0.0,0.4673909782190211,0.00018661013095584714,0.0
thiruvananthapuram,2026-06-28,13.5,0.0,8.52,76.94,Normal,-0.9401070363488979,West-coast orographic,13.5,10.33627352033343,8.141798210144044,2.6276916072448864,1.062281839955661,2.6276916072448864,0.004344401710501103,0.0
varanasi,2026-06-28,0.5,0.0,25.32,82.97,Normal,-0.9401070363488979,Inland,0.5,0.0,0.0,0.3395937369462183,0.0,0.3395937369462183,0.00024874347262907417,0.0
vijayawada,2026-06-28,15.7,7.851832866668701,16.51,80.65,Normal,-0.9401070363488979,Inland,15.7,12.469501495361326,13.504261100993435,6.387416118052799,7.826951410969165,6.387416118052799,0.002359396365675615,0.0
visakhapatnam,2026-06-28,2.1,4.3154473304748535,17.69,83.22,Normal,-0.9401070363488979,East coast,2.1,0.2952029749751091,0.08329364312867794,1.7158562757734215,0.827904419165302,1.7158562757734215,0.00018113712673060043,0.0
agartala,2026-06-29,3.7,19.342744827270508,23.83,91.29,Normal,-0.9768689579990459,Inland,3.7,1.1852293819189073,1.1976203441619881,8.27436901268302,12.025216972671846,8.27436901268302,0.0006523072837697875,0.0
ahmedabad,2026-06-29,0.8,0.0,23.02,72.57,Normal,-0.9768689579990459,Inland,0.8,0.0,0.0,0.6430578374522433,0.0,0.6430578374522433,0.0001311653984875767,0.0
amritsar,2026-06-29,0.0,0.0,31.63,74.87,Normal,-0.9768689579990459,Inland,0.0,0.0,0.0,0.6276886418630939,0.0,0.6276886418630939,0.00021137216842039306,0.0
bengaluru,2026-06-29,13.7,0.0,12.97,77.59,Normal,-0.9768689579990459,Inland,13.7,10.59453560965402,11.83119964599609,6.461621704281812,7.936369454524643,6.461621704281812,0.004506618277562435,0.0
bhopal,2026-06-29,7.9,0.0,23.26,77.41,Normal,-0.9768689579990459,Inland,7.9,4.861075282096863,5.3866069221496575,2.838375879620386,2.3061902278746276,2.838375879620386,0.0008066831317950539,0.0
bhubaneswar,2026-06-29,10.200000000000001,0.0,20.3,85.82,Normal,-0.9768689579990459,East coast,10.200000000000001,7.217988789081573,6.9584822028222755,4.532791893441126,4.996923559631079,4.532791893441126,0.0018559553946847292,0.0
chandigarh,2026-06-29,1.3,0.0,30.73,76.78,Normal,-0.9768689579990459,Inland,1.3,0.04306773394346247,0.0017004663124681968,0.632605439820057,0.0,0.632605439820057,0.0001479125120219415,0.0
chennai,2026-06-29,0.2,0.0,13.08,80.27,Normal,-0.9768689579990459,East coast,0.2,0.0,0.0,0.32371211391711646,0.0,0.32371211391711646,0.00016299458428279344,0.0
dehradun,2026-06-29,3.0,0.5913944244384766,30.32,78.03,Normal,-0.9768689579990459,Hill / Himalayan orographic,3.0,0.7756732553243637,0.7841571250764449,2.193042666094401,0.6313302221028921,2.193042666094401,0.000705736333431998,0.0
delhi,2026-06-29,0.1,0.0,28.61,77.21,Normal,-0.9768689579990459,Inland,0.1,0.0,0.0,0.17246522742156292,0.0,0.17246522742156292,0.00012565080617914576,0.0
gangtok,2026-06-29,8.2,21.16242790222168,27.33,88.61,Normal,-0.9768689579990459,Hill / Himalayan orographic,8.2,5.047825336456299,4.659542658188763,15.469342966285645,27.48109054578339,15.469342966285645,0.007217311542675422,0.0
guwahati,2026-06-29,2.5,0.0,26.14,91.74,Normal,-0.9768689579990459,Inland,2.5,0.4848189945606613,0.49253818988800047,4.72723828244601,5.382247696111135,4.72723828244601,0.00047775053286666647,0.0
hyderabad,2026-06-29,14.4,0.10860848426818848,17.39,78.49,Normal,-0.9768689579990459,Inland,14.4,11.371712160110476,12.369485095395879,5.104823927959617,5.677055521818889,5.104823927959617,0.0028380465782813775,0.0
jabalpur,2026-06-29,15.3,0.0,23.18,79.95,Normal,-0.9768689579990459,Inland,15.3,12.154925231933595,12.971925370833455,7.973707541232509,11.390971931710727,7.973707541232509,0.0038002848162505447,0.0
jaipur,2026-06-29,0.0,0.13478997349739075,26.91,75.79,Normal,-0.9768689579990459,Inland,0.0,0.0,0.0,0.012394293511125865,0.0,0.012394293511125865,9.537596666435232e-05,0.0
jodhpur,2026-06-29,0.1,0.0,26.24,73.02,Normal,-0.9768689579990459,Inland,0.1,0.0,0.0,0.215596338533508,0.0,0.215596338533508,0.00010129524912495256,0.0
kochi,2026-06-29,77.3,57.56112289428711,9.93,76.27,Normal,-0.9768689579990459,West-coast orographic,77.3,67.36742341067557,42.49795304797021,46.438142309337024,59.852193708499776,46.438142309337024,0.05307574870645896,1.0
kolkata,2026-06-29,0.5,0.008519628085196018,22.57,88.36,Normal,-0.9768689579990459,East coast,0.5,0.0,0.0,0.0784157543540211,0.0,0.0784157543540211,0.00020441273400975072,0.0
lucknow,2026-06-29,0.2,0.3571658730506897,26.85,80.95,Normal,-0.9768689579990459,Inland,0.2,0.0,0.0,0.39162192094615267,0.0,0.39162192094615267,0.00019647917587838735,0.0
madurai,2026-06-29,5.1,0.0,9.93,78.12,Normal,-0.9768689579990459,Inland,5.1,2.4175145308176678,2.570876026153564,1.2178561065418239,0.1418868398890601,1.2178561065418239,0.0006639998950186299,0.0
mangaluru,2026-06-29,159.8,32.499534606933594,12.91,74.86,Normal,-0.9768689579990459,West-coast orographic,159.8,159.55154557500026,102.47461137152057,67.336406559533,96.47822841073953,64.0,0.1861776625982086,1.0
mumbai,2026-06-29,28.3,118.46401977539062,19.08,72.88,Normal,-0.9768689579990459,West-coast orographic,28.3,24.354475886120003,15.8065258654319,20.525023125240963,23.055271091639217,20.525023125240963,0.0023839815435495633,0.0
nagpur,2026-06-29,10.9,5.504584312438965,21.15,79.09,Normal,-0.9768689579990459,Inland,10.9,7.853925228118894,8.413886519039375,5.493727244184546,6.13510245441887,5.493727244184546,0.0011140386228186787,0.0
panaji,2026-06-29,53.2,34.48929214477539,15.49,73.83,Normal,-0.9768689579990459,West-coast orographic,53.2,42.936171656374974,24.964967106204664,11.029792468355634,13.32330600936227,11.029792468355634,0.006230766080985963,0.0
patna,2026-06-29,8.9,9.166650772094727,25.59,85.14,Normal,-0.9768689579990459,Inland,8.9,5.634088230133057,6.127612486752588,3.3361422852335973,3.003805160041953,3.3361422852335973,0.001441830433698553,0.0
pune,2026-06-29,6.0,11.739520072937012,18.52,73.86,Normal,-0.9768689579990459,Inland,6.0,3.070476043224334,3.4144692420959473,2.361085106910191,1.4494184360995646,2.361085106910191,0.0005401911288845003,0.0
raipur,2026-06-29,2.2,0.4318348467350006,21.25,81.63,Normal,-0.9768689579990459,Inland,2.2,0.3685079514980316,0.3176881551742552,1.6130156107691145,0.529970963819551,1.6130156107691145,0.0003511393297837749,0.0
ranchi,2026-06-29,1.7000000000000002,0.0,23.34,85.31,Normal,-0.9768689579990459,Inland,1.7000000000000002,0.15249738991260528,0.13543592095375068,1.9722145896347156,0.8350669069408907,1.9722145896347156,0.00020666332979961898,0.0
shillong,2026-06-29,9.5,50.98494338989258,25.58,91.89,Normal,-0.9768689579990459,Hill / Himalayan orographic,9.5,6.319174623489381,6.078899204440238,4.734696871010085,3.2454491905634484,4.734696871010085,0.0007737451096870963,0.0
shimla,2026-06-29,7.3,23.22050666809082,31.1,77.17,Normal,-0.9768689579990459,Hill / Himalayan orographic,7.3,4.353518311182651,4.186649932861329,3.6272188020607388,2.139149083938924,3.6272188020607388,0.0022983528098593315,0.0
srinagar,2026-06-29,0.0,0.0,34.08,74.8,Normal,-0.9768689579990459,Hill / Himalayan orographic,0.0,0.0,0.0,0.4282054410426579,0.0,0.4282054410426579,0.0001886984657591309,0.0
surat,2026-06-29,1.4,0.0,21.17,72.83,Normal,-0.9768689579990459,West-coast orographic,1.4,0.06584120020270356,0.0,0.4673909782190211,0.0,0.4673909782190211,0.00018661013095584714,0.0
thiruvananthapuram,2026-06-29,15.6,10.765304565429688,8.52,76.94,Normal,-0.9768689579990459,West-coast orographic,15.6,12.390857429504393,9.002705118235419,1.8706781705999493,0.7526250839790383,1.8706781705999493,0.001050636010187651,0.0
varanasi,2026-06-29,2.2,0.01302343513816595,25.32,82.97,Normal,-0.9768689579990459,Inland,2.2,0.3685079514980316,0.3176881551742552,1.304560616355766,0.17445678829272632,1.304560616355766,0.00024874347262907417,0.0
vijayawada,2026-06-29,7.1000000000000005,14.035552024841309,16.51,80.65,Normal,-0.9768689579990459,Inland,7.1000000000000005,4.170214080810547,4.568622684478761,3.845578066784396,3.9634316776818626,3.845578066784396,0.001719067016130863,0.0
visakhapatnam,2026-06-29,4.6000000000000005,0.0,17.69,83.22,Normal,-0.9768689579990459,East coast,4.6000000000000005,1.8438542962074314,0.9878589859166571,2.4652711566590355,1.6644943345720054,2.4652711566590355,0.0005973918852592896,0.0
agartala,2026-06-30,4.2,0.0,23.83,91.29,Normal,-0.6757555045938877,Inland,4.2,1.5962814728418997,1.6060786962509166,6.867453846704296,8.62504028595159,6.867453846704296,0.0009236162510956408,0.0
ahmedabad,2026-06-30,0.4,0.0,23.02,72.57,Normal,-0.6757555045938877,Inland,0.4,0.0,0.0,0.4394676628177884,0.0,0.4394676628177884,0.00018810971804411692,0.0
amritsar,2026-06-30,0.0,0.0,31.63,74.87,Normal,-0.6757555045938877,Inland,0.0,0.0,0.0,0.3043413324665263,0.0,0.3043413324665263,0.00027092333048355557,0.0
bengaluru,2026-06-30,1.7,4.684471130371094,12.97,77.59,Normal,-0.6757555045938877,Inland,1.7,0.1524973899126052,0.13543592095375065,0.7273678519205052,0.0,0.7273678519205052,0.00013662203801033417,0.0
bhopal,2026-06-30,8.0,0.0,23.26,77.41,Normal,-0.6757555045938877,Inland,8.0,4.923325300216675,5.449888763427734,2.838375879620386,2.3061902278746276,2.838375879620386,0.0015993311565105424,0.0
bhubaneswar,2026-06-30,6.2,47.8052864074707,20.3,85.82,Normal,-0.6757555045938877,East coast,6.2,3.2291959087053934,1.668379241503202,4.314814038339928,4.890748761160891,4.314814038339928,0.001030861053924515,0.0
chandigarh,2026-06-30,3.2,0.0,30.73,76.78,Normal,-0.6757555045938877,Inland,3.2,0.8778702259063722,0.8164643049240117,1.2379486149877292,0.14957028343918966,1.2379486149877292,0.0018721604877689603,0.0
chennai,2026-06-30,2.2,0.12655118107795715,13.08,80.27,Normal,-0.6757555045938877,East coast,2.2,0.3685079514980316,0.08418977813211069,1.6610484652316049,0.720000864156237,1.6610484652316049,0.0002462643929881414,0.0
dehradun,2026-06-30,2.4,22.462753295898438,30.32,78.03,Normal,-0.6757555045938877,Hill / Himalayan orographic,2.4,0.4372481182217598,0.5790614044335154,3.409519816970649,1.8599980242593326,3.409519816970649,0.002133220343922251,0.0
delhi,2026-06-30,1.5,0.17344485223293304,28.61,77.21,Normal,-0.6757555045938877,Inland,1.5,0.08745244964957245,0.07402163743972902,0.8740632192846731,0.009787624813838606,0.8740632192846731,0.0001503768349151192,0.0
gangtok,2026-06-30,12.4,27.27838897705078,27.33,88.61,Normal,-0.6757555045938877,Hill / Himalayan orographic,12.4,9.235444438700776,9.453136931175044,11.953881088805813,16.08905867668156,11.953881088805813,0.0024053204557416175,0.0
guwahati,2026-06-30,7.7,0.9117521047592163,26.14,91.74,Normal,-0.6757555045938877,Inland,7.7,4.736575245857238,5.260043239593505,3.9294052116104576,4.110544310584251,3.9294052116104576,0.0022333750823164,0.0
hyderabad,2026-06-30,0.5,1.0337283611297607,17.39,78.49,Normal,-0.6757555045938877,Inland,0.5,0.0,0.0,0.3297721971704482,0.0,0.3297721971704482,0.0001477006060203052,0.0
jabalpur,2026-06-30,5.9,28.90941619873047,23.18,79.95,Normal,-0.6757555045938877,Inland,5.9,2.985006030400594,3.3386796474456792,2.1899399973927394,1.1486636892701305,2.1899399973927394,0.0013983216228228828,0.0
jaipur,2026-06-30,3.3,0.0,26.91,75.79,Normal,-0.6757555045938877,Inland,3.3,0.9516444057226181,0.907238566875457,0.7795192553202498,0.0,0.7795192553202498,0.0009484040714831022,0.0
jodhpur,2026-06-30,0.0,0.0,26.24,73.02,Normal,-0.6757555045938877,Inland,0.0,0.0,0.0,0.16155755064506766,0.0,0.16155755064506766,0.00012253252843259964,0.0
kochi,2026-06-30,39.6,18.66654396057129,9.93,76.27,Normal,-0.6757555045938877,West-coast orographic,39.6,34.789046902926486,19.956998075440875,50.7683661851662,64.78410225692551,50.7683661851662,0.1239502491136563,0.0
kolkata,2026-06-30,14.5,0.0838254988193512,22.57,88.36,Normal,-0.6757555045938877,East coast,14.5,11.47549505233765,13.944714420312547,3.6889857653336153,2.946352688716179,3.6889857653336153,0.01066184180496328,0.0
lucknow,2026-06-30,0.0,0.7738714814186096,26.85,80.95,Normal,-0.6757555045938877,Inland,0.0,0.0,0.0,0.10665869038243243,0.0,0.10665869038243243,0.000255137806609132,0.0
madurai,2026-06-30,1.7,0.0,9.93,78.12,Normal,-0.6757555045938877,Inland,1.7,0.1524973899126052,0.13543592095375065,0.6454003469617086,0.0,0.6454003469617086,0.00020879161838842125,0.0
mangaluru,2026-06-30,146.6,55.61941909790039,12.91,74.86,Normal,-0.6757555045938877,West-coast orographic,146.6,142.18471206531754,96.73160126515604,78.57933715619046,130.1705537687599,78.57933715619046,0.7204817075389307,1.0
mumbai,2026-06-30,196.5,52.07125473022461,19.08,72.88,Normal,-0.6757555045938877,West-coast orographic,196.5,207.83660540873922,118.44191977330675,60.7584982520912,78.84599821680722,70.0,0.5832895551968549,1.0
nagpur,2026-06-30,20.8,24.96728515625,21.15,79.09,Normal,-0.6757555045938877,Inland,20.8,17.143857955932614,19.193527280367338,7.132917173269606,9.16286554451585,7.132917173269606,0.003037253339142569,0.0
panaji,2026-06-30,239.5,70.77334594726562,15.49,73.83,Normal,-0.6757555045938877,West-coast orographic,239.5,264.4103812357358,139.13388272944462,32.56813880769692,36.308973479196176,32.56813880769692,0.2465953863117806,1.0
patna,2026-06-30,1.8,0.9639148712158203,25.59,85.14,Normal,-0.6757555045938877,Inland,1.8,0.19570063203573218,0.1478668361902238,1.1766929998053726,0.12603960499753755,1.1766929998053726,0.00023935512571918307,0.0
pune,2026-06-30,9.8,0.6941363215446472,18.52,73.86,Normal,-0.6757555045938877,Inland,9.8,6.67982121706009,7.04754447255816,2.695996146594151,2.1068385836088637,2.695996146594151,0.0024116261156356075,0.0
raipur,2026-06-30,2.5999999999999996,7.245226860046387,21.25,81.63,Normal,-0.6757555045938877,Inland,2.5999999999999996,0.5351030686726916,0.5188247680664062,1.1822567113193252,0.1281815580769002,1.1822567113193252,0.005147248972332741,0.0
ranchi,2026-06-30,1.9,1.9367984533309937,23.34,85.31,Normal,-0.6757555045938877,Inland,1.9,0.2197180323302745,0.17744636535644526,1.4929059137361333,0.400070196052403,1.4929059137361333,0.00029215866755377006,0.0
shillong,2026-06-30,7.5,9.335004806518555,25.58,91.89,Normal,-0.6757555045938877,Hill / Himalayan orographic,7.5,4.544132974412701,4.242879842122396,4.964187951671714,3.6334005503972415,4.964187951671714,0.0020191820417656977,0.0
shimla,2026-06-30,12.5,2.378340482711792,31.1,77.17,Normal,-0.6757555045938877,Hill / Himalayan orographic,12.5,9.301113024860827,9.499935913085938,1.5961801060007783,0.160911214713738,1.5961801060007783,0.0011225160026163317,0.0
srinagar,2026-06-30,0.0,0.0,34.08,74.8,Normal,-0.6757555045938877,Hill / Himalayan orographic,0.0,0.0,0.0,0.29055703049553416,0.0,0.29055703049553416,0.00019216027850328855,0.0
surat,2026-06-30,4.4,30.186260223388672,21.17,72.83,Normal,-0.6757555045938877,West-coast orographic,4.4,1.6904690504074105,2.3240358606297917,7.062683338660513,6.920049663114371,7.062683338660513,0.0022159224537085893,0.0
thiruvananthapuram,2026-06-30,8.2,1.7976524829864502,8.52,76.94,Normal,-0.6757555045938877,West-coast orographic,8.2,5.047825336456299,4.795863670772978,3.1887172831405195,1.486099245265544,3.1887172831405195,0.0016347983090945505,0.0
varanasi,2026-06-30,2.3,0.18477201461791992,25.32,82.97,Normal,-0.6757555045938877,Inland,2.3,0.40287803485989565,0.406574058532715,2.947316851285256,2.4979291696827888,2.947316851285256,0.006412469145287189,0.0
vijayawada,2026-06-30,0.7,0.0,16.51,80.65,Normal,-0.6757555045938877,Inland,0.7,0.0,0.0,0.5188784239931439,0.0,0.5188784239931439,0.0002573638678342569,0.0
visakhapatnam,2026-06-30,0.0,0.0,17.69,83.22,Normal,-0.6757555045938877,East coast,0.0,0.0,0.0,0.04018056189052756,0.0,0.04018056189052756,0.00026122901956117687,0.0
agartala,2026-07-02,2.2,7.0184326171875,23.83,91.29,Normal,0.10503801191601109,Inland,2.2,0.332013232707978,0.3176881551742552,4.076949863381898,4.343042339163197,4.076949863381898,0.00021517944106741636,0.0
ahmedabad,2026-07-02,1.9000000000000001,0.051953379064798355,23.02,72.57,Normal,0.10503801191601109,Inland,1.9000000000000001,0.22474553391337396,0.1769083164632322,0.39995584000590406,0.0,0.39995584000590406,0.00031371677982290207,0.0
amritsar,2026-07-02,4.1,32.87519073486328,31.63,74.87,Normal,0.10503801191601109,Inland,4.1,1.5166005438566206,1.656917468921555,1.1733459267941142,0.1458742534751311,1.1733459267941142,0.0011389551093382822,0.0
bengaluru,2026-07-02,2.6,0.11228836327791214,12.97,77.59,Normal,0.10503801191601109,Inland,2.6,0.5607761526107788,0.6122738480567931,0.24482764902478563,0.0,0.24482764902478563,0.001013348892007423,0.0
bhopal,2026-07-02,22.3,1.0684638023376465,23.26,77.41,Normal,0.10503801191601109,Inland,22.3,18.127452013209332,21.740486898722455,6.757124208588272,8.919951172278184,6.757124208588272,0.0071364586868122885,0.0
bhubaneswar,2026-07-02,17.3,39.21897506713867,20.3,85.82,Normal,0.10503801191601109,East coast,17.3,14.045501333383418,15.734433835580806,4.9456044251187254,6.012432078617229,4.9456044251187254,0.0030769361288262922,0.0
chandigarh,2026-07-02,7.9,14.809889793395996,30.73,76.78,Normal,0.10503801191601109,Inland,7.9,4.734423384666445,5.458339123667022,2.8912187932160966,2.5091727190065227,2.8912187932160966,0.0015011347808388145,0.0
chennai,2026-07-02,12.3,0.0,13.08,80.27,Normal,0.10503801191601109,East coast,12.3,9.072511860983715,9.974670317234136,2.0045061557778627,1.1749685775167709,2.0045061557778627,0.0015773484070589687,0.0
dehradun,2026-07-02,16.099999999999998,85.40313720703125,30.32,78.03,Normal,0.10503801191601109,Hill / Himalayan orographic,16.099999999999998,12.79098266978988,16.539576364126724,11.24250156184845,13.913727587275304,11.24250156184845,0.0019054091086512077,0.0
delhi,2026-07-02,6.1,1.4597982168197632,28.61,77.21,Normal,0.10503801191601109,Inland,6.1,3.1218872451782227,3.6429182990122637,0.9128056290557457,0.03431520866474151,0.9128056290557457,0.0008097070144119392,0.0
gangtok,2026-07-02,15.9,18.239273071289062,27.33,88.61,Normal,0.10503801191601109,Hill / Himalayan orographic,15.9,12.611618812480152,16.259790256535886,17.53118091559552,27.660190986029708,17.53118091559552,0.0014005720969198607,0.0
guwahati,2026-07-02,12.4,0.17100100219249725,26.14,91.74,Normal,0.10503801191601109,Inland,12.4,9.163455151149208,9.690374927031682,4.678791229948311,5.488938296249603,4.678791229948311,0.003040850403560195,0.0
hyderabad,2026-07-02,11.8,0.9257413148880005,17.39,78.49,Normal,0.10503801191601109,Inland,11.8,8.617795410156251,9.269857081370573,1.1811650414564316,0.15132415357038217,1.1811650414564316,0.00103231124303027,0.0
jabalpur,2026-07-02,39.7,4.281711101531982,23.18,79.95,Normal,0.10503801191601109,Inland,39.7,33.633814476500184,41.3845287983567,16.284693266025943,31.27295064627332,16.284693266025943,0.003169072252706023,0.0
jaipur,2026-07-02,7.3,1.2623426914215088,26.91,75.79,Normal,0.10503801191601109,Inland,7.3,4.3064437389373795,4.9100732127232405,2.5075647131311913,2.0799311976613017,2.5075647131311913,0.0013105700930853286,0.0
jodhpur,2026-07-02,0.2,0.0,26.24,73.02,Normal,0.10503801191601109,Inland,0.2,0.0,0.0,0.02892858395547385,0.0,0.02892858395547385,0.00024434817096408796,0.0
kochi,2026-07-02,64.2,6.345250606536865,9.93,76.27,Normal,0.10503801191601109,West-coast orographic,64.2,49.25875166383375,31.93838775871599,13.656758877329736,15.544207251033647,13.656758877329736,0.04782506940352774,0.0
kolkata,2026-07-02,7.5,0.006267872639000416,22.57,88.36,Normal,0.10503801191601109,East coast,7.5,4.449571990966801,3.2072548223357686,2.922947489245277,2.336125681459402,2.922947489245277,0.005371240920546594,0.0
lucknow,2026-07-02,13.1,11.555926322937012,26.85,80.95,Normal,0.10503801191601109,Inland,13.1,9.7225912436217,10.99572085781371,5.330512442691149,6.723607347394028,5.330512442691149,0.0033721934995744334,0.0
madurai,2026-07-02,4.2,0.0,9.93,78.12,Normal,0.10503801191601109,Inland,4.2,1.6006337249279028,1.7382422105938748,0.23939287980231178,0.0,0.23939287980231178,0.00032778170125005116,0.0
mangaluru,2026-07-02,90.9,36.602352142333984,12.91,74.86,Normal,0.10503801191601109,West-coast orographic,90.9,67.38459545168699,48.38806526477521,20.75629136900131,22.170203824012447,20.75629136900131,0.023526194543034343,1.0
mumbai,2026-07-02,136.2,190.13381958007812,19.08,72.88,Normal,0.10503801191601109,West-coast orographic,136.2,128.11979965604203,82.0578961832522,32.55914780883505,36.517612700405415,70.0,0.3420174209683604,1.0
nagpur,2026-07-02,39.8,71.49532318115234,21.15,79.09,Normal,0.10503801191601109,Inland,39.8,33.72329574329876,41.48120610296783,13.032143818606484,24.66399362353023,13.032143818606484,0.0034187794489987412,0.0
panaji,2026-07-02,37.6,22.085535049438477,15.49,73.83,Normal,0.10503801191601109,West-coast orographic,37.6,31.75470787372998,18.20337177339795,11.705413196635728,13.192440631440807,11.705413196635728,0.02197530120265528,0.0
patna,2026-07-02,5.1000000000000005,2.025697708129883,25.59,85.14,Normal,0.10503801191601109,Inland,5.1000000000000005,2.363657120068868,2.601450598239899,1.3713946962726282,0.2957623021421189,1.3713946962726282,0.0006547641436747463,0.0
pune,2026-07-02,28.3,11.424583435058594,18.52,73.86,Normal,0.10503801191601109,Inland,28.3,23.854843455584422,30.873509239026394,3.3873661832125164,3.206282305234925,3.3873661832125164,0.005914312037836095,0.0
raipur,2026-07-02,21.5,2.1591742038726807,21.25,81.63,Normal,0.10503801191601109,Inland,21.5,17.33947285121675,20.77800422739761,5.593123953220134,7.260692521157943,5.593123953220134,0.0017421286439384873,0.0
ranchi,2026-07-02,6.2,0.0,23.34,85.31,Normal,0.10503801191601109,Inland,6.2,3.187256124814352,3.736288401231925,2.9260237692847832,2.541370569364584,2.9260237692847832,0.0006364520511595973,0.0
shillong,2026-07-02,31.1,0.6929284334182739,25.58,91.89,Normal,0.10503801191601109,Hill / Himalayan orographic,31.1,26.004006338186564,35.773647296975604,18.571958374043753,30.81849712284799,18.571958374043753,0.002390519782065404,0.0
shimla,2026-07-02,13.5,14.00389575958252,31.1,77.17,Normal,0.10503801191601109,Hill / Himalayan orographic,13.5,10.404300261663796,11.9938713582034,7.70014185005225,5.9292100177308695,7.70014185005225,0.008561501300770852,0.0
srinagar,2026-07-02,14.7,13.380179405212402,34.08,74.8,Normal,0.10503801191601109,Hill / Himalayan orographic,14.7,11.570270669349794,14.649679183959961,1.5185870119485225,0.38598327929395027,1.5185870119485225,0.007831273487115322,0.0
surat,2026-07-02,40.1,47.09872817993164,21.17,72.83,Normal,0.10503801191601109,West-coast orographic,40.1,33.99173954369451,19.40810319768693,25.19829919091397,27.706534279213674,25.19829919091397,0.10263281180448863,0.0
thiruvananthapuram,2026-07-02,21.1,0.0,8.52,76.94,Normal,0.10503801191601109,West-coast orographic,21.1,16.999060473499075,10.929480962520696,0.005687769625031017,0.0,0.005687769625031017,0.0012330504993758695,0.0
varanasi,2026-07-02,8.0,1.119030237197876,25.32,82.97,Normal,0.10503801191601109,Inland,8.0,4.796415031433107,5.525435168654831,4.310392744306365,4.774024753990868,4.310392744306365,0.04607311754483071,0.0
vijayawada,2026-07-02,7.3,0.05148782208561897,16.51,80.65,Normal,0.10503801191601109,Inland,7.3,4.3064437389373795,4.9100732127232405,3.4106586679970334,3.2597465670885257,3.4106586679970334,0.001124756296643359,0.0
visakhapatnam,2026-07-02,6.5,0.0,17.69,83.22,Normal,0.10503801191601109,East coast,6.5,3.435632050220782,1.8252072906494146,1.0904949806930653,0.10471615362595546,1.0904949806930653,0.00048070499684597516,0.0
agartala,2026-07-03,2.3,24.0028076171875,23.83,91.29,Normal,0.43238905299533287,Inland,2.3,0.41647200286388397,0.416119709610939,4.756980986519961,5.5844529839284345,4.756980986519961,0.001219352314708748,0.0
ahmedabad,2026-07-03,5.8,1.2055920362472534,23.02,72.57,Normal,0.43238905299533287,Inland,5.8,2.9044514393806455,3.3593090713024143,0.3119099198589346,0.0,0.3119099198589346,0.003560597286207269,0.0
amritsar,2026-07-03,0.0,0.0,31.63,74.87,Normal,0.43238905299533287,Inland,0.0,0.0,0.0,0.7728603933960236,0.0,0.7728603933960236,0.00032396459462330794,0.0
bengaluru,2026-07-03,0.6,0.0,12.97,77.59,Normal,0.43238905299533287,Inland,0.6,0.0,0.0,0.3441586909475713,0.0,0.3441586909475713,0.00014960103253577891,0.0
bhopal,2026-07-03,40.7,32.7258415222168,23.26,77.41,Normal,0.43238905299533287,Inland,40.7,34.398232244277786,42.351301844468075,17.041350959712595,32.596352890477036,17.041350959712595,0.00724072329425543,0.0
bhubaneswar,2026-07-03,17.8,4.855881690979004,20.3,85.82,Normal,0.43238905299533287,East coast,17.8,14.415478789256172,16.054107581584823,5.007132550722493,6.181735234396805,5.007132550722493,0.0034755083293521285,0.0
chandigarh,2026-07-03,6.0,0.0,30.73,76.78,Normal,0.43238905299533287,Inland,6.0,3.0494086432456973,3.5495481967926032,1.2976952728557232,0.2259212818703227,1.2976952728557232,0.000688162063872559,0.0
chennai,2026-07-03,5.1,0.0,13.08,80.27,Normal,0.43238905299533287,East coast,5.1,2.3636571200688676,1.2389285399741736,0.38229800215354903,0.0,0.38229800215354903,0.00030577827160034496,0.0
dehradun,2026-07-03,4.1,2.691941738128662,30.32,78.03,Normal,0.43238905299533287,Hill / Himalayan orographic,4.1,1.5166005438566206,1.8379000425338732,2.41140674570485,0.7784812388571756,2.41140674570485,0.0005621287408485358,0.0
delhi,2026-07-03,0.2,0.0,28.61,77.21,Normal,0.43238905299533287,Inland,0.2,0.0,0.0,0.44234124287700005,0.0,0.44234124287700005,0.00031577246098302847,0.0
gangtok,2026-07-03,4.3,8.257369041442871,27.33,88.61,Normal,0.43238905299533287,Hill / Himalayan orographic,4.3,1.66472098171711,1.9747129284220626,11.359810426317786,14.31778786010883,11.359810426317786,0.0009461646677408567,0.0
guwahati,2026-07-03,5.9,14.631938934326172,26.14,91.74,Normal,0.43238905299533287,Inland,5.9,2.976930041313172,3.454428634047509,2.8502372666847715,2.471476148002529,2.8502372666847715,0.0008512185586878932,0.0
hyderabad,2026-07-03,3.0,9.504170417785645,17.39,78.49,Normal,0.43238905299533287,Inland,3.0,0.7665225777029995,0.7977931559085847,0.39983834223789366,0.0,0.39983834223789366,0.000657029056670067,0.0
jabalpur,2026-07-03,56.2,41.12580490112305,23.18,79.95,Normal,0.43238905299533287,Inland,56.2,42.541353311433376,60.767530585837186,18.81594765984703,35.41788314645257,18.81594765984703,0.004634849059408021,0.0
jaipur,2026-07-03,7.1000000000000005,11.67042064666748,26.91,75.79,Normal,0.43238905299533287,Inland,7.1000000000000005,4.11402180671692,4.721425828649042,2.4470530857452797,1.974887913695316,2.4470530857452797,0.0013105700930853286,0.0
jodhpur,2026-07-03,0.9,0.0,26.24,73.02,Normal,0.43238905299533287,Inland,0.9,0.0,0.0,0.018629004940398593,0.0,0.018629004940398593,0.00024434817096408796,0.0
kochi,2026-07-03,29.5,37.807594299316406,9.93,76.27,Normal,0.43238905299533287,West-coast orographic,29.5,24.844822179484783,15.171330777176639,9.876128562286432,10.379284327247676,9.876128562286432,0.013661587026505833,0.0
kolkata,2026-07-03,12.200000000000001,0.13487589359283447,22.57,88.36,Normal,0.43238905299533287,East coast,12.200000000000001,8.981568570818222,9.803737422398159,2.5702194093557647,1.7887861705708419,2.5702194093557647,0.007525825778409761,0.0
lucknow,2026-07-03,8.4,4.680112838745117,26.85,80.95,Normal,0.43238905299533287,Inland,8.4,5.044381618499757,5.777490674343305,4.39894877808391,4.913512989338249,4.39894877808391,0.002755816507162831,0.0
madurai,2026-07-03,2.3,0.0,9.93,78.12,Normal,0.43238905299533287,Inland,2.3,0.41647200286388397,0.416119709610939,0.6559990524788748,0.0,0.6559990524788748,0.0013061075901017452,0.0
mangaluru,2026-07-03,47.5,19.337383270263672,12.91,74.86,Normal,0.43238905299533287,West-coast orographic,47.5,38.12668604664989,21.05563551823427,31.50585244268191,35.531948816068436,31.50585244268191,0.03692263996306988,0.0
mumbai,2026-07-03,131.8,115.7308120727539,19.08,72.88,Normal,0.43238905299533287,West-coast orographic,131.8,121.04978418681489,79.71204068501785,33.4126994544664,37.299636406163145,70.0,0.3420174209683604,1.0
nagpur,2026-07-03,13.299999999999999,9.880842208862305,21.15,79.09,Normal,0.43238905299533287,Inland,13.299999999999999,10.063445752642746,11.568189048767088,2.329226976676103,1.7255987925895186,2.329226976676103,0.006283435735763096,0.0
panaji,2026-07-03,2.5,48.11589050292969,15.49,73.83,Normal,0.43238905299533287,West-coast orographic,2.5,0.5240284428000449,0.4469243039046566,0.40086434724022546,0.0,0.40086434724022546,0.0026591371187475394,0.0
patna,2026-07-03,3.0,4.609860420227051,25.59,85.14,Normal,0.43238905299533287,Inland,3.0,0.7665225777029995,0.7977931559085847,1.038345944213343,0.08046188097093925,1.038345944213343,0.0012188144498140661,0.0
pune,2026-07-03,38.7,25.21837615966797,18.52,73.86,Normal,0.43238905299533287,Inland,38.7,32.739001808514374,40.41775575224532,8.883014578066211,14.106697704069767,8.883014578066211,0.013483196952988169,0.0
raipur,2026-07-03,78.1,20.562177658081055,21.25,81.63,Normal,0.43238905299533287,Inland,78.1,61.11652510880874,86.2548514613955,27.44189398051344,47.88648589934979,27.44189398051344,0.02272208379570966,1.0
ranchi,2026-07-03,9.700000000000001,7.3058600425720215,23.34,85.31,Normal,0.43238905299533287,Inland,9.700000000000001,6.461570243835447,7.1671493801501915,6.806893959387547,9.070732744240228,6.806893959387547,0.00895790373311137,0.0
shillong,2026-07-03,10.0,4.848049640655518,25.58,91.89,Normal,0.43238905299533287,Hill / Himalayan orographic,10.0,6.879622771739958,7.321847905310074,15.136752933738286,26.262713125935086,15.136752933738286,0.025581106532101824,0.0
shimla,2026-07-03,18.400000000000002,7.839624404907227,31.1,77.17,Normal,0.43238905299533287,Hill / Himalayan orographic,18.400000000000002,14.859451736303477,19.19201489131718,7.6485563920267365,5.826122555387768,7.6485563920267365,0.0014251927941437742,0.0
srinagar,2026-07-03,0.1,2.5489397048950195,34.08,74.8,Normal,0.43238905299533287,Hill / Himalayan orographic,0.1,0.0,0.0,0.2571195502127293,0.0,0.2571195502127293,0.00031542139924444206,0.0
surat,2026-07-03,70.6,25.160768508911133,21.17,72.83,Normal,0.43238905299533287,West-coast orographic,70.6,55.81070406564251,35.46625862066851,23.518911189444463,25.874962485193233,23.518911189444463,0.08516815666284548,1.0
thiruvananthapuram,2026-07-03,3.2,12.133848190307617,8.52,76.94,Normal,0.43238905299533287,West-coast orographic,3.2,0.8704909542202943,0.8234041590582241,0.14842276528185228,0.0,0.14842276528185228,0.0010580423672635056,0.0
varanasi,2026-07-03,0.1,2.56184983253479,25.32,82.97,Normal,0.43238905299533287,Inland,0.1,0.0,0.0,0.23301807303974845,0.0,0.23301807303974845,0.00038052288842259135,0.0
vijayawada,2026-07-03,2.0,8.408077239990234,16.51,80.65,Normal,0.43238905299533287,Inland,2.0,0.2443139752000571,0.21267991662025443,1.2503333566792412,0.19809432095875798,1.2503333566792412,0.00017371321059417213,0.0
visakhapatnam,2026-07-03,5.0,0.8473111987113953,17.69,83.22,Normal,0.43238905299533287,East coast,5.0,2.2982400369644167,1.2159448623657227,0.7359935211319248,0.0006417538110908787,0.7359935211319248,0.00048070499684597516,0.0
agartala,2026-07-04,3.3,33.48734664916992,23.83,91.29,Active,1.0688503069577453,Inland,3.3,0.926317827701567,1.1035530177896673,2.6541883178751253,2.1215978850119748,2.6541883178751253,0.0007995419195989124,0.0
ahmedabad,2026-07-04,13.9,12.276688575744629,23.02,72.57,Active,1.0688503069577453,Inland,13.9,10.850334642583674,9.866778000022563,1.9902744506898857,1.9786417381738401,1.9902744506898857,0.04334879562696856,0.0
amritsar,2026-07-04,0.6000000000000001,0.0,31.63,74.87,Active,1.0688503069577453,Inland,0.6000000000000001,0.0,0.0,2.7060932670660507,2.14228994768779,2.7060932670660507,0.000327466366297697,0.0
bengaluru,2026-07-04,0.4,0.09086419641971588,12.97,77.59,Active,1.0688503069577453,Inland,0.4,0.0,0.0,0.08736610481731573,0.0,0.08736610481731573,0.0001754475425567311,0.0
bhopal,2026-07-04,29.8,6.91421365737915,23.26,77.41,Active,1.0688503069577453,Inland,29.8,25.092316860459874,15.344805815723614,5.327142640433048,6.035299190374422,5.327142640433048,0.010349301475116765,0.0
bhubaneswar,2026-07-04,24.9,67.2408676147461,20.3,85.82,Active,1.0688503069577453,East coast,24.9,20.382478988682166,13.872739633202228,6.960496522118972,8.04498669526038,6.960496522118972,0.010031651163919865,0.0
chandigarh,2026-07-04,0.0,3.8917899131774902,30.73,76.78,Active,1.0688503069577453,Inland,0.0,0.0,0.0,0.2337601301913582,0.0,0.2337601301913582,0.00029544590651209816,0.0
chennai,2026-07-04,1.2,0.0,13.08,80.27,Active,1.0688503069577453,East coast,1.2,0.0,0.0,0.014789044993685654,0.0,0.014789044993685654,0.00017234160431388852,0.0
dehradun,2026-07-04,0.5,0.0,30.32,78.03,Active,1.0688503069577453,Hill / Himalayan orographic,0.5,0.0,0.0,2.3829770561620207,1.4731344587157784,2.3829770561620207,0.00027766014148401607,0.0
delhi,2026-07-04,0.1,0.0,28.61,77.21,Active,1.0688503069577453,Inland,0.1,0.0,0.0,0.307482436336416,0.0,0.307482436336416,0.0002998028945309522,0.0
gangtok,2026-07-04,6.9,28.8618106842041,27.33,88.61,Active,1.0688503069577453,Hill / Himalayan orographic,6.9,3.8723061943054202,2.38182352542877,19.525565647157247,20.063498518425718,19.525565647157247,0.01053087578683646,0.0
guwahati,2026-07-04,6.5,0.0,26.14,91.74,Active,1.0688503069577453,Inland,6.5,3.435632050220782,2.0457609153583354,2.4769549784489393,2.0670994233247297,2.4769549784489393,0.0009408835669885525,0.0
hyderabad,2026-07-04,1.3,2.621626615524292,17.39,78.49,Active,1.0688503069577453,Inland,1.3,0.03046510603278878,0.05517981552308608,0.04386083450215282,0.0,0.04386083450215282,0.0001533306986184369,0.0
jabalpur,2026-07-04,24.4,65.27930450439453,23.18,79.95,Active,1.0688503069577453,Inland,24.4,19.81077735900879,14.585367175755263,3.2358700463670815,2.831931181004498,3.2358700463670815,0.0033100624424316316,0.0
jaipur,2026-07-04,1.7,0.09166453778743744,26.91,75.79,Active,1.0688503069577453,Inland,1.7,0.13269036054611202,0.4167669486999512,0.3370629804008987,0.0,0.3370629804008987,0.00026911081834847197,0.0
jodhpur,2026-07-04,4.6000000000000005,8.166718482971191,26.24,73.02,Active,1.0688503069577453,Inland,4.6000000000000005,1.9335477888584147,1.4404794079257597,0.17858716515629663,0.0,0.17858716515629663,0.0007557559915845829,0.0
kochi,2026-07-04,45.0,46.420047760009766,9.93,76.27,Active,1.0688503069577453,West-coast orographic,45.0,37.23016934180634,28.864339065551746,18.004884491769957,16.962691551982655,18.004884491769957,0.011888214867868972,0.0
kolkata,2026-07-04,7.1,0.06690440326929092,22.57,88.36,Active,1.0688503069577453,East coast,7.1,4.114021806716919,2.7437247763322983,1.012440486394021,0.38057066322035893,1.012440486394021,0.007596214959785026,0.0
lucknow,2026-07-04,0.1,0.0,26.85,80.95,Active,1.0688503069577453,Inland,0.1,0.0,0.0,0.6358020972694796,0.0,0.6358020972694796,0.0002575486936479503,0.0
madurai,2026-07-04,1.0,0.0,9.93,78.12,Active,1.0688503069577453,Inland,1.0,0.0,0.0,0.03817181233242077,0.0,0.03817181233242077,0.0001769344077267844,0.0
mangaluru,2026-07-04,13.5,65.12860870361328,12.91,74.86,Active,1.0688503069577453,West-coast orographic,13.5,10.404300261663796,8.825171088783499,5.724459117531905,5.21368192467851,5.724459117531905,0.010158253535092482,0.0
mumbai,2026-07-04,137.8,77.73084259033203,19.08,72.88,Active,1.0688503069577453,West-coast orographic,137.8,130.6907143721247,91.42423628014714,63.50051144076326,69.09391630870792,70.0,0.5898666299928922,1.0
nagpur,2026-07-04,22.0,8.537175178527832,21.15,79.09,Active,1.0688503069577453,Inland,22.0,17.831959827462114,14.219329389782377,0.8873487179933824,0.06662808978547176,0.8873487179933824,0.001960084240179105,0.0
panaji,2026-07-04,11.4,10.772080421447754,15.49,73.83,Active,1.0688503069577453,West-coast orographic,11.4,8.19807336807251,7.995963273048399,3.13377875535896,1.8290494092642908,3.13377875535896,0.002517119246252737,0.0
patna,2026-07-04,2.5,0.0,25.59,85.14,Active,1.0688503069577453,Inland,2.5,0.5240284428000449,0.500357136130333,0.907536814325726,0.08976768989546141,0.907536814325726,0.0010880802214970231,0.0
pune,2026-07-04,50.1,30.49721908569336,18.52,73.86,Active,1.0688503069577453,Inland,50.1,39.029936406519525,59.30182892060593,29.3319814025026,37.976657767651126,29.3319814025026,0.015246444267782698,0.0
raipur,2026-07-04,8.0,2.8961760997772217,21.25,81.63,Active,1.0688503069577453,Inland,8.0,4.796415031433107,3.5141219450079877,2.4575259005230103,2.0635680487167143,2.4575259005230103,0.011117933009115896,0.0
ranchi,2026-07-04,9.5,12.743487358093262,23.34,85.31,Active,1.0688503069577453,Inland,9.5,6.152029685974117,5.913101128109714,4.88765583149363,5.541485889264384,4.88765583149363,0.009110535110226525,0.0
shillong,2026-07-04,3.9000000000000004,0.0,25.58,91.89,Active,1.0688503069577453,Hill / Himalayan orographic,3.9000000000000004,1.3041959500312816,1.0615723698584318,5.350632355306856,4.622146938833418,5.350632355306856,0.0017145003382749119,0.0
shimla,2026-07-04,13.9,5.2446064949035645,31.1,77.17,Active,1.0688503069577453,Hill / Himalayan orographic,13.9,10.850334642583674,9.007670856319836,6.355493561845072,6.220000317979097,6.355493561845072,0.004116646021333553,0.0
srinagar,2026-07-04,0.0,0.0,34.08,74.8,Active,1.0688503069577453,Hill / Himalayan orographic,0.0,0.0,0.0,0.3405220747153489,0.0,0.3405220747153489,0.00032693439268062675,0.0
surat,2026-07-04,34.1,43.648895263671875,21.17,72.83,Active,1.0688503069577453,West-coast orographic,34.1,28.246124250048158,15.933059199433625,20.72426746290957,22.600605329190795,20.72426746290957,0.22074698423788439,0.0
thiruvananthapuram,2026-07-04,77.5,5.057985305786133,8.52,76.94,Active,1.0688503069577453,West-coast orographic,77.5,60.82270931148632,71.01130230360204,21.39061673386565,24.117498588904013,21.39061673386565,0.03380641725232497,1.0
varanasi,2026-07-04,1.8,0.0,25.32,82.97,Active,1.0688503069577453,Inland,1.8,0.17740967959165577,0.42640780210494994,1.2959765118383382,1.079899044807172,1.2959765118383382,0.00031128121241764034,0.0
vijayawada,2026-07-04,1.8,1.7078112363815308,16.51,80.65,Active,1.0688503069577453,Inland,1.8,0.17740967959165577,0.42640780210494994,0.6175161087272559,0.0,0.6175161087272559,0.00015657618080486106,0.0
visakhapatnam,2026-07-04,6.7,18.612306594848633,17.69,83.22,Active,1.0688503069577453,East coast,6.7,3.6668787787349197,2.1508729079184934,0.7864561631876408,0.00910720933363806,0.7864561631876408,0.004293682812591749,0.0
agartala,2026-07-05,1.2,15.828150749206543,23.83,91.29,Active,1.4021194786097175,Inland,1.2,0.0,0.008113720799766298,0.9609514150869239,0.34714778525424156,0.9609514150869239,0.0001923136029043199,0.0
ahmedabad,2026-07-05,54.4,24.592243194580078,23.02,72.57,Active,1.4021194786097175,Inland,54.4,41.357636059376695,61.931193548655195,35.26587242228926,59.66094922623991,35.26587242228926,0.03375748239701764,0.0
amritsar,2026-07-05,0.0,0.0,31.63,74.87,Active,1.4021194786097175,Inland,0.0,0.0,0.0,1.3852110804251438,1.2831990159540072,1.3852110804251438,0.000327466366297697,0.0
bengaluru,2026-07-05,1.2000000000000002,0.11143147945404053,12.97,77.59,Active,1.4021194786097175,Inland,1.2000000000000002,0.005690666679292944,0.008113720799766322,0.04653518481546118,0.0,0.04653518481546118,0.0001754475425567311,0.0
bhopal,2026-07-05,16.8,3.770632266998291,23.26,77.41,Active,1.4021194786097175,Inland,16.8,13.526546146604755,11.169570494645454,0.5716715584360552,0.0,0.5716715584360552,0.002379927286060772,0.0
bhubaneswar,2026-07-05,44.6,105.27037048339844,20.3,85.82,Active,1.4021194786097175,East coast,44.6,36.96673333273392,28.769303949704316,22.718402815429574,27.14010226726551,22.718402815429574,0.027632983967491597,0.0
chandigarh,2026-07-05,2.2,1.3646411895751953,30.73,76.78,Active,1.4021194786097175,Inland,2.2,0.332013232707978,0.4492859127842788,1.4804784603092305,1.5344212708373912,1.4804784603092305,0.00029544590651209816,0.0
chennai,2026-07-05,0.2,0.0,13.08,80.27,Active,1.4021194786097175,East coast,0.2,0.0,0.0,0.034844713702644185,0.0,0.034844713702644185,0.00017234160431388852,0.0
dehradun,2026-07-05,0.7000000000000001,0.07935666292905807,30.32,78.03,Active,1.4021194786097175,Hill / Himalayan orographic,0.7000000000000001,0.0,0.0,2.0867976044660796,1.348518248823426,2.0867976044660796,0.00027766014148401607,0.0
delhi,2026-07-05,0.8,0.21860823035240173,28.61,77.21,Active,1.4021194786097175,Inland,0.8,0.0,0.0,0.39994043627677234,0.0,0.39994043627677234,0.0002998028945309522,0.0
gangtok,2026-07-05,6.5,10.18986988067627,27.33,88.61,Active,1.4021194786097175,Hill / Himalayan orographic,6.5,3.435632050220782,2.1319512069761877,10.160028239762088,12.570784704635782,10.160028239762088,0.0010147050785911424,0.0
guwahati,2026-07-05,1.2000000000000002,0.0,26.14,91.74,Active,1.4021194786097175,Inland,1.2000000000000002,0.005690666679292944,0.008113720799766322,2.7381497285829814,2.1550693516023043,2.7381497285829814,0.0003100925955386578,0.0
hyderabad,2026-07-05,6.2,2.0512967109680176,17.39,78.49,Active,1.4021194786097175,Inland,6.2,3.187256124814352,1.9113458395004272,0.1867097527393672,0.0,0.1867097527393672,0.00030967840360921406,0.0
jabalpur,2026-07-05,6.300000000000001,4.07888650894165,23.18,79.95,Active,1.4021194786097175,Inland,6.300000000000001,3.252625004450481,1.9682559362942023,0.8620494135452474,0.002236532283887446,0.8620494135452474,0.0007073167526017813,0.0
jaipur,2026-07-05,0.0,0.0,26.91,75.79,Active,1.4021194786097175,Inland,0.0,0.0,0.0,0.07562817709707578,0.0,0.07562817709707578,0.00027714204923047107,0.0
jodhpur,2026-07-05,0.30000000000000004,36.03166580200195,26.24,73.02,Active,1.4021194786097175,Inland,0.30000000000000004,0.0,0.0,0.08472216529392293,0.0,0.08472216529392293,0.0002832751346680696,0.0
kochi,2026-07-05,19.5,8.015628814697266,9.93,76.27,Active,1.4021194786097175,West-coast orographic,19.5,15.714698072160992,12.287957177734375,1.7531064052470122,1.075951055266487,1.7531064052470122,0.001099914548964571,0.0
kolkata,2026-07-05,11.0,0.0450851246714592,22.57,88.36,Active,1.4021194786097175,East coast,11.0,7.807307485580445,6.192949036330232,0.7164528582064719,0.0003048715463897633,0.7164528582064719,0.008698067680354669,0.0
lucknow,2026-07-05,0.1,0.0,26.85,80.95,Active,1.4021194786097175,Inland,0.1,0.0,0.0,0.6358020972694796,0.0,0.6358020972694796,0.0002652349608540792,0.0
madurai,2026-07-05,0.0,0.0,9.93,78.12,Active,1.4021194786097175,Inland,0.0,0.0,0.0,0.025769540886907652,0.0,0.025769540886907652,0.0001769344077267844,0.0
mangaluru,2026-07-05,19.3,6.29337215423584,12.91,74.86,Active,1.4021194786097175,West-coast orographic,19.3,15.5584479032244,12.223532403564453,5.038886501440492,3.976029661405808,5.038886501440492,0.0017451772305759861,0.0
mumbai,2026-07-05,164.5,279.8037109375,19.08,72.88,Active,1.4021194786097175,West-coast orographic,164.5,173.5928536967533,258.89386435668257,63.08115538616904,68.93088182786306,70.0,0.5898666299928922,1.0
nagpur,2026-07-05,6.3,8.755402565002441,21.15,79.09,Active,1.4021194786097175,Inland,6.3,3.25262500445048,1.968255936294202,0.5223179369540663,0.0,0.5223179369540663,0.0004383734927688081,0.0
panaji,2026-07-05,116.0,32.936370849609375,15.49,73.83,Active,1.4021194786097175,West-coast orographic,116.0,95.66200136549905,75.84809545275687,46.27298035795762,61.880997253630056,70.0,0.4547207262674039,1.0
patna,2026-07-05,1.2,0.0,25.59,85.14,Active,1.4021194786097175,Inland,1.2,0.0,0.008113720799766298,0.8496174781936711,0.0005175783629440726,0.8496174781936711,0.0002701786383728466,0.0
pune,2026-07-05,27.5,30.92608642578125,18.52,73.86,Active,1.4021194786097175,Inland,27.5,23.155658648184637,15.02928171470223,1.5989217931914312,1.6578116060468664,1.5989217931914312,0.004485697761660912,0.0
raipur,2026-07-05,61.2,46.88864517211914,21.25,81.63,Active,1.4021194786097175,Inland,61.2,46.18752397548589,66.08925854184939,12.627343329295746,16.25889700539421,12.627343329295746,0.01133120972502389,0.0
ranchi,2026-07-05,7.4,5.793303966522217,23.34,85.31,Active,1.4021194786097175,Inland,7.4,4.378007864952091,2.785130532099586,3.210956009100308,2.8091588851440163,3.210956009100308,0.006389528047581492,0.0
shillong,2026-07-05,0.0,1.8098946809768677,25.58,91.89,Active,1.4021194786097175,Hill / Himalayan orographic,0.0,0.0,0.0,3.970118792143485,2.783014180657513,3.970118792143485,0.0002983052306221255,0.0
shimla,2026-07-05,2.5,1.883683204650879,31.1,77.17,Active,1.4021194786097175,Hill / Himalayan orographic,2.5,0.5240284428000449,0.48391470759271443,1.5926429302855942,1.0450005184348112,1.5926429302855942,0.0018861276024383594,0.0
srinagar,2026-07-05,0.0,0.0,34.08,74.8,Active,1.4021194786097175,Hill / Himalayan orographic,0.0,0.0,0.0,0.3405220747153489,0.0,0.3405220747153489,0.00032693439268062675,0.0
surat,2026-07-05,183.5,44.67294692993164,21.17,72.83,Active,1.4021194786097175,West-coast orographic,183.5,204.12246595023436,302.668310546875,63.41836432504481,69.06197969489887,70.0,0.5789416738779433,1.0
thiruvananthapuram,2026-07-05,26.5,7.179853916168213,8.52,76.94,Active,1.4021194786097175,West-coast orographic,26.5,22.12436589686657,13.909798445230901,0.3931435065431163,0.0,0.3931435065431163,0.003368001961448245,0.0
varanasi,2026-07-05,0.5,0.0,25.32,82.97,Active,1.4021194786097175,Inland,0.5,0.0,0.0,0.6753673413571832,0.0,0.6753673413571832,0.00031128121241764034,0.0
vijayawada,2026-07-05,0.3,2.7379250526428223,16.51,80.65,Active,1.4021194786097175,Inland,0.3,0.0,0.0,0.16117804133787458,0.0,0.16117804133787458,0.00015657618080486106,0.0
visakhapatnam,2026-07-05,13.3,12.158670425415039,17.69,83.22,Active,1.4021194786097175,East coast,13.3,10.06344575264275,8.76801384450463,0.3665540684247485,0.0,0.3665540684247485,0.005034743143173929,0.0
agartala,2026-07-06,3.3000000000000003,3.744765520095825,23.83,91.29,Active,1.5467701354487033,Inland,3.3000000000000003,0.9263178277015673,1.1035530177896673,2.499476560768331,2.0711928828413493,2.499476560768331,0.0008278079308451609,0.0
ahmedabad,2026-07-06,2.2,3.0015687942504883,23.02,72.57,Active,1.5467701354487033,Inland,2.2,0.332013232707978,0.4492859127842788,0.34622223089829357,0.0,0.34622223089829357,0.00033469653516498426,0.0
amritsar,2026-07-06,0.0,8.746225357055664,31.63,74.87,Active,1.5467701354487033,Inland,0.0,0.0,0.0,1.3852110804251438,1.2831990159540072,1.3852110804251438,0.000327466366297697,0.0
bengaluru,2026-07-06,0.0,0.0,12.97,77.59,Active,1.5467701354487033,Inland,0.0,0.0,0.0,0.009650234804944686,0.0,0.009650234804944686,0.0001754475425567311,0.0
bhopal,2026-07-06,3.2,7.837124824523926,23.26,77.41,Active,1.5467701354487033,Inland,3.2,0.8704909542202943,1.087256908416748,0.2862485523369862,0.0,0.2862485523369862,0.0019590281006589536,0.0
bhubaneswar,2026-07-06,53.4,11.373308181762695,20.3,85.82,Active,1.5467701354487033,East coast,53.4,40.70001536378965,63.30827248197439,31.540855790573133,47.65202168060883,31.540855790573133,0.030510043586204193,0.0
chandigarh,2026-07-06,0.6000000000000001,0.0,30.73,76.78,Active,1.5467701354487033,Inland,0.6000000000000001,0.0,0.0,1.478305828885058,1.5290790795187699,1.478305828885058,0.00029544590651209816,0.0
chennai,2026-07-06,0.0,0.0,13.08,80.27,Active,1.5467701354487033,East coast,0.0,0.0,0.0,0.00041462114662156114,0.0,0.00041462114662156114,0.00017234160431388852,0.0
dehradun,2026-07-06,6.8,1.2944092750549316,30.32,78.03,Active,1.5467701354487033,Hill / Himalayan orographic,6.8,3.7695924865201693,2.1704303734643027,8.558753482140444,10.129950027184721,8.558753482140444,0.0035221333562226046,0.0
delhi,2026-07-06,0.6000000000000001,8.187396049499512,28.61,77.21,Active,1.5467701354487033,Inland,0.6000000000000001,0.0,0.0,0.5351253695384748,0.0,0.5351253695384748,0.0002998028945309522,0.0
gangtok,2026-07-06,17.2,24.81777572631836,27.33,88.61,Active,1.5467701354487033,Hill / Himalayan orographic,17.2,13.971505842208867,11.469840747862673,13.079432038376044,14.126073109510836,13.079432038376044,0.0015816526070363832,0.0
guwahati,2026-07-06,6.6,3.4688775539398193,26.14,91.74,Active,1.5467701354487033,Inland,6.6,3.553270216354955,2.088869311291239,3.4467237922549954,3.6335319478341437,3.4467237922549954,0.0008497349886291782,0.0
hyderabad,2026-07-06,2.0,1.4726663827896118,17.39,78.49,Active,1.5467701354487033,Inland,2.0,0.2443139752000571,0.43155106306076046,0.331714816403114,0.0,0.331714816403114,0.0001533306986184369,0.0
jabalpur,2026-07-06,30.3,31.05483055114746,23.18,79.95,Active,1.5467701354487033,Inland,30.3,25.481006654875245,15.413398011597828,4.060060305808948,4.36006179837805,4.060060305808948,0.005995132498750995,0.0
jaipur,2026-07-06,0.7,13.077812194824219,26.91,75.79,Active,1.5467701354487033,Inland,0.7,0.0,0.0,0.19752932963881323,0.0,0.19752932963881323,0.00027714204923047107,0.0
jodhpur,2026-07-06,0.7000000000000001,11.959752082824707,26.24,73.02,Active,1.5467701354487033,Inland,0.7000000000000001,0.0,0.0,0.0436813087547664,0.0,0.0436813087547664,0.0002832751346680696,0.0
kochi,2026-07-06,2.1,0.7295737266540527,9.93,76.27,Active,1.5467701354487033,West-coast orographic,2.1,0.26388241648674027,0.4332741080969572,0.760531382844961,0.0045739605296058325,0.760531382844961,0.00018946654172717566,0.0
kolkata,2026-07-06,25.7,36.100093841552734,22.57,88.36,Active,1.5467701354487033,East coast,25.7,21.297201596159567,13.891269039216565,4.863199261818401,3.582713063485939,4.863199261818401,0.00673510212247321,0.0
lucknow,2026-07-06,1.2000000000000002,2.9143121242523193,26.85,80.95,Active,1.5467701354487033,Inland,1.2000000000000002,0.005690666679292944,0.008113720799766322,0.869164667780143,0.007381444361349189,0.869164667780143,0.0002652349608540792,0.0
madurai,2026-07-06,0.0,0.0,9.93,78.12,Active,1.5467701354487033,Inland,0.0,0.0,0.0,0.025769540886907652,0.0,0.025769540886907652,0.0001769344077267844,0.0
mangaluru,2026-07-06,7.0,26.8802490234375,12.91,74.86,Active,1.5467701354487033,West-coast orographic,7.0,3.9931640005111695,2.647651832287136,6.07468303280736,5.888690042501953,6.07468303280736,0.0015635063395649175,0.0
mumbai,2026-07-06,251.2,224.44537353515625,19.08,72.88,Active,1.5467701354487033,West-coast orographic,251.2,304.4551767161662,404.218310546875,63.08115538616904,68.93088182786306,70.0,0.5898666299928922,1.0
nagpur,2026-07-06,4.1,3.3707809448242188,21.15,79.09,Active,1.5467701354487033,Inland,4.1,1.5166005438566206,1.3137238125006359,0.31950284862104317,0.0,0.31950284862104317,0.0004383734927688081,0.0
panaji,2026-07-06,79.0,14.59585952758789,15.49,73.83,Active,1.5467701354487033,West-coast orographic,79.0,61.557248804792366,71.31473317819322,22.53205205808311,26.715888990411884,22.53205205808311,0.03645937957583116,1.0
patna,2026-07-06,1.8,8.327768325805664,25.59,85.14,Active,1.5467701354487033,Inland,1.8,0.17740967959165577,0.42640780210494994,1.5599649843234977,1.6391608893501324,1.5599649843234977,0.0002701786383728466,0.0
pune,2026-07-06,30.5,107.51600646972656,18.52,73.86,Active,1.5467701354487033,Inland,30.5,25.611756575703073,15.440834889947512,3.311825866145254,2.919229884655238,3.311825866145254,0.004361741777439477,0.0
raipur,2026-07-06,88.4,81.1670913696289,21.25,81.63,Active,1.5467701354487033,Inland,88.4,66.16036296284358,72.89697705782378,40.31408164715619,61.63660482482173,40.31408164715619,0.044689139029663046,1.0
ranchi,2026-07-06,18.2,18.790367126464844,23.34,85.31,Active,1.5467701354487033,Inland,18.2,14.711460753954373,13.47240744696723,1.729126402610878,1.7201475456029907,1.729126402610878,0.0018102229828042625,0.0
shillong,2026-07-06,3.0,8.386576652526855,25.58,91.89,Active,1.5467701354487033,Hill / Himalayan orographic,3.0,0.7665225777029995,0.5358208417892455,6.4996747697184105,6.262266159087685,6.4996747697184105,0.0018762882635946939,0.0
shimla,2026-07-06,0.9,0.9396337270736694,31.1,77.17,Active,1.5467701354487033,Hill / Himalayan orographic,0.9,0.0,0.0,2.8594542666519627,1.6232022162276833,2.8594542666519627,0.00031003256439277743,0.0
srinagar,2026-07-06,0.0,0.0,34.08,74.8,Active,1.5467701354487033,Hill / Himalayan orographic,0.0,0.0,0.0,0.3405220747153489,0.0,0.3405220747153489,0.00032693439268062675,0.0
surat,2026-07-06,5.8,15.444587707519531,21.17,72.83,Active,1.5467701354487033,West-coast orographic,5.8,2.9044514393806455,1.6582909027950183,0.4910420502031448,0.0,0.4910420502031448,0.005083923053319905,0.0
thiruvananthapuram,2026-07-06,1.1,0.0,8.52,76.94,Active,1.5467701354487033,West-coast orographic,1.1,0.0,0.0,0.021674803855779065,0.0,0.021674803855779065,0.00018374781149020522,0.0
varanasi,2026-07-06,6.8,0.0,25.32,82.97,Active,1.5467701354487033,Inland,6.8,3.7695924865201693,2.253492418372111,3.2227967072324732,2.819981694718116,3.2227967072324732,0.027334110048180496,0.0
vijayawada,2026-07-06,0.3,0.20831531286239624,16.51,80.65,Active,1.5467701354487033,Inland,0.3,0.0,0.0,0.16117804133787458,0.0,0.16117804133787458,0.00015657618080486106,0.0
visakhapatnam,2026-07-06,0.4,0.0,17.69,83.22,Active,1.5467701354487033,East coast,0.4,0.0,0.0,0.062041643967052,0.0,0.062041643967052,0.00016134297559564136,0.0
agartala,2026-07-07,9.3,44.33161926269531,23.83,91.29,Active,1.6729184991662882,Inland,9.3,5.962592380523681,5.841378135858853,2.323778175397917,2.0392584380297207,2.323778175397917,0.0052460062600305874,0.0
ahmedabad,2026-07-07,43.3,8.57674789428711,23.02,72.57,Active,1.6729184991662882,Inland,43.3,36.11056630324853,27.56965160369873,33.65581911261194,58.732050297899136,33.65581911261194,0.039161635078219056,0.0
amritsar,2026-07-07,0.0,0.0,31.63,74.87,Active,1.6729184991662882,Inland,0.0,0.0,0.0,1.3852110804251438,1.2831990159540072,1.3852110804251438,0.000327466366297697,0.0
bengaluru,2026-07-07,0.30000000000000004,0.0,12.97,77.59,Active,1.6729184991662882,Inland,0.30000000000000004,0.0,0.0,0.1128531007027466,0.0,0.1128531007027466,0.0001754475425567311,0.0
bhopal,2026-07-07,24.5,23.84457778930664,23.26,77.41,Active,1.6729184991662882,Inland,24.5,19.925117684943466,14.600618750170801,2.1367367143751164,2.005262307661611,2.1367367143751164,0.003467117100007732,0.0
bhubaneswar,2026-07-07,2.5,1.0263705253601074,20.3,85.82,Active,1.6729184991662882,East coast,2.5,0.5240284428000449,0.48391470759271443,0.09980035027582253,0.0,0.09980035027582253,0.000988811271048124,0.0
chandigarh,2026-07-07,4.6,3.8874194622039795,30.73,76.78,Active,1.6729184991662882,Inland,4.6,1.9335477888584138,1.4404794079257595,0.5496889746599062,0.0,0.5496889746599062,0.0006848177028990703,0.0
chennai,2026-07-07,0.0,0.0,13.08,80.27,Active,1.6729184991662882,East coast,0.0,0.0,0.0,0.00187347077919568,0.0,0.00187347077919568,0.00017234160431388852,0.0
dehradun,2026-07-07,18.9,1.2097418308258057,30.32,78.03,Active,1.6729184991662882,Hill / Himalayan orographic,18.9,15.24594756535121,12.102068050916804,7.477827120695581,8.625081570190103,7.477827120695581,0.0024307030533873173,0.0
delhi,2026-07-07,8.799999999999999,3.8314437866210938,28.61,77.21,Active,1.6729184991662882,Inland,8.799999999999999,5.383782277107239,5.552934666746151,1.280617455483144,1.0639212649518603,1.280617455483144,0.002805654259640167,0.0
gangtok,2026-07-07,14.9,43.831398010253906,27.33,88.61,Active,1.6729184991662882,Hill / Himalayan orographic,14.9,11.740357562417707,9.861667735869114,13.18423086865946,14.191300031161607,13.18423086865946,0.005634022299148774,0.0
guwahati,2026-07-07,9.6,3.7597126960754395,26.14,91.74,Active,1.6729184991662882,Inland,9.6,6.306799964904781,5.927135426538032,5.563164635563349,6.079710393939281,5.563164635563349,0.00563664285815275,0.0
hyderabad,2026-07-07,1.3,0.0,17.39,78.49,Active,1.6729184991662882,Inland,1.3,0.03046510603278878,0.05517981552308608,0.08567725531228583,0.0,0.08567725531228583,0.0001533306986184369,0.0
jabalpur,2026-07-07,66.2,21.08730125427246,23.18,79.95,Active,1.6729184991662882,Inland,66.2,51.306236789398994,67.82966433871692,31.943862782070873,50.477618345225245,31.943862782070873,0.03177282414756165,1.0
jaipur,2026-07-07,7.700000000000001,0.0,26.91,75.79,Active,1.6729184991662882,Inland,7.700000000000001,4.591997687816623,2.8528678865062065,2.180523144186462,2.013220806104045,2.180523144186462,0.0017484749972669152,0.0
jodhpur,2026-07-07,0.0,20.079835891723633,26.24,73.02,Active,1.6729184991662882,Inland,0.0,0.0,0.0,0.008845100976193853,0.0,0.008845100976193853,0.0002832751346680696,0.0
kochi,2026-07-07,3.5,0.47519829869270325,9.93,76.27,Active,1.6729184991662882,West-coast orographic,3.5,1.0762067855450164,1.0268502990520092,0.6654558881980039,0.0,0.6654558881980039,0.0011301726856771238,0.0
kolkata,2026-07-07,18.4,20.408246994018555,22.57,88.36,Active,1.6729184991662882,East coast,18.4,14.859451736303473,11.954940446986708,0.6895134476060969,5.3896164547298835e-05,0.6895134476060969,0.003532988127072213,0.0
lucknow,2026-07-07,0.5,0.0,26.85,80.95,Active,1.6729184991662882,Inland,0.5,0.0,0.0,0.9575948303140307,0.34059836489367296,0.9575948303140307,0.0002652349608540792,0.0
madurai,2026-07-07,0.0,0.0,9.93,78.12,Active,1.6729184991662882,Inland,0.0,0.0,0.0,0.03365401314109267,0.0,0.03365401314109267,0.0001769344077267844,0.0
mangaluru,2026-07-07,19.4,29.28797149658203,12.91,74.86,Active,1.6729184991662882,West-coast orographic,19.4,15.636572987692695,12.255744790649414,4.781353448915916,3.461469655538189,4.781353448915916,0.0017451772305759861,0.0
mumbai,2026-07-07,234.7,74.6938705444336,19.08,72.88,Active,1.6729184991662882,West-coast orographic,234.7,284.45712569778743,379.468310546875,63.08115538616904,68.93088182786306,70.0,0.5898666299928922,1.0
nagpur,2026-07-07,5.8,2.6193816661834717,21.15,79.09,Active,1.6729184991662882,Inland,5.8,2.9044514393806455,1.6332370330087889,0.5559745785956054,0.0,0.5559745785956054,0.0004383734927688081,0.0
panaji,2026-07-07,75.2,12.469501495361328,15.49,73.83,Active,1.6729184991662882,West-coast orographic,75.2,59.69641542175039,70.45582837736217,22.53205205808311,26.715888990411884,22.53205205808311,0.03645937957583116,1.0
patna,2026-07-07,16.9,9.43343734741211,25.59,85.14,Active,1.6729184991662882,Inland,16.9,13.637786070505781,11.665837301797408,2.629839818716375,2.1118912832618864,2.629839818716375,0.0014656221626440113,0.0
pune,2026-07-07,122.7,98.3946304321289,18.52,73.86,Active,1.6729184991662882,Inland,122.7,106.427706739095,102.78470547985775,71.65054045679267,72.86374289850886,71.65054045679267,0.39998672100320276,1.0
raipur,2026-07-07,12.8,69.33342742919922,21.25,81.63,Active,1.6729184991662882,Inland,12.8,9.456551547919062,9.485020464116877,1.1133022874569387,0.5840998765439479,1.1133022874569387,0.012231732111920935,0.0
ranchi,2026-07-07,30.3,33.06145477294922,23.34,85.31,Active,1.6729184991662882,Inland,30.3,25.481006654875245,15.413398011597828,6.863703545271256,8.691568150451886,6.863703545271256,0.003312027775139832,0.0
shillong,2026-07-07,4.3,12.454581260681152,25.58,91.89,Active,1.6729184991662882,Hill / Himalayan orographic,4.3,1.66472098171711,1.1788475234931877,5.443785342936737,4.739643904322577,5.443785342936737,0.0015037045407342035,0.0
shimla,2026-07-07,1.2,5.094241619110107,31.1,77.17,Active,1.6729184991662882,Hill / Himalayan orographic,1.2,0.0,0.0,2.8594542666519627,1.6232022162276833,2.8594542666519627,0.00031003256439277743,0.0
srinagar,2026-07-07,1.1,0.2525847554206848,34.08,74.8,Active,1.6729184991662882,Hill / Himalayan orographic,1.1,0.0,0.0,1.023179711223304,0.409918525252727,1.023179711223304,0.00032693439268062675,0.0
surat,2026-07-07,124.3,100.14783477783203,21.17,72.83,Active,1.6729184991662882,West-coast orographic,124.3,108.99862145517761,76.53657175501789,63.41836432504481,69.06197969489887,70.0,0.5789416738779433,1.0
thiruvananthapuram,2026-07-07,0.2,0.0,8.52,76.94,Active,1.6729184991662882,West-coast orographic,0.2,0.0,0.0,0.06757479686002837,0.0,0.06757479686002837,0.00018374781149020522,0.0
varanasi,2026-07-07,12.7,6.351717948913574,25.32,82.97,Active,1.6729184991662882,Inland,12.7,9.38916717905094,9.427268548445268,2.463662551113163,2.064683429083963,2.463662551113163,0.021253914919978353,0.0
vijayawada,2026-07-07,0.6000000000000001,0.0,16.51,80.65,Active,1.6729184991662882,Inland,0.6000000000000001,0.0,0.0,0.2529737627602424,0.0,0.2529737627602424,0.00015657618080486106,0.0
visakhapatnam,2026-07-07,0.2,0.0,17.69,83.22,Active,1.6729184991662882,East coast,0.2,0.0,0.0,0.04219421754038351,0.0,0.04219421754038351,0.00016134297559564136,0.0
agartala,2026-07-08,30.9,55.625244140625,23.83,91.29,Active,2.365458822164785,Inland,30.9,26.31987814750814,16.47937351976122,12.468562566528679,12.837150609727603,12.468562566528679,0.0071715669427169825,0.0
ahmedabad,2026-07-08,9.5,20.025482177734375,23.02,72.57,Active,2.365458822164785,Inland,9.5,6.441119795954493,6.938259843219541,6.130563991999096,8.186097578586141,6.130563991999096,0.010317595849574004,0.0
amritsar,2026-07-08,0.0,0.0,31.63,74.87,Active,2.365458822164785,Inland,0.0,0.0,0.0,0.27399304873264024,0.0,0.27399304873264024,0.0004198481160146516,0.0
bengaluru,2026-07-08,1.1,0.0,12.97,77.59,Active,2.365458822164785,Inland,1.1,0.0,0.0,0.14863234388475402,0.0,0.14863234388475402,0.00022148745455087904,0.0
bhopal,2026-07-08,50.0,10.550080299377441,23.26,77.41,Active,2.365458822164785,Inland,50.0,39.458715836898115,62.75476235357639,23.904848337067072,30.27297438804817,23.904848337067072,0.08871317103261048,0.0
bhubaneswar,2026-07-08,0.1,0.0,20.3,85.82,Active,2.365458822164785,East coast,0.1,0.0,0.0,0.22340852560919813,0.0,0.22340852560919813,0.00020492491056157123,0.0
chandigarh,2026-07-08,11.4,1.0541670322418213,30.73,76.78,Active,2.365458822164785,Inland,11.4,8.589699198583325,8.632961034774782,3.0218578407889063,2.7848220473222964,3.0218578407889063,0.001669962868255686,0.0
chennai,2026-07-08,0.6,0.0,13.08,80.27,Active,2.365458822164785,East coast,0.6,0.0,0.0,0.11326367438048233,0.0,0.11326367438048233,0.0002898462329493085,0.0
dehradun,2026-07-08,34.0,9.916584968566895,30.32,78.03,Active,2.365458822164785,Hill / Himalayan orographic,34.0,29.1069716421996,27.410646139792608,15.81035354363148,13.828351510982847,15.81035354363148,0.0329574477051678,0.0
delhi,2026-07-08,11.2,40.74845504760742,28.61,77.21,Active,2.365458822164785,Inland,11.2,8.375984517394816,8.59044354373011,2.8111682225295005,2.7173155503108672,2.8111682225295005,0.005124303605066156,0.0
gangtok,2026-07-08,4.6000000000000005,18.21010398864746,27.33,88.61,Active,2.365458822164785,Hill / Himalayan orographic,4.6000000000000005,1.8207280296087276,1.620949722528458,8.17666524680746,10.141486794229206,8.17666524680746,0.00025467644167690714,0.0
guwahati,2026-07-08,9.2,2.3417019844055176,26.14,91.74,Active,2.365458822164785,Inland,9.2,6.106641082763677,6.603610788072857,4.415022123031414,4.05544907321974,4.415022123031414,0.0012437733938611844,0.0
hyderabad,2026-07-08,3.4,0.8947138786315918,17.39,78.49,Active,2.365458822164785,Inland,3.4,0.9047135841846463,1.7069940612425054,1.0825533502169218,0.0957729693876926,1.0825533502169218,0.002741440772969925,0.0
jabalpur,2026-07-08,10.4,7.968966484069824,23.18,79.95,Active,2.365458822164785,Inland,10.4,7.508142185211182,8.143769005576333,4.2638485749564365,3.9059727585815938,4.2638485749564365,0.011701724291556529,0.0
jaipur,2026-07-08,9.0,0.4964376986026764,26.91,75.79,Active,2.365458822164785,Inland,9.0,5.849195301636397,6.3965422085353305,2.5488351926173647,2.3167937863228483,2.5488351926173647,0.001700017951394941,0.0
jodhpur,2026-07-08,1.4,0.027984824031591415,26.24,73.02,Active,2.365458822164785,Inland,1.4,0.023398713860660763,0.08680756770173706,0.1793234915645027,0.0,0.1793234915645027,0.00046250326987801996,0.0
kochi,2026-07-08,2.6,23.762950897216797,9.93,76.27,Active,2.365458822164785,West-coast orographic,2.6,0.4873050051927567,0.4983056247580438,4.641730284962572,3.200019055868701,4.641730284962572,0.007269768475715341,0.0
kolkata,2026-07-08,1.8,0.002423967234790325,22.57,88.36,Active,2.365458822164785,East coast,1.8,0.12723921835422525,0.3430440860986713,0.09449810306918749,0.0,0.09449810306918749,0.00012377495444895894,0.0
lucknow,2026-07-08,10.7,8.530146598815918,26.85,80.95,Active,2.365458822164785,Inland,10.7,7.852971593141555,8.404053385132237,11.006252198715815,12.639187015390592,11.006252198715815,0.010575284838545963,0.0
madurai,2026-07-08,0.1,0.0,9.93,78.12,Active,2.365458822164785,Inland,0.1,0.0,0.0,0.013285057730482048,0.0,0.013285057730482048,0.00018653004031384,0.0
mangaluru,2026-07-08,18.8,22.37748146057129,12.91,74.86,Active,2.365458822164785,West-coast orographic,18.8,15.722196727602295,12.69521193655852,16.731822200757872,16.45513161207016,16.731822200757872,0.021261630686448787,0.0
mumbai,2026-07-08,155.1,181.87255859375,19.08,72.88,Active,2.365458822164785,West-coast orographic,155.1,150.41047998936972,194.23622108420108,98.63605174175578,83.99077811480228,98.63605174175578,0.8579415400664789,1.0
nagpur,2026-07-08,12.2,15.774362564086914,21.15,79.09,Active,2.365458822164785,Inland,12.2,9.311286815757908,9.138508970087225,5.590935007455659,6.211952002626962,5.590935007455659,0.006068993593085815,0.0
panaji,2026-07-08,54.4,13.393777847290039,15.49,73.83,Active,2.365458822164785,West-coast orographic,54.4,41.68795874222464,65.52544965777142,13.626343615536717,12.871611097332586,13.626343615536717,0.01194488063409424,0.0
patna,2026-07-08,8.6,9.56016731262207,25.59,85.14,Active,2.365458822164785,Inland,8.6,5.3666628551483155,6.037196430645401,3.331720848351566,2.8774741453999813,3.331720848351566,0.0016154169539028202,0.0
pune,2026-07-08,74.9,84.62228393554688,18.52,73.86,Active,2.365458822164785,Inland,74.9,60.614927561104594,70.48826161373243,39.19558742880841,51.42832968909208,39.19558742880841,0.06389978353000504,1.0
raipur,2026-07-08,2.1,0.08476722985506058,21.25,81.63,Active,2.365458822164785,Inland,2.1,0.2041213072836399,0.49438510109679873,1.1586923147261323,0.1889293983316898,1.1586923147261323,0.00020322490267715183,0.0
ranchi,2026-07-08,0.7000000000000001,0.0529266856610775,23.34,85.31,Active,2.365458822164785,Inland,0.7000000000000001,0.0,0.0,0.4899005980565024,0.0,0.4899005980565024,0.0002053091458167785,0.0
shillong,2026-07-08,19.0,13.752472877502441,25.58,91.89,Active,2.365458822164785,Hill / Himalayan orographic,19.0,15.938214464358543,12.754673555142412,6.51911097105189,7.666480594378582,6.51911097105189,0.005099899802312142,0.0
shimla,2026-07-08,22.9,2.569981575012207,31.1,77.17,Active,2.365458822164785,Hill / Himalayan orographic,22.9,19.360266807717508,14.121089668335149,12.671195272404765,12.316939402749096,12.671195272404765,0.014669418532163504,0.0
srinagar,2026-07-08,0.0,0.0,34.08,74.8,Active,2.365458822164785,Hill / Himalayan orographic,0.0,0.0,0.0,0.12118375714307758,0.0,0.12118375714307758,0.0005055839969161929,0.0
surat,2026-07-08,78.4,188.0817413330078,21.17,72.83,Active,2.365458822164785,West-coast orographic,78.4,63.428303825789264,71.00873406279928,44.87358891441736,63.90473884111832,44.87358891441736,0.15028248187077542,1.0
thiruvananthapuram,2026-07-08,0.0,0.0,8.52,76.94,Active,2.365458822164785,West-coast orographic,0.0,0.0,0.0,0.04805108123582234,0.0,0.04805108123582234,0.00020131747062575818,0.0
varanasi,2026-07-08,3.2,0.28459903597831726,25.32,82.97,Active,2.365458822164785,Inland,3.2,0.8070016711950299,1.5693754827042332,0.9598846166869458,0.0789387208210703,0.9598846166869458,0.0030033871076065553,0.0
vijayawada,2026-07-08,0.5,0.0,16.51,80.65,Active,2.365458822164785,Inland,0.5,0.0,0.0,0.22225349221090243,0.0,0.22225349221090243,0.00022331965209063337,0.0
visakhapatnam,2026-07-08,0.8,0.23246969282627106,17.69,83.22,Active,2.365458822164785,East coast,0.8,0.0,0.0,0.14643718893069552,0.0,0.14643718893069552,0.00023446380953528488,0.0
agartala,2026-07-09,45.2,93.04306030273438,23.83,91.29,Active,2.111952559888446,Inland,45.2,37.40387633478953,36.73220840923575,17.272073774777,16.458640543292315,17.272073774777,0.006564787643832483,0.0
ahmedabad,2026-07-09,0.0,0.0,23.02,72.57,Active,2.111952559888446,Inland,0.0,0.0,0.0,0.11983624290409768,0.0,0.11983624290409768,0.00045031802761240266,0.0
amritsar,2026-07-09,0.2,0.32096749544143677,31.63,74.87,Active,2.111952559888446,Inland,0.2,0.0,0.0,0.8089980544400179,0.0004976352271069454,0.8089980544400179,0.0004198481160146516,0.0
bengaluru,2026-07-09,1.9000000000000001,0.0,12.97,77.59,Active,2.111952559888446,Inland,1.9000000000000001,0.14499993652105336,0.4558455933974339,0.5842978142730086,0.0,0.5842978142730086,0.00022148745455087904,0.0
bhopal,2026-07-09,39.6,1.8800252676010132,23.26,77.41,Active,2.111952559888446,Inland,39.6,34.09507122530232,30.307794489371414,17.683090823083383,16.83925458173145,17.683090823083383,0.08173769584784593,0.0
bhubaneswar,2026-07-09,0.4,0.028124909847974777,20.3,85.82,Active,2.111952559888446,East coast,0.4,0.0,0.0,0.3156467367340288,0.0,0.3156467367340288,0.00020492491056157123,0.0
chandigarh,2026-07-09,8.2,4.848339557647705,30.73,76.78,Active,2.111952559888446,Inland,8.2,4.994088191986088,5.489774497475212,1.7222273371758294,1.375633364792672,1.7222273371758294,0.0009963064857609846,0.0
chennai,2026-07-09,0.5,0.0,13.08,80.27,Active,2.111952559888446,East coast,0.5,0.0,0.0,0.05473612295088033,0.0,0.05473612295088033,0.0002898462329493085,0.0
dehradun,2026-07-09,22.0,80.94876861572266,30.32,78.03,Active,2.111952559888446,Hill / Himalayan orographic,22.0,18.69425320710653,13.837253900888244,10.378030030662217,11.99929695093285,10.378030030662217,0.013467281377676896,0.0
delhi,2026-07-09,68.1,65.7965316772461,28.61,77.21,Active,2.111952559888446,Inland,68.1,53.875218229564,69.4023695641934,25.384105551026312,30.836395993736495,25.384105551026312,0.0790683946501673,1.0
gangtok,2026-07-09,10.4,12.090680122375488,27.33,88.61,Active,2.111952559888446,Hill / Himalayan orographic,10.4,7.508142185211182,6.639304189588965,12.44942568788761,12.303127968694488,12.44942568788761,0.002363361133589213,0.0
guwahati,2026-07-09,15.899999999999999,9.824134826660156,26.14,91.74,Active,2.111952559888446,Inland,15.899999999999999,13.127070442311496,11.756212918569615,3.4039464151211853,2.9896494860478398,3.4039464151211853,0.0023515424861313664,0.0
hyderabad,2026-07-09,1.3,0.8431906700134277,17.39,78.49,Active,2.111952559888446,Inland,1.3,0.0045491855125873995,0.015962654883042098,0.2220285405833513,0.0,0.2220285405833513,0.00017575599644547207,0.0
jabalpur,2026-07-09,18.3,7.639697551727295,23.18,79.95,Active,2.111952559888446,Inland,18.3,15.182152385711674,12.843961005210877,7.164952337174083,9.013381744522686,7.164952337174083,0.017576326068961264,0.0
jaipur,2026-07-09,10.200000000000001,0.0,26.91,75.79,Active,2.111952559888446,Inland,10.200000000000001,7.351790315628052,7.953596621502887,2.9620594653002525,2.765662209787051,2.9620594653002525,0.002320122362333288,0.0
jodhpur,2026-07-09,1.1,0.0,26.24,73.02,Active,2.111952559888446,Inland,1.1,0.0,0.0,0.2569067009959876,0.0,0.2569067009959876,0.00046250326987801996,0.0
kochi,2026-07-09,1.1,7.8145318031311035,9.93,76.27,Active,2.111952559888446,West-coast orographic,1.1,0.0,0.0,2.050758381329198,1.0953506621932445,2.050758381329198,0.0003070470037315743,0.0
kolkata,2026-07-09,3.5,0.0723559707403183,22.57,88.36,Active,2.111952559888446,East coast,3.5,0.9815903496742246,1.0483016317231315,0.10613500486399291,0.0,0.10613500486399291,0.00205895768828029,0.0
lucknow,2026-07-09,14.0,8.001133918762207,26.85,80.95,Active,2.111952559888446,Inland,14.0,11.379047119362204,10.39022763662441,7.281430299330612,9.450870072381107,7.281430299330612,0.02961472379808474,0.0
madurai,2026-07-09,0.0,0.0,9.93,78.12,Active,2.111952559888446,Inland,0.0,0.0,0.0,0.00038185004855085896,0.0,0.00038185004855085896,0.00018653004031384,0.0
mangaluru,2026-07-09,9.1,7.657925128936768,12.91,74.86,Active,2.111952559888446,West-coast orographic,9.1,5.977918192200036,5.632672433633223,19.22972784388634,20.404722169667505,19.22972784388634,0.007265979939488857,0.0
mumbai,2026-07-09,33.3,108.25971221923828,19.08,72.88,Active,2.111952559888446,West-coast orographic,33.3,28.419784790865688,26.572174832864768,53.04733026897601,67.3928661044107,53.04733026897601,0.13624381748716638,0.0
nagpur,2026-07-09,9.0,14.64494514465332,21.15,79.09,Active,2.111952559888446,Inland,9.0,5.849195301636397,6.3965422085353305,4.427162071580922,4.089888742091414,4.427162071580922,0.002309979282342677,0.0
panaji,2026-07-09,26.900000000000002,2.384279727935791,15.49,73.83,Active,2.111952559888446,West-coast orographic,26.900000000000002,23.368684315281218,18.510136408349695,11.889835994732149,12.268277670528118,11.889835994732149,0.024551201532456306,0.0
patna,2026-07-09,4.0,6.818983554840088,25.59,85.14,Active,2.111952559888446,Inland,4.0,1.2814616608619689,1.7498735061781057,1.0371284178668885,0.09057762214277836,1.0371284178668885,0.0003194429954614211,0.0
pune,2026-07-09,18.6,15.35200309753418,18.52,73.86,Active,2.111952559888446,Inland,18.6,15.506178990846047,12.872274687490393,3.472277495238399,3.105764037649554,3.472277495238399,0.004320803944177775,0.0
raipur,2026-07-09,3.4000000000000004,0.07072243839502335,21.25,81.63,Active,2.111952559888446,Inland,3.4000000000000004,0.9047135841846466,1.7069940612425054,0.7354785309591059,0.0,0.7354785309591059,0.003488961926533981,0.0
ranchi,2026-07-09,1.8,0.0,23.34,85.31,Active,2.111952559888446,Inland,1.8,0.12723921835422525,0.43270829677581785,0.915822262029947,0.028453692712430798,0.915822262029947,0.0002053091458167785,0.0
shillong,2026-07-09,56.5,48.85114288330078,25.58,91.89,Active,2.111952559888446,Hill / Himalayan orographic,56.5,42.910997338206386,65.7193733309284,8.909870121131577,11.383734579355364,8.909870121131577,0.006065529821159054,0.0
shimla,2026-07-09,29.5,9.305025100708008,31.1,77.17,Active,2.111952559888446,Hill / Himalayan orographic,29.5,25.22210647000309,21.137068999191243,15.716491017982998,13.79732543820609,15.716491017982998,0.014038035137852132,0.0
srinagar,2026-07-09,0.1,0.6714110374450684,34.08,74.8,Active,2.111952559888446,Hill / Himalayan orographic,0.1,0.0,0.0,0.34921185411022254,0.0,0.34921185411022254,0.0005055839969161929,0.0
surat,2026-07-09,0.5,0.0,21.17,72.83,Active,2.111952559888446,West-coast orographic,0.5,0.0,0.0,2.0312295212736973,1.0870064493774343,2.0312295212736973,0.0005485665039442377,0.0
thiruvananthapuram,2026-07-09,0.1,0.0,8.52,76.94,Active,2.111952559888446,West-coast orographic,0.1,0.0,0.0,0.10266896955209825,0.0,0.10266896955209825,0.00020131747062575818,0.0
varanasi,2026-07-09,6.1000000000000005,0.006511717569082975,25.32,82.97,Active,2.111952559888446,Inland,6.1000000000000005,3.0855393457412683,2.650708436965943,1.7853941369896436,1.5084033309848428,1.7853941369896436,0.001461779135815167,0.0
vijayawada,2026-07-09,0.4,0.0,16.51,80.65,Active,2.111952559888446,Inland,0.4,0.0,0.0,0.22225349221090243,0.0,0.22225349221090243,0.00022331965209063337,0.0
visakhapatnam,2026-07-09,0.0,0.6386931538581848,17.69,83.22,Active,2.111952559888446,East coast,0.0,0.0,0.0,0.001020321978283882,0.0,0.001020321978283882,0.00023446380953528488,0.0
agartala,2026-07-10,34.6,18.856870651245117,23.83,91.29,Active,1.4050803220426669,Inland,34.6,29.695988943342957,21.278937382136373,15.270207532467854,13.665322959675498,15.270207532467854,0.006834368105222831,0.0
ahmedabad,2026-07-10,0.0,0.0,23.02,72.57,Active,1.4050803220426669,Inland,0.0,0.0,0.0,0.15712007196925243,0.0,0.15712007196925243,0.00045031802761240266,0.0
amritsar,2026-07-10,0.4,0.0,31.63,74.87,Active,1.4050803220426669,Inland,0.4,0.0,0.0,1.142995946149089,0.156666611839424,1.142995946149089,0.0004198481160146516,0.0
bengaluru,2026-07-10,3.8,0.0,12.97,77.59,Active,1.4050803220426669,Inland,3.8,1.1509113931655883,1.7355803578662388,0.8895269859974594,0.008093583097735058,0.8895269859974594,0.000715916541318791,0.0
bhopal,2026-07-10,1.1,0.25261861085891724,23.26,77.41,Active,1.4050803220426669,Inland,1.1,0.0,0.0,0.37806267337949445,0.0,0.37806267337949445,0.0001845397174877243,0.0
bhubaneswar,2026-07-10,0.30000000000000004,0.0,20.3,85.82,Active,1.4050803220426669,East coast,0.30000000000000004,0.0,0.0,0.44854800573496706,0.0,0.44854800573496706,0.00020492491056157123,0.0
chandigarh,2026-07-10,8.2,86.47807312011719,30.73,76.78,Active,1.4050803220426669,Inland,8.2,4.994088191986088,5.489774497475212,1.933978401448974,1.684160202878353,1.933978401448974,0.0009963064857609846,0.0
chennai,2026-07-10,7.6000000000000005,5.805654525756836,13.08,80.27,Active,1.4050803220426669,East coast,7.6000000000000005,4.608658878803255,3.8059415968313615,0.8563185950860324,0.005137485870518849,0.8563185950860324,0.0008943488879001453,0.0
dehradun,2026-07-10,46.3,22.782176971435547,30.32,78.03,Active,1.4050803220426669,Hill / Himalayan orographic,46.3,37.79120016191118,56.12665646448327,18.76527195808761,18.68457283672644,18.76527195808761,0.030675776762718647,0.0
delhi,2026-07-10,45.5,30.075075149536133,28.61,77.21,Active,1.4050803220426669,Inland,45.5,37.509510105822706,39.183875259088005,18.165924099285196,17.491674999320235,18.165924099285196,0.029890819167880448,0.0
gangtok,2026-07-10,14.200000000000001,21.951217651367188,27.33,88.61,Active,1.4050803220426669,Hill / Himalayan orographic,14.200000000000001,11.53849281248036,11.403053300818614,14.794175848962796,13.391126627369127,14.794175848962796,0.0026884792300554666,0.0
guwahati,2026-07-10,17.4,17.248029708862305,26.14,91.74,Active,1.4050803220426669,Inland,17.4,14.515916242599499,12.716375026352907,4.359097515015381,3.9316633819151248,4.359097515015381,0.002102862944099137,0.0
hyderabad,2026-07-10,0.6000000000000001,1.6898126602172852,17.39,78.49,Active,1.4050803220426669,Inland,0.6000000000000001,0.0,0.0,0.378783466392759,0.0,0.378783466392759,0.00017575599644547207,0.0
jabalpur,2026-07-10,16.4,0.9963657855987549,23.18,79.95,Active,1.4050803220426669,Inland,16.4,13.601259585797603,12.124543736337566,7.0187048208076535,8.748190006618536,7.0187048208076535,0.017576326068961264,0.0
jaipur,2026-07-10,6.5,0.0,26.91,75.79,Active,1.4050803220426669,Inland,6.5,3.4261727190017695,2.8327987360641944,1.2406723883554513,0.378412631373169,1.2406723883554513,0.0004730655580495712,0.0
jodhpur,2026-07-10,1.0,0.0,26.24,73.02,Active,1.4050803220426669,Inland,1.0,0.0,0.0,0.32225651425280577,0.0,0.32225651425280577,0.00046250326987801996,0.0
kochi,2026-07-10,21.3,10.433661460876465,9.93,76.27,Active,1.4050803220426669,West-coast orographic,21.3,17.939056596422006,13.789375585789767,10.90517755814378,12.196782928108906,10.90517755814378,0.012120790272139954,0.0
kolkata,2026-07-10,20.6,4.033361911773682,22.57,88.36,Active,1.4050803220426669,East coast,20.6,17.30870581788522,13.481421053288814,2.180760753132092,1.1508975529897658,2.180760753132092,0.0126309872167854,0.0
lucknow,2026-07-10,34.2,88.43318939208984,26.85,80.95,Active,1.4050803220426669,Inland,34.2,29.30331074258072,19.623890528093316,12.592396747250527,12.847066226437686,12.592396747250527,0.04880441507342771,0.0
madurai,2026-07-10,5.9,0.0,9.93,78.12,Active,1.4050803220426669,Inland,5.9,2.802784428596497,2.373049137353899,0.5436005536100401,0.0,0.5436005536100401,0.0005709829175523014,0.0
mangaluru,2026-07-10,54.9,6.506923675537109,12.91,74.86,Active,1.4050803220426669,West-coast orographic,54.9,41.9412817996481,65.57162196090404,27.40160357539357,31.003723089363966,27.40160357539357,0.014550144526042719,0.0
mumbai,2026-07-10,2.9000000000000004,0.6045691967010498,19.08,72.88,Active,1.4050803220426669,West-coast orographic,2.9000000000000004,0.6341490399837496,0.5501939102690272,12.29442018961937,12.293474488835676,12.29442018961937,0.028281947979541828,0.0
nagpur,2026-07-10,0.1,0.1647908240556717,21.15,79.09,Active,1.4050803220426669,Inland,0.1,0.0,0.0,0.5785820786274906,0.0,0.5785820786274906,0.0001638639202656923,0.0
panaji,2026-07-10,4.5,1.2222208976745605,15.49,73.83,Active,1.4050803220426669,West-coast orographic,4.5,1.7119255018234254,1.5780258825830384,10.473742633377908,12.035153890195517,10.473742633377908,0.002581079591859337,0.0
patna,2026-07-10,13.8,5.2292375564575195,25.59,85.14,Active,1.4050803220426669,Inland,13.8,11.219601426244049,10.240562396185739,6.3254973397138174,8.477930509475891,6.3254973397138174,0.004159219741407154,0.0
pune,2026-07-10,1.4000000000000001,0.1220024824142456,18.52,73.86,Active,1.4050803220426669,Inland,1.4000000000000001,0.023398713860660825,0.08680756770173706,2.01909390713126,1.815005999586588,2.01909390713126,0.0004968231930783045,0.0
raipur,2026-07-10,4.7,0.11867411434650421,21.25,81.63,Active,1.4050803220426669,Inland,4.7,1.929530557394029,1.934993248308699,1.0496329921377774,0.09136750410920738,1.0496329921377774,0.0011430626394645378,0.0
ranchi,2026-07-10,5.5,1.1706093549728394,23.34,85.31,Active,1.4050803220426669,Inland,5.5,2.584509019851685,2.175783551733278,2.0377630149742405,1.8355271809008178,2.0377630149742405,0.0007695441108875195,0.0
shillong,2026-07-10,34.4,9.2066068649292,25.58,91.89,Active,1.4050803220426669,Hill / Himalayan orographic,34.4,29.499649842961837,27.472369931204902,9.071942388220066,11.456468107839509,9.071942388220066,0.004428703610491902,0.0
shimla,2026-07-10,38.1,53.697959899902344,31.1,77.17,Active,1.4050803220426669,Hill / Himalayan orographic,38.1,32.87962955474855,32.85843949120325,13.200483114446625,12.59494094282308,13.200483114446625,0.011090980154559388,0.0
srinagar,2026-07-10,0.9,0.0,34.08,74.8,Active,1.4050803220426669,Hill / Himalayan orographic,0.9,0.0,0.0,1.0062305260942532,0.05882798432240907,1.0062305260942532,0.0005055839969161929,0.0
surat,2026-07-10,1.1,0.0,21.17,72.83,Active,1.4050803220426669,West-coast orographic,1.1,0.0,0.0,3.213606891609509,1.7014636140155286,3.213606891609509,0.0005485665039442377,0.0
thiruvananthapuram,2026-07-10,4.6,1.0561866760253906,8.52,76.94,Active,1.4050803220426669,West-coast orographic,4.6,1.8207280296087267,1.6209497225284575,1.3537793105355747,0.40302369714241043,1.3537793105355747,0.00048346378383178816,0.0
varanasi,2026-07-10,37.8,88.96619415283203,25.32,82.97,Active,1.4050803220426669,Inland,37.8,32.60901234785717,29.69996355995138,12.246174682855612,12.819343627821521,12.246174682855612,0.0405047136790047,0.0
vijayawada,2026-07-10,5.3999999999999995,0.020579295232892036,16.51,80.65,Active,1.4050803220426669,Inland,5.3999999999999995,2.5402121257781984,2.14056912655733,1.885400261794543,1.657402031064421,1.885400261794543,0.0007173794957815988,0.0
visakhapatnam,2026-07-10,1.1,0.0,17.69,83.22,Active,1.4050803220426669,East coast,1.1,0.0,0.0,0.24448221586062732,0.0,0.24448221586062732,0.00023446380953528488,0.0
agartala,2026-07-11,35.5,18.27634620666504,23.83,91.29,Normal,-0.3063106090041085,Inland,35.5,30.534280428356613,36.519488818117026,22.72573439440001,39.11687471282047,22.72573439440001,0.003434197015757991,0.0
ahmedabad,2026-07-11,0.1,0.0,23.02,72.57,Normal,-0.3063106090041085,Inland,0.1,0.0,0.0,0.2777162334289221,0.0,0.2777162334289221,0.00087039518509008,0.0
amritsar,2026-07-11,1.2999999999999998,23.050254821777344,31.63,74.87,Normal,-0.3063106090041085,Inland,1.2999999999999998,0.0,0.0,5.469398374593165,6.967528205030114,5.469398374593165,0.0025377409785294295,0.0
bengaluru,2026-07-11,5.0,0.052329983562231064,12.97,77.59,Normal,-0.3063106090041085,Inland,5.0,2.2055555164814002,2.479511050087174,2.0884397003254995,1.1217565378856205,2.0884397003254995,0.0011628381950721616,0.0
bhopal,2026-07-11,0.7,0.0,23.26,77.41,Normal,-0.3063106090041085,Inland,0.7,0.0,0.0,0.9595060721751398,0.0050486395194571185,0.9595060721751398,0.0005720902644248822,0.0
bhubaneswar,2026-07-11,6.1,22.28608512878418,20.3,85.82,Normal,-0.3063106090041085,East coast,6.1,3.0855393457412674,1.5241411208233115,5.466095001582805,7.947638274108617,5.466095001582805,0.0018170842769070442,0.0
chandigarh,2026-07-11,21.4,11.346734046936035,30.73,76.78,Normal,-0.3063106090041085,Inland,21.4,18.04694182651979,21.22626224600261,12.86767425325027,24.0780668683297,12.86767425325027,0.010046449636684326,0.0
chennai,2026-07-11,0.6000000000000001,0.0,13.08,80.27,Normal,-0.3063106090041085,East coast,0.6000000000000001,0.0,0.0,0.373003559980737,0.0,0.373003559980737,0.000305280007841622,0.0
dehradun,2026-07-11,7.3,18.544578552246094,30.32,78.03,Normal,-0.3063106090041085,Hill / Himalayan orographic,7.3,4.367172124385835,4.195291385650635,19.81279746259364,35.988957848927555,19.81279746259364,0.004431892909208527,0.0
delhi,2026-07-11,1.1,0.0,28.61,77.21,Normal,-0.3063106090041085,Inland,1.1,0.0,0.0,0.38285630540025833,0.0,0.38285630540025833,0.0010865645964439953,0.0
gangtok,2026-07-11,3.1999999999999997,7.856900691986084,27.33,88.61,Normal,-0.3063106090041085,Hill / Himalayan orographic,3.1999999999999997,0.8070016711950296,1.3423086643218989,10.626137805503957,13.030831536452958,10.626137805503957,0.002030227918729671,0.0
guwahati,2026-07-11,39.2,4.288941383361816,26.14,91.74,Normal,-0.3063106090041085,Inland,39.2,33.77095344648799,40.23149560823952,8.513313660642961,13.994235105645787,8.513313660642961,0.001225479782681198,0.0
hyderabad,2026-07-11,0.1,0.0,17.39,78.49,Normal,-0.3063106090041085,Inland,0.1,0.0,0.0,0.4879042276070969,0.0,0.4879042276070969,0.00037715235026467166,0.0
jabalpur,2026-07-11,1.4,3.7021167278289795,23.18,79.95,Normal,-0.3063106090041085,Inland,1.4,0.023398713860660763,0.03793830834329144,1.129638276939359,0.08627709547384219,1.129638276939359,0.00044891390196377277,0.0
jaipur,2026-07-11,0.0,0.0,26.91,75.79,Normal,-0.3063106090041085,Inland,0.0,0.0,0.0,0.10673782378066134,0.0,0.10673782378066134,0.0007471360739267228,0.0
jodhpur,2026-07-11,0.0,0.0,26.24,73.02,Normal,-0.3063106090041085,Inland,0.0,0.0,0.0,0.012829212593603508,0.0,0.012829212593603508,0.0010976833038743052,0.0
kochi,2026-07-11,39.1,41.68895721435547,9.93,76.27,Normal,-0.3063106090041085,West-coast orographic,39.1,33.6899240017844,19.292418445873125,19.23627921569289,19.70438568667773,19.23627921569289,0.017071255066840253,0.0
kolkata,2026-07-11,24.6,6.505245208740234,22.57,88.36,Normal,-0.3063106090041085,East coast,24.6,20.795486798539716,25.94613902876922,15.22471839599355,27.15757688659052,15.22471839599355,0.1870214120020444,0.0
lucknow,2026-07-11,18.3,39.648216247558594,26.85,80.95,Normal,-0.3063106090041085,Inland,18.3,15.182152385711674,17.480157644814305,11.418438145943494,22.324632033751776,11.418438145943494,0.00865184029854063,0.0
madurai,2026-07-11,4.5,0.0,9.93,78.12,Normal,-0.3063106090041085,Inland,4.5,1.7119255018234254,1.9473356580734247,0.8903773828184195,0.0,0.8903773828184195,0.0007202902141181071,0.0
mangaluru,2026-07-11,27.8,17.916208267211914,12.91,74.86,Normal,-0.3063106090041085,West-coast orographic,27.8,24.013096690352214,14.406556105811163,23.73643878028001,24.824186039532353,23.73643878028001,0.021431565970505835,0.0
mumbai,2026-07-11,2.4,0.0,19.08,72.88,Normal,-0.3063106090041085,West-coast orographic,2.4,0.4146018743515016,0.2601401653740278,14.197146878040789,14.789639923854558,14.197146878040789,0.09825351765056539,0.0
nagpur,2026-07-11,0.4,0.00425116578117013,21.15,79.09,Normal,-0.3063106090041085,Inland,0.4,0.0,0.0,1.5688584474776304,0.36540060093347426,1.5688584474776304,0.00055330374527776,0.0
panaji,2026-07-11,2.1,1.868302345275879,15.49,73.83,Normal,-0.3063106090041085,West-coast orographic,2.1,0.2041213072836399,0.12532350979745388,9.399332852840999,8.943596149689942,9.399332852840999,0.0006939635352528344,0.0
patna,2026-07-11,36.4,34.53827667236328,25.59,85.14,Normal,-0.3063106090041085,Inland,36.4,31.346132049030743,37.31698370039392,16.48766833615771,29.751784577098285,16.48766833615771,0.0037171666640803003,0.0
pune,2026-07-11,0.7000000000000001,0.0,18.52,73.86,Normal,-0.3063106090041085,Inland,0.7000000000000001,0.0,0.0,0.8350506029972072,0.0,0.8350506029972072,0.0011432096240845972,0.0
raipur,2026-07-11,0.4,0.0,21.25,81.63,Normal,-0.3063106090041085,Inland,0.4,0.0,0.0,0.46236540789259695,0.0,0.46236540789259695,0.00043222630503866535,0.0
ranchi,2026-07-11,17.0,12.209683418273926,23.34,85.31,Normal,-0.3063106090041085,Inland,17.0,14.19489782216718,15.678760027885438,16.81519986023382,30.14751326061281,16.81519986023382,0.004850759518004769,0.0
shillong,2026-07-11,25.400000000000002,4.709646701812744,25.58,91.89,Normal,-0.3063106090041085,Hill / Himalayan orographic,25.400000000000002,21.70895087856528,27.36633084330066,11.379393414166085,15.093152966140627,11.379393414166085,0.005785298856655571,0.0
shimla,2026-07-11,22.200000000000003,28.624568939208984,31.1,77.17,Normal,-0.3063106090041085,Hill / Himalayan orographic,22.200000000000003,18.910023667302113,24.1845232111525,22.065612758951417,39.021094317146506,22.065612758951417,0.012744433772904504,0.0
srinagar,2026-07-11,1.6,0.0,34.08,74.8,Normal,-0.3063106090041085,Hill / Himalayan orographic,1.6,0.07624499127268797,0.3395720553398133,2.9404585057905734,1.1668096068525557,2.9404585057905734,0.0017993104552881053,0.0
surat,2026-07-11,0.7000000000000001,1.387267827987671,21.17,72.83,Normal,-0.3063106090041085,West-coast orographic,0.7000000000000001,0.0,0.0,3.7595825369540816,3.2062122707481246,3.7595825369540816,0.001085375003741045,0.0
thiruvananthapuram,2026-07-11,2.1,0.9700886011123657,8.52,76.94,Normal,-0.3063106090041085,West-coast orographic,2.1,0.2041213072836399,0.12532350979745388,1.5541398532097321,0.509893519440911,1.5541398532097321,0.00023255503466334076,0.0
varanasi,2026-07-11,15.399999999999999,0.12365645170211792,25.32,82.97,Normal,-0.3063106090041085,Inland,15.399999999999999,12.679196996071713,13.581120566506888,9.898315024379691,17.67033950718987,9.898315024379691,0.07344359022745797,0.0
vijayawada,2026-07-11,0.2,0.0,16.51,80.65,Normal,-0.3063106090041085,Inland,0.2,0.0,0.0,0.574572094428555,0.0,0.574572094428555,0.0003490725038319706,0.0
visakhapatnam,2026-07-11,8.7,0.0,17.69,83.22,Normal,-0.3063106090041085,East coast,8.7,5.481437850985025,4.295571435107739,1.2912092845681633,0.3137664628412686,1.2912092845681633,0.015935416362226246,0.0
agartala,2026-07-12,43.1,10.346899032592773,23.83,91.29,Normal,-0.827121377230841,Inland,43.1,36.66443993755729,44.72633587888712,22.045151006454468,38.47764103516271,22.045151006454468,0.019432961781053186,0.0
ahmedabad,2026-07-12,0.0,0.0,23.02,72.57,Normal,-0.827121377230841,Inland,0.0,0.0,0.0,0.0,0.0,0.0,0.00038761953092052794,0.0
amritsar,2026-07-12,0.2,14.131348609924316,31.63,74.87,Normal,-0.827121377230841,Inland,0.2,0.0,0.0,1.3018010598947845,0.15340687055099453,1.3018010598947845,0.00028879136967556186,0.0
bengaluru,2026-07-12,0.2,0.0,12.97,77.59,Normal,-0.827121377230841,Inland,0.2,0.0,0.0,0.21257148438913556,0.0,0.21257148438913556,0.00016825617360952168,0.0
bhopal,2026-07-12,0.0,0.0,23.26,77.41,Normal,-0.827121377230841,Inland,0.0,0.0,0.0,0.3625636120474173,0.0,0.3625636120474173,0.00018138874575807632,0.0
bhubaneswar,2026-07-12,0.0,2.1515555381774902,20.3,85.82,Normal,-0.827121377230841,East coast,0.0,0.0,0.0,0.651893352452253,0.00033156888045668637,0.651893352452253,0.00014617798082109987,0.0
chandigarh,2026-07-12,9.8,0.0,30.73,76.78,Normal,-0.827121377230841,Inland,9.8,6.920521052148595,7.378717185258865,5.279038110480111,6.676081822583161,5.279038110480111,0.000690335397574182,0.0
chennai,2026-07-12,0.1,0.0,13.08,80.27,Normal,-0.827121377230841,East coast,0.1,0.0,0.0,0.18798661546082723,0.0,0.18798661546082723,0.0001746282469273533,0.0
dehradun,2026-07-12,13.7,7.084683895111084,30.32,78.03,Normal,-0.827121377230841,Hill / Himalayan orographic,13.7,11.13987857968497,13.161888933136987,29.50705144448466,44.91287594524512,29.50705144448466,0.007115997654427953,0.0
delhi,2026-07-12,1.1,0.0,28.61,77.21,Normal,-0.827121377230841,Inland,1.1,0.0,0.0,0.3256190091810044,0.0,0.3256190091810044,0.00013949262265934578,0.0
gangtok,2026-07-12,6.4,4.269769668579102,27.33,88.61,Normal,-0.827121377230841,Hill / Himalayan orographic,6.4,3.317319869995117,3.4137442617612517,20.66202129254364,36.9789334014544,20.66202129254364,0.00020474709059887389,0.0
guwahati,2026-07-12,25.1,6.848470687866211,26.14,91.74,Normal,-0.827121377230841,Inland,25.1,21.37634154480544,25.95842514972839,15.375104510565517,28.407567652423946,15.375104510565517,0.0015206723141871895,0.0
hyderabad,2026-07-12,0.0,0.0,17.39,78.49,Normal,-0.827121377230841,Inland,0.0,0.0,0.0,0.31347538327136304,0.0,0.31347538327136304,0.00014801388246146448,0.0
jabalpur,2026-07-12,0.7,0.0,23.18,79.95,Normal,-0.827121377230841,Inland,0.7,0.0,0.0,0.9511178360588792,0.0035761601385413564,0.9511178360588792,0.00016041111341380946,0.0
jaipur,2026-07-12,0.0,0.0,26.91,75.79,Normal,-0.827121377230841,Inland,0.0,0.0,0.0,0.07760908933032501,0.0,0.07760908933032501,0.0001345132621969818,0.0
jodhpur,2026-07-12,0.0,0.0,26.24,73.02,Normal,-0.827121377230841,Inland,0.0,0.0,0.0,0.0,0.0,0.0,0.000260082670264531,0.0
kochi,2026-07-12,9.5,9.340295791625977,9.93,76.27,Normal,-0.827121377230841,West-coast orographic,9.5,6.441119795954493,4.991382782799857,13.246455697178309,13.020456219018616,13.246455697178309,0.0014544281901134228,0.0
kolkata,2026-07-12,11.1,0.27348101139068604,22.57,88.36,Normal,-0.827121377230841,East coast,11.1,8.273967070325698,7.492018613815309,1.6615833255646235,1.1110906821290545,1.6615833255646235,0.002851834549879596,0.0
lucknow,2026-07-12,2.7,1.1969327926635742,26.85,80.95,Normal,-0.827121377230841,Inland,2.7,0.5571759271621698,0.6676501250267027,1.9295551633216326,0.8188119509758892,1.9295551633216326,0.0005219680051086999,0.0
madurai,2026-07-12,4.1,0.0,9.93,78.12,Normal,-0.827121377230841,Inland,4.1,1.4298129677772509,1.6044837999343882,0.7224625985609039,0.0,0.7224625985609039,0.00025537191493762935,0.0
mangaluru,2026-07-12,2.7,2.433096408843994,12.91,74.86,Normal,-0.827121377230841,West-coast orographic,2.7,0.5571759271621698,0.4100052152163739,12.400976982795,12.750225034345346,12.400976982795,0.013319719180254635,0.0
mumbai,2026-07-12,2.0,0.0,19.08,72.88,Normal,-0.827121377230841,West-coast orographic,2.0,0.16276065468788145,0.07907259155964039,8.679316055391736,8.007622663771421,8.679316055391736,0.0005197089255902366,0.0
nagpur,2026-07-12,1.7,0.0,21.15,79.09,Normal,-0.827121377230841,Inland,1.7,0.10093187183141705,0.11228836327791214,2.7568683687831226,2.3194033528464075,2.7568683687831226,0.00015689807478828918,0.0
panaji,2026-07-12,1.8,1.3444278240203857,15.49,73.83,Normal,-0.827121377230841,West-coast orographic,1.8,0.12723921835422525,0.006568540186386267,4.9208200490602785,4.607712269355514,4.9208200490602785,0.0004108742498771714,0.0
patna,2026-07-12,4.3,6.006288051605225,25.59,85.14,Normal,-0.827121377230841,Inland,4.3,1.5883568716049197,1.708409348726274,3.6619449932841857,3.8778641110640897,3.6619449932841857,0.00013324186686105034,0.0
pune,2026-07-12,0.5,0.0,18.52,73.86,Normal,-0.827121377230841,Inland,0.5,0.0,0.0,0.1209926449680974,0.0,0.1209926449680974,0.00032162863015173875,0.0
raipur,2026-07-12,0.0,0.4318348467350006,21.25,81.63,Normal,-0.827121377230841,Inland,0.0,0.0,0.0,0.20578231813557588,0.0,0.20578231813557588,0.0001499416478142807,0.0
ranchi,2026-07-12,0.7,0.21170674264431,23.34,85.31,Normal,-0.827121377230841,Inland,0.7,0.0,0.0,1.8266647174548183,0.6987359277593731,1.8266647174548183,0.0001336269926734908,0.0
shillong,2026-07-12,11.7,31.67928695678711,25.58,91.89,Normal,-0.827121377230841,Hill / Himalayan orographic,11.7,8.934993919724212,9.684987761354344,19.31990433446495,35.50691717855637,19.31990433446495,0.009474543815734895,0.0
shimla,2026-07-12,13.1,5.049696445465088,31.1,77.17,Normal,-0.827121377230841,Hill / Himalayan orographic,13.1,9.995956707000733,12.408658619195641,5.297715915451098,3.3822314684979227,5.297715915451098,0.0009412104465667501,0.0
srinagar,2026-07-12,18.0,0.7770425081253052,34.08,74.8,Normal,-0.827121377230841,Hill / Himalayan orographic,18.0,14.960073671340949,20.263341136600662,2.284702915804552,0.6773106583500743,2.284702915804552,0.0007722788163440312,0.0
surat,2026-07-12,0.4,0.0,21.17,72.83,Normal,-0.827121377230841,West-coast orographic,0.4,0.0,0.0,1.9244357879655118,0.6709553485843938,1.9244357879655118,0.0005198036038368298,0.0
thiruvananthapuram,2026-07-12,2.7,0.0,8.52,76.94,Normal,-0.827121377230841,West-coast orographic,2.7,0.5571759271621698,0.4100052152163739,1.8128234169561492,0.6027118517721156,1.8128234169561492,0.0006203137081608059,0.0
varanasi,2026-07-12,0.0,0.06392324715852737,25.32,82.97,Normal,-0.827121377230841,Inland,0.0,0.0,0.0,0.30884341773700097,0.0,0.30884341773700097,0.00021996329177935978,0.0
vijayawada,2026-07-12,0.0,0.0,16.51,80.65,Normal,-0.827121377230841,Inland,0.0,0.0,0.0,0.3696323699578802,0.0,0.3696323699578802,0.00014703916638062476,0.0
visakhapatnam,2026-07-12,0.0,0.0,17.69,83.22,Normal,-0.827121377230841,East coast,0.0,0.0,0.0,0.07956092886769921,0.0,0.07956092886769921,0.00023099635073837096,0.0
agartala,2026-07-13,38.0,26.885644912719727,23.83,91.29,Break,-1.1055749264503065,Inland,38.0,32.789423819118085,33.53598421773603,22.170009584410895,47.36897802737499,22.170009584410895,0.010078563980197625,0.0
ahmedabad,2026-07-13,0.0,0.0,23.02,72.57,Break,-1.1055749264503065,Inland,0.0,0.0,0.0,0.0034018523888656085,0.0,0.0034018523888656085,0.00036749576220097846,0.0
amritsar,2026-07-13,0.6000000000000001,5.106414318084717,31.63,74.87,Break,-1.1055749264503065,Inland,0.6000000000000001,0.0,0.0,0.8586183472750514,0.06899614965229772,0.8586183472750514,0.00023903037779750906,0.0
bengaluru,2026-07-13,0.1,0.0,12.97,77.59,Break,-1.1055749264503065,Inland,0.1,0.0,0.0,0.14990029545899947,0.0,0.14990029545899947,0.00011255555484784166,0.0
bhopal,2026-07-13,0.0,0.0,23.26,77.41,Break,-1.1055749264503065,Inland,0.0,0.0,0.0,0.262578305792156,0.0,0.262578305792156,0.00011898617885172788,0.0
bhubaneswar,2026-07-13,5.8999999999999995,0.11249963939189911,20.3,85.82,Break,-1.1055749264503065,East coast,5.8999999999999995,2.8027844285964956,2.342133318740903,7.698092396724957,13.61446015139749,7.698092396724957,0.00016848497414585127,0.0
chandigarh,2026-07-13,3.4,0.262224406003952,30.73,76.78,Break,-1.1055749264503065,Inland,3.4,0.9047135841846463,1.5665618761380513,2.0571654162894775,2.4589605527951366,2.0571654162894775,0.0005351983409154431,0.0
chennai,2026-07-13,0.0,0.0,13.08,80.27,Break,-1.1055749264503065,East coast,0.0,0.0,0.0,0.2195724238618434,0.0,0.2195724238618434,0.00010750521931541696,0.0
dehradun,2026-07-13,2.7,0.0,30.32,78.03,Break,-1.1055749264503065,Hill / Himalayan orographic,2.7,0.5571759271621698,0.4422762348550432,3.973817057851002,8.364803104229091,3.973817057851002,0.0005949950746157522,0.0
delhi,2026-07-13,0.0,0.0,28.61,77.21,Break,-1.1055749264503065,Inland,0.0,0.0,0.0,0.025069795317510343,0.0,0.025069795317510343,0.00011545399139493313,0.0
gangtok,2026-07-13,6.7,66.90032958984375,27.33,88.61,Break,-1.1055749264503065,Hill / Himalayan orographic,6.7,3.6438784170150744,2.953931911082867,17.910747347130215,16.242386599350464,17.910747347130215,0.00014995563783015245,0.0
guwahati,2026-07-13,71.2,25.364429473876953,26.14,91.74,Break,-1.1055749264503065,Inland,71.2,56.947732777766326,56.59026393363936,22.729637260945836,48.20841954217741,22.729637260945836,0.0054595806567512275,1.0
hyderabad,2026-07-13,0.0,0.0,17.39,78.49,Break,-1.1055749264503065,Inland,0.0,0.0,0.0,0.23760603106839068,0.0,0.23760603106839068,9.347909905813774e-05,0.0
jabalpur,2026-07-13,0.2,0.0,23.18,79.95,Break,-1.1055749264503065,Inland,0.2,0.0,0.0,0.5704644310080371,0.009323597755160135,0.5704644310080371,0.00010921753491562371,0.0
jaipur,2026-07-13,0.0,0.0,26.91,75.79,Break,-1.1055749264503065,Inland,0.0,0.0,0.0,0.025069795317510343,0.0,0.025069795317510343,0.00011133262384835423,0.0
jodhpur,2026-07-13,0.0,0.0,26.24,73.02,Break,-1.1055749264503065,Inland,0.0,0.0,0.0,0.0,0.0,0.0,0.0002451742183548976,0.0
kochi,2026-07-13,6.1,2.9396162033081055,9.93,76.27,Break,-1.1055749264503065,West-coast orographic,6.1,3.0855393457412674,2.42003582296969,9.776171280052143,14.424135787369114,9.776171280052143,0.00019896296635559956,0.0
kolkata,2026-07-13,0.0,0.0,22.57,88.36,Break,-1.1055749264503065,East coast,0.0,0.0,0.0,0.0016021280936062564,0.0,0.0016021280936062564,9.773974445953903e-05,0.0
lucknow,2026-07-13,0.30000000000000004,1.7858293056488037,26.85,80.95,Break,-1.1055749264503065,Inland,0.30000000000000004,0.0,0.0,0.5656147864085119,0.009025165241669669,0.5656147864085119,0.00010700912778993695,0.0
madurai,2026-07-13,0.0,0.0,9.93,78.12,Break,-1.1055749264503065,Inland,0.0,0.0,0.0,0.021580289959571664,0.0,0.021580289959571664,8.773285150121056e-05,0.0
mangaluru,2026-07-13,1.2,1.317975401878357,12.91,74.86,Break,-1.1055749264503065,West-coast orographic,1.2,0.0,0.003914769908267964,5.494267339665049,13.490163627684318,5.494267339665049,0.00030438960294394544,0.0
mumbai,2026-07-13,0.9,0.0,19.08,72.88,Break,-1.1055749264503065,West-coast orographic,0.9,0.0,0.0,4.14272463755989,8.572777415094333,4.14272463755989,0.000497355117596827,0.0
nagpur,2026-07-13,0.0,0.0,21.15,79.09,Break,-1.1055749264503065,Inland,0.0,0.0,0.0,0.7521379703818845,0.01614621413165159,0.7521379703818845,9.109694934858489e-05,0.0
panaji,2026-07-13,2.0,0.08892219513654709,15.49,73.83,Break,-1.1055749264503065,West-coast orographic,2.0,0.16276065468788145,0.23329693405896212,7.464030701304509,13.601258987819657,7.464030701304509,0.00030167164933344714,0.0
patna,2026-07-13,62.3,1.5568221807479858,25.59,85.14,Break,-1.1055749264503065,Inland,62.3,48.17953010194102,49.51648094193444,19.878818609905885,43.93219156561748,19.878818609905885,0.010122137774051649,0.0
pune,2026-07-13,0.0,0.0,18.52,73.86,Break,-1.1055749264503065,Inland,0.0,0.0,0.0,0.05328764910319766,0.0,0.05328764910319766,0.00023047056079065467,0.0
raipur,2026-07-13,0.1,0.0,21.25,81.63,Break,-1.1055749264503065,Inland,0.1,0.0,0.0,0.26715026118254054,0.0,0.26715026118254054,8.701416450784248e-05,0.0
ranchi,2026-07-13,0.4,0.0,23.34,85.31,Break,-1.1055749264503065,Inland,0.4,0.0,0.0,1.649106239314587,2.253009222506895,1.649106239314587,0.00010785720102622069,0.0
shillong,2026-07-13,16.700000000000003,23.133634567260742,25.58,91.89,Break,-1.1055749264503065,Hill / Himalayan orographic,16.700000000000003,13.898078703982394,13.091384130773362,14.782976535290159,14.755184930432558,14.782976535290159,0.0023806152063471442,0.0
shimla,2026-07-13,0.1,3.3621294498443604,31.1,77.17,Break,-1.1055749264503065,Hill / Himalayan orographic,0.1,0.0,0.0,0.7026929496061836,0.019568308837399444,0.7026929496061836,0.00014450268021145064,0.0
srinagar,2026-07-13,5.6,0.9774383902549744,34.08,74.8,Break,-1.1055749264503065,Hill / Himalayan orographic,5.6,2.628805913925171,2.2797500360103053,2.2989986275980367,2.673689838238908,2.2989986275980367,0.00040735400720871774,0.0
surat,2026-07-13,0.0,0.0,21.17,72.83,Break,-1.1055749264503065,West-coast orographic,0.0,0.0,0.0,1.551655437589276,1.5775094940247023,1.551655437589276,0.0004628582851303205,0.0
thiruvananthapuram,2026-07-13,1.9000000000000001,0.2437354326248169,8.52,76.94,Break,-1.1055749264503065,West-coast orographic,1.9000000000000001,0.14499993652105336,0.10261062204837856,1.1404367718235802,0.7938678550924512,1.1404367718235802,0.00012303037229056713,0.0
varanasi,2026-07-13,0.2,0.06392324715852737,25.32,82.97,Break,-1.1055749264503065,Inland,0.2,0.0,0.0,0.29425162494887674,0.0,0.29425162494887674,0.00014976708692642288,0.0
vijayawada,2026-07-13,0.0,0.0,16.51,80.65,Break,-1.1055749264503065,Inland,0.0,0.0,0.0,0.3152772649595995,0.0,0.3152772649595995,9.281703014049999e-05,0.0
visakhapatnam,2026-07-13,0.0,0.0,17.69,83.22,Break,-1.1055749264503065,East coast,0.0,0.0,0.0,0.10818725959188695,0.0,0.10818725959188695,0.0001422098196762949,0.0
agartala,2026-07-14,12.3,2.0595245361328125,23.83,91.29,Break,-1.9122740185606333,Inland,12.3,9.373265507906796,17.59829276485147,9.715159968751903,29.961158471013547,9.715159968751903,0.00045090200331167736,0.0
ahmedabad,2026-07-14,0.0,0.0,23.02,72.57,Break,-1.9122740185606333,Inland,0.0,0.0,0.0,0.0,0.0,0.0,0.00036749576220097846,0.0
amritsar,2026-07-14,0.0,0.0,31.63,74.87,Break,-1.9122740185606333,Inland,0.0,0.0,0.0,0.05970618706824381,0.0,0.05970618706824381,0.0002620324311033577,0.0
bengaluru,2026-07-14,0.0,0.0,12.97,77.59,Break,-1.9122740185606333,Inland,0.0,0.0,0.0,0.040217073182627995,0.0,0.040217073182627995,0.0001233883533446996,0.0
bhopal,2026-07-14,0.0,0.0,23.26,77.41,Break,-1.9122740185606333,Inland,0.0,0.0,0.0,0.19647858287610434,0.0,0.19647858287610434,0.0001304378056827462,0.0
bhubaneswar,2026-07-14,0.9,1.775295615196228,20.3,85.82,Break,-1.9122740185606333,East coast,0.9,0.0,0.0,1.4359325129136344,1.558969731887482,1.4359325129136344,0.00011695009307986989,0.0
chandigarh,2026-07-14,0.0,0.07798382639884949,30.73,76.78,Break,-1.9122740185606333,Inland,0.0,0.0,0.0,0.07430595861934053,0.0,0.07430595861934053,0.00012656571175160278,0.0
chennai,2026-07-14,0.0,0.0,13.08,80.27,Break,-1.9122740185606333,East coast,0.0,0.0,0.0,0.13186027455644192,0.0,0.13186027455644192,0.0001178520105342216,0.0
dehradun,2026-07-14,0.5,0.0,30.32,78.03,Break,-1.9122740185606333,Hill / Himalayan orographic,0.5,0.0,0.0,1.3024298152896607,1.3491541201068136,1.3024298152896607,0.00016242458110011368,0.0
delhi,2026-07-14,1.0,0.43721646070480347,28.61,77.21,Break,-1.9122740185606333,Inland,1.0,0.0,0.0,0.12047132375142995,0.0,0.12047132375142995,0.00012656571175160278,0.0
gangtok,2026-07-14,15.9,33.24650192260742,27.33,88.61,Break,-1.9122740185606333,Hill / Himalayan orographic,15.9,13.127070442311497,12.759785226381881,15.945127140406038,15.874639233918233,15.945127140406038,0.0006734252298362757,0.0
guwahati,2026-07-14,14.2,5.704363822937012,26.14,91.74,Break,-1.9122740185606333,Inland,14.2,11.538492812480358,19.033872628913556,6.8360629366662105,25.492078084170874,6.8360629366662105,0.0008686021407652981,0.0
hyderabad,2026-07-14,0.0,0.0,17.39,78.49,Break,-1.9122740185606333,Inland,0.0,0.0,0.0,0.1874933630074728,0.0,0.1874933630074728,0.00010247609102663966,0.0
jabalpur,2026-07-14,0.2,0.0,23.18,79.95,Break,-1.9122740185606333,Inland,0.2,0.0,0.0,0.49741406414445827,0.004004884354081202,0.49741406414445827,0.00011972910744145306,0.0
jaipur,2026-07-14,0.0,0.0,26.91,75.79,Break,-1.9122740185606333,Inland,0.0,0.0,0.0,0.015223748906535597,0.0,0.015223748906535597,0.0001220477369224964,0.0
jodhpur,2026-07-14,0.0,0.0,26.24,73.02,Break,-1.9122740185606333,Inland,0.0,0.0,0.0,0.0,0.0,0.0,0.00026876733861118786,0.0
kochi,2026-07-14,1.0,0.0,9.93,76.27,Break,-1.9122740185606333,West-coast orographic,1.0,0.0,0.0,2.6442128427892744,4.329133664382791,2.6442128427892744,0.0001403154151073235,0.0
kolkata,2026-07-14,28.0,0.41687384247779846,22.57,88.36,Break,-1.9122740185606333,East coast,28.0,24.155333135017024,16.54132581293761,6.052062787173113,13.521623491000684,6.052062787173113,0.03630010748408449,0.0
lucknow,2026-07-14,0.0,2.2982847690582275,26.85,80.95,Break,-1.9122740185606333,Inland,0.0,0.0,0.0,0.2964883467135061,0.0,0.2964883467135061,0.00011730817850581714,0.0
madurai,2026-07-14,0.1,0.0,9.93,78.12,Break,-1.9122740185606333,Inland,0.1,0.0,0.0,0.026387813911771172,0.0,0.026387813911771172,9.617684316340289e-05,0.0
mangaluru,2026-07-14,0.7000000000000001,0.21412521600723267,12.91,74.86,Break,-1.9122740185606333,West-coast orographic,0.7000000000000001,0.0,0.0,4.490565268148881,8.992044877402858,4.490565268148881,0.00033367911905170575,0.0
mumbai,2026-07-14,0.0,0.0,19.08,72.88,Break,-1.9122740185606333,West-coast orographic,0.0,0.0,0.0,2.176616252895808,2.367028243686501,2.176616252895808,0.000497355117596827,0.0
nagpur,2026-07-14,0.0,0.0,21.15,79.09,Break,-1.9122740185606333,Inland,0.0,0.0,0.0,0.6563622031659729,0.012948609851625244,0.6563622031659729,9.986469176823368e-05,0.0
panaji,2026-07-14,1.4000000000000001,0.0,15.49,73.83,Break,-1.9122740185606333,West-coast orographic,1.4000000000000001,0.023398713860660825,0.014714453614830418,4.115418218118897,8.539155278211988,4.115418218118897,0.00033069972020432716,0.0
patna,2026-07-14,18.5,3.2459020614624023,25.59,85.14,Break,-1.9122740185606333,Inland,18.5,15.398170122467922,24.265414105856376,5.203768929856859,22.843372043615886,5.203768929856859,0.0004384386554172058,0.0
pune,2026-07-14,0.0,0.0,18.52,73.86,Break,-1.9122740185606333,Inland,0.0,0.0,0.0,0.023899399896921397,0.0,0.023899399896921397,0.000252649105335537,0.0
raipur,2026-07-14,0.1,0.0,21.25,81.63,Break,-1.9122740185606333,Inland,0.1,0.0,0.0,0.21794960033762287,0.0,0.21794960033762287,9.538899156465939e-05,0.0
ranchi,2026-07-14,0.1,0.0,23.34,85.31,Break,-1.9122740185606333,Inland,0.1,0.0,0.0,1.2400151431048185,1.5202241891754682,1.2400151431048185,0.00011823786455972034,0.0
shillong,2026-07-14,8.3,1.6620429754257202,25.58,91.89,Break,-1.9122740185606333,Hill / Himalayan orographic,8.3,5.087231857776646,4.589458772876251,15.149417465835253,14.824272153823651,15.149417465835253,0.011428308636559534,0.0
shimla,2026-07-14,0.1,0.0,31.1,77.17,Break,-1.9122740185606333,Hill / Himalayan orographic,0.1,0.0,0.0,0.5192376989187257,0.0059388207003095205,0.5192376989187257,0.0001584097111972597,0.0
srinagar,2026-07-14,0.7,0.0,34.08,74.8,Break,-1.9122740185606333,Hill / Himalayan orographic,0.7,0.0,0.0,0.3712338975815643,0.0,0.3712338975815643,0.00030125447853878123,0.0
surat,2026-07-14,0.0,0.0,21.17,72.83,Break,-1.9122740185606333,West-coast orographic,0.0,0.0,0.0,1.384128056628692,1.5250373006133393,1.384128056628692,0.0004628582851303205,0.0
thiruvananthapuram,2026-07-14,1.1,0.2437354326248169,8.52,76.94,Break,-1.9122740185606333,West-coast orographic,1.1,0.0,0.0,0.31882246696556277,0.0,0.31882246696556277,0.0001348711732892382,0.0
varanasi,2026-07-14,0.0,0.06392324715852737,25.32,82.97,Break,-1.9122740185606333,Inland,0.0,0.0,0.0,0.16878410981811234,0.0,0.16878410981811234,0.00016418068460997512,0.0
vijayawada,2026-07-14,0.0,0.0,16.51,80.65,Break,-1.9122740185606333,Inland,0.0,0.0,0.0,0.2530797892106347,0.0,0.2530797892106347,0.00010175030708982513,0.0
visakhapatnam,2026-07-14,1.1,0.0,17.69,83.22,Break,-1.9122740185606333,East coast,1.1,0.0,0.0,0.6172374455229968,0.013259756022990088,0.6172374455229968,0.0001558962186939012,0.0
agartala,2026-07-15,0.4,5.360017776489258,23.83,91.29,Break,-1.7723919026454453,Inland,0.4,0.0,0.0,3.3150101147625666,4.658559490393202,3.3150101147625666,8.85956078612663e-05,0.0
ahmedabad,2026-07-15,0.6000000000000001,0.0,23.02,72.57,Break,-1.7723919026454453,Inland,0.6000000000000001,0.0,0.0,0.1834766278162317,0.0,0.1834766278162317,0.0001255118435942208,0.0
amritsar,2026-07-15,0.0,6.963292121887207,31.63,74.87,Break,-1.7723919026454453,Inland,0.0,0.0,0.0,0.3105644451827806,0.0,0.3105644451827806,0.00010610095603994733,0.0
bengaluru,2026-07-15,0.0,0.0,12.97,77.59,Break,-1.7723919026454453,Inland,0.0,0.0,0.0,0.02723308255929282,0.0,0.02723308255929282,5.700040464380987e-05,0.0
bhopal,2026-07-15,0.0,0.0,23.26,77.41,Break,-1.7723919026454453,Inland,0.0,0.0,0.0,0.181423965853167,0.0,0.181423965853167,7.343745869115188e-05,0.0
bhubaneswar,2026-07-15,102.5,30.727336883544922,20.3,85.82,Break,-1.7723919026454453,East coast,102.5,83.14444702794717,41.77982650263846,56.415246605714124,74.09927106573551,56.415246605714124,0.08619849165416037,1.0
chandigarh,2026-07-15,0.0,0.0,30.73,76.78,Break,-1.7723919026454453,Inland,0.0,0.0,0.0,0.5528260538508222,0.10647945287402517,0.5528260538508222,0.00015301677481881584,0.0
chennai,2026-07-15,0.0,0.0,13.08,80.27,Break,-1.7723919026454453,East coast,0.0,0.0,0.0,0.16708309575029479,0.0,0.16708309575029479,6.228722860538455e-05,0.0
dehradun,2026-07-15,2.6999999999999997,0.2884540557861328,30.32,78.03,Break,-1.7723919026454453,Hill / Himalayan orographic,2.6999999999999997,0.609375378489494,0.44227623485504314,3.4228305178962923,5.710783752032484,3.4228305178962923,0.00014743718734509814,0.0
delhi,2026-07-15,1.6,0.13008363544940948,28.61,77.21,Break,-1.7723919026454453,Inland,1.6,0.08619182333350191,0.014583771834450393,1.096946075412517,0.6104389759171778,1.096946075412517,0.00012224285288559906,0.0
gangtok,2026-07-15,5.3,10.204550743103027,27.33,88.61,Break,-1.7723919026454453,Hill / Himalayan orographic,5.3,2.5482664775848387,2.0729704308509835,11.02669175473101,14.472293208202125,11.02669175473101,0.00010405385565909737,0.0
guwahati,2026-07-15,28.0,0.664082944393158,26.14,91.74,Break,-1.7723919026454453,Inland,28.0,24.14133128619358,29.250897247560562,9.75741454369105,28.43217677718051,9.75741454369105,0.002218938793946314,0.0
hyderabad,2026-07-15,0.0,0.0,17.39,78.49,Break,-1.7723919026454453,Inland,0.0,0.0,0.0,0.28396345752450003,0.0,0.28396345752450003,6.722871181717205e-05,0.0
jabalpur,2026-07-15,0.0,0.0,23.18,79.95,Break,-1.7723919026454453,Inland,0.0,0.0,0.0,0.37649304952957635,0.0,0.37649304952957635,8.355752749510336e-05,0.0
jaipur,2026-07-15,0.0,0.0,26.91,75.79,Break,-1.7723919026454453,Inland,0.0,0.0,0.0,0.09351545664350394,0.0,0.09351545664350394,7.809764631840007e-05,0.0
jodhpur,2026-07-15,0.0,0.0,26.24,73.02,Break,-1.7723919026454453,Inland,0.0,0.0,0.0,0.011808030834874536,0.0,0.011808030834874536,0.00011174068911519345,0.0
kochi,2026-07-15,0.6000000000000001,1.5681251287460327,9.93,76.27,Break,-1.7723919026454453,West-coast orographic,0.6000000000000001,0.0,0.0,1.584775474612296,1.5333959100960752,1.584775474612296,7.617723025463408e-05,0.0
kolkata,2026-07-15,11.2,4.1593451499938965,22.57,88.36,Break,-1.7723919026454453,East coast,11.2,8.472785410881041,10.16208680899282,3.78739115124659,8.581875797193693,3.78739115124659,0.0007497546556832297,0.0
lucknow,2026-07-15,0.0,0.0,26.85,80.95,Break,-1.7723919026454453,Inland,0.0,0.0,0.0,0.27622908798611523,0.0,0.27622908798611523,8.917901459062417e-05,0.0
madurai,2026-07-15,0.0,0.0,9.93,78.12,Break,-1.7723919026454453,Inland,0.0,0.0,0.0,0.03134482918887961,0.0,0.03134482918887961,7.797360913425003e-05,0.0
mangaluru,2026-07-15,0.7000000000000001,0.3188898265361786,12.91,74.86,Break,-1.7723919026454453,West-coast orographic,0.7000000000000001,0.0,0.0,2.1079739424896338,2.3327817290837847,2.1079739424896338,7.864155412388502e-05,0.0
mumbai,2026-07-15,4.7,1.0189532041549683,19.08,72.88,Break,-1.7723919026454453,West-coast orographic,4.7,2.0578030252456667,1.574678491951892,7.772554337143964,13.598585216400652,7.772554337143964,0.00015863362020550255,0.0
nagpur,2026-07-15,0.0,0.0,21.15,79.09,Break,-1.7723919026454453,Inland,0.0,0.0,0.0,0.38086068720716565,0.0,0.38086068720716565,7.752902598785757e-05,0.0
panaji,2026-07-15,1.4,0.5874671936035156,15.49,73.83,Break,-1.7723919026454453,West-coast orographic,1.4,0.039842675775289535,0.014714453614830406,1.0379173352234183,0.47492378290957693,1.0379173352234183,9.052403547020153e-05,0.0
patna,2026-07-15,1.5,0.0,25.59,85.14,Break,-1.7723919026454453,Inland,1.5,0.05759418826550252,0.009955170932075666,1.3140821460897314,0.7948309068916213,1.3140821460897314,0.00010407754115263004,0.0
pune,2026-07-15,1.0,0.0,18.52,73.86,Break,-1.7723919026454453,Inland,1.0,0.0,0.0,0.28946549213686273,0.0,0.28946549213686273,6.93458193859197e-05,0.0
raipur,2026-07-15,0.2,11.117315292358398,21.25,81.63,Break,-1.7723919026454453,Inland,0.2,0.0,0.0,0.6078212041630551,0.15620874753558675,0.6078212041630551,0.00011793451162890999,0.0
ranchi,2026-07-15,0.7,2.674654483795166,23.34,85.31,Break,-1.7723919026454453,Inland,0.7,0.0,0.0,1.4762793525422517,1.7286601335179181,1.4762793525422517,9.140627453670768e-05,0.0
shillong,2026-07-15,12.600000000000001,3.1769752502441406,25.58,91.89,Break,-1.7723919026454453,Hill / Himalayan orographic,12.600000000000001,9.649301514625549,11.2175533959895,8.4212881109582,13.631399421751631,8.4212881109582,0.0017532745093514674,0.0
shimla,2026-07-15,0.0,0.0,31.1,77.17,Break,-1.7723919026454453,Hill / Himalayan orographic,0.0,0.0,0.0,0.46217642077740995,0.0019238900155629658,0.46217642077740995,0.00011061205498445003,0.0
srinagar,2026-07-15,0.0,0.0,34.08,74.8,Break,-1.7723919026454453,Hill / Himalayan orographic,0.0,0.0,0.0,0.09655768736829146,0.0,0.09655768736829146,0.00011021619972364473,0.0
surat,2026-07-15,3.5,2.774535655975342,21.17,72.83,Break,-1.7723919026454453,West-coast orographic,3.5,1.0823802161216736,0.8119426783148224,3.3366853177223135,4.985783054509248,3.3366853177223135,0.00015030331697266203,0.0
thiruvananthapuram,2026-07-15,0.30000000000000004,0.0,8.52,76.94,Break,-1.7723919026454453,West-coast orographic,0.30000000000000004,0.0,0.0,0.2389733744392796,0.0,0.2389733744392796,8.05945847800725e-05,0.0
varanasi,2026-07-15,0.2,0.0769466757774353,25.32,82.97,Break,-1.7723919026454453,Inland,0.2,0.0,0.0,0.2043839201928021,0.0,0.2043839201928021,0.00015535695370933567,0.0
vijayawada,2026-07-15,0.0,0.0,16.51,80.65,Break,-1.7723919026454453,Inland,0.0,0.0,0.0,0.3516054436649272,0.0,0.3516054436649272,7.632303673980671e-05,0.0
visakhapatnam,2026-07-15,0.4,0.0,17.69,83.22,Break,-1.7723919026454453,East coast,0.4,0.0,0.0,0.49148584933644757,0.012976453672198254,0.49148584933644757,8.579930110639861e-05,0.0
agartala,2026-07-16,2.1999999999999997,25.31855583190918,23.83,91.29,Break,-1.6329059391256981,Inland,2.1999999999999997,0.3076112276315686,0.42508701929231973,6.432548632305927,24.174939674241898,6.432548632305927,8.85956078612663e-05,0.0
ahmedabad,2026-07-16,0.5,1.949620008468628,23.02,72.57,Break,-1.6329059391256981,Inland,0.5,0.0,0.0,0.09946079845903254,0.0,0.09946079845903254,0.0001255118435942208,0.0
amritsar,2026-07-16,0.2,0.0,31.63,74.87,Break,-1.6329059391256981,Inland,0.2,0.0,0.0,0.8826535154822218,0.49338415966182336,0.8826535154822218,0.00010610095603994733,0.0
bengaluru,2026-07-16,0.0,0.0,12.97,77.59,Break,-1.6329059391256981,Inland,0.0,0.0,0.0,0.02723308255929282,0.0,0.02723308255929282,5.700040464380987e-05,0.0
bhopal,2026-07-16,0.2,0.0,23.26,77.41,Break,-1.6329059391256981,Inland,0.2,0.0,0.0,0.3010359033360456,0.0,0.3010359033360456,7.343745869115188e-05,0.0
bhubaneswar,2026-07-16,150.9,64.41754913330078,20.3,85.82,Break,-1.6329059391256981,East coast,150.9,143.60245882905215,74.70611184743268,84.64406124556946,135.77752211271186,64.0,0.2718992896471274,1.0
chandigarh,2026-07-16,0.0,0.0,30.73,76.78,Break,-1.6329059391256981,Inland,0.0,0.0,0.0,0.5528260538508222,0.10647945287402517,0.5528260538508222,0.00015301677481881584,0.0
chennai,2026-07-16,0.0,0.0,13.08,80.27,Break,-1.6329059391256981,East coast,0.0,0.0,0.0,0.16708309575029479,0.0,0.16708309575029479,6.228722860538455e-05,0.0
dehradun,2026-07-16,0.5,18.236236572265625,30.32,78.03,Break,-1.6329059391256981,Hill / Himalayan orographic,0.5,0.0,0.0,1.1999508231367109,0.6421818698634981,1.1999508231367109,0.00014743718734509814,0.0
delhi,2026-07-16,0.1,0.0,28.61,77.21,Break,-1.6329059391256981,Inland,0.1,0.0,0.0,0.27017733870610916,0.0,0.27017733870610916,0.00012224285288559906,0.0
gangtok,2026-07-16,3.5000000000000004,35.16140365600586,27.33,88.61,Break,-1.6329059391256981,Hill / Himalayan orographic,3.5000000000000004,1.0823802161216738,0.8119426783148229,10.126719140360663,14.393283823040555,10.126719140360663,0.00010405385565909737,0.0
guwahati,2026-07-16,8.6,0.9522051215171814,26.14,91.74,Break,-1.6329059391256981,Inland,8.6,5.573533646265666,9.859602893416287,7.1027982303477035,25.03314314261107,7.1027982303477035,0.0011297178944845087,0.0
hyderabad,2026-07-16,0.2,0.0,17.39,78.49,Break,-1.6329059391256981,Inland,0.2,0.0,0.0,0.4543627892196271,0.0,0.4543627892196271,6.722871181717205e-05,0.0
jabalpur,2026-07-16,0.0,1.2264856100082397,23.18,79.95,Break,-1.6329059391256981,Inland,0.0,0.0,0.0,0.37649304952957635,0.0,0.37649304952957635,8.355752749510336e-05,0.0
jaipur,2026-07-16,0.0,0.0,26.91,75.79,Break,-1.6329059391256981,Inland,0.0,0.0,0.0,0.09351545664350394,0.0,0.09351545664350394,7.809764631840007e-05,0.0
jodhpur,2026-07-16,0.0,0.0,26.24,73.02,Break,-1.6329059391256981,Inland,0.0,0.0,0.0,0.011808030834874536,0.0,0.011808030834874536,0.00011174068911519345,0.0
kochi,2026-07-16,0.30000000000000004,0.0,9.93,76.27,Break,-1.6329059391256981,West-coast orographic,0.30000000000000004,0.0,0.0,1.2965508138159056,0.7336431840028215,1.2965508138159056,7.617723025463408e-05,0.0
kolkata,2026-07-16,4.7,0.08599886298179626,22.57,88.36,Break,-1.6329059391256981,East coast,4.7,2.0578030252456667,1.574678491951892,1.8590359030501495,1.984333905441705,1.8590359030501495,9.170691134824488e-05,0.0
lucknow,2026-07-16,1.0,3.700467348098755,26.85,80.95,Break,-1.6329059391256981,Inland,1.0,0.0,0.0,0.7857307685900765,0.3792064247638565,0.7857307685900765,8.917901459062417e-05,0.0
madurai,2026-07-16,0.0,0.0,9.93,78.12,Break,-1.6329059391256981,Inland,0.0,0.0,0.0,0.03134482918887961,0.0,0.03134482918887961,7.797360913425003e-05,0.0
mangaluru,2026-07-16,0.4,0.8790194988250732,12.91,74.86,Break,-1.6329059391256981,West-coast orographic,0.4,0.0,0.0,1.8125224941411855,1.8007084250608119,1.8125224941411855,7.864155412388502e-05,0.0
mumbai,2026-07-16,68.2,6.202858924865723,19.08,72.88,Break,-1.6329059391256981,West-coast orographic,68.2,53.77168175542166,35.224315210822255,41.17348960504266,36.7259133464151,41.17348960504266,0.25094135244605725,1.0
nagpur,2026-07-16,0.0,0.7774882912635803,21.15,79.09,Break,-1.6329059391256981,Inland,0.0,0.0,0.0,0.38086068720716565,0.0,0.38086068720716565,7.752902598785757e-05,0.0
panaji,2026-07-16,6.9,0.9912660717964172,15.49,73.83,Break,-1.6329059391256981,West-coast orographic,6.9,4.024723442395527,3.148797315013865,8.289245001686906,13.62472042664192,8.289245001686906,9.052403547020153e-05,0.0
patna,2026-07-16,11.3,16.907764434814453,25.59,85.14,Break,-1.6329059391256981,Inland,11.3,8.548812103271484,17.110467252583092,7.385692907426712,25.395368190953807,7.385692907426712,0.0005681387790432937,0.0
pune,2026-07-16,31.8,0.4508792459964752,18.52,73.86,Break,-1.6329059391256981,Inland,31.8,26.79722899913789,30.879230296227238,17.363853874318906,36.20811061119896,17.363853874318906,0.055923686564597806,0.0
raipur,2026-07-16,0.7,3.4623708724975586,21.25,81.63,Break,-1.6329059391256981,Inland,0.7,0.0,0.0,1.0281997387534714,0.5740860421484555,1.0281997387534714,0.00011793451162890999,0.0
ranchi,2026-07-16,30.4,3.8580567836761475,23.34,85.31,Break,-1.6329059391256981,Inland,30.4,25.96429892063143,30.27931812040267,16.710086442459122,35.55420795161918,16.710086442459122,0.02155846800174683,0.0
shillong,2026-07-16,12.9,7.307717323303223,25.58,91.89,Break,-1.6329059391256981,Hill / Himalayan orographic,12.9,9.917476482391345,11.336202075157637,7.757563456392486,13.597826948742597,7.757563456392486,0.0017532745093514674,0.0
shimla,2026-07-16,0.30000000000000004,0.0,31.1,77.17,Break,-1.6329059391256981,Hill / Himalayan orographic,0.30000000000000004,0.0,0.0,1.283489161645069,0.6720229464135395,1.283489161645069,0.00011061205498445003,0.0
srinagar,2026-07-16,0.4,0.0,34.08,74.8,Break,-1.6329059391256981,Hill / Himalayan orographic,0.4,0.0,0.0,0.31908283788398195,0.0,0.31908283788398195,0.00011021619972364473,0.0
surat,2026-07-16,8.8,5.627997398376465,21.17,72.83,Break,-1.6329059391256981,West-coast orographic,8.8,5.813477573394778,5.019545964253102,6.72110577981846,13.545400920671431,6.72110577981846,0.0029922468118070825,0.0
thiruvananthapuram,2026-07-16,0.5,0.0,8.52,76.94,Break,-1.6329059391256981,West-coast orographic,0.5,0.0,0.0,0.2389733744392796,0.0,0.2389733744392796,8.05945847800725e-05,0.0
varanasi,2026-07-16,14.0,0.0,25.32,82.97,Break,-1.6329059391256981,Inland,14.0,11.33204490389143,18.87255923187941,3.525748280020878,6.012999282202965,3.525748280020878,0.0006144119294654656,0.0
vijayawada,2026-07-16,0.0,0.0,16.51,80.65,Break,-1.6329059391256981,Inland,0.0,0.0,0.0,0.3516054436649272,0.0,0.3516054436649272,7.632303673980671e-05,0.0
visakhapatnam,2026-07-16,0.0,0.0,17.69,83.22,Break,-1.6329059391256981,East coast,0.0,0.0,0.0,0.21239821512680948,0.0,0.21239821512680948,8.579930110639861e-05,0.0
agartala,2026-07-17,4.6,16.554645538330078,23.83,91.29,Break,-1.6063620884828727,Inland,4.6,1.8609765291213995,2.5185631910959874,7.155416872517431,25.100517298959495,7.155416872517431,8.85956078612663e-05,0.0
ahmedabad,2026-07-17,3.4,2.5055558681488037,23.02,72.57,Break,-1.6063620884828727,Inland,3.4,1.0374510288238532,1.5665618761380513,0.648857534675038,0.18495045440202934,0.648857534675038,0.0001255118435942208,0.0
amritsar,2026-07-17,0.5,0.0,31.63,74.87,Break,-1.6063620884828727,Inland,0.5,0.0,0.0,0.9511895676153067,0.5313857532520191,0.9511895676153067,0.00010610095603994733,0.0
bengaluru,2026-07-17,0.2,0.08200204372406006,12.97,77.59,Break,-1.6063620884828727,Inland,0.2,0.0,0.0,0.08280176410568221,0.0,0.08280176410568221,5.700040464380987e-05,0.0
bhopal,2026-07-17,1.8,1.0684638023376465,23.26,77.41,Break,-1.6063620884828727,Inland,1.8,0.1473638278245926,0.060321382246911553,1.2141865066962025,0.6434272620047509,1.2141865066962025,7.343745869115188e-05,0.0
bhubaneswar,2026-07-17,27.0,63.904518127441406,20.3,85.82,Break,-1.6063620884828727,East coast,27.0,23.338613762302565,16.33185390183494,12.286399620468414,14.582884066597007,12.286399620468414,0.009449669808654594,0.0
chandigarh,2026-07-17,0.0,0.0,30.73,76.78,Break,-1.6063620884828727,Inland,0.0,0.0,0.0,0.5528260538508222,0.10647945287402517,0.5528260538508222,0.00015301677481881584,0.0
chennai,2026-07-17,0.0,0.0,13.08,80.27,Break,-1.6063620884828727,East coast,0.0,0.0,0.0,0.16708309575029479,0.0,0.16708309575029479,6.228722860538455e-05,0.0
dehradun,2026-07-17,0.2,0.0,30.32,78.03,Break,-1.6063620884828727,Hill / Himalayan orographic,0.2,0.0,0.0,1.1165710651596634,0.5908133738353781,1.1165710651596634,0.00014743718734509814,0.0
delhi,2026-07-17,0.1,0.10930411517620087,28.61,77.21,Break,-1.6063620884828727,Inland,0.1,0.0,0.0,0.27017733870610916,0.0,0.27017733870610916,0.00012224285288559906,0.0
gangtok,2026-07-17,4.5,26.715269088745117,27.33,88.61,Break,-1.6063620884828727,Hill / Himalayan orographic,4.5,1.7744308662414556,1.5581033897399903,10.718148808932808,14.445205952374334,10.718148808932808,0.00010405385565909737,0.0
guwahati,2026-07-17,10.5,10.819794654846191,26.14,91.74,Break,-1.6063620884828727,Inland,10.5,7.861543908119201,15.981098175048828,9.0095176945076,27.474551928427363,9.0095176945076,0.0011758771805973974,0.0
hyderabad,2026-07-17,1.5,0.19160199165344238,17.39,78.49,Break,-1.6063620884828727,Inland,1.5,0.05759418826550252,0.009955170932075666,1.5838480695380037,2.0375796172848055,1.5838480695380037,6.722871181717205e-05,0.0
jabalpur,2026-07-17,1.9000000000000001,3.2435684204101562,23.18,79.95,Break,-1.6063620884828727,Inland,1.9000000000000001,0.16659734912216664,0.24782699584960965,1.9270879173258892,2.2875907820235826,1.9270879173258892,8.355752749510336e-05,0.0
jaipur,2026-07-17,0.1,0.0,26.91,75.79,Break,-1.6063620884828727,Inland,0.1,0.0,0.0,0.1641353031137207,0.0,0.1641353031137207,7.809764631840007e-05,0.0
jodhpur,2026-07-17,0.0,0.0,26.24,73.02,Break,-1.6063620884828727,Inland,0.0,0.0,0.0,0.011808030834874536,0.0,0.011808030834874536,0.00011174068911519345,0.0
kochi,2026-07-17,4.4,7.620799541473389,9.93,76.27,Break,-1.6063620884828727,West-coast orographic,4.4,1.6878852033615115,1.5365086249642028,6.523426673539526,13.53540193025523,6.523426673539526,7.617723025463408e-05,0.0
kolkata,2026-07-17,8.8,0.26036423444747925,22.57,88.36,Break,-1.6063620884828727,East coast,8.8,5.813477573394778,5.019545964253102,4.584458139433576,9.964326292586797,4.584458139433576,0.0007401407447384891,0.0
lucknow,2026-07-17,13.8,0.2825244963169098,26.85,80.95,Break,-1.6063620884828727,Inland,13.8,11.145918827056889,18.711245834845265,5.758355957830906,23.31168739736774,5.758355957830906,0.000518833481399185,0.0
madurai,2026-07-17,0.0,0.0,9.93,78.12,Break,-1.6063620884828727,Inland,0.0,0.0,0.0,0.03134482918887961,0.0,0.03134482918887961,7.797360913425003e-05,0.0
mangaluru,2026-07-17,56.9,138.4204864501953,12.91,74.86,Break,-1.6063620884828727,West-coast orographic,56.9,44.632828019794594,32.77037586672294,15.475405230111567,15.826885198464726,15.475405230111567,0.004860904073351923,0.0
mumbai,2026-07-17,54.5,2.4893550872802734,19.08,72.88,Break,-1.6063620884828727,West-coast orographic,54.5,43.11053712180846,32.23619230342801,42.278661605790965,36.867348741221946,42.278661605790965,0.22077014367099973,0.0
nagpur,2026-07-17,2.5,1.391861081123352,21.15,79.09,Break,-1.6063620884828727,Inland,2.5,0.46748659228856,0.5405484884977341,2.069557772082295,2.3611969808566853,2.069557772082295,7.752902598785757e-05,0.0
panaji,2026-07-17,151.3,7.531929969787598,15.49,73.83,Break,-1.6063620884828727,West-coast orographic,151.3,144.14563431104,75.06633756874344,57.23174029926115,75.88326035651376,70.0,0.41561377771354197,1.0
patna,2026-07-17,1.0,0.0,25.59,85.14,Break,-1.6063620884828727,Inland,1.0,0.0,0.0,0.7431052969389271,0.262327844067459,0.7431052969389271,0.00010407754115263004,0.0
pune,2026-07-17,25.3,0.01565558649599552,18.52,73.86,Break,-1.6063620884828727,Inland,25.3,21.773638855474672,27.84234611724466,10.786365958171958,29.629262182657413,10.786365958171958,0.008323298706512546,0.0
raipur,2026-07-17,11.5,34.463951110839844,21.25,81.63,Break,-1.6063620884828727,Inland,11.5,8.797352809906005,17.208032355036767,5.9089261408446,23.5044810277897,5.9089261408446,0.0009023337611551052,0.0
ranchi,2026-07-17,1.0,1.0367088317871094,23.34,85.31,Break,-1.6063620884828727,Inland,1.0,0.0,0.0,1.4762793525422517,1.7286601335179181,1.4762793525422517,9.140627453670768e-05,0.0
shillong,2026-07-17,1.5,10.395167350769043,25.58,91.89,Break,-1.6063620884828727,Hill / Himalayan orographic,1.5,0.05759418826550252,0.019706190899710794,5.931759190177533,13.505474247926644,5.931759190177533,0.0002047641867666434,0.0
shimla,2026-07-17,0.1,0.0,31.1,77.17,Break,-1.6063620884828727,Hill / Himalayan orographic,0.1,0.0,0.0,0.9502242595459902,0.3598848574355144,0.9502242595459902,0.00011061205498445003,0.0
srinagar,2026-07-17,0.1,0.0,34.08,74.8,Break,-1.6063620884828727,Hill / Himalayan orographic,0.1,0.0,0.0,0.2527429737035186,0.0,0.2527429737035186,0.00011021619972364473,0.0
surat,2026-07-17,13.2,2.0239381790161133,21.17,72.83,Break,-1.6063620884828727,West-coast orographic,13.2,10.246211084638308,11.454850754325772,8.021363814960402,13.611170479613225,8.021363814960402,0.0040895890588889235,0.0
thiruvananthapuram,2026-07-17,0.2,0.0,8.52,76.94,Break,-1.6063620884828727,West-coast orographic,0.2,0.0,0.0,0.1275042118209121,0.0,0.1275042118209121,8.05945847800725e-05,0.0
varanasi,2026-07-17,46.1,0.13674604892730713,25.32,82.97,Break,-1.6063620884828727,Inland,46.1,38.20008301730025,37.006904663578155,22.901708440514295,43.90162179693651,22.901708440514295,0.09994159287767042,0.0
vijayawada,2026-07-17,10.8,0.0,16.51,80.65,Break,-1.6063620884828727,Inland,10.8,8.168678641319275,16.52339690072196,10.528229689392754,29.371072519999323,10.528229689392754,0.0010315429513148109,0.0
visakhapatnam,2026-07-17,0.8,0.0,17.69,83.22,Break,-1.6063620884828727,East coast,0.8,0.0,0.0,0.6225710857426291,0.10206784636447055,0.6225710857426291,8.579930110639861e-05,0.0
agartala,2026-07-18,10.5,17.854822158813477,23.83,91.29,Normal,-0.9600964845912642,Inland,10.5,7.861543908119201,8.322817649526046,11.504806589738951,22.414996812684155,11.504806589738951,0.012789508293441845,0.0
ahmedabad,2026-07-18,2.3,0.8200328946113586,23.02,72.57,Normal,-0.9600964845912642,Inland,2.3,0.384728330373764,0.37217952609062227,0.45966470096091516,0.0,0.45966470096091516,0.00015701721045976078,0.0
amritsar,2026-07-18,0.8,0.0,31.63,74.87,Normal,-0.9600964845912642,Inland,0.8,0.0,0.0,2.366394077094876,1.9303449600475968,2.366394077094876,0.00016280972013409036,0.0
bengaluru,2026-07-18,5.7,2.544593095779419,12.97,77.59,Normal,-0.9600964845912642,Inland,5.7,2.808222022056578,3.178226205040427,2.070627945140953,1.3813941126689206,2.070627945140953,6.674001925473042e-05,0.0
bhopal,2026-07-18,0.0,1.364140510559082,23.26,77.41,Normal,-0.9600964845912642,Inland,0.0,0.0,0.0,0.3194310802373102,0.0,0.3194310802373102,0.00013497586954717657,0.0
bhubaneswar,2026-07-18,7.1,60.9964599609375,20.3,85.82,Normal,-0.9600964845912642,East coast,7.1,4.24938491344452,3.036684868401951,6.824946714847169,9.7268211679305,6.824946714847169,0.0001542119907249198,0.0
chandigarh,2026-07-18,1.9000000000000001,0.19210679829120636,30.73,76.78,Normal,-0.9600964845912642,Inland,1.9000000000000001,0.16659734912216664,0.15845787167549139,4.022586695707345,5.071038908188791,4.022586695707345,0.00027853716044505056,0.0
chennai,2026-07-18,3.2,1.816536545753479,13.08,80.27,Normal,-0.9600964845912642,East coast,3.2,0.8822499895095826,0.3001609236001968,1.9011168100682834,1.2297091297658125,1.9011168100682834,7.293013281078991e-05,0.0
dehradun,2026-07-18,7.0,62.543582916259766,30.32,78.03,Normal,-0.9600964845912642,Hill / Himalayan orographic,7.0,4.137054177920024,3.908632291158041,15.86735284801054,27.215784325877244,15.86735284801054,0.00026838183948296577,0.0
delhi,2026-07-18,1.3,0.0,28.61,77.21,Normal,-0.9600964845912642,Inland,1.3,0.013586621731519677,0.0,0.960376509165808,0.04860726296229517,0.960376509165808,0.00022252486276911512,0.0
gangtok,2026-07-18,5.9,14.920111656188965,27.33,88.61,Normal,-0.9600964845912642,Hill / Himalayan orographic,5.9,3.0009225056041986,3.2191491702750876,14.595754228567904,25.304216592682113,14.595754228567904,0.00018941733565232702,0.0
guwahati,2026-07-18,22.4,15.249063491821289,26.14,91.74,Normal,-0.9600964845912642,Inland,22.4,18.973931635076347,23.225064600947018,12.13899797996513,24.333636959636166,12.13899797996513,0.01646850771587408,0.0
hyderabad,2026-07-18,4.6,2.832547426223755,17.39,78.49,Normal,-0.9600964845912642,Inland,4.6,1.8609765291213995,2.057630252838134,2.811411400974457,2.5454517157664975,2.811411400974457,7.160291013867976e-05,0.0
jabalpur,2026-07-18,30.3,5.619006156921387,23.18,79.95,Normal,-0.9600964845912642,Inland,30.3,25.904803915023827,32.40053077254974,23.05708261309602,39.38046906954702,23.05708261309602,0.25493758139820666,0.0
jaipur,2026-07-18,0.30000000000000004,0.0,26.91,75.79,Normal,-0.9600964845912642,Inland,0.30000000000000004,0.0,0.0,0.5698196107072301,0.0,0.5698196107072301,0.00014217025437275428,0.0
jodhpur,2026-07-18,0.0,0.0,26.24,73.02,Normal,-0.9600964845912642,Inland,0.0,0.0,0.0,0.0216825178086013,0.0,0.0216825178086013,0.00014217025437275428,0.0
kochi,2026-07-18,2.1,21.06696128845215,9.93,76.27,Normal,-0.9600964845912642,West-coast orographic,2.1,0.24156860113143924,0.11692262981924098,4.3002456854627935,3.9580529805054296,4.3002456854627935,8.919328179722535e-05,0.0
kolkata,2026-07-18,7.300000000000001,0.006301578599959612,22.57,88.36,Normal,-0.9600964845912642,East coast,7.300000000000001,4.538254928588868,3.154885728944023,5.810140483365334,9.361529736591894,5.810140483365334,0.00016846028342296795,0.0
lucknow,2026-07-18,20.6,8.56371784210205,26.85,80.95,Normal,-0.9600964845912642,Inland,20.6,17.299462339479476,20.313352740176082,11.830150079827302,23.393742052009806,11.830150079827302,0.0023867030926108656,0.0
madurai,2026-07-18,0.8,0.0,9.93,78.12,Normal,-0.9600964845912642,Inland,0.8,0.0,0.0,0.5172404218643053,0.0,0.5172404218643053,9.1296571615606e-05,0.0
mangaluru,2026-07-18,86.8,48.75755310058594,12.91,74.86,Normal,-0.9600964845912642,West-coast orographic,86.8,72.60161825655281,46.27148402734037,40.331349746947296,49.407272104122214,40.331349746947296,0.028362666327567485,1.0
mumbai,2026-07-18,158.2,3.8338193893432617,19.08,72.88,Normal,-0.9600964845912642,West-coast orographic,158.2,153.51541137533,111.37238644010036,93.2458125923863,147.122929401725,93.2458125923863,0.6081320125051387,1.0
nagpur,2026-07-18,7.9,8.919989585876465,21.15,79.09,Normal,-0.9600964845912642,Inland,7.9,4.948618338108063,5.5365382418789695,6.749365230414889,10.164657560823047,6.749365230414889,0.0001258770829568554,0.0
panaji,2026-07-18,57.3,5.037822246551514,15.49,73.83,Normal,-0.9600964845912642,West-coast orographic,57.3,44.899946344705384,26.29799567050621,15.835485748511632,18.3026993413034,15.835485748511632,0.007043824123350329,0.0
patna,2026-07-18,5.3,0.0,25.59,85.14,Normal,-0.9600964845912642,Inland,5.3,2.5482664775848387,2.668339586257935,4.501052784945759,5.590872026356193,4.501052784945759,0.00018946044851868575,0.0
pune,2026-07-18,24.1,0.12557192146778107,18.52,73.86,Normal,-0.9600964845912642,Inland,24.1,20.313960085903233,25.107219212465765,11.56218210325801,22.58760211268691,11.56218210325801,0.014785019265579121,0.0
raipur,2026-07-18,45.7,10.247393608093262,21.25,81.63,Normal,-0.9600964845912642,Inland,45.7,38.002099946934564,45.70255239539872,40.22405069618412,59.11983572116298,70.0,0.3786325864425764,0.0
ranchi,2026-07-18,13.799999999999999,16.978116989135742,23.34,85.31,Normal,-0.9600964845912642,Inland,13.799999999999999,11.145918827056887,12.49247253100077,8.820981132430997,15.437116157517142,8.820981132430997,0.003937303190062852,0.0
shillong,2026-07-18,6.1,12.30715560913086,25.58,91.89,Normal,-0.9600964845912642,Hill / Himalayan orographic,6.1,3.2101862071217013,3.281790494918823,14.03953529628861,24.400970083062155,14.03953529628861,0.0003763090830794548,0.0
shimla,2026-07-18,9.0,0.4670123755931854,31.1,77.17,Normal,-0.9600964845912642,Hill / Himalayan orographic,9.0,6.157268581390385,6.055035717146737,6.334478819579514,4.253413960462945,6.334478819579514,0.0018281011217274891,0.0
srinagar,2026-07-18,0.1,0.0,34.08,74.8,Normal,-0.9600964845912642,Hill / Himalayan orographic,0.1,0.0,0.0,0.2165864890837827,0.0,0.2165864890837827,0.00016912410432709402,0.0
surat,2026-07-18,4.8,19.809831619262695,21.17,72.83,Normal,-0.9600964845912642,West-coast orographic,4.8,2.1321753787157793,2.2402328084465672,2.7061347801558764,1.8827728236901666,2.7061347801558764,0.00017862803151871845,0.0
thiruvananthapuram,2026-07-18,0.2,1.0761061906814575,8.52,76.94,Normal,-0.9600964845912642,West-coast orographic,0.2,0.0,0.0,0.21503813283757978,0.0,0.21503813283757978,8.868299317334131e-05,0.0
varanasi,2026-07-18,4.5,45.985538482666016,25.32,82.97,Normal,-0.9600964845912642,Inland,4.5,1.7744308662414556,1.9472580863583477,3.0656072157618537,2.9928962297271937,3.0656072157618537,0.0002855218687239408,0.0
vijayawada,2026-07-18,4.6000000000000005,0.04115859046578407,16.51,80.65,Normal,-0.9600964845912642,Inland,4.6000000000000005,1.8609765291214013,2.057630252838135,4.498319114694128,5.588104154057502,4.498319114694128,8.936399933665617e-05,0.0
visakhapatnam,2026-07-18,7.6,0.24899090826511383,17.69,83.22,Normal,-0.9600964845912642,East coast,7.6,4.750395756959915,3.3010025367197002,6.317857916903433,9.536823957355326,6.317857916903433,9.138167395243306e-05,0.0
agartala,2026-07-19,6.4,22.484508514404297,23.83,91.29,Normal,-0.4945492939814996,Inland,6.4,3.5492738903927874,3.872951240539553,4.855862372472871,6.193031448012239,4.855862372472871,0.0001113722894115771,0.0
ahmedabad,2026-07-19,2.2,0.7371389865875244,23.02,72.57,Normal,-0.4945492939814996,Inland,2.2,0.3076112276315689,0.2960266625881194,0.46540584552482045,0.0,0.46540584552482045,9.312445370845672e-05,0.0
amritsar,2026-07-19,1.3,0.0,31.63,74.87,Normal,-0.4945492939814996,Inland,1.3,0.013586621731519677,0.0,3.523047708145659,4.231533847889696,3.523047708145659,0.00010976660979718437,0.0
bengaluru,2026-07-19,1.4000000000000001,13.999746322631836,12.97,77.59,Normal,-0.4945492939814996,Inland,1.4000000000000001,0.03984267577528958,0.04091234669089315,0.8405782218339871,0.0,0.8405782218339871,7.902801213361294e-05,0.0
bhopal,2026-07-19,2.0,19.393815994262695,23.26,77.41,Normal,-0.4945492939814996,Inland,2.0,0.18583087041974064,0.18630353152751922,1.3140924118295656,0.3108360159988108,1.3140924118295656,9.765962665964192e-05,0.0
bhubaneswar,2026-07-19,9.799999999999999,0.7064967751502991,20.3,85.82,Normal,-0.4945492939814996,East coast,9.799999999999999,7.279281930923453,6.376406707763668,7.728350322216585,10.085654368596066,7.728350322216585,0.0024841451199195245,0.0
chandigarh,2026-07-19,4.3999999999999995,18.058683395385742,30.73,76.78,Normal,-0.4945492939814996,Inland,4.3999999999999995,1.6878852033615108,1.8228581624681295,6.103889687358938,8.676837144407555,6.103889687358938,0.0002056795639946574,0.0
chennai,2026-07-19,2.8000000000000003,0.13431306183338165,13.08,80.27,Normal,-0.4945492939814996,East coast,2.8000000000000003,0.6497906205058098,0.1839778971504033,1.4329818225042585,0.5768937104890595,1.4329818225042585,9.541949877912728e-05,0.0
dehradun,2026-07-19,76.8,21.84603500366211,30.32,78.03,Normal,-0.4945492939814996,Hill / Himalayan orographic,76.8,65.10108181331842,87.16876242961717,87.82574041148601,164.60018365033562,87.82574041148601,0.642392646447452,1.0
delhi,2026-07-19,0.0,0.0,28.61,77.21,Normal,-0.4945492939814996,Inland,0.0,0.0,0.0,0.22280288745865723,0.0,0.22280288745865723,0.00016431612188187185,0.0
gangtok,2026-07-19,49.9,24.946456909179688,27.33,88.61,Normal,-0.4945492939814996,Hill / Himalayan orographic,49.9,40.25992497193822,46.198971673172025,42.332944564120325,88.75518051372734,42.332944564120325,0.01235736822079808,0.0
guwahati,2026-07-19,10.9,2.609797477722168,26.14,91.74,Normal,-0.4945492939814996,Inland,10.9,8.244705333709717,8.9610112994325,10.519905190898596,19.948828067570446,10.519905190898596,0.0016406451362595894,0.0
hyderabad,2026-07-19,5.6,1.2552416324615479,17.39,78.49,Normal,-0.4945492939814996,Inland,5.6,2.7481811173756907,3.0684735415963553,3.0522132081784132,2.956161958802741,3.0522132081784132,8.592699501038254e-05,0.0
jabalpur,2026-07-19,28.299999999999997,22.454816818237305,23.18,79.95,Normal,-0.4945492939814996,Inland,28.299999999999997,24.3762573744243,30.422601342201244,25.813780971499966,41.40884395265718,25.813780971499966,0.0543042141808357,0.0
jaipur,2026-07-19,1.1,0.0,26.91,75.79,Normal,-0.4945492939814996,Inland,1.1,0.0,0.0,0.5444710673882139,0.0,0.5444710673882139,8.092611445225173e-05,0.0
jodhpur,2026-07-19,0.0,0.0,26.24,73.02,Normal,-0.4945492939814996,Inland,0.0,0.0,0.0,0.009739821601268989,0.0,0.009739821601268989,8.092611445225173e-05,0.0
kochi,2026-07-19,1.8,19.4872989654541,9.93,76.27,Normal,-0.4945492939814996,West-coast orographic,1.8,0.1473638278245926,0.0,3.243581251883535,2.7087815550008596,3.243581251883535,0.0001297533236504128,0.0
kolkata,2026-07-19,8.8,0.08266758918762207,22.57,88.36,Normal,-0.4945492939814996,East coast,8.8,5.813477573394778,4.855855779647827,4.123137011238378,4.232830035867214,4.123137011238378,0.0017238341256727546,0.0
lucknow,2026-07-19,13.1,11.94206714630127,26.85,80.95,Normal,-0.4945492939814996,Inland,13.1,10.09625979423521,11.738495247784787,10.389965249641378,19.731855435310138,10.389965249641378,0.0008500692376966168,0.0
madurai,2026-07-19,0.9,0.0,9.93,78.12,Normal,-0.4945492939814996,Inland,0.9,0.0,0.0,0.31008848750778883,0.0,0.31008848750778883,0.00010810536207380048,0.0
mangaluru,2026-07-19,16.0,10.693305969238281,12.91,74.86,Normal,-0.4945492939814996,West-coast orographic,16.0,13.028545010089875,8.373982475804263,18.276444865893364,19.924791418768386,18.276444865893364,0.0010501493796848762,0.0
mumbai,2026-07-19,72.3,34.62748336791992,19.08,72.88,Normal,-0.4945492939814996,West-coast orographic,72.3,59.17290736441895,37.39018728342661,41.508474827376986,50.63333571460505,41.508474827376986,0.14066040153729256,1.0
nagpur,2026-07-19,13.0,4.932419300079346,21.15,79.09,Normal,-0.4945492939814996,Inland,13.0,10.006868138313278,11.533323112936584,9.222702150937893,16.45615257931002,9.222702150937893,0.002488395811135132,0.0
panaji,2026-07-19,12.6,1.8322579860687256,15.49,73.83,Normal,-0.4945492939814996,West-coast orographic,12.6,9.649301514625547,6.367862074564373,13.301115063366542,14.384074189661101,13.301115063366542,0.000755098028590013,0.0
patna,2026-07-19,59.1,33.75634765625,25.59,85.14,Normal,-0.4945492939814996,Inland,59.1,46.10197880680395,57.195477812607145,39.566310662002074,58.51881889634342,39.566310662002074,0.02610622062129579,0.0
pune,2026-07-19,22.0,2.7181625366210938,18.52,73.86,Normal,-0.4945492939814996,Inland,22.0,18.546748934659103,22.47884107114135,12.43169491409157,25.224581109536683,12.43169491409157,0.002330000445129506,0.0
raipur,2026-07-19,18.6,16.66946792602539,21.25,81.63,Normal,-0.4945492939814996,Inland,18.6,15.556778090911768,18.53407033480132,8.822920978207941,15.4424082488914,8.822920978207941,0.0008802650789257688,0.0
ranchi,2026-07-19,17.1,7.98815393447876,23.34,85.31,Normal,-0.4945492939814996,Inland,17.1,14.170227900611037,16.533796224530967,9.811949430870742,17.996861069664213,9.811949430870742,0.0005628649968920156,0.0
shillong,2026-07-19,6.5,2.933468818664551,25.58,91.89,Normal,-0.4945492939814996,Hill / Himalayan orographic,6.5,3.66073032108891,3.5595875808170856,6.227723927645597,4.180456104043683,6.227723927645597,0.00026556083004386293,0.0
shimla,2026-07-19,21.6,2.13338565826416,31.1,77.17,Normal,-0.4945492939814996,Hill / Himalayan orographic,21.6,18.119566234241855,24.666174252827975,12.681852524549194,20.189932370818603,12.681852524549194,0.001615867475567617,0.0
srinagar,2026-07-19,4.1000000000000005,1.8393710851669312,34.08,74.8,Normal,-0.4945492939814996,Hill / Himalayan orographic,4.1000000000000005,1.4793847882747648,2.0404507652918724,1.4821991075325396,0.24104311898796466,1.4821991075325396,0.00012598851435097875,0.0
surat,2026-07-19,3.7,80.89764404296875,21.17,72.83,Normal,-0.4945492939814996,West-coast orographic,3.7,1.1845799130201338,0.9865014495683276,1.8544290596042687,0.700786037673631,1.8544290596042687,0.00011851462916812728,0.0
thiruvananthapuram,2026-07-19,1.4000000000000001,0.0,8.52,76.94,Normal,-0.4945492939814996,West-coast orographic,1.4000000000000001,0.03984267577528958,0.0,0.6794964472993924,0.0,0.6794964472993924,0.00011375659101539531,0.0
varanasi,2026-07-19,40.6,4.361003875732422,25.32,82.97,Normal,-0.4945492939814996,Inland,40.6,34.76490594066502,41.53257093119416,24.146214444486468,40.18185078200511,24.146214444486468,0.05226638779108148,0.0
vijayawada,2026-07-19,3.9,0.03086894564330578,16.51,80.65,Normal,-0.4945492939814996,Inland,3.9,1.3273325496912,1.4687298758824685,3.158172044055417,3.2467635998498707,3.158172044055417,9.768666584987753e-05,0.0
visakhapatnam,2026-07-19,1.3,0.0,17.69,83.22,Normal,-0.4945492939814996,East coast,1.3,0.013586621731519677,0.005998810846358537,0.7875011622142798,0.003964693809649768,0.7875011622142798,0.0001120158448394431,0.0
agartala,2026-07-20,8.7,3.6143956184387207,23.83,91.29,Normal,-0.6830925122144682,Inland,8.7,5.693505609830221,6.3783507251739495,6.938751876403283,10.889817917387438,6.938751876403283,0.003234736887355663,0.0
ahmedabad,2026-07-20,2.0,4.940622329711914,23.02,72.57,Normal,-0.6830925122144682,Inland,2.0,0.18583087041974064,0.18630353152751922,0.46540584552482045,0.0,0.46540584552482045,9.25697856739199e-05,0.0
amritsar,2026-07-20,23.400000000000002,0.0,31.63,74.87,Normal,-0.6830925122144682,Inland,23.400000000000002,19.77442074652461,24.36539476849881,13.755396319118285,27.754901403027212,13.755396319118285,0.01165184948843151,0.0
bengaluru,2026-07-20,3.5,0.0,12.97,77.59,Normal,-0.6830925122144682,Inland,3.5,1.0823802161216736,1.1694606620615176,0.8299685016677554,0.0,0.8299685016677554,6.984781947992432e-05,0.0
bhopal,2026-07-20,0.5,4.324378967285156,23.26,77.41,Normal,-0.6830925122144682,Inland,0.5,0.0,0.0,0.5254459170340103,0.0,0.5254459170340103,0.0001018703188635288,0.0
bhubaneswar,2026-07-20,1.4000000000000001,1.2971197366714478,20.3,85.82,Normal,-0.6830925122144682,East coast,1.4000000000000001,0.03984267577528958,0.01199847562238576,1.4177494902262318,0.5112005607136595,1.4177494902262318,0.00012183230204785936,0.0
chandigarh,2026-07-20,19.8,2.4760022163391113,30.73,76.78,Normal,-0.6830925122144682,Inland,19.8,16.732462569115416,19.770467432382944,14.487623321918635,28.88332397897684,14.487623321918635,0.007402902984405371,0.0
chennai,2026-07-20,7.4,0.0,13.08,80.27,Normal,-0.6830925122144682,East coast,7.4,4.608968538045883,3.2035913315359155,6.063326576715323,9.451685678081738,6.063326576715323,8.34393242761829e-05,0.0
dehradun,2026-07-20,143.5,19.190200805664062,30.32,78.03,Normal,-0.6830925122144682,Hill / Himalayan orographic,143.5,133.55371241227732,177.09415371025358,111.8405350790659,200.62237565170545,111.8405350790659,0.6573074662791768,1.0
delhi,2026-07-20,3.7,0.0,28.61,77.21,Normal,-0.6830925122144682,Inland,3.7,1.1845799130201338,1.3201609659194926,1.6625137785578754,0.6957720629026427,1.6625137785578754,0.00016956854581488866,0.0
gangtok,2026-07-20,5.0,36.53110122680664,27.33,88.61,Normal,-0.6830925122144682,Hill / Himalayan orographic,5.0,2.2836248894624815,2.8294621574251266,10.534572512013524,13.19871664286114,10.534572512013524,0.00015100691111054023,0.0
guwahati,2026-07-20,23.5,24.065628051757812,26.14,91.74,Normal,-0.6830925122144682,Inland,23.5,19.85149779500727,24.471369689065515,9.289052482994009,16.61070018944436,9.289052482994009,0.006709064893948079,0.0
hyderabad,2026-07-20,7.6000000000000005,4.745110988616943,17.39,78.49,Normal,-0.6830925122144682,Inland,7.6000000000000005,4.750395756959915,5.276271701935797,4.748608558693069,5.984765603136278,4.748608558693069,7.493713764034777e-05,0.0
jabalpur,2026-07-20,31.7,11.3387451171875,23.18,79.95,Normal,-0.6830925122144682,Inland,31.7,26.737733993530284,33.6164127428256,25.71416958343099,41.33555002950636,25.71416958343099,0.13651552100258388,0.0
jaipur,2026-07-20,1.3,0.0,26.91,75.79,Normal,-0.6830925122144682,Inland,1.3,0.013586621731519677,0.0,0.4850874791475174,0.0,0.4850874791475174,8.617913272018101e-05,0.0
jodhpur,2026-07-20,0.0,0.0,26.24,73.02,Normal,-0.6830925122144682,Inland,0.0,0.0,0.0,0.006123800972769973,0.0,0.006123800972769973,8.617913272018101e-05,0.0
kochi,2026-07-20,57.4,18.143314361572266,9.93,76.27,Normal,-0.6830925122144682,West-coast orographic,57.4,44.96672592593308,26.363457095036743,26.1854717373807,30.27324486985813,26.1854717373807,0.006852308411361265,0.0
kolkata,2026-07-20,4.2,0.2247772365808487,22.57,88.36,Normal,-0.6830925122144682,East coast,4.2,1.545954899787902,0.720027477369396,1.6959704549470846,1.03789858765196,1.6959704549470846,0.00013308929770957956,0.0
lucknow,2026-07-20,40.7,9.616244316101074,26.85,80.95,Normal,-0.6830925122144682,Inland,40.7,34.838165370226676,41.630579068288036,29.72380859610843,46.32680737987511,29.72380859610843,0.0574032003570107,0.0
madurai,2026-07-20,3.8000000000000003,5.579873085021973,9.93,78.12,Normal,-0.6830925122144682,Inland,3.8000000000000003,1.2418504226207734,1.4162953662872315,0.5929035329435823,0.0,0.5929035329435823,9.554775728506307e-05,0.0
mangaluru,2026-07-20,40.5,66.74468994140625,12.91,74.86,Normal,-0.6830925122144682,West-coast orographic,40.5,34.691646511103365,19.707498512477002,23.800943283011843,26.58117546550261,23.800943283011843,0.004819280063556219,0.0
mumbai,2026-07-20,103.3,109.23265838623047,19.08,72.88,Normal,-0.6830925122144682,West-coast orographic,103.3,83.68166123285899,52.922933082077684,44.566983946013245,53.74798212312582,44.566983946013245,0.06277857953384453,1.0
nagpur,2026-07-20,9.2,2.6506288051605225,21.15,79.09,Normal,-0.6830925122144682,Inland,9.2,6.426775549674524,7.024153041839599,7.399789532826725,12.0195510969368,7.399789532826725,0.0013013449369329382,0.0
panaji,2026-07-20,19.2,4.942143440246582,15.49,73.83,Normal,-0.6830925122144682,West-coast orographic,19.2,16.229630575530667,9.630858818577254,10.282783017605226,9.91617943311006,10.282783017605226,0.00041898143040930853,0.0
patna,2026-07-20,24.3,37.80424499511719,25.59,85.14,Normal,-0.6830925122144682,Inland,24.3,20.508640840352754,25.31916905359918,15.902572713566325,30.670761136451826,15.902572713566325,0.010458355515097299,0.0
pune,2026-07-20,24.9,1.2591179609298706,18.52,73.86,Normal,-0.6830925122144682,Inland,24.9,21.267639649425902,25.95501857699942,12.318401778836403,24.87972660540349,12.318401778836403,0.00705773201691289,0.0
raipur,2026-07-20,51.5,9.822288513183594,21.25,81.63,Normal,-0.6830925122144682,Inland,51.5,41.25144224145831,50.24299709446679,45.21638472160808,63.681633070369955,45.21638472160808,0.22986708427982913,0.0
ranchi,2026-07-20,4.1000000000000005,18.123455047607422,23.34,85.31,Normal,-0.6830925122144682,Inland,4.1000000000000005,1.4793847882747648,1.5735988950729434,3.7766407771761332,4.695713168829523,3.7766407771761332,0.00012438700615129228,0.0
shillong,2026-07-20,12.9,40.142539978027344,25.58,91.89,Normal,-0.6830925122144682,Hill / Himalayan orographic,12.9,9.917476482391345,12.222022798380285,6.17175955238245,4.159001580385014,6.17175955238245,0.0041487341558759635,0.0
shimla,2026-07-20,20.9,5.076064109802246,31.1,77.17,Normal,-0.6830925122144682,Hill / Himalayan orographic,20.9,17.512087253365994,23.553298091888422,9.356097954498463,9.227558283097855,9.356097954498463,0.0011994653688376404,0.0
srinagar,2026-07-20,36.2,21.855127334594727,34.08,74.8,Normal,-0.6830925122144682,Hill / Himalayan orographic,36.2,30.994828051439367,40.446435578175155,15.96841876300997,27.36376472900281,15.96841876300997,0.009816222864919521,0.0
surat,2026-07-20,25.0,14.820507049560547,21.17,72.83,Normal,-0.6830925122144682,West-coast orographic,25.0,21.394139450938095,12.56365456333375,11.608237534742363,12.164304504793082,11.608237534742363,0.02014468232655143,0.0
thiruvananthapuram,2026-07-20,13.4,0.0,8.52,76.94,Normal,-0.6830925122144682,West-coast orographic,13.4,10.546113665444501,6.666761569976802,2.101372029659296,0.900943366054109,2.101372029659296,0.0032770955601701458,0.0
varanasi,2026-07-20,32.5,102.94842529296875,25.32,82.97,Normal,-0.6830925122144682,Inland,32.5,27.213694038391118,34.263423291915345,18.88511080555409,34.83109215133889,18.88511080555409,0.08299142859471188,0.0
vijayawada,2026-07-20,7.6,0.0,16.51,80.65,Normal,-0.6830925122144682,Inland,7.6,4.750395756959915,5.276271701935796,6.8818495529789105,10.671939254779467,6.8818495529789105,9.352520402452004e-05,0.0
visakhapatnam,2026-07-20,7.2,0.1810842752456665,17.69,83.22,Normal,-0.6830925122144682,East coast,7.2,4.393819921016695,3.0964487983120814,5.783786857246194,9.351024868722446,5.783786857246194,0.00010138611867150528,0.0
agartala,2026-07-22,5.0,5.634566307067871,23.83,91.29,Normal,-0.3414518851785011,Inland,5.0,2.355269904136658,2.338587206455697,7.227393734857197,11.274689889978292,7.227393734857197,0.0001415003228924484,0.0
ahmedabad,2026-07-22,13.200000000000001,2.5150575637817383,23.02,72.57,Normal,-0.3414518851785011,Inland,13.200000000000001,10.151647998809823,11.529718780517584,1.631640093701063,0.7559830014928265,1.631640093701063,0.0015942426032134296,0.0
amritsar,2026-07-22,2.3,143.5140380859375,31.63,74.87,Normal,-0.3414518851785011,Inland,2.3,0.4318348467350003,0.3345131278038026,2.424265332644135,2.2538377218327126,2.424265332644135,0.00012655035261220594,0.0
bengaluru,2026-07-22,1.3,0.0,12.97,77.59,Normal,-0.3414518851785011,Inland,1.3,0.03491388261318252,0.00425116578117013,0.52611639649185,0.0,0.52611639649185,0.00010803749494366106,0.0
bhopal,2026-07-22,15.2,71.7742691040039,23.26,77.41,Normal,-0.3414518851785011,Inland,15.2,12.40599900101048,13.523041675018248,4.026107196139325,5.393136376635538,4.026107196139325,0.001374576646255447,0.0
bhubaneswar,2026-07-22,11.1,23.426921844482422,20.3,85.82,Normal,-0.3414518851785011,East coast,11.1,8.337262164524624,9.083474245071413,15.686589455833467,27.122544880259206,15.686589455833467,0.01017312139642222,0.0
chandigarh,2026-07-22,4.9,3.5462844371795654,30.73,76.78,Normal,-0.3414518851785011,Inland,4.9,2.2494702577590955,2.2526881605579003,2.3874928012856618,2.1899925917039327,2.3874928012856618,0.00013977899167969769,0.0
chennai,2026-07-22,0.0,0.0,13.08,80.27,Normal,-0.3414518851785011,East coast,0.0,0.0,0.0,0.6317403983985879,0.0,0.6317403983985879,0.00013582904259584617,0.0
dehradun,2026-07-22,26.1,2.3633739948272705,30.32,78.03,Normal,-0.3414518851785011,Hill / Himalayan orographic,26.1,22.172961844049546,30.12010870672635,24.03899138761406,39.70547503958345,24.03899138761406,0.01713770249209152,0.0
delhi,2026-07-22,6.7,4.378792762756348,28.61,77.21,Normal,-0.3414518851785011,Inland,6.7,3.8214548389116922,4.388274895350139,5.247014598385732,7.46652292586862,5.247014598385732,0.00847882466284939,0.0
gangtok,2026-07-22,10.2,15.749579429626465,27.33,88.61,Normal,-0.3414518851785011,Hill / Himalayan orographic,10.2,7.504165716171264,7.851816241540642,20.296293759307247,36.15425483313147,20.296293759307247,0.010124820587255152,0.0
guwahati,2026-07-22,20.299999999999997,3.1240153312683105,26.14,91.74,Normal,-0.3414518851785011,Inland,20.299999999999997,17.018015272640497,19.066958068915543,5.582246915699701,7.9873444745880935,5.582246915699701,0.0010865977786323696,0.0
hyderabad,2026-07-22,1.6,7.566659927368164,17.39,78.49,Normal,-0.3414518851785011,Inland,1.6,0.11011721193790436,0.10672844350337986,1.1320788137627222,0.15605001575676344,1.1320788137627222,0.00013138559580065982,0.0
jabalpur,2026-07-22,16.9,37.2626838684082,23.18,79.95,Normal,-0.3414518851785011,Inland,16.9,13.990825986937269,15.4169764969782,7.053855045686173,10.908163316808952,7.053855045686173,0.0022202992357827555,0.0
jaipur,2026-07-22,16.7,0.8931164741516113,26.91,75.79,Normal,-0.3414518851785011,Inland,16.7,13.810693066798057,15.196755539659975,4.221482661746966,5.701901988382579,4.221482661746966,0.0005650305929358309,0.0
jodhpur,2026-07-22,1.3,0.26481160521507263,26.24,73.02,Normal,-0.3414518851785011,Inland,1.3,0.03491388261318252,0.00425116578117013,0.28243747949575965,0.0,0.28243747949575965,8.706468113130706e-05,0.0
kochi,2026-07-22,2.8,0.7672231197357178,9.93,76.27,Normal,-0.3414518851785011,West-coast orographic,2.8,0.7279635390639304,0.6558973813056922,4.277895843880966,4.078579985419581,4.277895843880966,0.00012314353996848245,0.0
kolkata,2026-07-22,21.3,0.0553564615547657,22.57,88.36,Normal,-0.3414518851785011,East coast,21.3,17.817718407714253,21.04813882366505,12.820758616720985,23.107144445516727,12.820758616720985,0.009244590953279728,0.0
lucknow,2026-07-22,8.0,1.0370516777038574,26.85,80.95,Normal,-0.3414518851785011,Inland,8.0,5.1027715721130384,5.693514982859294,6.684095423496551,9.93677896809021,6.684095423496551,0.003026483294577931,0.0
madurai,2026-07-22,0.2,0.0,9.93,78.12,Normal,-0.3414518851785011,Inland,0.2,0.0,0.0,0.08650114189166352,0.0,0.08650114189166352,0.00011400764323463757,0.0
mangaluru,2026-07-22,21.7,15.445817947387695,12.91,74.86,Normal,-0.3414518851785011,West-coast orographic,21.7,18.17616408030192,11.329026675914067,21.007565354780844,23.169949437633598,21.007565354780844,0.0060071320150600046,0.0
mumbai,2026-07-22,133.8,71.19963836669922,19.08,72.88,Normal,-0.3414518851785011,West-coast orographic,133.8,117.85908742286469,69.41168387523436,58.24095361383146,68.96384894522164,70.0,0.5229025079461488,1.0
nagpur,2026-07-22,18.5,46.04319381713867,21.15,79.09,Normal,-0.3414518851785011,Inland,18.5,15.459213647329415,17.13797591776342,8.328574361148789,13.377051030614327,8.328574361148789,0.0029745047125900254,0.0
panaji,2026-07-22,7.2,16.044713973999023,15.49,73.83,Normal,-0.3414518851785011,West-coast orographic,7.2,4.419585899745711,3.8146452616001,8.530525647479166,8.32816201598711,8.530525647479166,0.0005757009760335454,0.0
patna,2026-07-22,11.100000000000001,4.322704315185547,25.59,85.14,Normal,-0.3414518851785011,Inland,11.100000000000001,8.337262164524624,9.084915688471355,12.511407585075315,23.81835481263388,12.511407585075315,0.002537083228585146,0.0
pune,2026-07-22,32.1,37.61082458496094,18.52,73.86,Normal,-0.3414518851785011,Inland,32.1,27.637189889808617,33.16128982212229,7.5915750108173485,12.065867746804646,7.5915750108173485,0.021426515757299675,0.0
raipur,2026-07-22,36.7,28.132116317749023,21.25,81.63,Normal,-0.3414518851785011,Inland,36.7,31.504905971357427,36.97630293109861,25.45235726157903,43.38799902290447,25.45235726157903,0.07234744479566681,0.0
ranchi,2026-07-22,16.9,27.33039665222168,23.34,85.31,Normal,-0.3414518851785011,Inland,16.9,13.990825986937269,15.4169764969782,14.437492486986033,28.279721920059377,14.437492486986033,0.0012649087507058483,0.0
shillong,2026-07-22,14.7,9.37523365020752,25.58,91.89,Normal,-0.3414518851785011,Hill / Himalayan orographic,14.7,11.98149005873711,15.10630225392934,7.783948936322065,6.226402113904618,7.783948936322065,0.011108260557977732,0.0
shimla,2026-07-22,22.4,39.578853607177734,31.1,77.17,Normal,-0.3414518851785011,Hill / Himalayan orographic,22.4,18.870931739807123,25.287389812523514,14.622588556526614,25.21528754177805,14.622588556526614,0.005107246608302343,0.0
srinagar,2026-07-22,56.2,7.811014175415039,34.08,74.8,Normal,-0.3414518851785011,Hill / Himalayan orographic,56.2,44.486707079208394,51.46902882276134,2.8298546909610622,1.2798894612321485,2.8298546909610622,0.0009773000037284713,0.0
surat,2026-07-22,74.0,55.055519104003906,21.17,72.83,Normal,-0.3414518851785011,West-coast orographic,74.0,61.424881871877055,37.94991864518136,27.983256922425475,33.610033496285254,27.983256922425475,0.10680649981712334,1.0
thiruvananthapuram,2026-07-22,0.6000000000000001,0.4874708652496338,8.52,76.94,Normal,-0.3414518851785011,West-coast orographic,0.6000000000000001,0.0,0.0,0.4347300028361041,0.0,0.4347300028361041,0.00011336128388238369,0.0
varanasi,2026-07-22,27.0,0.0,25.32,82.97,Normal,-0.3414518851785011,Inland,27.0,23.11582616678033,28.024596596108672,10.881820674017414,20.830648301898965,10.881820674017414,0.008111695339702352,0.0
vijayawada,2026-07-22,1.1,0.14588215947151184,16.51,80.65,Normal,-0.3414518851785011,Inland,1.1,0.0,0.0,1.2203617626288332,0.22346488539256823,1.2203617626288332,0.00013562720304846512,0.0
visakhapatnam,2026-07-22,6.800000000000001,0.0,17.69,83.22,Normal,-0.3414518851785011,East coast,6.800000000000001,3.8897315788269053,2.7144331963623296,6.093327004603724,9.306082533549082,6.093327004603724,0.0015129912046554187,0.0
agartala,2026-07-24,17.1,8.676493644714355,23.83,91.29,Active,1.9587119903789167,Inland,17.1,14.170958907076482,16.004498966414154,14.790883154600941,13.358329109769047,14.790883154600941,0.0017889968467350143,0.0
ahmedabad,2026-07-24,141.1,278.518310546875,23.02,72.57,Active,1.9587119903789167,Inland,141.1,127.92889791397911,116.51696246450399,89.25541450107583,108.6323731463678,89.25541450107583,0.8324333432263611,1.0
amritsar,2026-07-24,13.6,16.384695053100586,31.63,74.87,Active,1.9587119903789167,Inland,13.6,10.960022983551049,12.474777758546226,3.4492398976200818,3.9702070459429124,3.4492398976200818,0.01406601267201173,0.0
bengaluru,2026-07-24,0.6000000000000001,0.004983808379620314,12.97,77.59,Active,1.9587119903789167,Inland,0.6000000000000001,0.0,0.0,0.21661618310259567,0.0,0.21661618310259567,0.00010305050032555147,0.0
bhopal,2026-07-24,10.3,0.41164785623550415,23.26,77.41,Active,1.9587119903789167,Inland,10.3,7.631935984293621,8.74800150315406,4.248005827858554,4.758485430412588,4.248005827858554,0.007370932458870959,0.0
bhubaneswar,2026-07-24,0.7000000000000001,0.0,20.3,85.82,Active,1.9587119903789167,East coast,0.7000000000000001,0.0,0.0,0.2478432020767175,0.0,0.2478432020767175,0.0001522891894718134,0.0
chandigarh,2026-07-24,5.8,1.618947148323059,30.73,76.78,Active,1.9587119903789167,Inland,5.8,2.928261512517929,3.508086253361527,3.1548264033185727,3.9243367503855944,3.1548264033185727,0.0002772489064880497,0.0
chennai,2026-07-24,1.0,0.0,13.08,80.27,Active,1.9587119903789167,East coast,1.0,0.0,0.008511798182392878,0.16198412460694955,0.0,0.16198412460694955,0.00012174126732852277,0.0
dehradun,2026-07-24,8.8,1.4169461727142334,30.32,78.03,Active,1.9587119903789167,Hill / Himalayan orographic,8.8,5.8719252220789615,7.188086864409075,11.764170222078302,9.786676570514949,11.764170222078302,0.055007548704463456,0.0
delhi,2026-07-24,6.3,0.3077027499675751,28.61,77.21,Active,1.9587119903789167,Inland,6.3,3.4399375367164606,3.8795828676223745,1.9427716876255328,2.553843440491622,1.9427716876255328,0.00016732773668480798,0.0
gangtok,2026-07-24,4.3,12.077800750732422,27.33,88.61,Active,1.9587119903789167,Hill / Himalayan orographic,4.3,1.668127920627594,2.02765798184724,10.734254707854749,9.082861140791033,10.734254707854749,0.00016303192196456085,0.0
guwahati,2026-07-24,1.7000000000000002,27.715883255004883,26.14,91.74,Active,1.9587119903789167,Inland,1.7000000000000002,0.13551174640655503,0.3003406686691944,3.092320964360403,3.914598260083873,3.092320964360403,0.00014513238151513862,0.0
hyderabad,2026-07-24,3.4,0.0,17.39,78.49,Active,1.9587119903789167,Inland,3.4,1.0668396973609922,2.0580890513784866,1.0806232072633222,0.21839802425341542,1.0806232072633222,0.00014290011598262715,0.0
jabalpur,2026-07-24,8.2,0.5215780735015869,23.18,79.95,Active,1.9587119903789167,Inland,8.2,5.23519910812378,6.902786045074462,5.41979556186567,6.196029985294056,5.41979556186567,0.021172852168593666,0.0
jaipur,2026-07-24,6.8,1.7925735712051392,26.91,75.79,Active,1.9587119903789167,Inland,6.8,3.889731578826904,5.1111364420558,2.5450551085270647,3.2061354644280913,2.5450551085270647,0.01232597121580557,0.0
jodhpur,2026-07-24,38.2,3.651127576828003,26.24,73.02,Active,1.9587119903789167,Inland,38.2,32.827041794513754,34.73769320106945,29.681373074031153,29.54683839416924,29.681373074031153,0.12077084178113284,0.0
kochi,2026-07-24,2.4,8.093374252319336,9.93,76.27,Active,1.9587119903789167,West-coast orographic,2.4,0.4756750565767287,0.9752002973854544,2.1613610658934936,1.864805171901764,2.1613610658934936,0.00017737170879393094,0.0
kolkata,2026-07-24,19.4,0.6009526252746582,22.57,88.36,Active,1.9587119903789167,East coast,19.4,16.252762540346303,15.508395820026204,6.2052572119099425,6.0932132819655545,6.2052572119099425,0.004435844675747445,0.0
lucknow,2026-07-24,8.8,37.7332649230957,26.85,80.95,Active,1.9587119903789167,Inland,8.8,5.8719252220789615,7.934971705811924,7.055308613340985,7.925659895258504,7.055308613340985,0.024769451871711926,0.0
madurai,2026-07-24,1.7,0.0,9.93,78.12,Active,1.9587119903789167,Inland,1.7,0.13551174640655497,0.3003406686691944,0.4758770545224326,0.0,0.4758770545224326,0.00012204017497232696,0.0
mangaluru,2026-07-24,48.5,27.591787338256836,12.91,74.86,Active,1.9587119903789167,West-coast orographic,48.5,39.616052474416676,53.23705767264839,35.660941575243015,33.72097611633793,35.660941575243015,0.017740085660729505,0.0
mumbai,2026-07-24,80.6,59.981178283691406,19.08,72.88,Active,1.9587119903789167,West-coast orographic,80.6,66.9928597371852,87.85602049082553,100.84866911218006,98.70330238778125,100.84866911218006,0.8384534223778379,1.0
nagpur,2026-07-24,6.9,2.708872079849243,21.15,79.09,Active,1.9587119903789167,Inland,6.9,4.02019239584605,5.227772244959633,4.378040701596788,4.908429640932963,4.378040701596788,0.006217206232457658,0.0
panaji,2026-07-24,36.4,5.052942752838135,15.49,73.83,Active,1.9587119903789167,West-coast orographic,36.4,31.233987175684682,33.712876381407774,20.592311433218967,15.819983379034536,20.592311433218967,0.01968117753914534,0.0
patna,2026-07-24,11.4,8.618450164794922,25.59,85.14,Active,1.9587119903789167,Inland,11.4,8.635863496780395,9.81135671629372,13.717963086470267,12.43094649003001,13.717963086470267,0.004878345124351883,0.0
pune,2026-07-24,36.0,12.857799530029297,18.52,73.86,Active,1.9587119903789167,Inland,36.0,30.87276211478769,33.68093035141518,44.28296539798193,44.63687415777829,70.0,0.43084335177835004,0.0
raipur,2026-07-24,0.7,0.9458568692207336,21.25,81.63,Active,1.9587119903789167,Inland,0.7,0.0,0.0,0.4294470329253274,0.0,0.4294470329253274,0.0003792713428936569,0.0
ranchi,2026-07-24,6.0,1.9707319736480713,23.34,85.31,Active,1.9587119903789167,Inland,6.0,3.0758663058280953,3.74774487909064,2.378593701046825,2.9677927511469018,2.378593701046825,0.00015954015833300294,0.0
shillong,2026-07-24,1.8,4.376039981842041,25.58,91.89,Active,1.9587119903789167,Hill / Himalayan orographic,1.8,0.18145117998123167,0.527990074157715,3.6506693942951505,3.636628424319237,3.6506693942951505,0.00016353390220964778,0.0
shimla,2026-07-24,9.2,12.270715713500977,31.1,77.17,Active,1.9587119903789167,Hill / Himalayan orographic,9.2,6.381514096260069,7.771968540995793,3.8821540963204435,3.7779261033599667,3.8821540963204435,0.008407970416493356,0.0
srinagar,2026-07-24,6.1,3.2691822052001953,34.08,74.8,Active,1.9587119903789167,Hill / Himalayan orographic,6.1,3.196660965681076,3.3735517554391503,0.4300386004457068,0.0,0.4300386004457068,0.00026643627673456993,0.0
surat,2026-07-24,167.4,70.85050964355469,21.17,72.83,Active,1.9587119903789167,West-coast orographic,167.4,164.20780420388468,183.17557690396362,104.14031218274215,99.92093966466717,104.14031218274215,0.8454508669866752,1.0
thiruvananthapuram,2026-07-24,0.0,0.0,8.52,76.94,Active,1.9587119903789167,West-coast orographic,0.0,0.0,0.0,0.27346777345758105,0.0,0.27346777345758105,0.00014349440409565758,0.0
varanasi,2026-07-24,18.9,0.530157208442688,25.32,82.97,Active,1.9587119903789167,Inland,18.9,15.81190204422581,18.982646653483936,11.04520623191457,10.315909658690467,11.04520623191457,0.02505205594905768,0.0
vijayawada,2026-07-24,2.2,2.1602253913879395,16.51,80.65,Active,1.9587119903789167,Inland,2.2,0.3572019684314727,1.1471945160443016,0.7306904931039738,0.06181515848353425,0.7306904931039738,0.00016493534825638847,0.0
visakhapatnam,2026-07-24,0.6,1.0246397256851196,17.69,83.22,Active,1.9587119903789167,East coast,0.6,0.0,0.0,0.12843552905965533,0.0,0.12843552905965533,0.00015302116373091672,0.0
agartala,2026-07-26,0.0,0.0,23.83,91.29,Active,1.0828309907947193,Inland,0.0,0.0,0.0,3.015060063619956,3.9025608350996785,3.015060063619956,0.00020711817115795562,0.0
ahmedabad,2026-07-26,36.5,16.711780548095703,23.02,72.57,Active,1.0828309907947193,Inland,36.5,31.324293440908928,33.921103726336604,32.9610898576451,30.556971477329235,32.9610898576451,0.05275199545250777,0.0
amritsar,2026-07-26,16.7,9.947035789489746,31.63,74.87,Active,1.0828309907947193,Inland,16.7,13.810693066798057,15.644499148587029,3.771945007848759,4.209536046574622,3.771945007848759,0.004072577236396758,0.0
bengaluru,2026-07-26,1.2,0.0,12.97,77.59,Active,1.0828309907947193,Inland,1.2,0.009939765576273117,0.07226736545562744,0.5362083134250767,0.0,0.5362083134250767,0.000171810078515016,0.0
bhopal,2026-07-26,3.0,6.023745059967041,23.26,77.41,Active,1.0828309907947193,Inland,3.0,0.8272714838385582,1.4862807428014688,1.261547194402389,1.0494645202012645,1.261547194402389,0.00019886446412755365,0.0
bhubaneswar,2026-07-26,117.9,96.76815795898438,20.3,85.82,Active,1.0828309907947193,East coast,117.9,95.92621251756056,94.99373326425831,62.10245626601893,72.3733925000579,70.0,0.535860670526975,1.0
chandigarh,2026-07-26,0.0,0.0,30.73,76.78,Active,1.0828309907947193,Inland,0.0,0.0,0.0,0.8617778547945697,0.09303286443568215,0.8617778547945697,0.0003647584674074743,0.0
chennai,2026-07-26,1.0999999999999999,0.0,13.08,80.27,Active,1.0828309907947193,East coast,1.0999999999999999,0.0,0.032025759257375955,0.463844597046775,0.0,0.463844597046775,0.00017251892864765796,0.0
dehradun,2026-07-26,3.1,11.392285346984863,30.32,78.03,Active,1.0828309907947193,Hill / Himalayan orographic,3.1,0.8774068450927733,1.1415948366900104,3.444660814731575,3.1036073411752523,3.444660814731575,0.00025713478521125036,0.0
delhi,2026-07-26,4.6,0.0,28.61,77.21,Active,1.0828309907947193,Inland,4.6,2.044468507766722,2.8773233228785386,1.7791922666534083,2.1310971628102013,1.7791922666534083,0.00020654351169328936,0.0
gangtok,2026-07-26,1.4000000000000001,0.09450633823871613,27.33,88.61,Active,1.0828309907947193,Hill / Himalayan orographic,1.4000000000000001,0.05629530120641006,0.2366492182016373,7.038606446422591,6.609416675507472,7.038606446422591,0.00025436024949172597,0.0
guwahati,2026-07-26,0.2,13.863521575927734,26.14,91.74,Active,1.0828309907947193,Inland,0.2,0.0,0.0,1.6149687177240326,1.7587223950152344,1.6149687177240326,0.0002038767557218179,0.0
hyderabad,2026-07-26,1.3,0.0,17.39,78.49,Active,1.0828309907947193,Inland,1.3,0.03491388261318252,0.1558052723109722,0.8199861870549977,0.08590111134321007,0.8199861870549977,0.00021554245204351906,0.0
jabalpur,2026-07-26,1.1,0.0,23.18,79.95,Active,1.0828309907947193,Inland,1.1,0.0,0.053789512664079664,0.7842880817626079,0.07675090427204344,0.7842880817626079,0.00021412940855039612,0.0
jaipur,2026-07-26,1.7,0.0,26.91,75.79,Active,1.0828309907947193,Inland,1.7,0.13551174640655497,0.3003406686691944,0.8545202034579451,0.09211194792256021,0.8545202034579451,0.00030935645975310575,0.0
jodhpur,2026-07-26,10.9,27.130956649780273,26.24,73.02,Active,1.0828309907947193,Inland,10.9,8.187333616529193,9.511756483736413,4.11901310961929,4.609742937393374,4.11901310961929,0.03266533843323806,0.0
kochi,2026-07-26,6.9,0.0,9.93,76.27,Active,1.0828309907947193,West-coast orographic,6.9,4.02019239584605,5.015809386547704,11.062218024436655,9.319866507274496,11.062218024436655,0.00930808338791819,0.0
kolkata,2026-07-26,5.7,0.06828895956277847,22.57,88.36,Active,1.0828309907947193,East coast,5.7,2.854459115862846,2.926650997863679,1.0610315982945961,0.33244926805018193,1.0610315982945961,0.00021200011364350306,0.0
lucknow,2026-07-26,0.9,4.5050554275512695,26.85,80.95,Active,1.0828309907947193,Inland,0.9,0.0,0.004837356527890399,0.9406450616881067,0.10645612674122211,0.9406450616881067,0.00021676399775448293,0.0
madurai,2026-07-26,7.8999999999999995,0.0,9.93,78.12,Active,1.0828309907947193,Inland,7.8999999999999995,5.036557804107667,6.108892352475056,1.9447804988400597,2.556131005513744,1.9447804988400597,0.003782359809542868,0.0
mangaluru,2026-07-26,0.6000000000000001,63.036460876464844,12.91,74.86,Active,1.0828309907947193,West-coast orographic,0.6000000000000001,0.0,0.0,1.886670530752364,1.6415496990926586,1.886670530752364,0.00027599082851218767,0.0
mumbai,2026-07-26,36.2,76.40757751464844,19.08,72.88,Active,1.0828309907947193,West-coast orographic,36.2,31.05337464523619,33.60098969159306,80.33148818527711,86.71200442165726,80.33148818527711,0.42368342914220025,0.0
nagpur,2026-07-26,2.6,0.0,21.15,79.09,Active,1.0828309907947193,Inland,2.6,0.606689271330834,1.33040341402355,1.388713783967213,1.1325142759099829,1.388713783967213,0.0002013439224686712,0.0
panaji,2026-07-26,17.4,8.048873901367188,15.49,73.83,Active,1.0828309907947193,West-coast orographic,17.4,14.444481003928995,12.995526375255068,12.446624764038145,10.140517526280984,12.446624764038145,0.00877396254622475,0.0
patna,2026-07-26,0.1,0.43669432401657104,25.59,85.14,Active,1.0828309907947193,Inland,0.1,0.0,0.0,0.3015245961508451,0.0,0.3015245961508451,0.0002206076177759263,0.0
pune,2026-07-26,33.5,3.9376180171966553,18.52,73.86,Active,1.0828309907947193,Inland,33.5,28.69046656806744,32.28363807314519,29.368107966821746,28.65005980224049,29.368107966821746,0.20322348197763784,0.0
raipur,2026-07-26,11.399999999999999,0.4238361716270447,21.25,81.63,Active,1.0828309907947193,Inland,11.399999999999999,8.635863496780393,9.811356716293718,13.68381602619025,12.419469380366118,13.68381602619025,0.2592970025719402,0.0
ranchi,2026-07-26,2.7,0.10667836666107178,23.34,85.31,Active,1.0828309907947193,Inland,2.7,0.6787909555435181,1.3672172968011151,1.0476113626891062,0.18688923809710428,1.0476113626891062,0.00022411497582882403,0.0
shillong,2026-07-26,3.9000000000000004,6.285186290740967,25.58,91.89,Active,1.0828309907947193,Hill / Himalayan orographic,3.9000000000000004,1.3643207550048833,1.7803218771472127,3.9982245122293074,3.797275602334466,3.9982245122293074,0.0002551433606756153,0.0
shimla,2026-07-26,51.6,3.388411521911621,31.1,77.17,Active,1.0828309907947193,Hill / Himalayan orographic,51.6,41.53132928046799,59.61989348766717,14.540289923503918,11.835256626634143,14.540289923503918,0.004006331672967093,0.0
srinagar,2026-07-26,10.7,11.681357383728027,34.08,74.8,Active,1.0828309907947193,Hill / Himalayan orographic,10.7,8.037405068533761,8.455672213981641,0.9213711114756132,0.2133644121249526,0.9213711114756132,0.015572001317130536,0.0
surat,2026-07-26,21.3,0.045045871287584305,21.17,72.83,Active,1.0828309907947193,West-coast orographic,21.3,17.817718407714253,17.206524855291303,27.458555383775945,23.14860340818878,27.458555383775945,0.01721935020873676,0.0
thiruvananthapuram,2026-07-26,1.1,0.0,8.52,76.94,Active,1.0828309907947193,West-coast orographic,1.1,0.0,0.056089330837130476,0.8583083618135836,0.18327008447992227,0.8583083618135836,0.00020818763358822993,0.0
varanasi,2026-07-26,0.6000000000000001,0.0,25.32,82.97,Active,1.0828309907947193,Inland,0.6000000000000001,0.0,0.0,0.8129845216335659,0.08410643098344359,0.8129845216335659,0.00035285482714009686,0.0
vijayawada,2026-07-26,0.30000000000000004,0.0,16.51,80.65,Active,1.0828309907947193,Inland,0.30000000000000004,0.0,0.0,0.338939966812793,0.0,0.338939966812793,0.00024877636296124594,0.0
visakhapatnam,2026-07-26,1.3,0.0,17.69,83.22,Active,1.0828309907947193,East coast,1.3,0.03491388261318252,0.1900350275635725,0.3401371763549141,0.0,0.3401371763549141,0.0002490481077022911,0.0
agartala,2026-07-28,2.1,2.266991376876831,23.83,91.29,Normal,-0.5772627696492812,Inland,2.1,0.2818692252039911,0.23108549118041982,5.2635311270838665,7.486764265129997,5.2635311270838665,0.0001121190929361488,0.0
ahmedabad,2026-07-28,7.9,4.120413303375244,23.02,72.57,Normal,-0.5772627696492812,Inland,7.9,5.036557804107668,5.586143493652344,0.4802163900031165,0.0,0.4802163900031165,0.00037786660725290186,0.0
amritsar,2026-07-28,0.4,0.0,31.63,74.87,Normal,-0.5772627696492812,Inland,0.4,0.0,0.0,2.7219536360159022,2.594876322165698,2.7219536360159022,0.00010831724734913679,0.0
bengaluru,2026-07-28,1.0,0.0,12.97,77.59,Normal,-0.5772627696492812,Inland,1.0,0.0,0.0,0.5197320189736521,0.0,0.5197320189736521,0.00010235206935969613,0.0
bhopal,2026-07-28,4.3,2.0098564624786377,23.26,77.41,Normal,-0.5772627696492812,Inland,4.3,1.668127920627594,1.7108583815892533,1.3405476420428144,0.3845678055817565,1.3405476420428144,0.00010477767304972426,0.0
bhubaneswar,2026-07-28,23.9,30.439067840576172,20.3,85.82,Normal,-0.5772627696492812,East coast,23.9,20.06537094517758,24.904054115914008,15.986932506001638,27.347911484810304,15.986932506001638,0.05806003238415384,0.0
chandigarh,2026-07-28,0.6000000000000001,4.947662830352783,30.73,76.78,Normal,-0.5772627696492812,Inland,0.6000000000000001,0.0,0.0,2.5667612501711465,2.4288102295025937,2.5667612501711465,0.0001196401603331603,0.0
chennai,2026-07-28,3.4,0.48351505398750305,13.08,80.27,Normal,-0.5772627696492812,East coast,3.4,1.0668396973609922,0.3984843396570579,2.0109320472226724,1.3708151053116366,2.0109320472226724,0.00012868128727709934,0.0
dehradun,2026-07-28,53.8,145.3776397705078,30.32,78.03,Normal,-0.5772627696492812,Hill / Himalayan orographic,53.8,42.89055798153667,49.49173967818601,13.65200561613298,21.303112522691407,13.65200561613298,0.006656686566440334,0.0
delhi,2026-07-28,9.0,2.1785311698913574,28.61,77.21,Normal,-0.5772627696492812,Inland,9.0,6.132272696495057,6.85423299292659,3.4819932773758526,4.411513807739501,3.4819932773758526,0.0023383156754686763,0.0
gangtok,2026-07-28,12.9,2.839913845062256,27.33,88.61,Normal,-0.5772627696492812,Hill / Himalayan orographic,12.9,9.806722210475378,12.420850916630078,15.084486760985653,25.46399247638138,15.084486760985653,0.004773946023037221,0.0
guwahati,2026-07-28,9.3,0.010812093503773212,26.14,91.74,Normal,-0.5772627696492812,Inland,9.3,6.506134796142578,7.070228533116181,2.2778025458743025,2.0406522197746586,2.2778025458743025,0.0010254864897493701,0.0
hyderabad,2026-07-28,3.3000000000000003,7.1227264404296875,17.39,78.49,Normal,-0.5772627696492812,Inland,3.3000000000000003,1.0268855738639828,0.963908777236939,1.2367513185299681,0.23966330012459394,1.2367513185299681,0.00010410437645997484,0.0
jabalpur,2026-07-28,7.3,30.99323272705078,23.18,79.95,Normal,-0.5772627696492812,Inland,7.3,4.558057769607083,5.127368008209787,3.3845055109411337,4.145473086886574,3.3845055109411337,0.0008919544493379124,0.0
jaipur,2026-07-28,2.2,0.0,26.91,75.79,Normal,-0.5772627696492812,Inland,2.2,0.3572019684314727,0.2801383167505263,1.023139983235836,0.10092694905114089,1.023139983235836,9.774071135341444e-05,0.0
jodhpur,2026-07-28,10.7,4.677328586578369,26.24,73.02,Normal,-0.5772627696492812,Inland,10.7,8.037405068533761,8.712190689390367,3.12277282783947,3.5100987207991174,3.12277282783947,0.0006332720409797637,0.0
kochi,2026-07-28,18.2,7.61208963394165,9.93,76.27,Normal,-0.5772627696492812,West-coast orographic,18.2,15.185304083836673,9.704772858614398,13.481940259192612,15.21331583267488,13.481940259192612,0.0013821082059136164,0.0
kolkata,2026-07-28,11.3,0.18561390042304993,22.57,88.36,Normal,-0.5772627696492812,East coast,11.3,8.524044967651369,9.18265695146211,2.304790163269311,1.7090511018203962,2.304790163269311,0.0025563651419317802,0.0
lucknow,2026-07-28,1.3,0.7715654969215393,26.85,80.95,Normal,-0.5772627696492812,Inland,1.3,0.03491388261318252,0.00425116578117013,1.0944629887176296,0.130918675013005,1.0944629887176296,0.0001021451609584112,0.0
madurai,2026-07-28,0.2,0.0,9.93,78.12,Normal,-0.5772627696492812,Inland,0.2,0.0,0.0,0.09717992912351903,0.0,0.09717992912351903,9.166071341488781e-05,0.0
mangaluru,2026-07-28,59.699999999999996,24.31466293334961,12.91,74.86,Normal,-0.5772627696492812,West-coast orographic,59.699999999999996,46.89895235160218,30.237615816305436,46.064002687077945,50.07920512510783,46.064002687077945,0.028986842628507637,0.0
mumbai,2026-07-28,98.4,37.486717224121094,19.08,72.88,Normal,-0.5772627696492812,West-coast orographic,98.4,77.92551870222937,51.561876307431476,36.45701221908795,38.28434648867428,36.45701221908795,0.14178402722606795,1.0
nagpur,2026-07-28,4.8999999999999995,5.064596176147461,21.15,79.09,Normal,-0.5772627696492812,Inland,4.8999999999999995,2.249470257759095,2.2526881605578994,2.0320798634492037,1.5559205250185448,2.0320798634492037,0.00010608417408417689,0.0
panaji,2026-07-28,93.1,25.364084243774414,15.49,73.83,Normal,-0.5772627696492812,West-coast orographic,93.1,74.67028878567127,49.430150887244125,27.700117220664232,32.88451484245279,27.700117220664232,0.2057138809944591,1.0
patna,2026-07-28,0.2,6.536220073699951,25.59,85.14,Normal,-0.5772627696492812,Inland,0.2,0.0,0.0,0.25342365785471227,0.0,0.25342365785471227,0.00010606978858189006,0.0
pune,2026-07-28,27.099999999999998,18.198732376098633,18.52,73.86,Normal,-0.5772627696492812,Inland,27.099999999999998,23.195908745565582,28.13626613995888,7.525023023654735,11.919290453863125,7.525023023654735,0.014412078548765308,0.0
raipur,2026-07-28,38.0,31.189725875854492,21.25,81.63,Normal,-0.5772627696492812,Inland,38.0,32.66261787015373,38.32084597798053,24.27533511738903,42.40837775455963,24.27533511738903,0.04667630189028942,0.0
ranchi,2026-07-28,5.6,17.6809024810791,23.34,85.31,Normal,-0.5772627696492812,Inland,5.6,2.7806567192077627,2.9906352424621616,3.069663910436208,3.355066383378748,3.069663910436208,0.000107756348769127,0.0
shillong,2026-07-28,5.8,0.4961687922477722,25.58,91.89,Normal,-0.5772627696492812,Hill / Himalayan orographic,5.8,2.928261512517929,3.18615101215316,5.2155433028927245,3.6896172583137727,5.2155433028927245,0.00017005686241467393,0.0
shimla,2026-07-28,1.5,16.37177085876465,31.1,77.17,Normal,-0.5772627696492812,Hill / Himalayan orographic,1.5,0.0839560329914093,0.30161330521106716,3.466881773778615,1.6478450963800735,3.466881773778615,0.0001531676326777219,0.0
srinagar,2026-07-28,7.9,0.0,34.08,74.8,Normal,-0.5772627696492812,Hill / Himalayan orographic,7.9,5.036557804107668,4.7655348140145275,1.0244678943393444,0.020779729582113136,1.0244678943393444,0.0009938151942239333,0.0
surat,2026-07-28,21.9,4.453859806060791,21.17,72.83,Normal,-0.5772627696492812,West-coast orographic,21.9,18.374669125874835,11.425186257032475,17.787464600884782,21.304619658678096,17.787464600884782,0.007671753551435076,0.0
thiruvananthapuram,2026-07-28,0.7,0.16249027848243713,8.52,76.94,Normal,-0.5772627696492812,West-coast orographic,0.7,0.0,0.0,0.5440554741455036,0.0,0.5440554741455036,9.845272542651177e-05,0.0
varanasi,2026-07-28,2.1,0.5145698189735413,25.32,82.97,Normal,-0.5772627696492812,Inland,2.1,0.2818692252039911,0.23108549118041982,1.0020643141608732,0.08771877622360286,1.0020643141608732,0.0001533377626610446,0.0
vijayawada,2026-07-28,1.5,9.272000312805176,16.51,80.65,Normal,-0.5772627696492812,Inland,1.5,0.0839560329914093,0.07616972178220752,1.6260862871831836,0.7487816751962668,1.6260862871831836,0.00010746534089558669,0.0
visakhapatnam,2026-07-28,4.5,1.418731927871704,17.69,83.22,Normal,-0.5772627696492812,East coast,4.5,1.81609223484993,1.0819402801990514,1.4833839774275785,0.3882442367922989,1.4833839774275785,0.0001513671078703297,0.0
agartala,2026-07-29,1.3,0.21323412656784058,23.83,91.29,Normal,-0.8554941733705108,Inland,1.3,0.020725580081343755,0.009766816720366453,4.473038512925062,5.192668009161498,4.473038512925062,0.00014914874204087993,0.0
ahmedabad,2026-07-29,3.3,0.11832021176815033,23.02,72.57,Normal,-0.8554941733705108,Inland,3.3,1.063779056072235,1.0875427782535556,2.1242083414060824,1.3030007234920968,2.1242083414060824,0.015467465529384524,0.0
amritsar,2026-07-29,0.2,13.898476600646973,31.63,74.87,Normal,-0.8554941733705108,Inland,0.2,0.0,0.0,2.0406290983390116,1.1945556328471734,2.0406290983390116,0.0001966471648317947,0.0
bengaluru,2026-07-29,3.1999999999999997,0.02696552686393261,12.97,77.59,Normal,-0.8554941733705108,Inland,3.1999999999999997,1.013841631412506,0.9946039336815204,1.437815265369875,0.35414326984509065,1.437815265369875,0.00024783166591628984,0.0
bhopal,2026-07-29,12.6,0.10104744136333466,23.26,77.41,Normal,-0.8554941733705108,Inland,12.6,9.681113837105888,10.235086123148598,5.154820898245171,6.053039814401075,5.154820898245171,0.0022607361528227477,0.0
bhubaneswar,2026-07-29,42.5,1.4992963075637817,20.3,85.82,Normal,-0.8554941733705108,East coast,42.5,36.33988498797075,71.08081176605603,33.848943066553076,40.72940191238667,33.848943066553076,0.021069580758214607,0.0
chandigarh,2026-07-29,0.1,32.272945404052734,30.73,76.78,Normal,-0.8554941733705108,Inland,0.1,0.0,0.0,0.4260511600219898,0.0,0.4260511600219898,0.0001862733365487498,0.0
chennai,2026-07-29,5.2,0.0,13.08,80.27,Normal,-0.8554941733705108,East coast,5.2,2.5649664675455046,1.1434508551250804,1.0715026400017962,0.21559389828219852,1.0715026400017962,0.00013036667823350246,0.0
dehradun,2026-07-29,3.2,12.827282905578613,30.32,78.03,Normal,-0.8554941733705108,Hill / Himalayan orographic,3.2,1.0138416314125063,1.4743794751167298,3.621410281868677,2.0019911069239305,3.621410281868677,0.0010989064002126343,0.0
delhi,2026-07-29,12.1,35.46541976928711,28.61,77.21,Normal,-0.8554941733705108,Inland,12.1,9.31375150339493,9.714908409268837,5.921268842120693,7.458072051983188,5.921268842120693,0.00265150475510602,0.0
gangtok,2026-07-29,34.7,2.8731746673583984,27.33,88.61,Normal,-0.8554941733705108,Hill / Himalayan orographic,34.7,29.706573863144563,39.011832813770845,17.64739776374191,27.036843668853376,17.64739776374191,0.0032204708337251363,0.0
guwahati,2026-07-29,15.3,4.55400276184082,26.14,91.74,Normal,-0.8554941733705108,Inland,15.3,12.73216501750483,13.366106629371636,7.094303703034968,9.732746143640519,7.094303703034968,0.0005063305869402369,0.0
hyderabad,2026-07-29,4.3,27.29014778137207,17.39,78.49,Normal,-0.8554941733705108,Inland,4.3,1.7900232076644902,1.9463963276631129,1.646078986246321,0.6509286658800965,1.646078986246321,0.0001964231852835325,0.0
jabalpur,2026-07-29,18.6,58.48445129394531,23.18,79.95,Normal,-0.8554941733705108,Inland,18.6,15.679213983911872,17.62345428569192,6.329133711772223,7.988719291342955,6.329133711772223,0.001185016168412463,0.0
jaipur,2026-07-29,12.5,0.04549391195178032,26.91,75.79,Normal,-0.8554941733705108,Inland,12.5,9.610010296957835,10.057085860570272,4.738476809627847,5.458027499356298,4.738476809627847,0.001001342324143865,0.0
jodhpur,2026-07-29,0.0,0.0,26.24,73.02,Normal,-0.8554941733705108,Inland,0.0,0.0,0.0,0.02928689687046858,0.0,0.02928689687046858,0.00015569913854437142,0.0
kochi,2026-07-29,4.2,47.3675422668457,9.93,76.27,Normal,-0.8554941733705108,West-coast orographic,4.2,1.7192578315734868,1.7940409856079693,4.026395709664505,2.7078383818580902,4.026395709664505,0.00036119756248919466,0.0
kolkata,2026-07-29,7.3,15.172005653381348,22.57,88.36,Normal,-0.8554941733705108,East coast,7.3,4.587832142512008,3.03618935836409,3.734976731428563,4.8795605798468085,3.734976731428563,0.0016551818584242817,0.0
lucknow,2026-07-29,17.0,4.233942985534668,26.85,80.95,Normal,-0.8554941733705108,Inland,17.0,14.129959144592288,15.628411369379462,7.877737114747727,11.596884028406935,7.877737114747727,0.0013573422335416364,0.0
madurai,2026-07-29,0.8,0.0,9.93,78.12,Normal,-0.8554941733705108,Inland,0.8,0.0,0.0,0.1409205274106054,0.0,0.1409205274106054,0.0001591773330312832,0.0
mangaluru,2026-07-29,59.3,30.01420783996582,12.91,74.86,Normal,-0.8554941733705108,West-coast orographic,59.3,47.435542474871696,30.879023831077905,30.03757221365394,37.54460833200752,30.03757221365394,0.04275822157393254,0.0
mumbai,2026-07-29,68.0,14.771939277648926,19.08,72.88,Normal,-0.8554941733705108,West-coast orographic,68.0,56.60353105058875,35.96439381722621,29.844975203454688,37.35846493429592,29.844975203454688,0.08133585670835568,1.0
nagpur,2026-07-29,8.1,61.919071197509766,21.15,79.09,Normal,-0.8554941733705108,Inland,8.1,5.213924012801686,5.901971156780536,5.345152082600022,6.292303631692726,5.345152082600022,0.0007514434370434275,0.0
panaji,2026-07-29,106.1,5.7610344886779785,15.49,73.83,Normal,-0.8554941733705108,West-coast orographic,106.1,80.82143917459334,57.73033908518125,17.90623420874323,20.220651820534368,17.90623420874323,0.041830902487042194,1.0
patna,2026-07-29,3.1,0.0,25.59,85.14,Normal,-0.8554941733705108,Inland,3.1,0.9639042067527771,0.9434176918885089,1.8361488791232827,0.9182329978905294,1.8361488791232827,0.0004764279137382491,0.0
pune,2026-07-29,17.3,4.130845546722412,18.52,73.86,Normal,-0.8554941733705108,Inland,17.3,14.408345764618891,16.020544284516827,3.891948527596223,4.217741196304033,3.891948527596223,0.00047680917016432585,0.0
raipur,2026-07-29,70.8,69.59420013427734,21.25,81.63,Normal,-0.8554941733705108,Inland,70.8,59.79190666499363,79.25405813598137,35.434550474032605,62.234789166388296,35.434550474032605,0.039484308535272204,1.0
ranchi,2026-07-29,16.3,12.165901184082031,23.34,85.31,Normal,-0.8554941733705108,Inland,16.3,13.537532367706302,14.64026893326913,9.743052189088134,16.74557509496904,9.743052189088134,0.0005964870313989797,0.0
shillong,2026-07-29,5.5,39.74300003051758,25.58,91.89,Normal,-0.8554941733705108,Hill / Himalayan orographic,5.5,2.7828760260343537,3.2618264361242555,10.040056033803635,9.4529949807405,10.040056033803635,0.0009484279502527732,0.0
shimla,2026-07-29,1.9000000000000001,4.185478210449219,31.1,77.17,Normal,-0.8554941733705108,Hill / Himalayan orographic,1.9000000000000001,0.21279089748859417,0.5198752616402474,2.7090899797024925,1.2227098699563768,2.7090899797024925,0.0001749618649504285,0.0
srinagar,2026-07-29,0.8,0.0,34.08,74.8,Normal,-0.8554941733705108,Hill / Himalayan orographic,0.8,0.0,0.0036947575211524926,0.5855830583369779,0.0,0.5855830583369779,0.00019889803513216807,0.0
surat,2026-07-29,6.8,0.5841127634048462,21.17,72.83,Normal,-0.8554941733705108,West-coast orographic,6.8,4.0781828371683755,3.785560151519899,7.319830467375114,6.946396842500357,7.319830467375114,0.0029835250127473777,0.0
thiruvananthapuram,2026-07-29,3.8000000000000003,3.4839272499084473,8.52,76.94,Normal,-0.8554941733705108,West-coast orographic,3.8000000000000003,1.3637235693136862,1.3723570343150135,1.118540502675857,0.539362219481056,1.118540502675857,0.0002662933259994769,0.0
varanasi,2026-07-29,1.2,0.49093741178512573,25.32,82.97,Normal,-0.8554941733705108,Inland,1.2,0.004065133086405715,0.0,0.7354666305569565,0.0,0.7354666305569565,0.0002586439603465242,0.0
vijayawada,2026-07-29,2.2,38.684906005859375,16.51,80.65,Normal,-0.8554941733705108,Inland,2.2,0.3962934052944182,0.30880287647247306,1.552788308639834,0.5036562800251101,1.552788308639834,0.00010169830399373351,0.0
visakhapatnam,2026-07-29,6.8,1.1429026126861572,17.69,83.22,Normal,-0.8554941733705108,East coast,6.8,4.0781828371683755,1.954346778579787,3.1513181935505576,3.3202665529832975,3.1513181935505576,0.0007139672273563213,0.0
agartala,2026-07-30,4.7,12.568975448608398,23.83,91.29,Normal,0.49968339017673313,Inland,4.7,2.175500955581672,2.3715093338489535,6.669646440375244,9.128675994048098,6.669646440375244,0.0005222408726642489,0.0
ahmedabad,2026-07-30,0.7,0.4732808470726013,23.02,72.57,Normal,0.49968339017673313,Inland,0.7,0.0,0.0,0.3274881175599409,0.0,0.3274881175599409,0.000301181376818586,0.0
amritsar,2026-07-30,1.0,2.109015703201294,31.63,74.87,Normal,0.49968339017673313,Inland,1.0,0.0,0.0,7.356870250964407,10.160153283520021,7.356870250964407,0.00040718455546674676,0.0
bengaluru,2026-07-30,4.4,0.05393105372786522,12.97,77.59,Normal,0.49968339017673313,Inland,4.4,1.8796406126022351,2.002174792418609,1.6177652740996513,0.5992307336146252,1.6177652740996513,0.00031208370854631846,0.0
bhopal,2026-07-30,24.5,25.056516647338867,23.26,77.41,Normal,0.49968339017673313,Inland,24.5,20.68523211684602,25.385550689697276,22.416279252154773,38.306618345515275,22.416279252154773,0.08169526510788143,0.0
bhubaneswar,2026-07-30,5.9,0.8850516080856323,20.3,85.82,Normal,0.49968339017673313,East coast,5.9,3.046705344518026,1.4793741480334777,1.9461283355129104,1.2677698320085606,1.9461283355129104,0.0007435862603989797,0.0
chandigarh,2026-07-30,1.6,14.940948486328125,30.73,76.78,Normal,0.49968339017673313,Inland,1.6,0.12448177695274354,0.11826103284955025,5.57062025424467,6.77629780954895,5.57062025424467,0.0003857084254738753,0.0
chennai,2026-07-30,6.2,2.447571039199829,13.08,80.27,Normal,0.49968339017673313,East coast,6.2,3.3639552334551404,1.657924805719828,1.950724808059139,1.270890376664608,1.950724808059139,0.0002726643672333194,0.0
dehradun,2026-07-30,15.5,19.880796432495117,30.32,78.03,Normal,0.49968339017673313,Hill / Himalayan orographic,15.5,12.887777605307988,17.895201431448434,36.25640490691976,67.52473975588981,36.25640490691976,0.23053145931707783,0.0
delhi,2026-07-30,16.0,0.1473202109336853,28.61,77.21,Normal,0.49968339017673313,Inland,16.0,13.283635177612306,14.214419136047365,16.22328536319406,30.113540708999103,16.22328536319406,0.097872620932971,0.0
gangtok,2026-07-30,9.6,7.228362560272217,27.33,88.61,Normal,0.49968339017673313,Hill / Himalayan orographic,9.6,7.0433743011951435,7.739433232943217,18.612771084982686,31.966869715837372,18.612771084982686,0.007456236843788599,0.0
guwahati,2026-07-30,11.9,19.046537399291992,26.14,91.74,Normal,0.49968339017673313,Inland,11.9,9.147855157157444,9.605456950120098,6.724114871291535,9.26567644118747,6.724114871291535,0.001494219003141478,0.0
hyderabad,2026-07-30,7.4,18.90630340576172,17.39,78.49,Normal,0.49968339017673313,Inland,7.4,4.708778718312585,5.369825716018676,3.703887371993935,3.8583609323196213,3.703887371993935,0.0011367931639552206,0.0
jabalpur,2026-07-30,12.9,5.265957832336426,23.18,79.95,Normal,0.49968339017673313,Inland,12.9,9.894424457550052,10.76908691088358,7.664212917863332,10.988130067047985,7.664212917863332,0.043758414884505124,0.0
jaipur,2026-07-30,10.1,1.6292121410369873,26.91,75.79,Normal,0.49968339017673313,Inland,10.1,7.607109419822692,7.8427380094528205,5.20381985876665,6.114636017763287,5.20381985876665,0.006834211307770805,0.0
jodhpur,2026-07-30,0.0,0.0,26.24,73.02,Normal,0.49968339017673313,Inland,0.0,0.0,0.0,0.13635714134586976,0.0,0.13635714134586976,0.00026725477276445445,0.0
kochi,2026-07-30,1.6,15.606725692749023,9.93,76.27,Normal,0.49968339017673313,West-coast orographic,1.6,0.12448177695274354,0.0,1.4198638884515244,0.6397326098062994,1.4198638884515244,0.00020002442677112534,0.0
kolkata,2026-07-30,24.6,6.639922142028809,22.57,88.36,Normal,0.49968339017673313,East coast,24.6,20.76226265553037,27.248818872912526,29.220389143506,38.2289171145455,29.220389143506,0.2883281523061875,0.0
lucknow,2026-07-30,1.6,0.0,26.85,80.95,Normal,0.49968339017673313,Inland,1.6,0.12448177695274354,0.11826103284955025,1.6078252021926092,0.5833359732729201,1.6078252021926092,0.00023070830710563765,0.0
madurai,2026-07-30,0.0,0.0,9.93,78.12,Normal,0.49968339017673313,Inland,0.0,0.0,0.0,0.1620778880938563,0.0,0.1620778880938563,0.00015851421611057175,0.0
mangaluru,2026-07-30,10.1,15.846416473388672,12.91,74.86,Normal,0.49968339017673313,West-coast orographic,10.1,7.607109419822692,5.591167688664703,10.249795060184848,12.296320202819114,10.249795060184848,0.004190629187857045,0.0
mumbai,2026-07-30,4.6000000000000005,5.404217720031738,19.08,72.88,Normal,0.49968339017673313,West-coast orographic,4.6000000000000005,2.072379486560826,2.346760357227105,4.321921393391932,3.262764731155899,4.321921393391932,0.0007411350065104096,0.0
nagpur,2026-07-30,44.1,6.489500045776367,21.15,79.09,Normal,0.49968339017673313,Inland,44.1,37.018349867761934,46.633539831609866,44.4540673591586,72.60946906355997,44.4540673591586,0.15038496747484512,0.0
panaji,2026-07-30,21.9,0.4100857079029083,15.49,73.83,Normal,0.49968339017673313,West-coast orographic,21.9,18.581499883577674,11.582058058652011,11.313111513307101,13.72404207088427,11.313111513307101,0.005070886855575019,0.0
patna,2026-07-30,4.7,0.028773581609129906,25.59,85.14,Normal,0.49968339017673313,Inland,4.7,2.175500955581672,2.3715093338489535,2.6684737420648514,2.2243235472076326,2.6684737420648514,0.0005282620241332692,0.0
pune,2026-07-30,7.300000000000001,0.15253929793834686,18.52,73.86,Normal,0.49968339017673313,Inland,7.300000000000001,4.587832142512009,5.221286513010661,4.045885861466525,4.495840886842819,4.045885861466525,0.0011747845866976255,0.0
raipur,2026-07-30,85.5,20.43379020690918,21.25,81.63,Normal,0.49968339017673313,Inland,85.5,71.03380210478623,95.97302637074873,64.4038267482977,95.55663689127695,64.0,0.20735575020100416,1.0
ranchi,2026-07-30,9.4,3.4979257583618164,23.34,85.31,Normal,0.49968339017673313,Inland,9.4,6.7721436250209806,7.236860165052605,6.209232395701987,7.842162035332755,6.209232395701987,0.005569068000254503,0.0
shillong,2026-07-30,9.6,48.83835220336914,25.58,91.89,Normal,0.49968339017673313,Hill / Himalayan orographic,9.6,7.0433743011951435,7.739433232943217,10.092604022736806,9.541696227585613,10.092604022736806,0.006040317648082148,0.0
shimla,2026-07-30,9.8,1.0845037698745728,31.1,77.17,Normal,0.49968339017673313,Hill / Himalayan orographic,9.8,7.316368745565414,7.8456711053848265,7.652283765323109,6.101514409314265,7.652283765323109,0.009043066559565818,0.0
srinagar,2026-07-30,8.4,0.0,34.08,74.8,Normal,0.49968339017673313,Hill / Himalayan orographic,8.4,5.459898859366495,5.7542064139832085,2.779537671813772,1.3215326293429905,2.779537671813772,0.007159220588967281,0.0
surat,2026-07-30,2.2,1.3142536878585815,21.17,72.83,Normal,0.49968339017673313,West-coast orographic,2.2,0.3962934052944182,0.2699876980045264,1.1258297921809055,0.5432955081174776,1.1258297921809055,0.0003153671694759505,0.0
thiruvananthapuram,2026-07-30,2.8,0.0,8.52,76.94,Normal,0.49968339017673313,West-coast orographic,2.8,0.7311161196231847,0.7357512021064759,1.0423259748303486,0.4982369855200015,1.0423259748303486,0.00042139505726116947,0.0
varanasi,2026-07-30,1.2,0.964431881904602,25.32,82.97,Normal,0.49968339017673313,Inland,1.2,0.004065133086405715,0.0,0.8702992122351704,0.015021490425990719,0.8702992122351704,0.0004141796078538626,0.0
vijayawada,2026-07-30,4.8,5.611248016357422,16.51,80.65,Normal,0.49968339017673313,Inland,4.8,2.269458954334262,2.4635264754295347,1.768383901761361,0.8251464517797177,1.768383901761361,0.000577161919892924,0.0
visakhapatnam,2026-07-30,0.7000000000000001,0.0,17.69,83.22,Normal,0.49968339017673313,East coast,0.7000000000000001,0.0,0.0,0.2511164785495122,0.0,0.2511164785495122,0.0002299846628731423,0.0
agartala,2026-07-31,9.7,5.8439202308654785,23.83,91.29,Normal,1.1314947127554498,Inland,9.7,7.179871523380277,7.47273283174374,10.11922931359335,18.076442701030274,10.11922931359335,0.005561401938700681,0.0
ahmedabad,2026-07-31,20.2,3.825618028640747,23.02,72.57,Normal,1.1314947127554498,Inland,20.2,17.163723420727152,19.164357655452132,13.622229131813969,26.154943567403784,13.622229131813969,0.011883412738041178,0.0
amritsar,2026-07-31,12.3,0.45859295129776,31.63,74.87,Normal,1.1314947127554498,Inland,12.3,9.467803216661727,9.824359868417577,7.059720973789333,9.700701038442617,7.059720973789333,0.00987016750850419,0.0
bengaluru,2026-07-31,2.0,0.12858185172080994,12.97,77.59,Normal,1.1314947127554498,Inland,2.0,0.25276583075523396,0.22539222151041044,1.2444694144912853,0.17839143490179438,1.2444694144912853,0.00012109759688542343,0.0
bhopal,2026-07-31,4.5,2.9298839569091797,23.26,77.41,Normal,1.1314947127554498,Inland,4.5,1.9692580175399792,2.0595944499497354,2.0011260757730147,1.1269161974349409,2.0011260757730147,0.000727662663751597,0.0
bhubaneswar,2026-07-31,5.6,1.432546854019165,20.3,85.82,Normal,1.1314947127554498,East coast,5.6,2.8364398229122147,1.2923753184931621,1.8235518332862126,1.1762987320241935,1.8235518332862126,0.0007772623175952144,0.0
chandigarh,2026-07-31,4.3999999999999995,2.5510916709899902,30.73,76.78,Normal,1.1314947127554498,Inland,4.3999999999999995,1.8796406126022343,2.0021747924186086,7.894493248431116,11.641110605475856,7.894493248431116,0.0015822943781777,0.0
chennai,2026-07-31,1.5,0.0,13.08,80.27,Normal,1.1314947127554498,East coast,1.5,0.09843098767101764,0.017848016665352184,0.6197694504883989,0.010275121266066077,0.6197694504883989,0.00011865129709951722,0.0
dehradun,2026-07-31,16.3,4.408751964569092,30.32,78.03,Normal,1.1314947127554498,Hill / Himalayan orographic,16.3,13.537532367706302,19.534065205891935,36.362009582508556,67.81894809027673,36.362009582508556,0.22107561068284082,0.0
delhi,2026-07-31,1.3,0.6558246612548828,28.61,77.21,Normal,1.1314947127554498,Inland,1.3,0.020725580081343755,0.009766816720366453,1.1842224042702967,0.15101423931254815,1.1842224042702967,0.00028549817794760226,0.0
gangtok,2026-07-31,17.2,22.408920288085938,27.33,88.61,Normal,1.1314947127554498,Hill / Himalayan orographic,17.2,14.311468652954588,20.263613950093607,22.532001542047414,38.76500096496716,22.532001542047414,0.0036040353109110484,0.0
guwahati,2026-07-31,21.599999999999998,1.7008763551712036,26.14,91.74,Normal,1.1314947127554498,Inland,21.599999999999998,18.319413929507657,20.748774260203042,23.7238346410702,39.88080172871272,23.7238346410702,0.00163574739596817,0.0
hyderabad,2026-07-31,5.4,6.882491588592529,17.39,78.49,Normal,1.1314947127554498,Inland,5.4,2.7293122291564926,3.0825293914477037,2.016381848105113,1.1530380423038167,2.016381848105113,0.0004906585376966472,0.0
jabalpur,2026-07-31,2.2,10.718154907226562,23.18,79.95,Normal,1.1314947127554498,Inland,2.2,0.3962934052944182,0.30880287647247306,1.409249325485539,0.32053251824393225,1.409249325485539,0.00022478673279548774,0.0
jaipur,2026-07-31,2.4000000000000004,0.0,26.91,75.79,Normal,1.1314947127554498,Inland,2.4000000000000004,0.5359498187899591,0.5202649921178818,1.7764522408701153,0.8335180966784421,1.7764522408701153,0.0013436572734481591,0.0
jodhpur,2026-07-31,6.6,0.0,26.24,73.02,Normal,1.1314947127554498,Inland,6.6,3.8324890518188477,4.315015888214112,2.5709196427368406,2.049523790111772,2.5709196427368406,0.0007146338263450775,0.0
kochi,2026-07-31,24.8,20.9724178314209,9.93,76.27,Normal,1.1314947127554498,West-coast orographic,24.8,20.940807651907715,12.590113341417887,14.581255957595724,17.95431519436161,14.581255957595724,0.018235294479143717,0.0
kolkata,2026-07-31,8.8,0.09235316514968872,22.57,88.36,Normal,1.1314947127554498,East coast,8.8,5.81285996437073,5.099093794822693,4.232247750180644,5.480841875248035,4.232247750180644,0.015836726960687338,0.0
lucknow,2026-07-31,4.9,0.18634742498397827,26.85,80.95,Normal,1.1314947127554498,Inland,4.9,2.363416953086853,2.508576854467392,3.3619922440730243,3.3129788479004088,3.3619922440730243,0.0009057179979962838,0.0
madurai,2026-07-31,0.5,0.0,9.93,78.12,Normal,1.1314947127554498,Inland,0.5,0.0,0.0,0.39938498371503717,0.0,0.39938498371503717,0.00015991946203705338,0.0
mangaluru,2026-07-31,19.0,7.751030445098877,12.91,74.86,Normal,1.1314947127554498,West-coast orographic,19.0,16.08615593507256,10.24328144990525,16.805025299965838,19.551701283548983,16.805025299965838,0.004128117817124912,0.0
mumbai,2026-07-31,64.8,7.279998302459717,19.08,72.88,Normal,1.1314947127554498,West-coast orographic,64.8,52.959673205554594,34.83828889465889,59.561065155843636,65.77473045437756,59.561065155843636,0.10225321705924903,1.0
nagpur,2026-07-31,69.4,42.5349235534668,21.15,79.09,Normal,1.1314947127554498,Inland,69.4,58.1977188577912,77.66177544695591,59.266203168429726,89.64709641897183,59.266203168429726,0.28270810315970607,1.0
panaji,2026-07-31,22.5,4.376277446746826,15.49,73.83,Normal,1.1314947127554498,West-coast orographic,22.5,19.105671791717704,11.768495849262587,14.31692445450981,17.73803455790413,14.31692445450981,0.010399152558186532,0.0
patna,2026-07-31,6.4,3.7468807697296143,25.59,85.14,Normal,1.1314947127554498,Inland,6.4,3.5888337735247493,4.099710173606874,3.7138008544785213,3.869633829814057,3.7138008544785213,0.0005872881683423229,0.0
pune,2026-07-31,32.4,14.588709831237793,18.52,73.86,Normal,1.1314947127554498,Inland,32.4,27.929635795461078,34.89324904440179,31.00817858376374,53.096865810401574,31.00817858376374,0.1009840245058318,0.0
raipur,2026-07-31,9.7,7.115030765533447,21.25,81.63,Normal,1.1314947127554498,Inland,9.7,7.179871523380277,7.47273283174374,9.30379059328343,15.051097003554624,9.30379059328343,0.2932024044213423,0.0
ranchi,2026-07-31,9.0,3.072213649749756,23.34,85.31,Normal,1.1314947127554498,Inland,9.0,6.182915496826173,6.964461064230004,7.945708348148442,11.776289077881223,7.945708348148442,0.007303303851118016,0.0
shillong,2026-07-31,19.1,5.495228290557861,25.58,91.89,Normal,1.1314947127554498,Hill / Himalayan orographic,19.1,16.187891422862737,22.734446154643393,12.370769593113133,19.12329757644732,12.370769593113133,0.002612746339167527,0.0
shimla,2026-07-31,8.1,10.776049613952637,31.1,77.17,Normal,1.1314947127554498,Hill / Himalayan orographic,8.1,5.213924012801686,5.374684740958675,15.125294309690728,22.49488978431883,15.125294309690728,0.015914227215426652,0.0
srinagar,2026-07-31,14.200000000000001,21.20478057861328,34.08,74.8,Normal,1.1314947127554498,Hill / Himalayan orographic,14.200000000000001,11.816922925273209,15.960058756718452,9.927667792774283,9.37141391093079,9.927667792774283,0.010774899280845686,0.0
surat,2026-07-31,43.1,9.84756088256836,21.17,72.83,Normal,1.1314947127554498,West-coast orographic,43.1,36.594309317892446,20.14040009442563,77.25042397756586,113.18437375389485,64.0,0.22194206619567292,0.0
thiruvananthapuram,2026-07-31,11.8,0.0,8.52,76.94,Normal,1.1314947127554498,West-coast orographic,11.8,9.0649069840387,6.1614454673209655,3.106221213176149,1.5114073599314466,3.106221213176149,0.0031524730566133284,0.0
varanasi,2026-07-31,3.5,0.0,25.32,82.97,Normal,1.1314947127554498,Inland,3.5,1.1762227451801301,1.2067388486862205,2.5908961911608164,2.0806321828586696,2.5908961911608164,0.003757775258663769,0.0
vijayawada,2026-07-31,8.3,2.6256351470947266,16.51,80.65,Normal,1.1314947127554498,Inland,8.3,5.377865446783158,6.106367498698988,6.681100697234358,9.157486045759693,6.681100697234358,0.011038414902644912,0.0
visakhapatnam,2026-07-31,37.2,0.0,17.69,83.22,Normal,1.1314947127554498,East coast,37.2,32.15840267837916,52.61687558414784,50.75298486150015,47.660149398468064,70.0,0.5112239230634004,0.0
agartala,2026-08-02,7.6000000000000005,1.5971227884292603,23.83,91.29,Normal,1.2112062075615782,Inland,7.6000000000000005,4.886549846791775,5.4804579591751095,6.787050865171538,9.423974728060687,6.787050865171538,0.002433040319538935,0.0
ahmedabad,2026-08-02,58.6,12.85551929473877,23.02,72.57,Normal,1.2112062075615782,Inland,58.6,46.790544147249506,65.37845184590235,57.40931616609504,87.51121613848694,57.40931616609504,0.07643863458936755,0.0
amritsar,2026-08-02,14.6,0.0,31.63,74.87,Normal,1.2112062075615782,Inland,14.6,12.159771461366473,12.79234756068179,13.926896172293848,26.611281777625138,13.926896172293848,0.015923147178206382,0.0
bengaluru,2026-08-02,11.7,0.004983808379620314,12.97,77.59,Normal,1.2112062075615782,Inland,11.7,8.981958810919956,9.496005490971358,6.534718769840975,8.734552008665545,6.534718769840975,0.004017068304030021,0.0
bhopal,2026-08-02,1.4,0.5213208794593811,23.26,77.41,Normal,1.2112062075615782,Inland,1.4,0.07367346316576001,0.03783291786909109,0.5688811507370224,0.0,0.5688811507370224,0.0002294207838010839,0.0
bhubaneswar,2026-08-02,4.0,0.0,20.3,85.82,Normal,1.2112062075615782,East coast,4.0,1.4643284380435948,0.406203433573246,1.3355779675094637,0.7102413930010707,1.3355779675094637,0.0007772623175952144,0.0
chandigarh,2026-08-02,8.7,0.19210679829120636,30.73,76.78,Normal,1.2112062075615782,Inland,8.7,5.72461968811967,6.573686871528625,11.844178506250593,22.238805821701867,11.844178506250593,0.046230046102593896,0.0
chennai,2026-08-02,5.5,2.992884397506714,13.08,80.27,Normal,1.2112062075615782,East coast,5.5,2.7828760260343537,1.2568445703813007,1.1229092084450991,0.25295086456352067,1.1229092084450991,0.00028754546877186854,0.0
dehradun,2026-08-02,21.6,1.7332888841629028,30.32,78.03,Normal,1.2112062075615782,Hill / Himalayan orographic,21.6,18.31941392950766,25.114472746361695,43.68248458059396,88.21335528957606,43.68248458059396,0.06840133533108142,0.0
delhi,2026-08-02,3.4,4.243592739105225,28.61,77.21,Normal,1.2112062075615782,Inland,3.4,1.1200009006261826,1.1471408134698882,2.8766703018018513,2.4454762549289946,2.8766703018018513,0.0017710345573860534,0.0
gangtok,2026-08-02,26.8,21.489160537719727,27.33,88.61,Normal,1.2112062075615782,Hill / Himalayan orographic,26.8,23.257520652368445,32.048419920497835,39.508056894247346,76.58364846294964,39.508056894247346,0.0355040971323404,0.0
guwahati,2026-08-02,10.0,5.88047456741333,26.14,91.74,Normal,1.2112062075615782,Inland,10.0,7.5299876937866195,7.758052890777589,7.116659057610043,9.753461098900596,7.116659057610043,0.0036569599870423337,0.0
hyderabad,2026-08-02,0.0,1.5280841588974,17.39,78.49,Normal,1.2112062075615782,Inland,0.0,0.0,0.0,0.23366210348014838,0.0,0.23366210348014838,0.00017950313326977514,0.0
jabalpur,2026-08-02,0.6,0.0,23.18,79.95,Normal,1.2112062075615782,Inland,0.6,0.0,0.0,0.5484574832645814,0.0,0.5484574832645814,0.00022478673279548774,0.0
jaipur,2026-08-02,12.200000000000001,0.05374911054968834,26.91,75.79,Normal,1.2112062075615782,Inland,12.200000000000001,9.396699676513673,9.769634138843207,10.005139939159928,17.70997557094663,10.005139939159928,0.010719515418491199,0.0
jodhpur,2026-08-02,1.9,0.0,26.24,73.02,Normal,1.2112062075615782,Inland,1.9,0.2127908974885941,0.20156859576702138,1.3011295046285005,0.21372382980072446,1.3011295046285005,0.000269623755704814,0.0
kochi,2026-08-02,70.3,52.1020393371582,9.93,76.27,Normal,1.2112062075615782,West-coast orographic,70.3,59.222553876707046,36.78135716476177,11.214787650284666,13.631160258526231,11.214787650284666,0.036513584950667595,1.0
kolkata,2026-08-02,14.2,0.08456266671419144,22.57,88.36,Normal,1.2112062075615782,East coast,14.2,11.816922925273207,16.205747361165177,7.886696521440372,16.646855352419376,7.886696521440372,0.03298369522415765,0.0
lucknow,2026-08-02,4.8,3.9535369873046875,26.85,80.95,Normal,1.2112062075615782,Inland,4.8,2.269458954334262,2.4635264754295347,3.3619922440730243,3.3129788479004088,3.3619922440730243,0.0009057179979962838,0.0
madurai,2026-08-02,8.2,0.0,9.93,78.12,Normal,1.2112062075615782,Inland,8.2,5.295894729792422,6.004373444005062,5.094858493959166,5.977661553124107,5.094858493959166,0.0053727039656713965,0.0
mangaluru,2026-08-02,101.4,44.703277587890625,12.91,74.86,Normal,1.2112062075615782,West-coast orographic,101.4,78.5883375130354,55.23048293717514,31.350228948286915,39.7103330996834,31.350228948286915,0.08959883440058941,1.0
mumbai,2026-08-02,15.5,20.285459518432617,19.08,72.88,Normal,1.2112062075615782,West-coast orographic,15.5,12.887777605307988,8.800213898552787,19.014341817523867,22.385328321132313,19.014341817523867,0.008769342386446074,0.0
nagpur,2026-08-02,2.5,7.1684346199035645,21.15,79.09,Normal,1.2112062075615782,Inland,2.5,0.5848333090543747,0.5706841692328453,2.076749388916718,1.2432537806235922,2.076749388916718,0.001030080362450479,0.0
panaji,2026-08-02,45.7,3.3448843955993652,15.49,73.83,Normal,1.2112062075615782,West-coast orographic,45.7,37.69681474755311,21.553302791204494,15.214099621740448,18.488146729771945,15.214099621740448,0.010523969062870802,0.0
patna,2026-08-02,3.3000000000000003,0.0,25.59,85.14,Normal,1.2112062075615782,Inland,3.3000000000000003,1.0637790560722353,1.0875427782535558,2.31604942630279,1.623430420180811,2.31604942630279,0.0008324388526808092,0.0
pune,2026-08-02,7.4,2.075388193130493,18.52,73.86,Normal,1.2112062075615782,Inland,7.4,4.708778718312585,5.369825716018676,4.6705720766225145,5.3971662765967565,4.6705720766225145,0.0013231768853315907,0.0
raipur,2026-08-02,1.4000000000000001,0.05835670977830887,21.25,81.63,Normal,1.2112062075615782,Inland,1.4000000000000001,0.07367346316576007,0.053335021175444114,1.245260563883404,0.17882188613855987,1.245260563883404,0.00048040670577407244,0.0
ranchi,2026-08-02,1.3,1.0168648958206177,23.34,85.31,Normal,1.2112062075615782,Inland,1.3,0.020725580081343755,0.009766816720366453,0.6068904443529864,0.0,0.6068904443529864,0.00020911661642186597,0.0
shillong,2026-08-02,31.400000000000002,14.671995162963867,25.58,91.89,Normal,1.2112062075615782,Hill / Himalayan orographic,31.400000000000002,27.22531561020578,36.52756613998904,20.144402753012525,35.40010948954802,20.144402753012525,0.027729081663362545,0.0
shimla,2026-08-02,10.5,11.004727363586426,31.1,77.17,Normal,1.2112062075615782,Hill / Himalayan orographic,10.5,7.931482804616292,8.753097953796386,7.966254449341613,7.112330664839785,7.966254449341613,0.009572506678057676,0.0
srinagar,2026-08-02,25.3,8.540144920349121,34.08,74.8,Normal,1.2112062075615782,Hill / Himalayan orographic,25.3,21.56138264348952,28.496092871892643,13.104589964492453,20.74806687377632,13.104589964492453,0.03445353428176589,0.0
surat,2026-08-02,50.0,59.27213668823242,21.17,72.83,Normal,1.2112062075615782,West-coast orographic,50.0,40.22210578215674,23.485832479881726,63.23446788141068,68.42265541751634,63.23446788141068,0.06096317437906305,0.0
thiruvananthapuram,2026-08-02,21.6,2.7669005393981934,8.52,76.94,Normal,1.2112062075615782,West-coast orographic,21.6,18.31941392950766,11.461877020233914,3.792595052660672,2.4913986942264694,3.792595052660672,0.002197323040575499,0.0
varanasi,2026-08-02,1.5,2.1307270526885986,25.32,82.97,Normal,1.2112062075615782,Inland,1.5,0.09843098767101764,0.08515894711017613,1.6822949042881317,0.7166479276778847,1.6822949042881317,0.00046964170059912334,0.0
vijayawada,2026-08-02,1.6,0.47697797417640686,16.51,80.65,Normal,1.2112062075615782,Inland,1.6,0.12448177695274354,0.11826103284955025,1.0417179318469207,0.09818022772231284,1.0417179318469207,0.00021023626152237164,0.0
visakhapatnam,2026-08-02,0.7,0.0,17.69,83.22,Normal,1.2112062075615782,East coast,0.7,0.0,0.0,0.2527099322376908,0.0,0.2527099322376908,0.00026392427580641684,0.0
agartala,2026-08-03,5.3,6.582067489624023,23.83,91.29,Normal,0.5633934908639454,Inland,5.3,2.6471393483509984,2.9653564310073848,6.669646440375244,9.128675994048098,6.669646440375244,0.0005222408726642489,0.0
ahmedabad,2026-08-03,16.0,0.43004047870635986,23.02,72.57,Normal,0.5633934908639454,Inland,16.0,13.283635177612306,14.214419136047365,10.364051477072689,18.86283736816468,10.364051477072689,0.014266006695640042,0.0
amritsar,2026-08-03,0.7999999999999999,0.0,31.63,74.87,Normal,0.5633934908639454,Inland,0.7999999999999999,0.0,0.0,5.787138649742794,7.2290154305713,5.787138649742794,0.00040718455546674676,0.0
bengaluru,2026-08-03,5.2,0.5604337453842163,12.97,77.59,Normal,0.5633934908639454,Inland,5.2,2.5649664675455046,2.8113406096082727,1.6177652740996513,0.5992307336146252,1.6177652740996513,0.00031208370854631846,0.0
bhopal,2026-08-03,3.0,0.0,23.26,77.41,Normal,0.5633934908639454,Inland,3.0,0.8909213689963048,0.8990283854316163,1.5827722255549803,0.5432747882809552,1.5827722255549803,0.001088664615954051,0.0
bhubaneswar,2026-08-03,27.6,5.043123245239258,20.3,85.82,Normal,0.5633934908639454,East coast,27.6,23.919266707166365,31.687680580788122,34.493642061410526,41.07768780526513,34.493642061410526,0.07960397399594327,0.0
chandigarh,2026-08-03,6.3,0.0,30.73,76.78,Normal,0.5633934908639454,Inland,6.3,3.47492926669208,3.9920573163032533,9.841967702859627,17.143472132428187,9.841967702859627,0.0015684100311267185,0.0
chennai,2026-08-03,0.5,1.1918485164642334,13.08,80.27,Normal,0.5633934908639454,East coast,0.5,0.0,0.0,0.3257208465430511,0.0,0.3257208465430511,0.000117608640557038,0.0
dehradun,2026-08-03,20.0,0.15243452787399292,30.32,78.03,Normal,0.5633934908639454,Hill / Himalayan orographic,20.0,17.00118340738323,23.28057601089291,33.598354415489936,58.57101054841401,33.598354415489936,0.07193003023136746,0.0
delhi,2026-08-03,7.7,0.4276849031448364,28.61,77.21,Normal,0.5633934908639454,Inland,7.7,4.943374399470388,5.535774080753326,7.802392970839695,11.382647714090856,7.802392970839695,0.009193136432325362,0.0
gangtok,2026-08-03,4.9,35.09510040283203,27.33,88.61,Normal,0.5633934908639454,Hill / Himalayan orographic,4.9,2.363416953086853,2.8710332282384234,9.717498549623327,9.233485558137867,9.717498549623327,0.000800707926329459,0.0
guwahati,2026-08-03,9.0,2.703397512435913,26.14,91.74,Normal,0.5633934908639454,Inland,9.0,6.182915496826173,6.964461064230004,5.433850378226908,6.403805553308397,5.433850378226908,0.0024426831902709728,0.0
hyderabad,2026-08-03,0.2,5.451162815093994,17.39,78.49,Normal,0.5633934908639454,Inland,0.2,0.0,0.0,0.32950432047554523,0.0,0.32950432047554523,0.00017792583213128177,0.0
jabalpur,2026-08-03,6.9,0.0,23.18,79.95,Normal,0.5633934908639454,Inland,6.9,4.20102972984314,4.703087557826396,4.038885776538975,4.483870182119227,4.038885776538975,0.003546692069600406,0.0
jaipur,2026-08-03,11.1,4.538167953491211,26.91,75.79,Normal,0.5633934908639454,Inland,11.1,8.475146043496053,9.060347610327964,7.083422095194093,9.722663010365919,7.083422095194093,0.00729708363875528,0.0
jodhpur,2026-08-03,33.300000000000004,37.008182525634766,26.24,73.02,Normal,0.5633934908639454,Inland,33.300000000000004,28.563523962190853,35.56261782326525,22.050886808506267,37.86671750612178,22.050886808506267,0.05921349425838939,0.0
kochi,2026-08-03,76.8,73.42691802978516,9.93,76.27,Normal,0.5633934908639454,West-coast orographic,76.8,66.62414012443267,42.26440582144322,10.262233955893533,12.305698120467168,10.262233955893533,0.01691655667096054,1.0
kolkata,2026-08-03,23.9,18.680763244628906,22.57,88.36,Normal,0.5633934908639454,East coast,23.9,20.22304888473992,26.9577009030134,31.164153673075212,39.278997493337116,31.164153673075212,0.2883281523061875,0.0
lucknow,2026-08-03,25.400000000000002,15.017473220825195,26.85,80.95,Normal,0.5633934908639454,Inland,25.400000000000002,21.68549764180588,26.632501131626945,31.02185506412489,53.12621632758479,31.02185506412489,0.09618696797524313,0.0
madurai,2026-08-03,0.7999999999999999,0.0,9.93,78.12,Normal,0.5633934908639454,Inland,0.7999999999999999,0.0,0.0,0.4800731046716964,0.0,0.4800731046716964,0.00015851421611057175,0.0
mangaluru,2026-08-03,73.9,24.591602325439453,12.91,74.86,Normal,0.5633934908639454,West-coast orographic,73.9,63.32189395237047,38.87427394372241,14.615705272427462,17.97304281750736,14.615705272427462,0.02378822073563346,1.0
mumbai,2026-08-03,13.4,67.50379180908203,19.08,72.88,Normal,0.5633934908639454,West-coast orographic,13.4,10.82364410400391,7.198764915759747,14.517317988939858,17.919556703879564,14.517317988939858,0.01710090086519777,0.0
nagpur,2026-08-03,3.7,0.1859816461801529,21.15,79.09,Normal,0.5633934908639454,Inland,3.7,1.3134211349487317,1.3439800274372136,2.719450822576372,2.2992081037368797,2.719450822576372,0.0009833950390686758,0.0
panaji,2026-08-03,16.6,48.58510208129883,15.49,73.83,Normal,0.5633934908639454,West-coast orographic,16.6,13.791429557800296,9.224951648425597,7.865719091457317,7.994294908124422,7.865719091457317,0.001798575097091616,0.0
patna,2026-08-03,10.2,0.5296297669410706,25.59,85.14,Normal,0.5633934908639454,Inland,10.2,7.684231145858763,7.927423128128052,6.733666295024122,9.289700436374572,6.733666295024122,0.004242942684650216,0.0
pune,2026-08-03,6.8,2.2074060440063477,18.52,73.86,Normal,0.5633934908639454,Inland,6.8,4.0781828371683755,4.592527283242279,3.9513367426074844,4.3341543365435635,3.9513367426074844,0.0011747845866976255,0.0
raipur,2026-08-03,2.2,0.0,21.25,81.63,Normal,0.5633934908639454,Inland,2.2,0.3962934052944182,0.30880287647247306,1.675598819334062,0.7065700618699755,1.675598819334062,0.00042367386419743427,0.0
ranchi,2026-08-03,12.7,17.07404899597168,23.34,85.31,Normal,0.5633934908639454,Inland,12.7,9.752217377253944,10.413086385726924,11.457664730109151,21.094979626125223,11.457664730109151,0.003665454432465996,0.0
shillong,2026-08-03,30.8,8.73275375366211,25.58,91.89,Normal,0.5633934908639454,Hill / Himalayan orographic,30.8,26.78150553425945,36.16741215713728,16.366995546589767,25.098426144013626,16.366995546589767,0.009084159767542559,0.0
shimla,2026-08-03,1.1,15.284915924072266,31.1,77.17,Normal,0.5633934908639454,Hill / Himalayan orographic,1.1,0.0,0.04196028821170329,1.8089321434859322,0.45419413939338,1.8089321434859322,0.00031898677122896133,0.0
srinagar,2026-08-03,6.1,1.1497877836227417,34.08,74.8,Normal,0.5633934908639454,Hill / Himalayan orographic,6.1,3.2529812002182004,3.9057794857025163,2.365551773251268,0.9282942625336932,2.365551773251268,0.001034606252086706,0.0
surat,2026-08-03,10.5,3.317111015319824,21.17,72.83,Normal,0.5633934908639454,West-coast orographic,10.5,7.931482804616292,5.742421962420146,7.09891293233951,6.4060108364087665,7.09891293233951,0.010430221206387393,0.0
thiruvananthapuram,2026-08-03,20.4,7.988387584686279,8.52,76.94,Normal,0.5633934908639454,West-coast orographic,20.4,17.326263434071073,10.798933215878101,0.2482270608831154,0.0,0.2482270608831154,0.001744750361258502,0.0
varanasi,2026-08-03,10.4,2.5807559490203857,25.32,82.97,Normal,0.5633934908639454,Inland,10.4,7.838474597930908,8.096793365478517,7.379242080938582,10.220245816432731,7.379242080938582,0.2580993265212977,0.0
vijayawada,2026-08-03,0.5,0.10289648175239563,16.51,80.65,Normal,0.5633934908639454,Inland,0.5,0.0,0.0,0.5247036839579947,0.0,0.5247036839579947,0.00018319944869458717,0.0
visakhapatnam,2026-08-03,4.4,1.235759973526001,17.69,83.22,Normal,0.5633934908639454,East coast,4.4,1.8796406126022351,0.7098768539035443,0.6264314016525351,0.011176134027934213,0.6264314016525351,0.0007489731068515089,0.0
agartala,2026-08-04,2.4,4.964024066925049,23.83,91.29,Normal,-0.5559554225026342,Inland,2.4,0.5359498187899588,0.5202649921178815,8.195209274443364,12.434828342012779,8.195209274443364,0.0009797981645603632,0.0
ahmedabad,2026-08-04,4.8,0.0,23.02,72.57,Normal,-0.5559554225026342,Inland,4.8,2.269458954334262,2.4635264754295347,1.2782293882257594,0.19675967558040786,1.2782293882257594,0.0033481411303806254,0.0
amritsar,2026-08-04,10.5,25.749046325683594,31.63,74.87,Normal,-0.5559554225026342,Inland,10.5,7.931482804616292,8.28167896270752,1.3589523411120499,0.26671293112535527,1.3589523411120499,0.004199954638307412,0.0
bengaluru,2026-08-04,10.2,0.5240123867988586,12.97,77.59,Normal,-0.5559554225026342,Inland,10.2,7.684231145858763,7.927423128128052,2.9918756238798863,2.521546769164572,2.9918756238798863,0.0009510622206094749,0.0
bhopal,2026-08-04,5.6,0.1278897225856781,23.26,77.41,Normal,-0.5559554225026342,Inland,5.6,2.8364398229122147,3.3168753123283388,2.776760061397006,2.352525392725603,2.776760061397006,0.0015391037929747412,0.0
bhubaneswar,2026-08-04,26.9,2.3094799518585205,20.3,85.82,Normal,-0.5559554225026342,East coast,26.9,23.340238909218183,30.317638548080122,21.176001804004056,33.05538220315881,21.176001804004056,0.006594591836741061,0.0
chandigarh,2026-08-04,2.7,20.75605583190918,30.73,76.78,Normal,-0.5559554225026342,Inland,2.7,0.6888043242692952,0.6938115310668945,3.979399724298357,4.382144278231682,3.979399724298357,0.004232000188714487,0.0
chennai,2026-08-04,1.5,4.650376796722412,13.08,80.27,Normal,-0.5559554225026342,East coast,1.5,0.09843098767101764,0.017848016665352184,0.9668034176104726,0.10585925742483321,0.9668034176104726,0.0001184226287634533,0.0
dehradun,2026-08-04,8.7,3.1987907886505127,30.32,78.03,Normal,-0.5559554225026342,Hill / Himalayan orographic,8.7,5.72461968811967,6.436331042026551,12.887707552913476,20.422696441900992,12.887707552913476,0.01687270440366844,0.0
delhi,2026-08-04,19.2,13.385640144348145,28.61,77.21,Normal,-0.5559554225026342,Inland,19.2,16.289626910652906,18.201293049351996,10.465814066876439,19.189709563059765,10.465814066876439,0.01751089484683179,0.0
gangtok,2026-08-04,9.4,39.3648681640625,27.33,88.61,Normal,-0.5559554225026342,Hill / Himalayan orographic,9.4,6.7721436250209806,7.614221734711618,19.814609998145258,34.674630665939965,19.814609998145258,0.0070974801560866425,0.0
guwahati,2026-08-04,30.1,29.729320526123047,26.14,91.74,Normal,-0.5559554225026342,Inland,30.1,26.139955651028703,32.97542022115307,11.941349619778213,22.52636831485753,11.941349619778213,0.003666010866270916,0.0
hyderabad,2026-08-04,1.1,14.341001510620117,17.39,78.49,Normal,-0.5559554225026342,Inland,1.1,0.0,0.0,0.5835500384590482,0.0,0.5835500384590482,0.00018761470573486165,0.0
jabalpur,2026-08-04,2.6,0.0,23.18,79.95,Normal,-0.5559554225026342,Inland,2.6,0.6464925289154054,0.6211033463478088,1.4450231259948714,0.36262405549483445,1.4450231259948714,0.0021065385725424234,0.0
jaipur,2026-08-04,8.4,7.296197891235352,26.91,75.79,Normal,-0.5559554225026342,Inland,8.4,5.459898859366495,6.208361553392913,5.095516045062806,5.978488155384027,5.095516045062806,0.004751299401245415,0.0
jodhpur,2026-08-04,6.2,0.11841338127851486,26.24,73.02,Normal,-0.5559554225026342,Inland,6.2,3.3639552334551404,3.8844044589996343,2.3627757949125194,1.6826857528931902,2.3627757949125194,0.00112567016236225,0.0
kochi,2026-08-04,61.3,34.21192932128906,9.93,76.27,Normal,-0.5559554225026342,West-coast orographic,61.3,49.27839483950655,31.990272312382114,12.860413655427259,15.388099292077403,12.860413655427259,0.01581283002062659,0.0
kolkata,2026-08-04,25.8,0.434629887342453,22.57,88.36,Normal,-0.5559554225026342,East coast,25.8,22.18195763507132,28.548926976843724,18.111328788216806,27.423062961003126,18.111328788216806,0.04991891373541371,0.0
lucknow,2026-08-04,22.7,45.30247497558594,26.85,80.95,Normal,-0.5559554225026342,Inland,22.7,19.280395761097715,22.77917776489261,12.236383669740794,23.3779862633421,12.236383669740794,0.01636886356261421,0.0
madurai,2026-08-04,3.2,0.0,9.93,78.12,Normal,-0.5559554225026342,Inland,3.2,1.0138416314125063,0.9946039336815209,0.9927455266327057,0.06704737001069441,0.9927455266327057,0.0008120055029057327,0.0
mangaluru,2026-08-04,108.9,131.23316955566406,12.91,74.86,Normal,-0.5559554225026342,West-coast orographic,108.9,82.15179761126615,59.615403440774216,27.298723487264745,34.16618060317354,70.0,0.4474170108986196,1.0
mumbai,2026-08-04,13.6,17.9776611328125,19.08,72.88,Normal,-0.5559554225026342,West-coast orographic,13.6,11.097595621744798,7.596371094929253,12.445501849992493,14.85038277613905,12.445501849992493,0.00503616440469724,0.0
nagpur,2026-08-04,1.7,0.05490860715508461,21.15,79.09,Normal,-0.5559554225026342,Inland,1.7,0.14434519767761234,0.1327421268770535,1.2774882008258481,0.1963564078333236,1.2774882008258481,0.00023009033969563188,0.0
panaji,2026-08-04,28.7,26.229251861572266,15.49,73.83,Normal,-0.5559554225026342,West-coast orographic,28.7,24.856855884567207,13.635774721923113,17.114415020818285,19.615480662518905,17.114415020818285,0.0131252391856956,0.0
patna,2026-08-04,37.6,31.579904556274414,25.59,85.14,Normal,-0.5559554225026342,Inland,37.6,32.5506952888167,39.13553375393445,21.14241892268871,36.821931040189696,21.14241892268871,0.010600477775662018,0.0
pune,2026-08-04,16.2,8.733424186706543,18.52,73.86,Normal,-0.5559554225026342,Inland,16.2,13.452899971008302,14.498319000861875,3.9175589016807084,4.269430277872863,3.9175589016807084,0.0014210218997278898,0.0
raipur,2026-08-04,6.1,5.773788928985596,21.25,81.63,Normal,-0.5559554225026342,Inland,6.1,3.2529812002182004,3.781357946395874,3.7716783742272093,3.975001525759642,3.7716783742272093,0.004533007283525978,0.0
ranchi,2026-08-04,19.9,4.532403945922852,23.34,85.31,Normal,-0.5559554225026342,Inland,19.9,16.91991340071127,18.87543827362209,10.636460233035766,19.532624960439136,10.636460233035766,0.001459259949938216,0.0
shillong,2026-08-04,30.000000000000004,2.831110954284668,25.58,91.89,Normal,-0.5559554225026342,Hill / Himalayan orographic,30.000000000000004,26.048305667710025,35.79343366644921,8.836736933469005,8.212132297571937,8.836736933469005,0.003063852594561281,0.0
shimla,2026-08-04,7.5,0.0,31.1,77.17,Normal,-0.5559554225026342,Hill / Himalayan orographic,7.5,4.829725294113161,4.9134305660030515,11.273814290085834,15.84088151721846,11.273814290085834,0.0060486578765339034,0.0
srinagar,2026-08-04,14.4,3.141040802001953,34.08,74.8,Normal,-0.5559554225026342,Hill / Himalayan orographic,14.4,11.988347193319841,16.205902959285474,4.67159235448192,3.135749942319549,4.67159235448192,0.006346061152528579,0.0
surat,2026-08-04,6.1,0.0,21.17,72.83,Normal,-0.5559554225026342,West-coast orographic,6.1,3.2529812002182004,3.3134983789973322,4.978445700773559,4.079448688627029,4.978445700773559,0.0034574056166543146,0.0
thiruvananthapuram,2026-08-04,0.6000000000000001,0.540434718132019,8.52,76.94,Normal,-0.5559554225026342,West-coast orographic,0.6000000000000001,0.0,0.0,0.13930634912836004,0.0,0.13930634912836004,0.00016367107776271784,0.0
varanasi,2026-08-04,27.8,3.718073844909668,25.32,82.97,Normal,-0.5559554225026342,Inland,27.8,24.084703220865844,29.95545573518946,11.649384648987546,21.662344307446926,11.649384648987546,0.02062385646058529,0.0
vijayawada,2026-08-04,2.7,0.7224981784820557,16.51,80.65,Normal,-0.5559554225026342,Inland,2.7,0.6888043242692952,0.6938115310668945,1.8120666051149728,0.8793043695636656,1.8120666051149728,0.0012437994371760355,0.0
visakhapatnam,2026-08-04,5.3999999999999995,2.387643575668335,17.69,83.22,Normal,-0.5559554225026342,East coast,5.3999999999999995,2.7293122291564917,1.221313822269439,0.9559021331777103,0.10252179701630561,0.9559021331777103,0.0008273989768551921,0.0
agartala,2026-08-05,19.3,6.3924126625061035,23.83,91.29,Normal,-1.0771566523800435,Inland,19.3,16.409848552436976,18.469917290474445,8.880625621001572,14.21000818636303,8.880625621001572,0.0008829386074940108,0.0
ahmedabad,2026-08-05,1.2000000000000002,0.059160105884075165,23.02,72.57,Normal,-1.0771566523800435,Inland,1.2000000000000002,0.01101512242108586,0.0,0.012490593955626733,0.0,0.012490593955626733,0.00011249575900439101,0.0
amritsar,2026-08-05,6.6,9.950045585632324,31.63,74.87,Normal,-1.0771566523800435,Inland,6.6,3.7956085418846532,4.313917541503907,3.1453039793644533,2.3646349178906014,3.1453039793644533,0.00023412384072003318,0.0
bengaluru,2026-08-05,5.6,0.7065317034721375,12.97,77.59,Normal,-1.0771566523800435,Inland,5.6,2.794125485420225,3.2829667782783525,1.7352769488883508,0.7115396819261702,1.7352769488883508,0.0002344127218597584,0.0
bhopal,2026-08-05,4.5,0.0,23.26,77.41,Normal,-1.0771566523800435,Inland,4.5,1.793485620617867,2.0487249851226803,1.5344635390230417,0.5180688084722408,1.5344635390230417,0.00026796604720698205,0.0
bhubaneswar,2026-08-05,23.0,1.4129935503005981,20.3,85.82,Normal,-1.0771566523800435,East coast,23.0,19.98319429966478,22.459202941568766,18.071652051318583,31.608785643408023,18.071652051318583,0.002215554350827699,0.0
chandigarh,2026-08-05,15.3,13.60411262512207,30.73,76.78,Normal,-1.0771566523800435,Inland,15.3,12.68112260606555,13.962585668925998,9.716773865834378,17.32735432835938,9.716773865834378,0.0013236663410324115,0.0
chennai,2026-08-05,1.1,20.905000686645508,13.08,80.27,Normal,-1.0771566523800435,East coast,1.1,0.0,0.0,0.22859041413092865,0.0,0.22859041413092865,9.554771461508505e-05,0.0
dehradun,2026-08-05,22.1,9.986714363098145,30.32,78.03,Normal,-1.0771566523800435,Hill / Himalayan orographic,22.1,19.045239151146756,26.260644037621653,13.656050089104955,21.157737926476972,13.656050089104955,0.004408684225539968,0.0
delhi,2026-08-05,16.9,7.571834087371826,28.61,77.21,Normal,-1.0771566523800435,Inland,16.9,14.171292400360121,15.93971906345381,5.574537200006041,6.749923331407126,5.574537200006041,0.0005464963772328745,0.0
gangtok,2026-08-05,35.3,27.630369186401367,27.33,88.61,Normal,-1.0771566523800435,Hill / Himalayan orographic,35.3,30.718164627465757,40.17335182345425,11.839038708342764,16.34330179568935,11.839038708342764,0.00496637909633624,0.0
guwahati,2026-08-05,44.9,41.8098258972168,26.14,91.74,Normal,-1.0771566523800435,Inland,44.9,37.75501060418117,47.734158226617524,5.146444480246638,6.108227630381367,5.146444480246638,0.0026248216992087294,0.0
hyderabad,2026-08-05,2.3,6.173302173614502,17.39,78.49,Normal,-1.0771566523800435,Inland,2.3,0.4369867205619812,0.4318348467350006,1.7289027901118799,0.7057256321647878,1.7289027901118799,0.000815981231889109,0.0
jabalpur,2026-08-05,3.8,0.0,23.18,79.95,Normal,-1.0771566523800435,Inland,3.8,1.3193846678251189,1.4694688701629626,2.8311570806483806,2.0886939269099556,2.8311570806483806,0.0002965561032026568,0.0
jaipur,2026-08-05,6.5,2.722900629043579,26.91,75.79,Normal,-1.0771566523800435,Inland,6.5,3.681151020486472,4.214415413400397,1.4729153191383042,0.43508911776227505,1.4729153191383042,0.00027345784421414847,0.0
jodhpur,2026-08-05,0.1,0.0,26.24,73.02,Normal,-1.0771566523800435,Inland,0.1,0.0,0.0,0.08454366551539257,0.0,0.08454366551539257,0.00011396568749263564,0.0
kochi,2026-08-05,26.4,27.85881233215332,9.93,76.27,Normal,-1.0771566523800435,West-coast orographic,26.4,23.148485126495373,14.318833319632237,12.495356888386905,15.7948016438803,12.495356888386905,0.00390004104289139,0.0
kolkata,2026-08-05,20.2,20.76678466796875,22.57,88.36,Normal,-1.0771566523800435,East coast,20.2,17.300878008652933,19.835695361731187,2.3072904949511037,1.9799599068463687,2.3072904949511037,0.0017058103642068109,0.0
lucknow,2026-08-05,38.4,8.12354850769043,26.85,80.95,Normal,-1.0771566523800435,Inland,38.4,33.32974467791755,39.439165411284556,10.484039696835877,19.297331724362515,10.484039696835877,0.02853657179799246,0.0
madurai,2026-08-05,5.3,0.0,9.93,78.12,Normal,-1.0771566523800435,Inland,5.3,2.614094404824454,2.9680676078796386,0.7465836721154594,0.0006073562984402468,0.7465836721154594,0.0004552875183373638,0.0
mangaluru,2026-08-05,109.8,37.59198760986328,12.91,74.86,Normal,-1.0771566523800435,West-coast orographic,109.8,85.32373767942856,58.894910399131554,25.33359609178249,30.257750068303558,25.33359609178249,0.05652598417709268,1.0
mumbai,2026-08-05,10.6,22.96489715576172,19.08,72.88,Normal,-1.0771566523800435,West-coast orographic,10.6,7.929247371355692,6.263795844544756,9.5773658560023,11.742537876237341,9.5773658560023,0.0013399690944406915,0.0
nagpur,2026-08-05,4.8,0.32945165038108826,21.15,79.09,Normal,-1.0771566523800435,Inland,4.8,2.2111328995227812,2.349285001754761,2.541293360590207,1.715936227745343,2.541293360590207,0.0003107910503701046,0.0
panaji,2026-08-05,23.7,25.871604919433594,15.49,73.83,Normal,-1.0771566523800435,West-coast orographic,23.7,20.599501452069735,13.042878169063068,5.6445498012056206,5.753844211726172,5.6445498012056206,0.0019313803939031854,0.0
patna,2026-08-05,10.0,0.8937332034111023,25.59,85.14,Normal,-1.0771566523800435,Inland,10.0,7.531161445776621,7.813432357788086,5.148652743157458,6.111166017232045,5.148652743157458,0.0007077582466170983,0.0
pune,2026-08-05,7.3999999999999995,0.9106149077415466,18.52,73.86,Normal,-1.0771566523800435,Inland,7.3999999999999995,4.63193661423416,5.042639465332028,2.4300534199715904,1.5905359908203658,2.4300534199715904,0.0003845369646951136,0.0
raipur,2026-08-05,3.9,8.282816886901855,21.25,81.63,Normal,-1.0771566523800435,Inland,3.9,1.3781035040843812,1.5378949801127109,2.9910427538254316,2.243607062518501,2.9910427538254316,0.0005580829886918363,0.0
ranchi,2026-08-05,11.1,12.141700744628906,23.34,85.31,Normal,-1.0771566523800435,Inland,11.1,8.361491203308105,9.186676174301699,9.725747499376745,17.3513301603137,9.725747499376745,0.0007381206058088107,0.0
shillong,2026-08-05,95.1,46.78448486328125,25.58,91.89,Normal,-1.0771566523800435,Hill / Himalayan orographic,95.1,78.03915595908072,100.97964115520011,10.597123954433545,12.173243018409714,10.597123954433545,0.003616302859151014,1.0
shimla,2026-08-05,11.5,6.2818922996521,31.1,77.17,Normal,-1.0771566523800435,Hill / Himalayan orographic,11.5,8.90907480516504,9.540145950317385,3.7025333454565286,1.9004312628129851,3.7025333454565286,0.0009957338999848297,0.0
srinagar,2026-08-05,23.0,0.0,34.08,74.8,Normal,-1.0771566523800435,Hill / Himalayan orographic,23.0,19.98319429966478,26.940569204776846,2.742349433081497,1.0959588300434966,2.742349433081497,0.000763807053094223,0.0
surat,2026-08-05,3.9,0.0,21.17,72.83,Normal,-1.0771566523800435,West-coast orographic,3.9,1.3781035040843812,1.5920679223537442,4.036574110740345,3.633217880193408,4.036574110740345,0.0009307808893423661,0.0
thiruvananthapuram,2026-08-05,8.7,3.9912712574005127,8.52,76.94,Normal,-1.0771566523800435,West-coast orographic,8.7,5.780971103906639,5.230788859395839,2.335112562195451,1.0990448014354086,2.335112562195451,0.0006259949288110864,0.0
varanasi,2026-08-05,19.5,4.169410705566406,25.32,82.97,Normal,-1.0771566523800435,Inland,19.5,16.633134466100614,18.62809294620971,6.904819433182483,8.983299997303055,6.904819433182483,0.0012537575566073291,0.0
vijayawada,2026-08-05,0.0,1.6175965070724487,16.51,80.65,Normal,-1.0771566523800435,Inland,0.0,0.0,0.0,0.3735662177484912,0.0,0.3735662177484912,0.000145690678438281,0.0
visakhapatnam,2026-08-05,3.9,0.08564672619104385,17.69,83.22,Normal,-1.0771566523800435,East coast,3.9,1.3781035040843812,0.25821317519992587,0.7414104937755812,0.05121984285933274,0.7414104937755812,0.0006166315580105273,0.0
agartala,2026-08-06,18.2,18.677337646484375,23.83,91.29,Normal,-0.3460717477028588,Inland,18.2,15.295393662085885,17.479707737503766,5.973634286598985,7.3466486477314765,5.973634286598985,0.0010449028485166826,0.0
ahmedabad,2026-08-06,1.1,1.3015223741531372,23.02,72.57,Normal,-0.3460717477028588,Inland,1.1,0.0,0.0,0.05127232889088441,0.0,0.05127232889088441,0.0002428293929805486,0.0
amritsar,2026-08-06,5.6000000000000005,4.642194747924805,31.63,74.87,Normal,-0.3460717477028588,Inland,5.6000000000000005,2.794125485420226,3.2829667782783534,7.400896031756271,10.151492963538985,7.400896031756271,0.0011529734274182328,0.0
bengaluru,2026-08-06,6.3,1.198651671409607,12.97,77.59,Normal,-0.3460717477028588,Inland,6.3,3.4592807340621965,4.018501925998255,1.8726832337106314,0.8167192277443975,1.8726832337106314,0.000295722514196026,0.0
bhopal,2026-08-06,3.0,2.1180050373077393,23.26,77.41,Normal,-0.3460717477028588,Inland,3.0,0.8376649081707,0.8619623291492465,1.6166063009953118,0.6038055445558774,1.6166063009953118,0.001657353299074173,0.0
bhubaneswar,2026-08-06,22.6,66.42642211914062,20.3,85.82,Normal,-0.3460717477028588,East coast,22.6,19.587534449146045,22.12093653771899,18.572085732450276,32.27747961868005,18.572085732450276,0.006180129529621365,0.0
chandigarh,2026-08-06,2.5,0.8384444117546082,30.73,76.78,Normal,-0.3460717477028588,Inland,2.5,0.5649794369935988,0.5618604421615601,6.0153169453007465,7.399399150524281,6.0153169453007465,0.003346683693663131,0.0
chennai,2026-08-06,3.6,9.034147262573242,13.08,80.27,Normal,-0.3460717477028588,East coast,3.6,1.1942350924015046,0.24347283348441115,0.7495431553993765,0.05505851267055131,0.7495431553993765,0.000783095317074072,0.0
dehradun,2026-08-06,33.2,56.29654312133789,30.32,78.03,Normal,-0.3460717477028588,Hill / Himalayan orographic,33.2,28.61405983375219,39.67999823621524,20.07210956585595,35.35858082525425,20.07210956585595,0.03249842340520035,0.0
delhi,2026-08-06,38.1,17.142946243286133,28.61,77.21,Normal,-0.3460717477028588,Inland,38.1,33.08045282310347,39.05073860890946,12.37765995903502,22.848243621965207,12.37765995903502,0.004175896617848926,0.0
gangtok,2026-08-06,9.5,10.712362289428711,27.33,88.61,Normal,-0.3460717477028588,Hill / Himalayan orographic,9.5,6.851450088500977,7.096178188323976,10.644288235848665,12.325919915042057,10.644288235848665,0.004577812601780751,0.0
guwahati,2026-08-06,4.3,0.07568465173244476,26.14,91.74,Normal,-0.3460717477028588,Inland,4.3,1.6581876945495608,1.8143894672393799,4.929743946657429,5.788995757040846,4.929743946657429,0.00026364271964560284,0.0
hyderabad,2026-08-06,0.8999999999999999,0.27262288331985474,17.39,78.49,Normal,-0.3460717477028588,Inland,0.8999999999999999,0.0,0.0,0.49236594582660026,0.0,0.49236594582660026,0.00016251030859428713,0.0
jabalpur,2026-08-06,3.8,0.0,23.18,79.95,Normal,-0.3460717477028588,Inland,3.8,1.3193846678251189,1.4694688701629626,2.6422138168367377,1.8083345371066522,2.6422138168367377,0.0006714071807563155,0.0
jaipur,2026-08-06,16.5,0.669241726398468,26.91,75.79,Normal,-0.3460717477028588,Inland,16.5,13.796338071823152,15.153910469333164,4.444285222209946,4.9771371543692275,4.444285222209946,0.002625370946476734,0.0
jodhpur,2026-08-06,0.0,0.0,26.24,73.02,Normal,-0.3460717477028588,Inland,0.0,0.0,0.0,0.08864080383418786,0.0,0.08864080383418786,0.00018641789491923613,0.0
kochi,2026-08-06,51.4,16.322378158569336,9.93,76.27,Normal,-0.3460717477028588,West-coast orographic,51.4,41.71296359968521,23.345360084406657,13.980328521022985,18.05854908966695,13.980328521022985,0.010106193615208982,0.0
kolkata,2026-08-06,42.1,14.709796905517578,22.57,88.36,Normal,-0.3460717477028588,East coast,42.1,36.08062877986117,64.32130951522991,15.77368077523527,28.705046028124176,15.77368077523527,0.16249000913710476,0.0
lucknow,2026-08-06,46.2,16.44564437866211,26.85,80.95,Normal,-0.3460717477028588,Inland,46.2,38.42916739856751,49.368278113387234,18.11188611703065,32.89691706518044,18.11188611703065,0.008299025393224317,0.0
madurai,2026-08-06,1.3,0.0,9.93,78.12,Normal,-0.3460717477028588,Inland,1.3,0.03229489028453834,0.0,0.12892499470011964,0.0,0.12892499470011964,0.00016469170900581506,0.0
mangaluru,2026-08-06,107.80000000000001,9.521035194396973,12.91,74.86,Normal,-0.3460717477028588,West-coast orographic,107.80000000000001,84.33263812563975,58.05666106062894,26.364243875522167,31.469881561663815,26.364243875522167,0.055015047837029075,1.0
mumbai,2026-08-06,10.0,11.064493179321289,19.08,72.88,Normal,-0.3460717477028588,West-coast orographic,10.0,7.531161445776621,6.030132108889752,6.711055854590583,7.950473158910728,6.711055854590583,0.0031356769776578687,0.0
nagpur,2026-08-06,2.7,2.0581634044647217,21.15,79.09,Normal,-0.3460717477028588,Inland,2.7,0.6918004423379898,0.7391481328010561,1.6914347536826144,0.6715499807729275,1.6914347536826144,0.001742435259454916,0.0
panaji,2026-08-06,17.6,11.120067596435547,15.49,73.83,Normal,-0.3460717477028588,West-coast orographic,17.6,14.79596237329336,9.779839233794375,6.388748327463697,7.367821977445289,6.388748327463697,0.0010368758160663478,0.0
patna,2026-08-06,30.099999999999998,43.561981201171875,25.59,85.14,Normal,-0.3460717477028588,Inland,30.099999999999998,26.04234473063596,32.33839966512591,5.750009225065364,7.0544626110026485,5.750009225065364,0.001366903457994672,0.0
pune,2026-08-06,9.0,2.5156056880950928,18.52,73.86,Normal,-0.3460717477028588,Inland,9.0,6.238986403147383,6.848360156755183,3.190464020458043,2.4539936534809836,3.190464020458043,0.0011939677619074527,0.0
raipur,2026-08-06,1.9,14.667418479919434,21.25,81.63,Normal,-0.3460717477028588,Inland,1.9,0.22490824148058886,0.17440521538257603,1.3531489436060322,0.24710239647546492,1.3531489436060322,0.0002915765363490327,0.0
ranchi,2026-08-06,17.9,28.800933837890625,23.34,85.31,Normal,-0.3460717477028588,Inland,17.9,15.045678017689621,17.190911348289415,10.86763624237801,20.18747542824341,10.86763624237801,0.0008879745798420112,0.0
shillong,2026-08-06,16.3,3.2366185188293457,25.58,91.89,Normal,-0.3460717477028588,Hill / Himalayan orographic,16.3,13.608860907554666,21.112535770661196,8.454368156284348,5.590830569459151,8.454368156284348,0.002417573761691167,0.0
shimla,2026-08-06,16.8,3.2817904949188232,31.1,77.17,Normal,-0.3460717477028588,Hill / Himalayan orographic,16.8,14.077553818225882,21.455183283652026,15.165192428250025,23.463993089366916,15.165192428250025,0.00278414337647571,0.0
srinagar,2026-08-06,7.9,0.0,34.08,74.8,Normal,-0.3460717477028588,Hill / Himalayan orographic,7.9,4.9969034123471765,4.9305963171021014,1.1759956679182788,0.17768940658960047,1.1759956679182788,0.002371132310148938,0.0
surat,2026-08-06,4.6000000000000005,0.9825173020362854,21.17,72.83,Normal,-0.3460717477028588,West-coast orographic,4.6000000000000005,1.8816347599029564,2.537353371897488,3.563306905655457,2.418508199579713,3.563306905655457,0.0025661887632052313,0.0
thiruvananthapuram,2026-08-06,7.3,0.8480826020240784,8.52,76.94,Normal,-0.3460717477028588,West-coast orographic,7.3,4.516612971881485,4.6904643088498394,1.509133744313951,0.6933272829592314,1.509133744313951,0.0007393524978043107,0.0
varanasi,2026-08-06,33.5,29.372610092163086,25.32,82.97,Normal,-0.3460717477028588,Inland,33.5,28.91464623285413,34.81541481983806,11.481649096849,21.57240115810538,11.481649096849,0.020568915722729255,0.0
vijayawada,2026-08-06,0.8,23.011781692504883,16.51,80.65,Normal,-0.3460717477028588,Inland,0.8,0.0,0.0,0.874029050046828,0.04445818861270902,0.874029050046828,0.00020068490865321579,0.0
visakhapatnam,2026-08-06,13.1,7.460301399230957,17.69,83.22,Normal,-0.3460717477028588,East coast,13.1,10.358105229089126,10.923014614596694,1.737579101714147,1.2169403248179285,1.737579101714147,0.00538816374545936,0.0
agartala,2026-08-07,14.7,8.734001159667969,23.83,91.29,Normal,-0.4567345787659994,Inland,14.7,12.20879436016085,13.322177191584945,6.793963843836924,8.491395128538521,6.793963843836924,0.0014897802895222966,0.0
ahmedabad,2026-08-07,0.4,0.0,23.02,72.57,Normal,-0.4567345787659994,Inland,0.4,0.0,0.0,0.19168101135730478,0.0,0.19168101135730478,0.00022273314014752834,0.0
amritsar,2026-08-07,4.5,0.0,31.63,74.87,Normal,-0.4567345787659994,Inland,4.5,1.793485620617867,2.0487249851226803,5.485970156281945,6.587246599295471,5.485970156281945,0.0009389055003117372,0.0
bengaluru,2026-08-07,6.7,0.832222044467926,12.97,77.59,Normal,-0.4567345787659994,Inland,6.7,3.9225808244762885,4.411912282307943,2.8369324444495976,2.0943720567131083,2.8369324444495976,0.0005597778956959769,0.0
bhopal,2026-08-07,6.8,4.716936111450195,23.26,77.41,Normal,-0.4567345787659994,Inland,6.8,4.056592660239243,4.509907023111979,2.9751743951073655,2.2302865665333247,2.9751743951073655,0.0025483831876587943,0.0
bhubaneswar,2026-08-07,15.700000000000001,38.530479431152344,20.3,85.82,Normal,-0.4567345787659994,East coast,15.700000000000001,13.051253174675866,13.886473630261023,4.349279446134769,5.144547369099595,4.349279446134769,0.0011136117881745528,0.0
chandigarh,2026-08-07,4.8,9.854317665100098,30.73,76.78,Normal,-0.4567345787659994,Inland,4.8,2.2111328995227812,2.349285001754761,5.966158141381798,7.336880398922339,5.966158141381798,0.0011948019007463125,0.0
chennai,2026-08-07,7.699999999999999,4.329886436462402,13.08,80.27,Normal,-0.4567345787659994,East coast,7.699999999999999,4.881597497478539,3.10349036251206,1.8226257333916709,1.3866859622237293,1.8226257333916709,0.0006162954360156976,0.0
dehradun,2026-08-07,15.0,39.707664489746094,30.32,78.03,Normal,-0.4567345787659994,Hill / Himalayan orographic,15.0,12.436671722412122,17.534601471325583,31.844379271359784,51.240342123925416,31.844379271359784,0.037681627121023936,0.0
delhi,2026-08-07,11.3,12.335992813110352,28.61,77.21,Normal,-0.4567345787659994,Inland,11.3,8.635283004236575,9.291375987041427,5.411104505147599,6.460392915256972,5.411104505147599,0.0017059661603152174,0.0
gangtok,2026-08-07,11.200000000000001,6.613124847412109,27.33,88.61,Normal,-0.4567345787659994,Hill / Himalayan orographic,11.200000000000001,8.498387103772341,9.227789230346682,11.929464564764846,16.43187761098898,11.929464564764846,0.0022379759722719965,0.0
guwahati,2026-08-07,0.8,0.0,26.14,91.74,Normal,-0.4567345787659994,Inland,0.8,0.0,0.0,3.3527441468406654,2.647665717251432,3.3527441468406654,0.00011927568330148146,0.0
hyderabad,2026-08-07,3.2,1.2197048664093018,17.39,78.49,Normal,-0.4567345787659994,Inland,3.2,0.9701561331748965,0.9765140104293828,1.5706389579693987,0.5622231476498085,1.5706389579693987,0.0012059176956211505,0.0
jabalpur,2026-08-07,15.9,0.0,23.18,79.95,Normal,-0.4567345787659994,Inland,15.9,13.236318458981023,14.36389790547045,6.210085873580559,7.580370450500955,6.210085873580559,0.0032301406767334786,0.0
jaipur,2026-08-07,16.8,16.732521057128906,26.91,75.79,Normal,-0.4567345787659994,Inland,16.8,14.077553818225882,15.743266914923652,4.566800641981513,5.130937390261159,4.566800641981513,0.0010069814585743787,0.0
jodhpur,2026-08-07,0.0,0.0,26.24,73.02,Normal,-0.4567345787659994,Inland,0.0,0.0,0.0,0.08864080383418786,0.0,0.08864080383418786,0.00017573771444537266,0.0
kochi,2026-08-07,94.7,46.98706817626953,9.93,76.27,Normal,-0.4567345787659994,West-coast orographic,94.7,77.84093604832294,52.67856535592568,18.46962165120037,20.45609502687043,18.46962165120037,0.033585452460095595,1.0
kolkata,2026-08-07,41.5,62.79454803466797,22.57,88.36,Normal,-0.4567345787659994,East coast,41.5,35.63765035636471,62.42227939859617,14.223581973329392,23.662453796443874,14.223581973329392,0.1519866848417251,0.0
lucknow,2026-08-07,31.1,5.313032627105713,26.85,80.95,Normal,-0.4567345787659994,Inland,31.1,26.77832410597138,33.00465900610265,10.83469424598503,20.113173696503665,10.83469424598503,0.009315572774112884,0.0
madurai,2026-08-07,8.9,0.0,9.93,78.12,Normal,-0.4567345787659994,Inland,8.9,6.051708081563319,6.671914008888033,2.5906380328284966,1.7611140287618998,2.5906380328284966,0.0012731199004793142,0.0
mangaluru,2026-08-07,88.9,19.013248443603516,12.91,74.86,Normal,-0.4567345787659994,West-coast orographic,88.9,74.96674734233537,50.52132116952456,24.988009231416743,29.789779928677678,24.988009231416743,0.044043304086982545,1.0
mumbai,2026-08-07,7.3,12.704427719116211,19.08,72.88,Normal,-0.4567345787659994,West-coast orographic,7.3,4.516612971881485,4.6904643088498394,6.244688207868984,7.060448042214282,6.244688207868984,0.0018443378583337619,0.0
nagpur,2026-08-07,1.0,1.8678677082061768,21.15,79.09,Normal,-0.4567345787659994,Inland,1.0,0.0,0.0,0.4103951059564433,0.0,0.4103951059564433,0.00021675827018437563,0.0
panaji,2026-08-07,29.7,18.145944595336914,15.49,73.83,Normal,-0.4567345787659994,West-coast orographic,29.7,25.747952980501797,15.456249040870645,6.7008569096049175,7.933614595146854,6.7008569096049175,0.0038705806068693436,0.0
patna,2026-08-07,9.0,5.28521728515625,25.59,85.14,Normal,-0.4567345787659994,Inland,9.0,6.238986403147383,6.848360156755183,5.045891411633777,5.969150135981087,5.045891411633777,0.00088278878494169,0.0
pune,2026-08-07,6.1,1.6930946111679077,18.52,73.86,Normal,-0.4567345787659994,Inland,6.1,3.2444552040100096,3.8452540764985232,1.7659845240487055,0.739464221666976,1.7659845240487055,0.00035535610703129277,0.0
raipur,2026-08-07,4.1,7.545095443725586,21.25,81.63,Normal,-0.4567345787659994,Inland,4.1,1.563890120983123,1.6747472000122061,2.796746756272425,2.054862934594962,2.796746756272425,0.001272951744488618,0.0
ranchi,2026-08-07,9.8,22.79222869873047,23.34,85.31,Normal,-0.4567345787659994,Inland,9.8,7.298471485773723,7.548084983825685,6.086007287766688,7.465081717476022,6.086007287766688,0.0012456678890883563,0.0
shillong,2026-08-07,1.3,1.419750690460205,25.58,91.89,Normal,-0.4567345787659994,Hill / Himalayan orographic,1.3,0.03229489028453834,0.30195532836343936,2.813815305336062,1.2078930184428018,2.813815305336062,0.00012878195551950934,0.0
shimla,2026-08-07,48.4,19.83441734313965,31.1,77.17,Normal,-0.4567345787659994,Hill / Himalayan orographic,48.4,39.570048127529,44.74259197273457,19.850704885864143,34.53861202597284,19.850704885864143,0.005677496281979561,0.0
srinagar,2026-08-07,0.4,0.33677971363067627,34.08,74.8,Normal,-0.4567345787659994,Hill / Himalayan orographic,0.4,0.0,0.0,0.39634991627310084,0.0,0.39634991627310084,0.00036964465518547074,0.0
surat,2026-08-07,1.5,0.0,21.17,72.83,Normal,-0.4567345787659994,West-coast orographic,1.5,0.08545984260737896,0.0,0.9530107829522674,0.14272818745248908,0.9530107829522674,0.000452551933860692,0.0
thiruvananthapuram,2026-08-07,58.2,8.48222541809082,8.52,76.94,Normal,-0.4567345787659994,West-coast orographic,58.2,47.27630715133461,28.74696819657912,2.2837865725773496,1.0765081895441337,2.2837865725773496,0.005082055094668546,0.0
varanasi,2026-08-07,19.2,1.630948781967163,25.32,82.97,Normal,-0.4567345787659994,Inland,19.2,16.298205595605154,18.39082946260681,7.857649807658478,11.728025629811343,7.857649807658478,0.003419950441559324,0.0
vijayawada,2026-08-07,1.2,19.731534957885742,16.51,80.65,Normal,-0.4567345787659994,Inland,1.2,0.0,0.0,0.5581256199061316,0.0,0.5581256199061316,0.0001952626554652819,0.0
visakhapatnam,2026-08-07,11.9,37.95341491699219,17.69,83.22,Normal,-0.4567345787659994,East coast,11.9,9.218286255462877,9.425736851703368,2.383060544653358,2.0372605309762575,2.383060544653358,0.0033697864622501297,0.0
agartala,2026-08-08,2.9,1.6884865760803223,23.83,91.29,Normal,0.032939000347319634,Inland,2.9,0.7813986659049987,0.8151542544364929,4.902891272944609,5.747345026595689,4.902891272944609,0.0004270548384115834,0.0
ahmedabad,2026-08-08,0.1,0.0,23.02,72.57,Normal,0.032939000347319634,Inland,0.1,0.0,0.0,0.14986920364015976,0.0,0.14986920364015976,0.00020773860929665546,0.0
amritsar,2026-08-08,1.5,16.402421951293945,31.63,74.87,Normal,0.032939000347319634,Inland,1.5,0.08545984260737896,0.07291392507031497,4.169112298914608,4.442868640918504,4.169112298914608,0.00037806011999308464,0.0
bengaluru,2026-08-08,11.7,3.4221057891845703,12.97,77.59,Normal,0.032939000347319634,Inland,11.7,9.117227897693192,9.500775612520883,3.7400926548446956,3.8854331223070466,3.7400926548446956,0.0022591094398174863,0.0
bhopal,2026-08-08,14.5,7.969186305999756,23.26,77.41,Normal,0.032939000347319634,Inland,14.5,12.056876118660002,13.101777373317738,5.579056819287704,6.758224804101869,5.579056819287704,0.026747447594551887,0.0
bhubaneswar,2026-08-08,14.1,26.121591567993164,20.3,85.82,Normal,0.032939000347319634,East coast,14.1,11.73241015276343,11.565713323815475,6.059968249499527,9.625984722854048,6.059968249499527,0.0028935364462599022,0.0
chandigarh,2026-08-08,2.2,23.445274353027344,30.73,76.78,Normal,0.032939000347319634,Inland,2.2,0.35927911370992643,0.32591856241226197,3.076668141959135,2.305371473122318,3.076668141959135,0.00035436642848216663,0.0
chennai,2026-08-08,10.5,0.0,13.08,80.27,Normal,0.032939000347319634,East coast,10.5,7.84279860496521,7.262931672532731,3.060195456285486,3.104237049934462,3.060195456285486,0.0022883994653038523,0.0
dehradun,2026-08-08,2.5,0.03967833146452904,30.32,78.03,Normal,0.032939000347319634,Hill / Himalayan orographic,2.5,0.5649794369935988,0.9073641836643216,3.6669914889437223,1.8859853504111703,3.6669914889437223,0.0012651424902292087,0.0
delhi,2026-08-08,26.3,88.9138412475586,28.61,77.21,Normal,0.032939000347319634,Inland,26.3,23.050896861818114,28.407068100908845,5.0614925506549735,5.993348800254099,5.0614925506549735,0.0013576680028596813,0.0
gangtok,2026-08-08,28.4,16.966636657714844,27.33,88.61,Normal,0.032939000347319634,Hill / Himalayan orographic,28.4,24.75648843126943,36.645417016695056,6.278685509352293,4.1449636796940625,6.278685509352293,0.0032350695349712523,0.0
guwahati,2026-08-08,11.8,4.473991870880127,26.14,91.74,Normal,0.032939000347319634,Inland,11.8,9.167757076578035,9.553125518890747,5.427880823026045,6.482716032497807,5.427880823026045,0.0008207988865055793,0.0
hyderabad,2026-08-08,0.6,15.429394721984863,17.39,78.49,Normal,0.032939000347319634,Inland,0.6,0.0,0.0,0.8163022205518654,0.0232100538244331,0.8163022205518654,0.00016333920270094124,0.0
jabalpur,2026-08-08,16.7,10.573562622070312,23.18,79.95,Normal,0.032939000347319634,Inland,16.7,13.983815236091637,15.546814766393487,10.35264864892235,18.96923164300498,10.35264864892235,0.0030289984139928385,0.0
jaipur,2026-08-08,5.0,16.959524154663086,26.91,75.79,Normal,0.032939000347319634,Inland,5.0,2.3910123349818986,2.5677395967336776,1.0966220395858082,0.12044944302050839,1.0966220395858082,0.0004382304379225803,0.0
jodhpur,2026-08-08,0.0,0.0,26.24,73.02,Normal,0.032939000347319634,Inland,0.0,0.0,0.0,0.13687377732507502,0.0,0.13687377732507502,0.000166592292859427,0.0
kochi,2026-08-08,102.4,3.6946113109588623,9.93,76.27,Normal,0.032939000347319634,West-coast orographic,102.4,81.65666933040993,55.817481588633775,30.74896163462052,36.685414969283975,30.74896163462052,0.04042690139119087,1.0
kolkata,2026-08-08,3.0,5.3773512840271,22.57,88.36,Normal,0.032939000347319634,East coast,3.0,0.8376649081707,0.14563197478534634,0.40031746255624134,0.0,0.40031746255624134,0.000774653142080444,0.0
lucknow,2026-08-08,2.5,0.40375271439552307,26.85,80.95,Normal,0.032939000347319634,Inland,2.5,0.5649794369935988,0.5618604421615601,1.8674612262292742,0.812462208036181,1.8674612262292742,0.0007300312466765862,0.0
madurai,2026-08-08,5.8,0.0,9.93,78.12,Normal,0.032939000347319634,Inland,5.8,2.9083434581756578,3.5114988295237244,1.0630449217768512,0.10953183465863414,1.0630449217768512,0.0004186636627943537,0.0
mangaluru,2026-08-08,110.2,4.1346211433410645,12.91,74.86,Normal,0.032939000347319634,West-coast orographic,110.2,85.52195759018633,59.06256026683208,40.40062761281953,44.54161582778372,40.40062761281953,0.0528984406943414,1.0
mumbai,2026-08-08,5.3,3.3896636962890625,19.08,72.88,Normal,0.032939000347319634,West-coast orographic,5.3,2.614094404824454,2.9421386754905785,3.3941138138308973,2.0315594107176036,3.3941138138308973,0.0011408064384435474,0.0
nagpur,2026-08-08,12.2,6.367768287658691,21.15,79.09,Normal,0.032939000347319634,Inland,12.2,9.369873792117401,9.85292036641183,9.458405346848076,16.637043077709784,9.458405346848076,0.0095363244621097,0.0
panaji,2026-08-08,32.2,2.271005630493164,15.49,73.83,Normal,0.032939000347319634,West-coast orographic,32.2,27.61210517007906,16.703404793852297,11.9749640330387,15.238266300744597,11.9749640330387,0.006938324293135865,0.0
patna,2026-08-08,4.4,6.889183044433594,25.59,85.14,Normal,0.032939000347319634,Inland,4.4,1.70533648133278,1.9315572261810305,2.361565467339302,1.5034826371683792,2.361565467339302,0.0002586854774931228,0.0
pune,2026-08-08,1.2000000000000002,0.8777425289154053,18.52,73.86,Normal,0.032939000347319634,Inland,1.2000000000000002,0.01101512242108586,0.0,0.11694627123924366,0.0,0.11694627123924366,0.00015774885333876172,0.0
raipur,2026-08-08,18.3,8.78198528289795,21.25,81.63,Normal,0.032939000347319634,Inland,18.3,15.378632210217974,17.575973200575216,8.760416057811188,14.043139583874074,8.760416057811188,0.008505859452006432,0.0
ranchi,2026-08-08,14.0,5.672752380371094,23.34,85.31,Normal,0.032939000347319634,Inland,14.0,11.635821549118129,12.610665375845775,8.701197484720941,13.960935470734514,8.701197484720941,0.002388045569425129,0.0
shillong,2026-08-08,6.1000000000000005,1.8356934785842896,25.58,91.89,Normal,0.032939000347319634,Hill / Himalayan orographic,6.1000000000000005,3.2444552040100105,3.7221784591674805,8.50651018050974,5.66231224074471,8.50651018050974,0.0004296741070484229,0.0
shimla,2026-08-08,2.5,3.618272304534912,31.1,77.17,Normal,0.032939000347319634,Hill / Himalayan orographic,2.5,0.5649794369935988,0.9073641836643216,1.9082428837405885,0.6229472543795671,1.9082428837405885,0.0009845610044019505,0.0
srinagar,2026-08-08,0.1,0.0,34.08,74.8,Normal,0.032939000347319634,Hill / Himalayan orographic,0.1,0.0,0.0,0.24433542284738494,0.0,0.24433542284738494,0.000343086575779084,0.0
surat,2026-08-08,1.0,0.0,21.17,72.83,Normal,0.032939000347319634,West-coast orographic,1.0,0.0,0.0,0.2935336124025678,0.0,0.2935336124025678,0.0003937228587303257,0.0
thiruvananthapuram,2026-08-08,39.5,3.899397850036621,8.52,76.94,Normal,0.032939000347319634,West-coast orographic,39.5,34.16105561137651,19.60658896135951,4.13435653695081,3.767701257003915,4.13435653695081,0.005506277307091708,0.0
varanasi,2026-08-08,11.5,2.6051552295684814,25.32,82.97,Normal,0.032939000347319634,Inland,11.5,8.90907480516504,9.396075799781155,9.469207125238013,16.665903362928944,9.469207125238013,0.0759537459907973,0.0
vijayawada,2026-08-08,1.9000000000000001,0.2928495705127716,16.51,80.65,Normal,0.032939000347319634,Inland,1.9000000000000001,0.22490824148058894,0.1744052153825761,1.5063026830535868,0.4816796846082388,1.5063026830535868,0.00020634934538469048,0.0
visakhapatnam,2026-08-08,9.8,0.3425869047641754,17.69,83.22,Normal,0.032939000347319634,East coast,9.8,7.298471485773723,6.955325252570604,1.1572352068471747,0.25672783995600357,1.1572352068471747,0.0032150195903134274,0.0
agartala,2026-08-09,2.5,6.584148406982422,23.83,91.29,Normal,-0.0842722961885882,Inland,2.5,0.5649794369935988,0.5618604421615601,4.78642206261735,5.538669094084932,4.78642206261735,0.0004270548384115834,0.0
ahmedabad,2026-08-09,0.1,0.0,23.02,72.57,Normal,-0.0842722961885882,Inland,0.1,0.0,0.0,0.1478971542934529,0.0,0.1478971542934529,0.00020773860929665546,0.0
amritsar,2026-08-09,18.1,1.9651329517364502,31.63,74.87,Normal,-0.0842722961885882,Inland,18.1,15.212155113953798,17.383442274432316,5.958489635527799,7.326860813828676,5.958489635527799,0.0010293357188683016,0.0
bengaluru,2026-08-09,3.5,6.300722122192383,12.97,77.59,Normal,-0.0842722961885882,Inland,3.5,1.1278043532371522,1.1743472862243682,1.021109630488051,0.08892113729013379,1.021109630488051,0.00026563468311468157,0.0
bhopal,2026-08-09,10.4,23.902023315429688,23.26,77.41,Normal,-0.0842722961885882,Inland,10.4,7.780471173127492,8.263224029541016,4.14232468298537,4.40902021279899,4.14232468298537,0.008704975717925409,0.0
bhubaneswar,2026-08-09,11.8,0.5887473225593567,20.3,85.82,Normal,-0.0842722961885882,East coast,11.8,9.167757076578035,9.405499884942657,7.932640910104734,14.420173062562741,7.932640910104734,0.0021370736733055144,0.0
chandigarh,2026-08-09,3.4,0.08233148604631424,30.73,76.78,Normal,-0.0842722961885882,Inland,3.4,1.0870927345752717,1.1093024516105667,2.5097420145748512,1.6870492098074632,2.5097420145748512,0.0012041691681090913,0.0
chennai,2026-08-09,7.0,6.126308441162109,13.08,80.27,Normal,-0.0842722961885882,East coast,7.0,4.2608327738444025,1.7339074211719758,2.081743876910235,1.6730789675565356,2.081743876910235,0.0005219751101436633,0.0
dehradun,2026-08-09,12.1,1.4429492950439453,30.32,78.03,Normal,-0.0842722961885882,Hill / Himalayan orographic,12.1,9.319344613232559,11.273581551638523,14.207918914043198,21.601219650658887,14.207918914043198,0.06785041542151754,0.0
delhi,2026-08-09,4.1,3.1452903747558594,28.61,77.21,Normal,-0.0842722961885882,Inland,4.1,1.563890120983123,1.6747472000122061,1.4942623859930024,0.4648779908156467,1.4942623859930024,0.0004434039702176037,0.0
gangtok,2026-08-09,7.7,27.19021224975586,27.33,88.61,Normal,-0.0842722961885882,Hill / Himalayan orographic,7.7,4.88159749747854,4.829063341597879,10.494422780525738,11.840785997073306,10.494422780525738,0.0029133210667679197,0.0
guwahati,2026-08-09,34.9,37.738582611083984,26.14,91.74,Normal,-0.0842722961885882,Inland,34.9,30.317382761996505,36.02163431191744,6.052450368098385,7.433902004011351,6.052450368098385,0.0013310665424846083,0.0
hyderabad,2026-08-09,3.3,5.13616943359375,17.39,78.49,Normal,-0.0842722961885882,Inland,3.3,1.0463811159133911,1.0442576169967652,1.4516763014471261,0.38880441264801263,1.4516763014471261,0.0004610494094857749,0.0
jabalpur,2026-08-09,60.3,15.694038391113281,23.18,79.95,Normal,-0.0842722961885882,Inland,60.3,49.45173576636823,66.64664619417883,17.802557710203754,32.65558478160196,17.802557710203754,0.009757759816492097,0.0
jaipur,2026-08-09,12.0,2.0111196041107178,26.91,75.79,Normal,-0.0842722961885882,Inland,12.0,9.268815434347717,9.69310151584184,3.6296770482481397,3.6353740150902794,3.6296770482481397,0.0025914994009773934,0.0
jodhpur,2026-08-09,2.3000000000000003,0.0,26.24,73.02,Normal,-0.0842722961885882,Inland,2.3000000000000003,0.43698672056198157,0.4318348467350079,1.1130482315795376,0.12537271613753964,1.1130482315795376,0.004351861798739393,0.0
kochi,2026-08-09,88.5,5.530582904815674,9.93,76.27,Normal,-0.0842722961885882,West-coast orographic,88.5,74.7685274315776,50.378518216774964,33.922274362837186,37.522698544653785,33.922274362837186,0.05408957054064572,1.0
kolkata,2026-08-09,3.2,0.0,22.57,88.36,Normal,-0.0842722961885882,East coast,3.2,0.9701561331748965,0.19281515899605628,0.3970902937466602,0.0,0.3970902937466602,0.000774653142080444,0.0
lucknow,2026-08-09,1.1,0.0,26.85,80.95,Normal,-0.0842722961885882,Inland,1.1,0.0,0.0,0.5993594956869659,0.0,0.5993594956869659,0.00017501211344607306,0.0
madurai,2026-08-09,5.5,1.550919532775879,9.93,78.12,Normal,-0.0842722961885882,Inland,5.5,2.737016499042509,3.178000388145448,1.057781906692505,0.1078205639706479,1.057781906692505,0.0004186636627943537,0.0
mangaluru,2026-08-09,72.6,5.090218544006348,12.91,74.86,Normal,-0.0842722961885882,West-coast orographic,72.6,63.11474307900001,37.61907115128272,33.57186709227598,37.4751168587181,33.57186709227598,0.05238040487089718,1.0
mumbai,2026-08-09,4.4,5.309131622314453,19.08,72.88,Normal,-0.0842722961885882,West-coast orographic,4.4,1.70533648133278,2.257088566024273,3.751390913490447,2.889189857005405,3.751390913490447,0.0011408064384435474,0.0
nagpur,2026-08-09,17.1,0.2295629382133484,21.15,79.09,Normal,-0.0842722961885882,Inland,17.1,14.358769564628611,16.332623360514138,11.905916670781629,22.195813901477518,11.905916670781629,0.004353541933899067,0.0
panaji,2026-08-09,46.5,18.587724685668945,15.49,73.83,Normal,-0.0842722961885882,West-coast orographic,46.5,38.58474204342589,21.60299092201803,13.253812311955054,16.948378607357817,13.253812311955054,0.012959269550621688,0.0
patna,2026-08-09,4.7,8.602081298828125,25.59,85.14,Normal,-0.0842722961885882,Inland,4.7,2.1152529168128975,2.2933044147491453,2.353717881189254,1.4935077632500064,2.353717881189254,0.0002586854774931228,0.0
pune,2026-08-09,2.4,0.06643358618021011,18.52,73.86,Normal,-0.0842722961885882,Inland,2.4,0.5186300992965694,0.5289184037519964,0.9156749035859277,0.04905936867548949,0.9156749035859277,0.0019612948188351257,0.0
raipur,2026-08-09,44.6,31.65035057067871,21.25,81.63,Normal,-0.0842722961885882,Inland,44.6,37.59943595932279,47.35705363736298,23.995127876092933,39.99216116075561,23.995127876092933,0.029759776486797954,0.0
ranchi,2026-08-09,11.0,9.208728790283203,23.34,85.31,Normal,-0.0842722961885882,Inland,11.0,8.275042436917623,9.134326267931835,11.748063889819125,21.977500576569643,11.748063889819125,0.002404091108282738,0.0
shillong,2026-08-09,25.7,13.089370727539062,25.58,91.89,Normal,-0.0842722961885882,Hill / Himalayan orographic,25.7,22.465367273754545,33.63188534819561,6.343302594218903,4.160255374584437,6.343302594218903,0.0019345990835285996,0.0
shimla,2026-08-09,17.400000000000002,0.0,31.1,77.17,Normal,-0.0842722961885882,Hill / Himalayan orographic,17.400000000000002,14.629485277029184,21.76357475625315,10.246078100735074,9.816844745623667,10.246078100735074,0.002054683632645505,0.0
srinagar,2026-08-09,12.8,4.8343095779418945,34.08,74.8,Normal,-0.0842722961885882,Hill / Himalayan orographic,12.8,9.845468620322208,13.337785110473629,1.6962624738949592,0.5114483460809006,1.6962624738949592,0.002153693652774521,0.0
surat,2026-08-09,0.9,0.0,21.17,72.83,Normal,-0.0842722961885882,West-coast orographic,0.9,0.0,0.0,0.2907711216441334,0.0,0.2907711216441334,0.0003937228587303257,0.0
thiruvananthapuram,2026-08-09,33.8,5.842487335205078,8.52,76.94,Normal,-0.0842722961885882,West-coast orographic,33.8,29.215232631956063,17.896519413536755,5.678594309622126,5.805160102749912,5.678594309622126,0.005129609050732913,0.0
varanasi,2026-08-09,3.0,0.0,25.32,82.97,Normal,-0.0842722961885882,Inland,3.0,0.8376649081707,0.8619623291492465,1.5678483163521437,0.5589352175540268,1.5678483163521437,0.0010132345079092977,0.0
vijayawada,2026-08-09,6.6,2.7604706287384033,16.51,80.65,Normal,-0.0842722961885882,Inland,6.6,3.7956085418846532,4.313917541503907,2.4209608426533107,1.578978639220939,2.4209608426533107,0.0008058118926350525,0.0
visakhapatnam,2026-08-09,8.9,2.045750141143799,17.69,83.22,Normal,-0.0842722961885882,East coast,8.9,6.051708081563319,5.194055525843913,1.2672312058976307,0.34281755792790514,1.2672312058976307,0.0032150195903134274,0.0
agartala,2026-08-10,0.0,13.345795631408691,23.83,91.29,Normal,-0.3469139984150288,Inland,0.0,0.0,0.0,1.8013139446337454,0.7648786912632543,1.8013139446337454,0.00015245199622845147,0.0
ahmedabad,2026-08-10,1.7,0.0,23.02,72.57,Normal,-0.3469139984150288,Inland,1.7,0.13601668834686298,0.1236948823928833,0.4995987556199597,0.0,0.4995987556199597,0.0002428293929805486,0.0
amritsar,2026-08-10,0.7000000000000001,0.0,31.63,74.87,Normal,-0.3469139984150288,Inland,0.7000000000000001,0.0,0.0,6.80371794152488,8.534677458021736,6.80371794152488,0.00042304116610978313,0.0
bengaluru,2026-08-10,8.5,6.590522289276123,12.97,77.59,Normal,-0.3469139984150288,Inland,8.5,5.614053791761406,6.248966892293635,2.9215521549590306,2.1775671101704357,2.9215521549590306,0.0018603956404762948,0.0
bhopal,2026-08-10,66.3,127.75780487060547,23.26,77.41,Normal,-0.3469139984150288,Inland,66.3,55.67392364189801,73.5302932292617,23.0355505308196,39.14354769129122,23.0355505308196,0.017995441026063555,1.0
bhubaneswar,2026-08-10,8.9,4.615006923675537,20.3,85.82,Normal,-0.3469139984150288,East coast,8.9,6.051708081563319,5.194055525843913,3.902888926403957,4.141638813522582,3.902888926403957,0.0012730887784018344,0.0
chandigarh,2026-08-10,2.1,1.174841046333313,30.73,76.78,Normal,-0.3469139984150288,Inland,2.1,0.2698398607969278,0.25733046174049357,6.116084666542935,7.493028384252401,6.116084666542935,0.00039652955171772946,0.0
chennai,2026-08-10,0.5,3.159008502960205,13.08,80.27,Normal,-0.3469139984150288,East coast,0.5,0.0,0.0,0.3242476917327662,0.0,0.3242476917327662,0.00012270085687290182,0.0
dehradun,2026-08-10,21.6,35.03795623779297,30.32,78.03,Normal,-0.3469139984150288,Hill / Himalayan orographic,21.6,18.502943853147464,25.76183745642333,25.652082877740924,40.301576623925136,25.652082877740924,0.024279143635403812,0.0
delhi,2026-08-10,2.2,0.6937794089317322,28.61,77.21,Normal,-0.3469139984150288,Inland,2.2,0.35927911370992643,0.32591856241226197,1.2204782782211765,0.1541981479810304,1.2204782782211765,0.00020191420113618698,0.0
gangtok,2026-08-10,14.7,26.000228881835938,27.33,88.61,Normal,-0.3469139984150288,Hill / Himalayan orographic,14.7,12.20879436016085,16.83699725253523,12.782392583087622,18.35174849998481,12.782392583087622,0.004429213346529126,0.0
guwahati,2026-08-10,6.7,0.021624187007546425,26.14,91.74,Normal,-0.3469139984150288,Inland,6.7,3.9225808244762885,4.411912282307943,4.838650013012283,5.647701489065159,4.838650013012283,0.0012015030294958984,0.0
hyderabad,2026-08-10,0.30000000000000004,0.0,17.39,78.49,Normal,-0.3469139984150288,Inland,0.30000000000000004,0.0,0.0,0.6992868358176099,0.0,0.6992868358176099,0.00016251030859428713,0.0
jabalpur,2026-08-10,25.9,37.39672088623047,23.18,79.95,Normal,-0.3469139984150288,Inland,25.9,22.660543803109068,27.83631521919087,10.401765989083849,19.091883859871835,10.401765989083849,0.006970832199629779,0.0
jaipur,2026-08-10,5.300000000000001,2.7426137924194336,26.91,75.79,Normal,-0.3469139984150288,Inland,5.300000000000001,2.6140944048244545,2.9680676078796395,1.2727467806619568,0.16975094807370097,1.2727467806619568,0.0005725784936071799,0.0
jodhpur,2026-08-10,6.1,3.2614283561706543,26.24,73.02,Normal,-0.3469139984150288,Inland,6.1,3.2444552040100096,3.8452540764985232,2.15747576504377,1.190858951007154,2.15747576504377,0.00047035762402259507,0.0
kochi,2026-08-10,37.9,8.190994262695312,9.93,76.27,Normal,-0.3469139984150288,West-coast orographic,37.9,32.91425825322741,18.833865231445,14.158451184619516,18.114004797316376,14.158451184619516,0.010281026054557846,0.0
kolkata,2026-08-10,7.8,30.70726776123047,22.57,88.36,Normal,-0.3469139984150288,East coast,7.8,4.939250454912858,3.1535941978247766,1.8453290441105654,1.423878193103327,1.8453290441105654,0.0038221005563359545,0.0
lucknow,2026-08-10,3.4,1.5336291790008545,26.85,80.95,Normal,-0.3469139984150288,Inland,3.4,1.0870927345752717,1.1093024516105667,1.862631340107858,0.8089877951544084,1.862631340107858,0.0014994974352202243,0.0
madurai,2026-08-10,2.6,5.896009922027588,9.93,78.12,Normal,-0.3469139984150288,Inland,2.6,0.611328774690628,0.6649926948547367,0.9074150604008484,0.04814679221096347,0.9074150604008484,0.0008885578725006233,0.0
mangaluru,2026-08-10,61.5,28.6671199798584,12.91,74.86,Normal,-0.3469139984150288,West-coast orographic,61.5,50.694837832101726,32.02462545439825,19.148425208342033,21.073741531773187,19.148425208342033,0.017734717102907076,0.0
mumbai,2026-08-10,3.4000000000000004,5.131096839904785,19.08,72.88,Normal,-0.3469139984150288,West-coast orographic,3.4000000000000004,1.087092734575272,1.144468286766494,3.7651488796586774,2.9251582179721822,3.7651488796586774,0.0076022512804855575,0.0
nagpur,2026-08-10,3.8,5.236384868621826,21.15,79.09,Normal,-0.3469139984150288,Inland,3.8,1.3193846678251189,1.4694688701629626,2.605715101852874,1.7749179267999067,2.605715101852874,0.0006883580375474292,0.0
panaji,2026-08-10,24.0,8.49305534362793,15.49,73.83,Normal,-0.3469139984150288,West-coast orographic,24.0,20.863633088814712,13.108111110125881,4.694077855996019,5.051664149312316,4.694077855996019,0.0025525883177380682,0.0
patna,2026-08-10,3.7,0.0,25.59,85.14,Normal,-0.3469139984150288,Inland,3.7,1.260665831565857,1.320750978738067,2.608030025125306,1.7770373682355594,2.608030025125306,0.0005545145428034697,0.0
pune,2026-08-10,1.0,0.08409744501113892,18.52,73.86,Normal,-0.3469139984150288,Inland,1.0,0.0,0.0,0.11863192565081906,0.0,0.11863192565081906,0.00016413390628051053,0.0
raipur,2026-08-10,16.4,0.25024083256721497,21.25,81.63,Normal,-0.3469139984150288,Inland,16.4,13.702599489688907,14.957458320803,8.720433992573362,13.98763858067775,8.720433992573362,0.026198759031610896,0.0
ranchi,2026-08-10,2.1,5.427093982696533,23.34,85.31,Normal,-0.3469139984150288,Inland,2.1,0.2698398607969278,0.25733046174049357,1.4204989525524272,0.3219886488945728,1.4204989525524272,0.00013596799325727864,0.0
shillong,2026-08-10,30.0,11.406596183776855,25.58,91.89,Normal,-0.3469139984150288,Hill / Himalayan orographic,30.0,25.96874679310242,38.09479390439224,2.678848732762542,1.0426562132839492,2.678848732762542,0.001983836406084856,0.0
shimla,2026-08-10,4.2,35.91802978515625,31.1,77.17,Normal,-0.3469139984150288,Hill / Himalayan orographic,4.2,1.6110389077663423,2.272772255539895,6.511094798378667,4.199963560063418,6.511094798378667,0.001266709813350243,0.0
srinagar,2026-08-10,4.6000000000000005,0.0,34.08,74.8,Normal,-0.3469139984150288,Hill / Himalayan orographic,4.6000000000000005,1.8816347599029564,2.587027327081432,1.1086049803537967,0.11698776875961658,1.1086049803537967,0.0012113079250962965,0.0
surat,2026-08-10,2.3,0.0,21.17,72.83,Normal,-0.3469139984150288,West-coast orographic,2.3,0.4369867205619812,0.5031969881401607,2.4522346614405115,1.1202352905606285,2.4522346614405115,0.04436016082377364,0.0
thiruvananthapuram,2026-08-10,13.5,0.4874708652496338,8.52,76.94,Normal,-0.3469139984150288,West-coast orographic,13.5,11.152878530891625,7.919518189797033,1.1113320258320445,0.3465226579905764,1.1113320258320445,0.004109287748390412,0.0
varanasi,2026-08-10,3.1,0.05331912636756897,25.32,82.97,Normal,-0.3469139984150288,Inland,3.1,0.8939311504364014,0.9087704038620001,1.5104951865772793,0.4875301349812652,1.5104951865772793,0.0020450874140513346,0.0
vijayawada,2026-08-10,1.5999999999999999,0.24733172357082367,16.51,80.65,Normal,-0.3469139984150288,Inland,1.5999999999999999,0.11196274742484097,0.10292278826236725,1.354380293850277,0.2485009662796027,1.354380293850277,0.00020068490865321579,0.0
visakhapatnam,2026-08-10,10.2,15.827441215515137,17.69,83.22,Normal,-0.3469139984150288,East coast,10.2,7.655816309452056,7.140091514288445,1.0432786418015674,0.2054967245289866,1.0432786418015674,0.003336044617825977,0.0
agartala,2026-08-11,11.8,17.623720169067383,23.83,91.29,Normal,-0.11939330026535687,Inland,11.8,9.167757076578035,9.553125518890747,5.570436107926527,6.742390594290342,5.570436107926527,0.0013006246023986824,0.0
ahmedabad,2026-08-11,20.5,11.125557899475098,23.02,72.57,Normal,-0.11939330026535687,Inland,20.5,17.54716493997664,19.418971224886025,4.837167240969025,5.645401586293992,4.837167240969025,0.0010154910759049805,0.0
amritsar,2026-08-11,0.9,41.16079330444336,31.63,74.87,Normal,-0.11939330026535687,Inland,0.9,0.0,0.0,2.2370103100490017,1.2511658342952148,2.2370103100490017,0.00037806011999308464,0.0
bengaluru,2026-08-11,5.3999999999999995,7.384006977081299,12.97,77.59,Normal,-0.11939330026535687,Inland,5.3999999999999995,2.679907512664793,3.073033998012543,1.7149180050014599,0.6929697157551815,1.7149180050014599,0.00019331659560219096,0.0
bhopal,2026-08-11,27.200000000000003,11.007206916809082,23.26,77.41,Normal,-0.11939330026535687,Inland,27.200000000000003,23.791686448405002,29.691262084774284,4.708164350718077,5.34147172857513,4.708164350718077,0.0016775768689211484,0.0
bhubaneswar,2026-08-11,34.5,15.74067211151123,20.3,85.82,Normal,-0.11939330026535687,East coast,34.5,29.916600896527257,38.2669689302522,23.58750269219852,37.97047026066062,23.58750269219852,0.016854918541019354,0.0
chandigarh,2026-08-11,7.9,0.0,30.73,76.78,Normal,-0.11939330026535687,Inland,7.9,4.9969034123471765,5.61155834197998,7.586576994616705,10.79137565803861,7.586576994616705,0.004921880333278289,0.0
chennai,2026-08-11,0.0,5.069178104400635,13.08,80.27,Normal,-0.11939330026535687,East coast,0.0,0.0,0.0,0.1773682123513067,0.0,0.1773682123513067,0.00012270085687290182,0.0
dehradun,2026-08-11,54.0,4.674481391906738,30.32,78.03,Normal,-0.11939330026535687,Hill / Himalayan orographic,54.0,43.63628263527077,48.526264951805636,17.823362128596493,28.067888658820912,17.823362128596493,0.01978188891617065,0.0
delhi,2026-08-11,7.7,5.4590606689453125,28.61,77.21,Normal,-0.11939330026535687,Inland,7.7,4.88159749747854,5.387562828063959,3.6551792083013948,3.753479445897263,3.6551792083013948,0.0013848218361747935,0.0
gangtok,2026-08-11,1.5,0.6311799883842468,27.33,88.61,Normal,-0.11939330026535687,Hill / Himalayan orographic,1.5,0.08545984260737896,0.38255277192088916,6.035633193088838,3.9885638336955056,6.035633193088838,0.0001586722548153545,0.0
guwahati,2026-08-11,0.1,0.0,26.14,91.74,Normal,-0.11939330026535687,Inland,0.1,0.0,0.0,3.58536658250739,3.430163686449848,3.58536658250739,0.00011909113244046962,0.0
hyderabad,2026-08-11,1.6,0.1629127413034439,17.39,78.49,Normal,-0.11939330026535687,Inland,1.6,0.11196274742484102,0.10292278826236732,1.2091020105871977,0.1508130726861632,1.2091020105871977,0.00016201094508678894,0.0
jabalpur,2026-08-11,5.6,4.482188701629639,23.18,79.95,Normal,-0.11939330026535687,Inland,5.6,2.794125485420225,3.2829667782783525,2.8304334177471,2.087982447593911,2.8304334177471,0.00036189939540262904,0.0
jaipur,2026-08-11,5.3,6.694965839385986,26.91,75.79,Normal,-0.11939330026535687,Inland,5.3,2.614094404824454,2.9680676078796386,0.9688361472971523,0.055050545783803466,0.9688361472971523,0.00034089139183631157,0.0
jodhpur,2026-08-11,3.1,0.427619993686676,26.24,73.02,Normal,-0.11939330026535687,Inland,3.1,0.8939311504364014,0.9087704038620001,0.8037401462529802,0.016051640664806376,0.8037401462529802,0.0020395880268295314,0.0
kochi,2026-08-11,43.6,0.24106146395206451,9.93,76.27,Normal,-0.11939330026535687,West-coast orographic,43.6,37.08085380979484,20.891854662909147,12.136868434704871,15.338353256552168,12.136868434704871,0.00709731370750023,0.0
kolkata,2026-08-11,3.5,0.9246187806129456,22.57,88.36,Normal,-0.11939330026535687,East coast,3.5,1.1278043532371522,0.2340994683653116,0.5860681222201491,0.0043480956551125785,0.5860681222201491,0.0007090237952002485,0.0
lucknow,2026-08-11,0.4,0.5281980037689209,26.85,80.95,Normal,-0.11939330026535687,Inland,0.4,0.0,0.0,0.7965934450764101,0.012394358876119319,0.7965934450764101,0.00017501211344607306,0.0
madurai,2026-08-11,6.6,4.893215179443359,9.93,78.12,Normal,-0.11939330026535687,Inland,6.6,3.7956085418846532,4.313917541503907,0.9965125426880432,0.07298345986242305,0.9965125426880432,0.0003230214584236223,0.0
mangaluru,2026-08-11,30.5,12.496877670288086,12.91,74.86,Normal,-0.11939330026535687,West-coast orographic,30.5,26.336736480770128,15.773581988597355,17.73162308769438,19.675642234981225,17.73162308769438,0.008597214834151419,0.0
mumbai,2026-08-11,9.3,19.37565803527832,19.08,72.88,Normal,-0.11939330026535687,West-coast orographic,9.3,6.638857406616212,5.381567491061654,6.6521962636848215,7.853179942034384,6.6521962636848215,0.0019875400247406057,0.0
nagpur,2026-08-11,5.8,3.383594512939453,21.15,79.09,Normal,-0.11939330026535687,Inland,5.8,2.9083434581756578,3.5114988295237244,2.7608010922171644,1.9995963278580267,2.7608010922171644,0.0004367152166165945,0.0
panaji,2026-08-11,26.5,11.012643814086914,15.49,73.83,Normal,-0.11939330026535687,West-coast orographic,26.5,23.228885291734077,14.383257848995422,3.61380541032652,2.536390396309629,3.61380541032652,0.0014900051860477223,0.0
patna,2026-08-11,0.0,0.4603773057460785,25.59,85.14,Normal,-0.11939330026535687,Inland,0.0,0.0,0.0,0.3837829919475692,0.0,0.3837829919475692,0.00011973958008672281,0.0
pune,2026-08-11,4.2,2.0212435722351074,18.52,73.86,Normal,-0.11939330026535687,Inland,4.2,1.6110389077663423,1.7445683336257933,1.058087694493112,0.1079199909514823,1.058087694493112,0.00026678669823267874,0.0
raipur,2026-08-11,4.1,4.205831050872803,21.25,81.63,Normal,-0.11939330026535687,Inland,4.1,1.563890120983123,1.6747472000122061,2.5531600365347664,1.7268008317691035,2.5531600365347664,0.0008691332332213088,0.0
ranchi,2026-08-11,7.4,3.1081347465515137,23.34,85.31,Normal,-0.11939330026535687,Inland,7.4,4.631936614234161,5.042639465332029,5.74984598810364,7.054249327390488,5.74984598810364,0.0008971578448708634,0.0
shillong,2026-08-11,1.6,0.004676908254623413,25.58,91.89,Normal,-0.11939330026535687,Hill / Himalayan orographic,1.6,0.11196274742484102,0.3988266570467345,7.11060090595864,4.60684985293997,7.11060090595864,0.00012349162991762909,0.0
shimla,2026-08-11,57.1,27.855451583862305,31.1,77.17,Normal,-0.11939330026535687,Hill / Himalayan orographic,57.1,46.13679692441224,51.397842487827006,8.837390630719748,7.214105088805159,8.837390630719748,0.003842995483419512,0.0
srinagar,2026-08-11,0.0,0.0,34.08,74.8,Normal,-0.11939330026535687,Hill / Himalayan orographic,0.0,0.0,0.0,0.13054331400093344,0.0,0.13054331400093344,0.000350411818889915,0.0
surat,2026-08-11,5.1,2.7690110206604004,21.17,72.83,Normal,-0.11939330026535687,West-coast orographic,5.1,2.4750117877311317,2.8494673344154497,3.32610071611919,1.928135202173351,3.32610071611919,0.0017011921464586547,0.0
thiruvananthapuram,2026-08-11,27.7,0.0,8.52,76.94,Normal,-0.11939330026535687,West-coast orographic,27.7,24.193687274598513,14.894674533670809,1.7242761489134608,0.7505130733569711,1.7242761489134608,0.001587521506547731,0.0
varanasi,2026-08-11,1.0,0.8101488947868347,25.32,82.97,Normal,-0.11939330026535687,Inland,1.0,0.0,0.0,0.33417139981936983,0.0,0.33417139981936983,0.00019845503041934334,0.0
vijayawada,2026-08-11,0.5,9.6129732131958,16.51,80.65,Normal,-0.11939330026535687,Inland,0.5,0.0,0.0,0.7735298642194758,0.006958411641896437,0.7735298642194758,0.00020467140530564115,0.0
visakhapatnam,2026-08-11,7.0,6.696264743804932,17.69,83.22,Normal,-0.11939330026535687,East coast,7.0,4.2608327738444025,1.7339074211719758,1.8397446465519103,1.4147299148677608,1.8397446465519103,0.0011655611504006427,0.0
agartala,2026-08-12,0.5,26.202281951904297,23.83,91.29,Normal,-0.25719536710517815,Inland,0.5,0.0,0.0,1.4013319324052207,0.23942395604685926,1.4013319324052207,0.0002092781151208365,0.0
ahmedabad,2026-08-12,14.8,10.87057113647461,23.02,72.57,Normal,-0.25719536710517815,Inland,14.8,12.066868862898454,13.658635510345766,2.6769901413665114,2.1728568604477334,2.6769901413665114,0.02550378169161535,0.0
amritsar,2026-08-12,8.799999999999999,0.0,31.63,74.87,Normal,-0.25719536710517815,Inland,8.799999999999999,5.824746462504073,6.695667254130046,7.001026042560759,9.741839239658882,7.001026042560759,0.006785282377227116,0.0
bengaluru,2026-08-12,1.5,2.619718074798584,12.97,77.59,Normal,-0.25719536710517815,Inland,1.5,0.09865071188658474,0.05490860715508461,0.8817940293409502,0.010783143944910463,0.8817940293409502,0.0002851131014860248,0.0
bhopal,2026-08-12,23.0,19.589969635009766,23.26,77.41,Normal,-0.25719536710517815,Inland,23.0,19.501880492221055,21.943028613393608,15.515436636999034,28.030629865375637,15.515436636999034,0.03881868890529288,0.0
bhubaneswar,2026-08-12,4.0,0.0,20.3,85.82,Normal,-0.25719536710517815,East coast,4.0,1.399503439664841,0.3259992671012877,2.593779772069863,1.7683362163000211,2.593779772069863,0.0009111905977660548,0.0
chandigarh,2026-08-12,2.0,4.565218925476074,30.73,76.78,Normal,-0.25719536710517815,Inland,2.0,0.268699935078621,0.21787681221961994,7.573663524798814,11.135318467952203,7.573663524798814,0.00077468517897392,0.0
chennai,2026-08-12,0.6,3.308555841445923,13.08,80.27,Normal,-0.25719536710517815,East coast,0.6,0.0,0.0,1.181226155821611,0.1297203938279666,1.181226155821611,0.00021902312188943658,0.0
dehradun,2026-08-12,0.2,11.51441764831543,30.32,78.03,Normal,-0.25719536710517815,Hill / Himalayan orographic,0.2,0.0,0.0,2.1320020068855245,0.679173268935411,2.1320020068855245,0.00047657790279856995,0.0
delhi,2026-08-12,9.299999999999999,1.4490466117858887,28.61,77.21,Normal,-0.25719536710517815,Inland,9.299999999999999,6.537927330017095,7.3609493827819845,8.28710106789563,12.869249228299582,8.28710106789563,0.024581382628208387,0.0
gangtok,2026-08-12,1.4,0.3509427607059479,27.33,88.61,Normal,-0.25719536710517815,Hill / Himalayan orographic,1.4,0.057306622900069035,0.2829202958941458,5.181652013045175,3.3909664315407184,5.181652013045175,0.00027396900988829325,0.0
guwahati,2026-08-12,0.0,0.7882580161094666,26.14,91.74,Normal,-0.25719536710517815,Inland,0.0,0.0,0.0,1.646476580609,0.5154710976847081,1.646476580609,0.0001759805246133572,0.0
hyderabad,2026-08-12,1.3,0.0,17.39,78.49,Normal,-0.25719536710517815,Inland,1.3,0.037257618159056295,0.011625790856778593,1.0103391278895495,0.06574328348867489,1.0103391278895495,0.00031608670212911064,0.0
jabalpur,2026-08-12,7.1000000000000005,2.7583210468292236,23.18,79.95,Normal,-0.25719536710517815,Inland,7.1000000000000005,4.248678550720218,4.969986204557784,5.325942928328963,6.95990145795368,5.325942928328963,0.003934069726244688,0.0
jaipur,2026-08-12,33.3,38.23963165283203,26.91,75.79,Normal,-0.25719536710517815,Inland,33.3,28.223833665999354,34.738081954872385,20.59376397833148,35.18105396837228,20.59376397833148,0.01650926624955893,0.0
jodhpur,2026-08-12,18.900000000000002,0.678439199924469,26.24,73.02,Normal,-0.25719536710517815,Inland,18.900000000000002,15.741084761076351,18.11219347604312,3.6007029287007617,4.324043923063946,3.6007029287007617,0.0031224994982568415,0.0
kochi,2026-08-12,5.4,4.240187168121338,9.93,76.27,Normal,-0.25719536710517815,West-coast orographic,5.4,2.5587199401855463,2.958995423384117,4.0106279551965525,3.331780213462831,4.0106279551965525,0.0007492677234259391,0.0
kolkata,2026-08-12,8.5,20.597370147705078,22.57,88.36,Normal,-0.25719536710517815,East coast,8.5,5.50027995221875,3.4981155641376978,4.899530033249916,4.9092401507763395,4.899530033249916,0.006132914670246323,0.0
lucknow,2026-08-12,0.30000000000000004,0.0,26.85,80.95,Normal,-0.25719536710517815,Inland,0.30000000000000004,0.0,0.0,0.6299443203567137,0.0,0.6299443203567137,0.0004845515060405921,0.0
madurai,2026-08-12,1.8,2.2357101440429688,9.93,78.12,Normal,-0.25719536710517815,Inland,1.8,0.1814202035963536,0.14734705209732055,0.6428083598301667,0.0,0.6428083598301667,0.0002105050001562208,0.0
mangaluru,2026-08-12,8.6,19.50881576538086,12.91,74.86,Normal,-0.25719536710517815,West-coast orographic,8.6,5.613730621337892,4.935330715179444,6.626952994881793,6.35434091253322,6.626952994881793,0.005093268586466941,0.0
mumbai,2026-08-12,22.3,38.7183723449707,19.08,72.88,Normal,-0.25719536710517815,West-coast orographic,22.3,18.906551025866364,11.730324755421393,14.624040151226835,14.873130783642921,14.624040151226835,0.15028465337300934,0.0
nagpur,2026-08-12,10.0,1.1964354515075684,21.15,79.09,Normal,-0.25719536710517815,Inland,10.0,7.329382524490357,7.975259513121386,5.610943133691597,7.238790503530947,5.610943133691597,0.009421972148739957,0.0
panaji,2026-08-12,25.6,6.536317348480225,15.49,73.83,Normal,-0.25719536710517815,West-coast orographic,25.6,22.094879942442983,13.19073262982229,9.245530020013662,10.053756719107895,9.245530020013662,0.012792198351926728,0.0
patna,2026-08-12,0.5,0.0,25.59,85.14,Normal,-0.25719536710517815,Inland,0.5,0.0,0.0,0.6299443203567137,0.0,0.6299443203567137,0.00026131333579272457,0.0
pune,2026-08-12,7.0,5.36860466003418,18.52,73.86,Normal,-0.25719536710517815,Inland,7.0,4.128268999258679,4.876978845234161,2.7528595903622173,2.2596325586112767,2.7528595903622173,0.0008466387708532209,0.0
raipur,2026-08-12,2.8,0.0,21.25,81.63,Normal,-0.25719536710517815,Inland,2.8,0.7213602590560912,0.7580720496177676,2.200556125311682,1.1802661185018117,2.200556125311682,0.0019252855666180974,0.0
ranchi,2026-08-12,8.9,15.23169231414795,23.34,85.31,Normal,-0.25719536710517815,Inland,8.9,5.930254383087165,6.855114434560143,5.9409407154940235,7.543102465645352,5.9409407154940235,0.005647962176647818,0.0
shillong,2026-08-12,4.0,0.36098548769950867,25.58,91.89,Normal,-0.25719536710517815,Hill / Himalayan orographic,4.0,1.399503439664841,1.5855107927322387,6.952406068488587,4.28389097442987,6.952406068488587,0.0008725163536244841,0.0
shimla,2026-08-12,9.0,7.685213088989258,31.1,77.17,Normal,-0.25719536710517815,Hill / Himalayan orographic,9.0,6.098739573160814,4.8746353978696035,7.487792648122986,4.710297815025817,7.487792648122986,0.0035767426559143094,0.0
srinagar,2026-08-12,0.8,13.280312538146973,34.08,74.8,Normal,-0.25719536710517815,Hill / Himalayan orographic,0.8,0.0,0.030197490823845718,0.7034095329851209,0.0,0.7034095329851209,0.000515830747438029,0.0
surat,2026-08-12,46.9,1.0364934206008911,21.17,72.83,Normal,-0.25719536710517815,West-coast orographic,46.9,38.431629379743306,20.131887517954063,39.80541125082166,45.04072262787224,39.80541125082166,0.09021439260063699,0.0
thiruvananthapuram,2026-08-12,0.7,2.6404669284820557,8.52,76.94,Normal,-0.25719536710517815,West-coast orographic,0.7,0.0,0.0,0.17681480628790613,0.0,0.17681480628790613,0.00024265153722398226,0.0
varanasi,2026-08-12,0.30000000000000004,0.032558586448431015,25.32,82.97,Normal,-0.25719536710517815,Inland,0.30000000000000004,0.0,0.0,0.6299443203567137,0.0,0.6299443203567137,0.000717756848427009,0.0
vijayawada,2026-08-12,0.4,5.582498550415039,16.51,80.65,Normal,-0.25719536710517815,Inland,0.4,0.0,0.0,0.6123355879844681,0.0,0.6123355879844681,0.0003403562674677419,0.0
visakhapatnam,2026-08-12,0.1,0.0,17.69,83.22,Normal,-0.25719536710517815,East coast,0.1,0.0,0.0,0.6895728421012626,0.010387172543066463,0.6895728421012626,0.00021586985420935808,0.0
agartala,2026-08-13,1.2,0.0,23.83,91.29,Normal,-0.6500393471935383,Inland,1.2,0.009990753475576647,0.0,3.1479339927402665,3.0775177804799796,3.1479339927402665,0.0002290749710929199,0.0
ahmedabad,2026-08-13,9.2,1.416992425918579,23.02,72.57,Normal,-0.6500393471935383,Inland,9.2,6.435709953308113,7.245486793518069,1.8478838468160221,0.7070027226138117,1.8478838468160221,0.0017173391306625249,0.0
amritsar,2026-08-13,0.2,0.0,31.63,74.87,Normal,-0.6500393471935383,Inland,0.2,0.0,0.0,1.3649579126647626,0.21109289086349797,1.3649579126647626,0.00042261621276325456,0.0
bengaluru,2026-08-13,1.1,0.10911142081022263,12.97,77.59,Normal,-0.6500393471935383,Inland,1.1,0.0,0.0,0.49688532549003034,0.0,0.49688532549003034,0.0001983489806014566,0.0
bhopal,2026-08-13,16.4,8.019837379455566,23.26,77.41,Normal,-0.6500393471935383,Inland,16.4,13.49541863276588,14.814288064668766,8.478577400303234,13.295944961495419,8.478577400303234,0.004344206393423747,0.0
bhubaneswar,2026-08-13,8.3,0.7064967751502991,20.3,85.82,Normal,-0.6500393471935383,East coast,8.3,5.273378613980467,3.3689535900512166,7.9917390188639255,9.677809682237442,7.9917390188639255,0.003726367516066899,0.0
chandigarh,2026-08-13,0.0,0.0,30.73,76.78,Normal,-0.6500393471935383,Inland,0.0,0.0,0.0,0.7692906754936918,0.0,0.7692906754936918,0.0003601333636191254,0.0
chennai,2026-08-13,0.4,0.0,13.08,80.27,Normal,-0.6500393471935383,East coast,0.4,0.0,0.0,1.116677646261186,0.11096466064668177,1.116677646261186,0.00020244491430077076,0.0
dehradun,2026-08-13,2.0,0.0,30.32,78.03,Normal,-0.6500393471935383,Hill / Himalayan orographic,2.0,0.268699935078621,0.5508940913783964,5.125871214518091,3.321271354352185,5.125871214518091,0.00029486567005423064,0.0
delhi,2026-08-13,0.5,0.17344485223293304,28.61,77.21,Normal,-0.6500393471935383,Inland,0.5,0.0,0.0,0.5754977107753998,0.0,0.5754977107753998,0.0003245250948933774,0.0
gangtok,2026-08-13,48.8,8.97567081451416,27.33,88.61,Normal,-0.6500393471935383,Hill / Himalayan orographic,48.8,39.3788184092385,41.40436247419429,27.41705137515696,40.64778469019497,27.41705137515696,0.014918575033585863,0.0
guwahati,2026-08-13,13.2,0.0,26.14,91.74,Normal,-0.6500393471935383,Inland,13.2,10.078523522159289,12.00677095281667,6.924758194029803,9.637406360695191,6.924758194029803,0.0009669988710571857,0.0
hyderabad,2026-08-13,1.5,2.5579659938812256,17.39,78.49,Normal,-0.6500393471935383,Inland,1.5,0.09865071188658474,0.05490860715508461,2.3950297153901374,1.6672735025723857,2.3950297153901374,0.0002240603510654121,0.0
jabalpur,2026-08-13,3.3,0.1738593727350235,23.18,79.95,Normal,-0.6500393471935383,Inland,3.3,1.0110344487428662,1.067890701293945,2.3832757697944467,1.6410717310088863,2.3832757697944467,0.0013339114365570463,0.0
jaipur,2026-08-13,15.6,11.468567848205566,26.91,75.79,Normal,-0.6500393471935383,Inland,15.6,12.748219563620427,14.100797223502576,4.960696597131418,6.560180604055805,4.960696597131418,0.003183415796380386,0.0
jodhpur,2026-08-13,9.9,3.677473783493042,26.24,73.02,Normal,-0.6500393471935383,Inland,9.9,7.201853961944581,7.816011656247653,3.357287831557211,3.7417686169957434,3.357287831557211,0.0008247373752356558,0.0
kochi,2026-08-13,9.8,17.97468376159668,9.93,76.27,Normal,-0.6500393471935383,West-coast orographic,9.8,7.074325399398805,5.7681982086872,6.740679325447579,6.466019374591127,6.740679325447579,0.001109969951040017,0.0
kolkata,2026-08-13,26.8,26.329910278320312,22.57,88.36,Normal,-0.6500393471935383,East coast,26.8,23.01713171361336,30.293584494561056,15.43776186823809,22.14326790520133,15.43776186823809,0.039126836965702405,0.0
lucknow,2026-08-13,0.2,0.0,26.85,80.95,Normal,-0.6500393471935383,Inland,0.2,0.0,0.0,0.635170940826787,0.0,0.635170940826787,0.0002633280210198672,0.0
madurai,2026-08-13,2.5,0.03635745123028755,9.93,78.12,Normal,-0.6500393471935383,Inland,2.5,0.5257879614830016,0.5148381876945494,0.7301800965928272,0.0,0.7301800965928272,0.00048695414894474505,0.0
mangaluru,2026-08-13,10.5,13.34754467010498,12.91,74.86,Normal,-0.6500393471935383,West-coast orographic,10.5,7.853201179504395,6.210020010562088,7.625011212205255,7.725952494141454,7.625011212205255,0.0014462726802945297,0.0
mumbai,2026-08-13,18.3,29.04407501220703,19.08,72.88,Normal,-0.6500393471935383,West-coast orographic,18.3,15.153058929398723,9.737187605422678,16.464250004658144,17.29235727268391,16.464250004658144,0.006415674529644694,0.0
nagpur,2026-08-13,5.2,0.3082573115825653,21.15,79.09,Normal,-0.6500393471935383,Inland,5.2,2.46433277964592,2.8043455791473417,3.3930190665223443,3.7920903662975074,3.3930190665223443,0.0006453635213818889,0.0
panaji,2026-08-13,34.0,15.590609550476074,15.49,73.83,Normal,-0.6500393471935383,West-coast orographic,34.0,28.93306272375987,17.370285748421665,18.62618224383602,19.863956563834634,18.62618224383602,0.03467383593710597,0.0
patna,2026-08-13,0.2,0.0,25.59,85.14,Normal,-0.6500393471935383,Inland,0.2,0.0,0.0,0.635170940826787,0.0,0.635170940826787,0.00018607045949645934,0.0
pune,2026-08-13,8.3,3.363767385482788,18.52,73.86,Normal,-0.6500393471935383,Inland,8.3,5.273378613980467,6.18770933151245,3.37537709374389,3.7672444595659815,3.37537709374389,0.0008996980726821495,0.0
raipur,2026-08-13,4.4,0.10172068327665329,21.25,81.63,Normal,-0.6500393471935383,Inland,4.4,1.7195598405599597,1.98946165561676,2.755450740122473,2.262596186691734,2.755450740122473,0.0009451447738030041,0.0
ranchi,2026-08-13,7.2,2.465749740600586,23.34,85.31,Normal,-0.6500393471935383,Inland,7.2,4.381652979850773,5.141030622670352,6.119783696347851,7.844611379206616,6.119783696347851,0.002021762978860457,0.0
shillong,2026-08-13,1.1,0.0,25.58,91.89,Normal,-0.6500393471935383,Hill / Himalayan orographic,1.1,0.0,0.09951165974140161,2.759311241350011,1.2502803590575595,2.759311241350011,0.00027184903073596407,0.0
shimla,2026-08-13,1.2,0.0,31.1,77.17,Normal,-0.6500393471935383,Hill / Himalayan orographic,1.2,0.009990753475576647,0.17074400484561914,2.0538826406722848,0.6190951125766598,2.0538826406722848,0.00029235364318980103,0.0
srinagar,2026-08-13,0.0,2.6281137466430664,34.08,74.8,Normal,-0.6500393471935383,Hill / Himalayan orographic,0.0,0.0,0.0,0.019831222572226647,0.0,0.019831222572226647,0.0002780788074852836,0.0
surat,2026-08-13,9.6,0.0,21.17,72.83,Normal,-0.6500393471935383,West-coast orographic,9.6,6.844579460144044,5.636931316694349,4.85216990420328,4.558864484086823,4.85216990420328,0.00239741422547631,0.0
thiruvananthapuram,2026-08-13,1.8,0.0,8.52,76.94,Normal,-0.6500393471935383,West-coast orographic,1.8,0.1814202035963536,0.12983956366777444,0.6629030508980084,0.0,0.6629030508980084,0.0001796609778565534,0.0
varanasi,2026-08-13,0.6000000000000001,0.0,25.32,82.97,Normal,-0.6500393471935383,Inland,0.6000000000000001,0.0,0.0,0.9165369805229451,0.03131828128722276,0.9165369805229451,0.0003941393762983604,0.0
vijayawada,2026-08-13,1.1,0.6092725396156311,16.51,80.65,Normal,-0.6500393471935383,Inland,1.1,0.0,0.0,1.1364456772957598,0.11888176018966734,1.1364456772957598,0.0002240603510654121,0.0
visakhapatnam,2026-08-13,0.2,1.8475223779678345,17.69,83.22,Normal,-0.6500393471935383,East coast,0.2,0.0,0.0,0.8699929236270376,0.04980239248154157,0.8699929236270376,0.00019873463891712458,0.0
agartala,2026-08-14,2.9,27.641605377197266,23.83,91.29,Normal,-0.14411791036104665,Inland,2.9,0.7752067816257475,0.7980093359947209,6.689206475876327,9.169109309051782,6.689206475876327,0.0006982410400895088,0.0
ahmedabad,2026-08-14,5.5,0.3073637783527374,23.02,72.57,Normal,-0.14411791036104665,Inland,5.5,2.6245984403292324,3.341115421652799,0.788983813845551,0.0,0.788983813845551,0.0019070359529669294,0.0
amritsar,2026-08-14,0.39999999999999997,0.0,31.63,74.87,Normal,-0.14411791036104665,Inland,0.39999999999999997,0.0,0.0,1.5705041268590965,0.412940454561259,1.5705041268590965,0.0010432117189277466,0.0
bengaluru,2026-08-14,4.3,1.2342623472213745,12.97,77.59,Normal,-0.14411791036104665,Inland,4.3,1.6479957902431488,1.785029988144389,1.4357754912106122,0.27314110048617135,1.4357754912106122,0.0007809913268905164,0.0
bhopal,2026-08-14,6.6,0.04085490107536316,23.26,77.41,Normal,-0.14411791036104665,Inland,6.6,3.7533780964215593,4.488010768890388,3.0358704423346756,2.6461307964130794,3.0358704423346756,0.0018414682460101317,0.0
bhubaneswar,2026-08-14,2.4,5.159884452819824,20.3,85.82,Normal,-0.14411791036104665,East coast,2.4,0.4872607000172135,0.10462360963225366,3.66631462411267,3.094138568810524,3.66631462411267,0.0014387722530770513,0.0
chandigarh,2026-08-14,0.4,17.73921012878418,30.73,76.78,Normal,-0.14411791036104665,Inland,0.4,0.0,0.0,2.5839805065329795,2.0544096580533866,2.5839805065329795,0.00077468517897392,0.0
chennai,2026-08-14,2.5,0.6327558755874634,13.08,80.27,Normal,-0.14411791036104665,East coast,2.5,0.5257879614830016,0.1149644015761326,3.0224440195952433,2.13992006758882,3.0224440195952433,0.0006912700750615319,0.0
dehradun,2026-08-14,8.1,25.50151252746582,30.32,78.03,Normal,-0.14411791036104665,Hill / Himalayan orographic,8.1,5.065499913609876,4.328697325694993,11.05853483166188,10.724315845455717,11.05853483166188,0.04334194320855128,0.0
delhi,2026-08-14,5.300000000000001,0.0,28.61,77.21,Normal,-0.14411791036104665,Inland,5.300000000000001,2.511526359915733,2.9873170498439303,6.127780009665982,7.866968824374577,6.127780009665982,0.0027112812576536994,0.0
gangtok,2026-08-14,9.6,19.28830337524414,27.33,88.61,Normal,-0.14411791036104665,Hill / Himalayan orographic,9.6,6.844579460144044,6.061509418487551,11.918540851466743,14.806454773315927,11.918540851466743,0.002871758813536765,0.0
guwahati,2026-08-14,3.2,0.4870663285255432,26.14,91.74,Normal,-0.14411791036104665,Inland,3.2,0.9582677841186521,0.959289355278015,7.713326468146327,11.508358497602504,7.713326468146327,0.00047605339705908607,0.0
hyderabad,2026-08-14,2.3,2.668848752975464,17.39,78.49,Normal,-0.14411791036104665,Inland,2.3,0.44873343855142533,0.37350349903106683,3.4245068516234296,3.8364358928227116,3.4245068516234296,0.0018759713642732365,0.0
jabalpur,2026-08-14,4.6,3.139671802520752,23.18,79.95,Normal,-0.14411791036104665,Inland,4.6,1.9204830498530903,2.137156343460083,3.078734805243114,2.744131354326054,3.078734805243114,0.00156858272449764,0.0
jaipur,2026-08-14,7.2,9.995428085327148,26.91,75.79,Normal,-0.14411791036104665,Inland,7.2,4.381652979850773,5.141030622670352,3.6044318665805277,4.32819592910618,3.6044318665805277,0.005578450820847682,0.0
jodhpur,2026-08-14,10.0,0.0,26.24,73.02,Normal,-0.14411791036104665,Inland,10.0,7.329382524490357,7.975259513121386,3.6200735901037167,4.345612290727981,3.6200735901037167,0.0046624170180646725,0.0
kochi,2026-08-14,38.1,11.776250839233398,9.93,76.27,Normal,-0.14411791036104665,West-coast orographic,38.1,32.91473060219474,18.432032793781097,20.192130802261538,20.74621584374905,20.192130802261538,0.01812507617343868,0.0
kolkata,2026-08-14,10.9,1.007007360458374,22.57,88.36,Normal,-0.14411791036104665,East coast,10.9,8.17820085775357,7.132011445363363,7.159928487716742,9.43012286631906,7.159928487716742,0.00770723128854534,0.0
lucknow,2026-08-14,3.4000000000000004,20.569372177124023,26.85,80.95,Normal,-0.14411791036104665,Inland,3.4000000000000004,1.0638011133670808,1.1313746992746991,2.754320880072025,2.2613039090226255,2.754320880072025,0.0023918525742024337,0.0
madurai,2026-08-14,4.0,0.39993196725845337,9.93,78.12,Normal,-0.14411791036104665,Inland,4.0,1.399503439664841,1.5626893266509556,0.6752566159468296,0.0,0.6752566159468296,0.0006168440106414421,0.0
mangaluru,2026-08-14,30.900000000000002,23.924882888793945,12.91,74.86,Normal,-0.14411791036104665,West-coast orographic,30.900000000000002,25.97467395976237,16.240027247084754,21.36543423588093,22.13580464068053,21.36543423588093,0.02922678928730314,0.0
mumbai,2026-08-14,16.5,50.61211395263672,19.08,72.88,Normal,-0.14411791036104665,West-coast orographic,16.5,13.603650957624657,9.37333024261993,15.58662142354473,15.587247633305877,15.58662142354473,0.04052900173752643,0.0
nagpur,2026-08-14,2.8000000000000003,1.011949896812439,21.15,79.09,Normal,-0.14411791036104665,Inland,2.8000000000000003,0.7213602590560915,0.758072049617768,2.6278977490592967,2.113216084239561,2.6278977490592967,0.0012126589725077043,0.0
panaji,2026-08-14,15.8,15.452317237854004,15.49,73.83,Normal,-0.14411791036104665,West-coast orographic,15.8,12.930781490559479,9.064862490062472,9.955209272694132,10.542674805753924,9.955209272694132,0.015436024963221651,0.0
patna,2026-08-14,11.3,7.887031555175781,25.59,85.14,Normal,-0.14411791036104665,Inland,11.3,8.534696885517667,9.600045386577344,9.968242501595652,17.584915888307307,9.968242501595652,0.004061920720893649,0.0
pune,2026-08-14,4.6,2.949800491333008,18.52,73.86,Normal,-0.14411791036104665,Inland,4.6,1.9204830498530903,2.137156343460083,1.482195841622519,0.3201072209979794,1.482195841622519,0.0004111637211074469,0.0
raipur,2026-08-14,17.2,2.7074975967407227,21.25,81.63,Normal,-0.14411791036104665,Inland,17.2,14.361277231636095,16.019658087205507,11.229061782438876,19.62516737002538,11.229061782438876,0.011144648660622536,0.0
ranchi,2026-08-14,22.5,42.9742431640625,23.34,85.31,Normal,-0.14411791036104665,Inland,22.5,19.095963880701927,21.351919112094592,16.92156003942088,30.479539814354233,16.92156003942088,0.03025039980970534,0.0
shillong,2026-08-14,0.9,0.0,25.58,91.89,Normal,-0.14411791036104665,Hill / Himalayan orographic,0.9,0.0,0.03908618766994726,3.3056489687378376,1.5105496982870268,3.3056489687378376,0.0002122228417521929,0.0
shimla,2026-08-14,4.1,0.0,31.1,77.17,Normal,-0.14411791036104665,Hill / Himalayan orographic,4.1,1.4796862363815309,1.72817271709442,5.068873144202126,3.2500553621978256,5.068873144202126,0.0012887114620542795,0.0
srinagar,2026-08-14,1.9,0.0,34.08,74.8,Normal,-0.14411791036104665,Hill / Himalayan orographic,1.9,0.24153526127338404,0.5118359496344377,2.148026184002485,0.6958903567042554,2.148026184002485,0.000515830747438029,0.0
surat,2026-08-14,4.2,17.092050552368164,21.17,72.83,Normal,-0.14411791036104665,West-coast orographic,4.2,1.5638410133123402,1.8381501847738901,4.671603090917731,4.185043580360675,4.671603090917731,0.00578514073376824,0.0
thiruvananthapuram,2026-08-14,11.8,0.0,8.52,76.94,Normal,-0.14411791036104665,West-coast orographic,11.8,8.995233403444292,6.803858562111861,1.2821799649810988,0.5769361531284957,1.2821799649810988,0.002487394231844541,0.0
varanasi,2026-08-14,30.5,0.06511717289686203,25.32,82.97,Normal,-0.14411791036104665,Inland,30.5,25.59981400872287,32.31322878482686,23.820837116820783,38.47699333327934,23.820837116820783,0.09647128483950534,0.0
vijayawada,2026-08-14,1.4,0.5934751629829407,16.51,80.65,Normal,-0.14411791036104665,Inland,1.4,0.057306622900069035,0.04323954477906235,1.2933029687844946,0.17719006339986224,1.2933029687844946,0.0003403562674677419,0.0
visakhapatnam,2026-08-14,3.9,2.1623244285583496,17.69,83.22,Normal,-0.14411791036104665,East coast,3.9,1.3193206429481508,0.26691917677962684,2.6492995198566236,1.8190577852043202,2.6492995198566236,0.0009973180433028562,0.0
agartala,2026-08-15,1.4,0.23402836918830872,23.83,91.29,Normal,-0.10483577875319558,Inland,1.4,0.057306622900069035,0.04323954477906235,3.3001768938449687,3.6203978560117767,3.3001768938449687,0.0002157048924980536,0.0
ahmedabad,2026-08-15,4.2,1.4126358032226562,23.02,72.57,Normal,-0.10483577875319558,Inland,4.2,1.5638410133123402,1.682771268182872,1.4517051826254195,0.2887348348427574,1.4517051826254195,0.0019343794744338342,0.0
amritsar,2026-08-15,8.8,0.0,31.63,74.87,Normal,-0.10483577875319558,Inland,8.8,5.824746462504074,6.695667254130049,7.001026042560759,9.741839239658882,7.001026042560759,0.00835033772690079,0.0
bengaluru,2026-08-15,1.2,0.6788901686668396,12.97,77.59,Normal,-0.10483577875319558,Inland,1.2,0.009990753475576647,0.0,0.5269053331952551,0.0,0.5269053331952551,0.00029386803114378647,0.0
bhopal,2026-08-15,20.3,1.1519485712051392,23.26,77.41,Normal,-0.10483577875319558,Inland,20.3,17.17533489282463,19.339552400418103,8.208504340879518,12.688979306259508,8.208504340879518,0.015418590709671932,0.0
bhubaneswar,2026-08-15,12.1,4.855646133422852,20.3,85.82,Normal,-0.10483577875319558,East coast,12.1,9.184627718925478,9.381518366141398,13.202242469589061,19.56317431318629,13.202242469589061,0.012211873111854447,0.0
chandigarh,2026-08-15,25.900000000000002,8.424674034118652,30.73,76.78,Normal,-0.10483577875319558,Inland,25.900000000000002,22.451033107313364,26.263958350287552,15.577652020486424,28.139167738539456,15.577652020486424,0.16705762316073683,0.0
chennai,2026-08-15,0.30000000000000004,7.505511283874512,13.08,80.27,Normal,-0.10483577875319558,East coast,0.30000000000000004,0.0,0.0,0.8858144168797635,0.053774574661984556,0.8858144168797635,0.00022574909370276573,0.0
dehradun,2026-08-15,27.2,7.688271999359131,30.32,78.03,Normal,-0.10483577875319558,Hill / Himalayan orographic,27.2,23.268731094191136,32.376383459855965,20.84705569187025,36.73288079450899,20.84705569187025,0.12916625379059818,0.0
delhi,2026-08-15,7.3,16.525070190429688,28.61,77.21,Normal,-0.10483577875319558,Inland,7.3,4.514627408981327,5.3269392424570015,8.966201004217337,14.11605203330708,8.966201004217337,0.01951746448489086,0.0
gangtok,2026-08-15,5.5,4.592381000518799,27.33,88.61,Normal,-0.10483577875319558,Hill / Himalayan orographic,5.5,2.6245984403292324,2.558029699325562,13.870579301951853,22.184643711677268,13.870579301951853,0.0011970235871788552,0.0
guwahati,2026-08-15,1.4,0.0,26.14,91.74,Normal,-0.10483577875319558,Inland,1.4,0.057306622900069035,0.04323954477906235,4.540954073460267,5.777790787962499,4.540954073460267,0.00018138494292807978,0.0
hyderabad,2026-08-15,1.6,0.621498703956604,17.39,78.49,Normal,-0.10483577875319558,Inland,1.6,0.11197131626307964,0.09598307758569746,1.9492923068681023,0.8048935567278828,1.9492923068681023,0.00032579242402541,0.0
jabalpur,2026-08-15,55.1,7.480215549468994,23.18,79.95,Normal,-0.10483577875319558,Inland,55.1,43.67078515093632,65.75393761784201,22.8773486984481,37.46719357071331,22.8773486984481,0.039553135515036836,0.0
jaipur,2026-08-15,0.6000000000000001,1.8152670860290527,26.91,75.79,Normal,-0.10483577875319558,Inland,0.6000000000000001,0.0,0.0,0.5047647219761208,0.0,0.5047647219761208,0.0005111047230953069,0.0
jodhpur,2026-08-15,1.2000000000000002,0.0,26.24,73.02,Normal,-0.10483577875319558,Inland,1.2000000000000002,0.009990753475576708,0.0,0.4807873564765085,0.0,0.4807873564765085,0.00028579540040179775,0.0
kochi,2026-08-15,38.6,27.070491790771484,9.93,76.27,Normal,-0.10483577875319558,West-coast orographic,38.6,33.342166380552406,18.509156093011764,19.25908039779201,20.22659308994512,19.25908039779201,0.0275603902850473,0.0
kolkata,2026-08-15,17.2,0.07201383262872696,22.57,88.36,Normal,-0.10483577875319558,East coast,17.2,14.361277231636095,15.13066760205607,9.465348791610943,14.742108206336905,9.465348791610943,0.018990912655027618,0.0
lucknow,2026-08-15,7.800000000000001,0.29480817914009094,26.85,80.95,Normal,-0.10483577875319558,Inland,7.800000000000001,4.89808097777686,5.647409309387207,6.817195596019189,9.488183830803683,6.817195596019189,0.010998007392246779,0.0
madurai,2026-08-15,8.5,2.9663493633270264,9.93,78.12,Normal,-0.10483577875319558,Inland,8.5,5.50027995221875,6.361964702606201,1.3630028420912337,0.21016945131272588,1.3630028420912337,0.005198602927896797,0.0
mangaluru,2026-08-15,12.1,13.284749984741211,12.91,74.86,Normal,-0.10483577875319558,West-coast orographic,12.1,9.184627718925478,6.9236475894667935,10.056821778208105,10.590876306859892,10.056821778208105,0.009950370867450707,0.0
mumbai,2026-08-15,30.3,32.545772552490234,19.08,72.88,Normal,-0.10483577875319558,West-coast orographic,30.3,25.41238403320312,16.004535419120348,49.57025128542636,56.49722839553457,70.0,0.39656814375292615,0.0
nagpur,2026-08-15,7.6000000000000005,0.2130969911813736,21.15,79.09,Normal,-0.10483577875319558,Inland,7.6000000000000005,4.760362851619722,5.580128585815429,6.427447447718017,8.565442877257073,6.427447447718017,0.002721663111734589,0.0
panaji,2026-08-15,22.8,7.454983234405518,15.49,73.83,Normal,-0.10483577875319558,West-coast orographic,22.8,19.359751221700023,12.14502961954676,8.91453834850414,9.788689161898635,8.91453834850414,0.020563762110136708,0.0
patna,2026-08-15,2.2,0.0,25.59,85.14,Normal,-0.10483577875319558,Inland,2.2,0.3846449840068817,0.2933498561382295,3.132523120854549,2.979300079921157,3.132523120854549,0.00026933764613901835,0.0
pune,2026-08-15,13.2,3.807133436203003,18.52,73.86,Normal,-0.10483577875319558,Inland,13.2,10.078523522159289,12.00677095281667,5.433293775818327,7.069322772615318,5.433293775818327,0.00985479970121707,0.0
raipur,2026-08-15,41.5,0.21942156553268433,21.25,81.63,Normal,-0.10483577875319558,Inland,41.5,35.43933235875492,44.919550638849564,26.160070772533242,41.01534505778926,26.160070772533242,0.0759999430380736,0.0
ranchi,2026-08-15,15.1,26.250200271606445,23.34,85.31,Normal,-0.10483577875319558,Inland,15.1,12.312501941556516,13.82444615277957,10.520737853880988,18.666397470711207,10.520737853880988,0.011859476283047862,0.0
shillong,2026-08-15,1.3,0.0,25.58,91.89,Normal,-0.10483577875319558,Hill / Himalayan orographic,1.3,0.037257618159056295,0.22470812976360308,4.126384592418908,2.2794766793705485,4.126384592418908,0.0002187400297389545,0.0
shimla,2026-08-15,10.2,9.198480606079102,31.1,77.17,Normal,-0.10483577875319558,Hill / Himalayan orographic,10.2,7.555983610153198,6.83279761832101,7.246481064477581,4.595537930653247,7.246481064477581,0.003956734197406278,0.0
srinagar,2026-08-15,2.0,2.8067610263824463,34.08,74.8,Normal,-0.10483577875319558,Hill / Himalayan orographic,2.0,0.268699935078621,0.5508940913783964,2.148026184002485,0.6958903567042554,2.148026184002485,0.0005316665250897623,0.0
surat,2026-08-15,3.3000000000000003,5.108799934387207,21.17,72.83,Normal,-0.10483577875319558,West-coast orographic,3.3000000000000003,1.0110344487428664,1.1317464327362352,3.2027470774584663,2.2450088728813906,3.2027470774584663,0.04425943228441013,0.0
thiruvananthapuram,2026-08-15,18.9,0.7822265028953552,8.52,76.94,Normal,-0.10483577875319558,West-coast orographic,18.9,15.741084761076346,10.084418066939866,0.7423296438599474,0.004289200937091149,0.7423296438599474,0.0025667595132545427,0.0
varanasi,2026-08-15,3.9000000000000004,0.13674604892730713,25.32,82.97,Normal,-0.10483577875319558,Inland,3.9000000000000004,1.3193206429481512,1.4922241107856538,3.3916801480320613,3.790204713012104,3.3916801480320613,0.005472301343956381,0.0
vijayawada,2026-08-15,2.1999999999999997,0.0,16.51,80.65,Normal,-0.10483577875319558,Inland,2.1999999999999997,0.3846449840068813,0.29334985613822934,2.9505588163253678,2.5419537992963193,2.9505588163253678,0.0003508069463336,0.0
visakhapatnam,2026-08-15,2.4,1.2129971981048584,17.69,83.22,Normal,-0.10483577875319558,East coast,2.4,0.4872607000172135,0.10462360963225366,3.6266203678486786,3.0682426607774644,3.6266203678486786,0.0018142979381078625,0.0
agartala,2026-08-16,0.30000000000000004,7.44252872467041,23.83,91.29,Normal,-0.12387731575119927,Inland,0.30000000000000004,0.0,0.0,1.4758568901893157,0.31352698145745805,1.4758568901893157,0.0002092781151208365,0.0
ahmedabad,2026-08-16,0.8,2.0443570613861084,23.02,72.57,Normal,-0.12387731575119927,Inland,0.8,0.0,0.0,0.1039646565605687,0.0,0.1039646565605687,0.00033468915906487037,0.0
amritsar,2026-08-16,0.0,32.938602447509766,31.63,74.87,Normal,-0.12387731575119927,Inland,0.0,0.0,0.0,0.252990194989668,0.0,0.252990194989668,0.0009698693279624596,0.0
bengaluru,2026-08-16,0.9,0.0,12.97,77.59,Normal,-0.12387731575119927,Inland,0.9,0.0,0.0,0.39401180839233946,0.0,0.39401180839233946,0.0002851131014860248,0.0
bhopal,2026-08-16,22.6,5.515663146972656,23.26,77.41,Normal,-0.12387731575119927,Inland,22.6,19.19067030811971,21.470141012354397,15.515436636999034,28.030629865375637,15.515436636999034,0.04510480645584634,0.0
bhubaneswar,2026-08-16,35.4,38.18549728393555,20.3,85.82,Normal,-0.12387731575119927,East coast,35.4,30.39683182086645,38.89891720278951,34.80835652919455,53.97512902876724,34.80835652919455,0.20314887656364045,0.0
chandigarh,2026-08-16,2.8000000000000003,1.745483636856079,30.73,76.78,Normal,-0.12387731575119927,Inland,2.8000000000000003,0.7213602590560915,0.758072049617768,4.23117128029944,5.241619873021303,4.23117128029944,0.0035851266741831296,0.0
chennai,2026-08-16,0.2,0.0,13.08,80.27,Normal,-0.12387731575119927,East coast,0.2,0.0,0.0,0.8858144168797635,0.053774574661984556,0.8858144168797635,0.00021902312188943658,0.0
dehradun,2026-08-16,11.8,1.358982801437378,30.32,78.03,Normal,-0.12387731575119927,Hill / Himalayan orographic,11.8,8.995233403444292,8.853183690584624,9.567625569811149,7.966150209344387,9.567625569811149,0.014122483335915736,0.0
delhi,2026-08-16,15.5,0.0,28.61,77.21,Normal,-0.12387731575119927,Inland,15.5,12.656938600150903,14.045527009357976,11.592798677483147,20.25058471366666,11.592798677483147,0.08406144976330418,0.0
gangtok,2026-08-16,3.6,0.4829109311103821,27.33,88.61,Normal,-0.12387731575119927,Hill / Himalayan orographic,3.6,1.1977922320365906,1.4443720273482497,10.694663979304213,9.645248014556199,10.694663979304213,0.0012690312447232728,0.0
guwahati,2026-08-16,12.899999999999999,12.549600601196289,26.14,91.74,Normal,-0.12387731575119927,Inland,12.899999999999999,9.769994125366212,11.600756177573368,8.848264895489525,13.940413786482257,8.848264895489525,0.0012011289561330751,0.0
hyderabad,2026-08-16,1.3,0.0,17.39,78.49,Normal,-0.12387731575119927,Inland,1.3,0.037257618159056295,0.011625790856778593,1.0103391278895495,0.06574328348867489,1.0103391278895495,0.00031608670212911064,0.0
jabalpur,2026-08-16,37.4,41.28001403808594,23.18,79.95,Normal,-0.12387731575119927,Inland,37.4,32.316320512493995,38.87881888554014,28.175035218766446,43.20182543115088,28.175035218766446,0.08590113960108982,0.0
jaipur,2026-08-16,4.1000000000000005,0.029739072546362877,26.91,75.79,Normal,-0.12387731575119927,Inland,4.1000000000000005,1.4796862363815315,1.6285939352852954,1.7816095359653503,0.6412672943414874,1.7816095359653503,0.0014036905807402618,0.0
jodhpur,2026-08-16,0.0,0.0,26.24,73.02,Normal,-0.12387731575119927,Inland,0.0,0.0,0.0,0.08674223575464195,0.0,0.08674223575464195,0.0002772809042180291,0.0
kochi,2026-08-16,3.6,4.217899799346924,9.93,76.27,Normal,-0.12387731575119927,West-coast orographic,3.6,1.1977922320365906,1.2929909347884256,4.591586645294416,4.02077189013054,4.591586645294416,0.000913597946149942,0.0
kolkata,2026-08-16,8.8,0.014625048264861107,22.57,88.36,Normal,-0.12387731575119927,East coast,8.8,5.824746462504074,4.317901978492737,5.225806584942129,5.140392589180547,5.225806584942129,0.006912170217665529,0.0
lucknow,2026-08-16,2.8,12.964993476867676,26.85,80.95,Normal,-0.12387731575119927,Inland,2.8,0.7213602590560912,0.7580720496177676,2.2881824354960774,1.3611457350998277,2.2881824354960774,0.0023918525742024337,0.0
madurai,2026-08-16,0.5,0.0,9.93,78.12,Normal,-0.12387731575119927,Inland,0.5,0.0,0.0,0.218426866329317,0.0,0.218426866329317,0.0002105050001562208,0.0
mangaluru,2026-08-16,9.6,14.28348445892334,12.91,74.86,Normal,-0.12387731575119927,West-coast orographic,9.6,6.844579460144044,5.636931316694349,6.670514153313382,6.39711766576968,6.670514153313382,0.005998872281802371,0.0
mumbai,2026-08-16,21.7,29.594661712646484,19.08,72.88,Normal,-0.12387731575119927,West-coast orographic,21.7,18.33831246135967,11.251893159197525,12.106782456971079,12.808689872589904,12.106782456971079,0.1714022415251229,0.0
nagpur,2026-08-16,24.8,0.3143283724784851,21.15,79.09,Normal,-0.12387731575119927,Inland,24.8,21.024041759466847,24.376349928114156,18.10205769875945,32.21244770459678,18.10205769875945,0.14280358884297006,0.0
panaji,2026-08-16,33.4,24.034034729003906,15.49,73.83,Normal,-0.12387731575119927,West-coast orographic,33.4,28.31754865375923,17.162428212352577,14.799641515889906,15.00340538687486,14.799641515889906,0.01955298228232094,0.0
patna,2026-08-16,1.7,0.0,25.59,85.14,Normal,-0.12387731575119927,Inland,1.7,0.13603538990020775,0.12296157598495484,2.1733146795446894,1.1383087691975255,2.1733146795446894,0.00026131333579272457,0.0
pune,2026-08-16,11.8,1.716382622718811,18.52,73.86,Normal,-0.12387731575119927,Inland,11.8,8.995233403444292,9.868950147118591,4.692162239264517,6.137193045674606,4.692162239264517,0.0034847475736085754,0.0
raipur,2026-08-16,29.0,0.8164643049240112,21.25,81.63,Normal,-0.12387731575119927,Inland,29.0,24.48517080224079,31.047994323381545,24.58267390756798,39.30367848585734,24.58267390756798,0.11202427733482437,0.0
ranchi,2026-08-16,4.6000000000000005,0.9844702482223511,23.34,85.31,Normal,-0.12387731575119927,Inland,4.6000000000000005,1.9204830498530914,2.137156343460084,3.3916010365306417,3.7900932970718153,3.3916010365306417,0.000948278517779647,0.0
shillong,2026-08-16,2.2,3.209214210510254,25.58,91.89,Normal,-0.12387731575119927,Hill / Himalayan orographic,2.2,0.3846449840068817,0.6057939272913438,9.194357805263405,7.183670239729622,9.194357805263405,0.0002122228417521929,0.0
shimla,2026-08-16,3.9,0.24575068056583405,31.1,77.17,Normal,-0.12387731575119927,Hill / Himalayan orographic,3.9,1.3193206429481508,1.526461674083363,3.5699011558644322,1.7296188876505463,3.5699011558644322,0.0011981300559294975,0.0
srinagar,2026-08-16,0.0,0.0,34.08,74.8,Normal,-0.12387731575119927,Hill / Himalayan orographic,0.0,0.0,0.0,0.021243798537685696,0.0,0.021243798537685696,0.0004795477689733973,0.0
surat,2026-08-16,6.2,2.628507375717163,21.17,72.83,Normal,-0.12387731575119927,West-coast orographic,6.2,3.3246674275398234,3.48871082774776,2.480765889486625,1.1593155184694828,2.480765889486625,0.00578514073376824,0.0
thiruvananthapuram,2026-08-16,1.4,0.0,8.52,76.94,Normal,-0.12387731575119927,West-coast orographic,1.4,0.057306622900069035,0.0,0.2033859491164601,0.0,0.2033859491164601,0.00024265153722398226,0.0
varanasi,2026-08-16,0.0,0.0,25.32,82.97,Normal,-0.12387731575119927,Inland,0.0,0.0,0.0,0.3631210583578098,0.0,0.3631210583578098,0.000717756848427009,0.0
vijayawada,2026-08-16,0.4,4.90669059753418,16.51,80.65,Normal,-0.12387731575119927,Inland,0.4,0.0,0.0,0.6619263842500398,0.0,0.6619263842500398,0.0003403562674677419,0.0
visakhapatnam,2026-08-16,1.3,0.29492807388305664,17.69,83.22,Normal,-0.12387731575119927,East coast,1.3,0.037257618159056295,0.0062164788134396074,1.2083331320266368,0.13934695469644084,1.2083331320266368,0.00021586985420935808,0.0
agartala,2026-08-17,0.7000000000000001,4.08932638168335,23.83,91.29,Normal,-0.3303553426652603,Inland,0.7000000000000001,0.0,0.0,2.342746131574756,1.5249230437504022,2.342746131574756,0.00021501163002785495,0.0
ahmedabad,2026-08-17,3.4,1.6868160963058472,23.02,72.57,Normal,-0.3303553426652603,Inland,3.4,1.0638011133670806,1.1313746992746987,1.0020243810028633,0.061595001851238784,1.0020243810028633,0.02879033881032075,0.0
amritsar,2026-08-17,11.8,0.0,31.63,74.87,Normal,-0.3303553426652603,Inland,11.8,8.995233403444292,9.868950147118591,6.356345378153891,8.41523023182798,6.356345378153891,0.007089545254857157,0.0
bengaluru,2026-08-17,2.2,0.0,12.97,77.59,Normal,-0.3303553426652603,Inland,2.2,0.3846449840068817,0.2933498561382295,1.6183462961209751,0.47535910415848254,1.6183462961209751,0.00030839440440892516,0.0
bhopal,2026-08-17,5.3,2.4935054779052734,23.26,77.41,Normal,-0.3303553426652603,Inland,5.3,2.5115263599157327,2.987317049843929,2.0266327613951303,0.9466229450165878,2.0266327613951303,0.002289858909373181,0.0
bhubaneswar,2026-08-17,25.5,21.015409469604492,20.3,85.82,Normal,-0.3303553426652603,East coast,25.5,21.961025169570963,28.159599633265024,31.813191479550333,48.818623268190905,31.813191479550333,0.16352001026473284,0.0
chandigarh,2026-08-17,21.3,2.6877870559692383,30.73,76.78,Normal,-0.3303553426652603,Inland,21.3,17.97628937748325,20.206156289558294,10.139451725290163,18.065094178627984,10.139451725290163,0.01728866991947242,0.0
chennai,2026-08-17,0.6,0.0,13.08,80.27,Normal,-0.3303553426652603,East coast,0.6,0.0,0.0,1.6137093686778126,0.7141564963503214,1.6137093686778126,0.0002282142234999886,0.0
dehradun,2026-08-17,33.5,7.539374828338623,30.32,78.03,Normal,-0.3303553426652603,Hill / Himalayan orographic,33.5,28.411263641519106,39.5061201962139,26.335962987982327,39.9132557397896,26.335962987982327,0.04540652755049177,0.0
delhi,2026-08-17,0.1,0.0,28.61,77.21,Normal,-0.3303553426652603,Inland,0.1,0.0,0.0,1.0000385339003286,0.06060424973545388,1.0000385339003286,0.0006667931155204173,0.0
gangtok,2026-08-17,11.1,12.412959098815918,27.33,88.61,Normal,-0.3303553426652603,Hill / Himalayan orographic,11.1,8.340700696878159,7.88091287016869,11.396379283947873,11.688934591583466,11.396379283947873,0.003382541059547984,0.0
guwahati,2026-08-17,0.5,6.814702033996582,26.14,91.74,Normal,-0.3303553426652603,Inland,0.5,0.0,0.0,1.9456870090205534,0.800527174265739,1.9456870090205534,0.0001774438280565707,0.0
hyderabad,2026-08-17,1.9000000000000001,1.1851054430007935,17.39,78.49,Normal,-0.3303553426652603,Inland,1.9000000000000001,0.24153526127338418,0.17779504656791684,2.685972244213934,2.1831301424588623,2.685972244213934,0.00034836565552852263,0.0
jabalpur,2026-08-17,20.8,30.11050796508789,23.18,79.95,Normal,-0.3303553426652603,Inland,20.8,17.575812135153942,19.772975017762366,10.751761978921854,18.979106060911647,10.751761978921854,0.012973043320819926,0.0
jaipur,2026-08-17,0.0,0.0,26.91,75.79,Normal,-0.3303553426652603,Inland,0.0,0.0,0.0,0.19927383123444886,0.0,0.19927383123444886,0.0005094625472335958,0.0
jodhpur,2026-08-17,0.0,0.0,26.24,73.02,Normal,-0.3303553426652603,Inland,0.0,0.0,0.0,0.10914776808860101,0.0,0.10914776808860101,0.0002848769354681383,0.0
kochi,2026-08-17,25.9,4.739563941955566,9.93,76.27,Normal,-0.3303553426652603,West-coast orographic,25.9,22.45103310731336,13.264622418865109,13.764365692723768,14.208762319011802,13.764365692723768,0.016720236894251075,0.0
kolkata,2026-08-17,29.6,0.2631261348724365,22.57,88.36,Normal,-0.3303553426652603,East coast,29.6,24.913115370377252,35.012753963158296,27.18506932776978,39.32725515212393,27.18506932776978,0.11186408144065726,0.0
lucknow,2026-08-17,84.2,26.211671829223633,26.85,80.95,Normal,-0.3303553426652603,Inland,84.2,67.64148944749009,97.09491993947054,39.09562197765668,63.74472525445949,39.09562197765668,0.06449745613310731,1.0
madurai,2026-08-17,1.4,0.0,9.93,78.12,Normal,-0.3303553426652603,Inland,1.4,0.057306622900069035,0.04323954477906235,0.43658389214809284,0.0,0.43658389214809284,0.00021102936993431758,0.0
mangaluru,2026-08-17,3.2,17.811967849731445,12.91,74.86,Normal,-0.3303553426652603,West-coast orographic,3.2,0.9582677841186521,1.1050447940151649,4.691313413670693,4.225508362423766,4.691313413670693,0.009946179463628337,0.0
mumbai,2026-08-17,13.200000000000001,8.709590911865234,19.08,72.88,Normal,-0.3303553426652603,West-coast orographic,13.200000000000001,10.07852352215929,7.438770763079327,16.542301415826383,17.44582629968425,16.542301415826383,0.08446478173609324,0.0
nagpur,2026-08-17,10.4,2.4842135906219482,21.15,79.09,Normal,-0.3303553426652603,Inland,10.4,7.75412865638733,8.661394643783574,6.349379217885088,8.400513285206388,6.349379217885088,0.012669487506969635,0.0
panaji,2026-08-17,2.8,4.37644100189209,15.49,73.83,Normal,-0.3303553426652603,West-coast orographic,2.8,0.7213602590560912,0.8744839525222782,3.816180156014583,3.1047840714981896,3.816180156014583,0.007332323967290085,0.0
patna,2026-08-17,0.2,0.0,25.59,85.14,Normal,-0.3303553426652603,Inland,0.2,0.0,0.0,0.7010313228309514,0.0,0.7010313228309514,0.00026847205753159436,0.0
pune,2026-08-17,5.3,0.6223893165588379,18.52,73.86,Normal,-0.3303553426652603,Inland,5.3,2.5115263599157327,2.987317049843929,1.8133508169187456,0.675306914913209,1.8133508169187456,0.000511459013122807,0.0
raipur,2026-08-17,12.9,4.3329758644104,21.25,81.63,Normal,-0.3303553426652603,Inland,12.9,9.769994125366214,11.60075617757337,10.60714283807819,18.783353138392314,10.60714283807819,0.03266353589607554,0.0
ranchi,2026-08-17,2.6,0.0,23.34,85.31,Normal,-0.3303553426652603,Inland,2.6,0.5772332847118373,0.5621491527557371,2.22349107817836,1.215590595658252,2.22349107817836,0.0019330483003309742,0.0
shillong,2026-08-17,0.8,49.798805236816406,25.58,91.89,Normal,-0.3303553426652603,Hill / Himalayan orographic,0.8,0.0,0.030197490823845718,2.8353918189719276,1.289310878687944,2.8353918189719276,0.0002211286390480309,0.0
shimla,2026-08-17,1.1,2.203291177749634,31.1,77.17,Normal,-0.3303553426652603,Hill / Himalayan orographic,1.1,0.0,0.09951165974140161,1.9990706654110408,0.6051200408183989,1.9990706654110408,0.00046637027765117264,0.0
srinagar,2026-08-17,4.0,3.261789321899414,34.08,74.8,Normal,-0.3303553426652603,Hill / Himalayan orographic,4.0,1.399503439664841,1.5855107927322387,1.3782089165409628,0.23811649777664254,1.3782089165409628,0.0013779103101001552,0.0
surat,2026-08-17,10.6,4.964797019958496,21.17,72.83,Normal,-0.3303553426652603,West-coast orographic,10.6,7.934451099066688,6.284023532933426,8.743505007539607,9.687136233342233,8.743505007539607,0.027162581763040792,0.0
thiruvananthapuram,2026-08-17,19.2,5.270567893981934,8.52,76.94,Normal,-0.3303553426652603,West-coast orographic,19.2,16.126238631115708,10.27849285478537,1.591939124138311,0.6840907547112457,1.591939124138311,0.0019829563277843003,0.0
varanasi,2026-08-17,41.5,9.572466850280762,25.32,82.97,Normal,-0.3303553426652603,Inland,41.5,35.43933235875492,44.919550638849564,22.86212771885843,37.45195556184076,22.86212771885843,0.05652777455541231,0.0
vijayawada,2026-08-17,1.6,2.3376715183258057,16.51,80.65,Normal,-0.3303553426652603,Inland,1.6,0.11197131626307964,0.09598307758569746,2.668378338112242,2.1630071086737535,2.668378338112242,0.0003751127126709464,0.0
visakhapatnam,2026-08-17,0.0,0.0,17.69,83.22,Normal,-0.3303553426652603,East coast,0.0,0.0,0.0,0.6305777884205647,0.005746641752086957,0.6305777884205647,0.00022918524356312892,0.0
agartala,2026-08-18,13.200000000000001,5.563830852508545,23.83,91.29,Normal,-0.2874776739830508,Inland,13.200000000000001,10.07852352215929,12.006770952816671,8.748499756624447,13.791836948790097,8.748499756624447,0.00267135619756628,0.0
ahmedabad,2026-08-18,0.4,2.4884471893310547,23.02,72.57,Normal,-0.2874776739830508,Inland,0.4,0.0,0.0,0.036950338291221144,0.0,0.036950338291221144,0.00033468915906487037,0.0
amritsar,2026-08-18,13.2,0.0,31.63,74.87,Normal,-0.2874776739830508,Inland,13.2,10.078523522159289,12.00677095281667,6.526425725701207,8.77454774673576,6.526425725701207,0.008451861822044956,0.0
bengaluru,2026-08-18,3.6,0.8152695894241333,12.97,77.59,Normal,-0.2874776739830508,Inland,3.6,1.1977922320365906,1.2583426952362062,1.4138115108166365,0.2516403402543344,1.4138115108166365,0.0009297637880990779,0.0
bhopal,2026-08-18,11.5,0.23180198669433594,23.26,77.41,Normal,-0.2874776739830508,Inland,11.5,8.733399425234113,9.707607290793842,7.092469264446889,9.867051620855237,7.092469264446889,0.017197833204202935,0.0
bhubaneswar,2026-08-18,1.2000000000000002,0.0,20.3,85.82,Normal,-0.2874776739830508,East coast,1.2000000000000002,0.009990753475576708,0.001890694443136465,1.5884376353569256,0.7110644183730966,1.5884376353569256,0.00023537145085967393,0.0
chandigarh,2026-08-18,14.4,28.387378692626953,30.73,76.78,Normal,-0.2874776739830508,Inland,14.4,11.73935809135437,13.319315999476757,10.808988114707258,19.056565954941796,10.808988114707258,0.03661569154457437,0.0
chennai,2026-08-18,1.1,3.3519814014434814,13.08,80.27,Normal,-0.2874776739830508,East coast,1.1,0.0,0.0,1.424058615021692,0.3433034888185322,1.424058615021692,0.00021902312188943658,0.0
dehradun,2026-08-18,14.6,97.28555297851562,30.32,78.03,Normal,-0.2874776739830508,Hill / Himalayan orographic,14.6,11.90311347712641,13.860074458736003,12.22117672325665,17.05914496276916,12.22117672325665,0.0409537092204616,0.0
delhi,2026-08-18,2.4000000000000004,0.0,28.61,77.21,Normal,-0.2874776739830508,Inland,2.4000000000000004,0.48726070001721367,0.4735053300857544,2.0669451232732765,0.9986515902619416,2.0669451232732765,0.003426660776553319,0.0
gangtok,2026-08-18,6.3,16.469547271728516,27.33,88.61,Normal,-0.2874776739830508,Hill / Himalayan orographic,6.3,3.4452256838480615,3.16948395020891,10.68883924865587,9.635245337830769,10.68883924865587,0.0011327113989879805,0.0
guwahati,2026-08-18,1.1,0.4870663285255432,26.14,91.74,Normal,-0.2874776739830508,Inland,1.1,0.0,0.0,3.2644298859751055,3.5257536932168305,3.2644298859751055,0.0001759805246133572,0.0
hyderabad,2026-08-18,0.5,0.5168641805648804,17.39,78.49,Normal,-0.2874776739830508,Inland,0.5,0.0,0.0,0.7083827177061728,0.0,0.7083827177061728,0.00031608670212911064,0.0
jabalpur,2026-08-18,16.4,0.09091190993785858,23.18,79.95,Normal,-0.2874776739830508,Inland,16.4,13.49541863276588,14.814288064668766,9.634177275443529,16.45112197373861,9.634177275443529,0.009648479177209384,0.0
jaipur,2026-08-18,0.0,0.0,26.91,75.79,Normal,-0.2874776739830508,Inland,0.0,0.0,0.0,0.16667506128531417,0.0,0.16667506128531417,0.0004958810783471181,0.0
jodhpur,2026-08-18,0.0,0.0,26.24,73.02,Normal,-0.2874776739830508,Inland,0.0,0.0,0.0,0.08540000277032044,0.0,0.08540000277032044,0.0002772809042180291,0.0
kochi,2026-08-18,40.2,0.0,9.93,76.27,Normal,-0.2874776739830508,West-coast orographic,40.2,34.68626051623246,19.405795371072337,21.29393073834132,22.020884583848694,21.29393073834132,0.020266303023707796,0.0
kolkata,2026-08-18,44.2,77.25830841064453,22.57,88.36,Normal,-0.2874776739830508,East coast,44.2,37.00340464707079,69.5821921298812,32.032641090541546,49.1964298880187,32.032641090541546,0.1285258056511304,0.0
lucknow,2026-08-18,62.2,25.925628662109375,26.85,80.95,Normal,-0.2874776739830508,Inland,62.2,49.77539224349039,73.40070650043866,23.935615080324,38.60154131970329,23.935615080324,0.015495477262313255,0.0
madurai,2026-08-18,12.4,27.720523834228516,9.93,78.12,Normal,-0.2874776739830508,Inland,12.4,9.374022034406666,10.699194290015347,3.1019324825619363,2.7971680767984233,3.1019324825619363,0.004691629497179876,0.0
mangaluru,2026-08-18,9.9,12.810969352722168,12.91,74.86,Normal,-0.2874776739830508,West-coast orographic,9.9,7.201853961944581,5.8164575233813505,6.783464977575319,6.5080345860553415,6.783464977575319,0.005133528321013068,0.0
mumbai,2026-08-18,9.7,21.11768913269043,19.08,72.88,Normal,-0.2874776739830508,West-coast orographic,9.7,6.946796836853027,5.719938893993049,8.615053818277087,9.619277074056711,8.615053818277087,0.030703809858827938,0.0
nagpur,2026-08-18,6.2,0.00850233156234026,21.15,79.09,Normal,-0.2874776739830508,Inland,6.2,3.3246674275398234,4.073151677449541,4.054171013878666,4.798151074185415,4.054171013878666,0.001024207038857385,0.0
panaji,2026-08-18,13.5,3.405196189880371,15.49,73.83,Normal,-0.2874776739830508,West-coast orographic,13.5,10.504850733839794,7.73883791060459,10.438900750711943,10.772121517993659,10.438900750711943,0.014732561640158345,0.0
patna,2026-08-18,3.4,17.339662551879883,25.59,85.14,Normal,-0.2874776739830508,Inland,3.4,1.0638011133670806,1.1313746992746987,2.223770302557874,1.2160206578115513,2.223770302557874,0.0009452840798138665,0.0
pune,2026-08-18,7.1,0.9159383773803711,18.52,73.86,Normal,-0.2874776739830508,Inland,7.1,4.248678550720217,4.969986204557783,2.928710351170497,2.521043101579262,2.928710351170497,0.0008466387708532209,0.0
raipur,2026-08-18,10.6,92.50932312011719,21.25,81.63,Normal,-0.2874776739830508,Inland,10.6,7.934451099066688,8.946267026265467,9.213973024573106,14.73916248677386,9.213973024573106,0.013515810227435527,0.0
ranchi,2026-08-18,16.8,60.53693389892578,23.34,85.31,Normal,-0.2874776739830508,Inland,16.8,13.928347932200989,15.306840858163763,11.282949859096798,19.708636013266002,11.282949859096798,0.006554751840144319,0.0
shillong,2026-08-18,0.1,14.812483787536621,25.58,91.89,Normal,-0.2874776739830508,Hill / Himalayan orographic,0.1,0.0,0.0,1.9459748391229077,0.5915825249944531,1.9459748391229077,0.0002122228417521929,0.0
shimla,2026-08-18,3.6,9.509275436401367,31.1,77.17,Normal,-0.2874776739830508,Hill / Himalayan orographic,3.6,1.1977922320365906,1.4443720273482497,3.483973364731701,1.6550542688601502,3.483973364731701,0.0016517466614576872,0.0
srinagar,2026-08-18,4.1,0.0,34.08,74.8,Normal,-0.2874776739830508,Hill / Himalayan orographic,4.1,1.4796862363815309,1.72817271709442,0.9086910788035624,0.011688091260496438,0.9086910788035624,0.0011873756193576555,0.0
surat,2026-08-18,4.0,0.6633139252662659,21.17,72.83,Normal,-0.2874776739830508,West-coast orographic,4.0,1.399503439664841,1.7805578708648684,4.726637331615209,4.298027450982299,4.726637331615209,0.00578514073376824,0.0
thiruvananthapuram,2026-08-18,56.9,1.4242479801177979,8.52,76.94,Normal,-0.2874776739830508,West-coast orographic,56.9,45.1445664073589,24.218517349092156,5.736636243868695,5.6034957697610475,5.736636243868695,0.006363154312295771,0.0
varanasi,2026-08-18,57.2,0.20186322927474976,25.32,82.97,Normal,-0.2874776739830508,Inland,57.2,45.39019661676267,68.01565799156778,26.01069137005514,40.853250320925085,26.01069137005514,0.036473206774616344,0.0
vijayawada,2026-08-18,0.6000000000000001,0.0,16.51,80.65,Normal,-0.2874776739830508,Inland,0.6000000000000001,0.0,0.0,1.1394806907312096,0.11994288604206145,1.1394806907312096,0.0003403562674677419,0.0
visakhapatnam,2026-08-18,5.4,0.0,17.69,83.22,Normal,-0.2874776739830508,East coast,5.4,2.5587199401855463,1.0893722629547133,3.0592463422980334,2.171295370469917,3.0592463422980334,0.0009973180433028562,0.0
agartala,2026-08-19,7.9,0.6930461525917053,23.83,91.29,Normal,-0.09313713206837919,Inland,7.9,4.953225650787356,5.636211509704588,7.003119513997734,11.63235356881914,7.003119513997734,0.00015309039892600964,0.0
ahmedabad,2026-08-19,0.1,0.0,23.02,72.57,Normal,-0.09313713206837919,Inland,0.1,0.0,0.0,0.003411129814319101,0.0,0.003411129814319101,0.00019502452072978904,0.0
amritsar,2026-08-19,5.1,0.0,31.63,74.87,Normal,-0.09313713206837919,Inland,5.1,2.4073320579528814,2.651778453710127,2.329914595294662,1.739598124033708,2.329914595294662,0.0005443571077163357,0.0
bengaluru,2026-08-19,3.1,0.0,12.97,77.59,Normal,-0.09313713206837919,Inland,3.1,0.9030537927150726,0.826085743773473,1.569759334949813,0.42989590218555096,1.569759334949813,0.0004633638130284312,0.0
bhopal,2026-08-19,7.6,0.0,23.26,77.41,Normal,-0.09313713206837919,Inland,7.6,4.719940100891941,5.494086518287658,3.4483245677112007,4.373102992823186,3.4483245677112007,0.00033351441916266685,0.0
bhubaneswar,2026-08-19,3.2,0.028124909847974777,20.3,85.82,Normal,-0.09313713206837919,East coast,3.2,0.9641837167739868,0.30781061500310913,0.8635357608750188,0.023256513335395267,0.8635357608750188,0.000446701993840741,0.0
chandigarh,2026-08-19,20.4,43.586830139160156,30.73,76.78,Normal,-0.09313713206837919,Inland,20.4,16.420863341256226,18.4340782961231,8.388190665510706,13.737833022556575,8.388190665510706,0.0009527677998502997,0.0
chennai,2026-08-19,0.0,0.05624496936798096,13.08,80.27,Normal,-0.09313713206837919,East coast,0.0,0.0,0.0,0.11199580787653533,0.0,0.11199580787653533,0.00019306235068947779,0.0
dehradun,2026-08-19,11.7,16.879060745239258,30.32,78.03,Normal,-0.09313713206837919,Hill / Himalayan orographic,11.7,8.451630687713623,9.303139167919493,7.637642345154553,6.411309267006952,7.637642345154553,0.0004749978298320029,0.0
delhi,2026-08-19,6.6,0.7805018424987793,28.61,77.21,Normal,-0.09313713206837919,Inland,6.6,3.6561144272486326,4.431022077167733,2.763211471032512,2.666307594911167,2.763211471032512,0.0006397289651911608,0.0
gangtok,2026-08-19,33.9,20.252931594848633,27.33,88.61,Normal,-0.09313713206837919,Hill / Himalayan orographic,33.9,27.850567899252624,39.27236199288347,10.117396714083776,8.738708312683297,10.117396714083776,0.0015881366905450634,0.0
guwahati,2026-08-19,2.1,5.454639434814453,26.14,91.74,Normal,-0.09313713206837919,Inland,2.1,0.27848380237817777,0.2087139681882641,3.1035112294492357,3.5781941784625544,3.1035112294492357,8.144997498164564e-05,0.0
hyderabad,2026-08-19,1.4,7.887574195861816,17.39,78.49,Normal,-0.09313713206837919,Inland,1.4,0.0659728415310384,0.038184219449758465,0.6737836607956731,0.0,0.6737836607956731,0.0001586475217613137,0.0
jabalpur,2026-08-19,20.6,19.42840576171875,23.18,79.95,Normal,-0.09313713206837919,Inland,20.6,16.57301712036131,18.57718667964506,6.729837828051786,11.060319113797803,6.729837828051786,0.0007114426206252894,0.0
jaipur,2026-08-19,0.2,0.0,26.91,75.79,Normal,-0.09313713206837919,Inland,0.2,0.0,0.0,0.3510684642635879,0.0,0.3510684642635879,0.00016820840489142113,0.0
jodhpur,2026-08-19,0.0,0.0,26.24,73.02,Normal,-0.09313713206837919,Inland,0.0,0.0,0.0,0.022442039822055077,0.0,0.022442039822055077,0.00012861924013689603,0.0
kochi,2026-08-19,6.9,11.587024688720703,9.93,76.27,Normal,-0.09313713206837919,West-coast orographic,6.9,4.038790833416859,3.607372426338082,4.4156386577287785,3.352376138079723,4.4156386577287785,0.0003501751957629192,0.0
kolkata,2026-08-19,4.2,38.63767623901367,22.57,88.36,Normal,-0.09313713206837919,East coast,4.2,1.5367623044797762,0.7083867047230402,0.791187187590257,0.00922385415826556,0.791187187590257,0.00043513880190612696,0.0
lucknow,2026-08-19,10.200000000000001,8.972674369812012,26.85,80.95,Normal,-0.09313713206837919,Inland,10.200000000000001,7.317959858576456,7.883738021850587,4.287091004921844,5.796614401563549,4.287091004921844,0.00015728506790437926,0.0
madurai,2026-08-19,2.2,0.05725160613656044,9.93,78.12,Normal,-0.09313713206837919,Inland,2.2,0.3080299413204198,0.2932412922382356,1.26144563667489,0.1573182877967286,1.26144563667489,0.00016261356828211644,0.0
mangaluru,2026-08-19,34.0,37.640281677246094,12.91,74.86,Normal,-0.09313713206837919,West-coast orographic,34.0,27.958932433214244,17.98158819952004,10.957949839784487,11.829501421797207,10.957949839784487,0.005193665941131539,0.0
mumbai,2026-08-19,6.1,3.8157150745391846,19.08,72.88,Normal,-0.09313713206837919,West-coast orographic,6.1,3.130277919769285,3.2613405447954316,6.527930918056278,5.522183453976537,6.527930918056278,0.0011555320874441645,0.0
nagpur,2026-08-19,5.3,0.19221262633800507,21.15,79.09,Normal,-0.09313713206837919,Inland,5.3,2.558926517963409,2.8432921594502925,1.7959995595542941,0.7487655461440977,1.7959995595542941,0.00018157983604670123,0.0
panaji,2026-08-19,42.0,11.683978080749512,15.49,73.83,Normal,-0.09313713206837919,West-coast orographic,42.0,35.55822255791108,19.620698882500655,6.307563761488148,5.175649347524206,6.307563761488148,0.002550922821262909,0.0
patna,2026-08-19,10.1,4.659769058227539,25.59,85.14,Normal,-0.09313713206837919,Inland,10.1,7.233290610313413,7.798418769836426,4.04078215296246,5.4185322645167435,4.04078215296246,0.00014264454998580016,0.0
pune,2026-08-19,3.8000000000000003,0.7711904048919678,18.52,73.86,Normal,-0.09313713206837919,Inland,3.8000000000000003,1.2604758620262146,1.3415004897117622,1.367032330826253,0.22276906899719745,1.367032330826253,0.0001523199924250222,0.0
raipur,2026-08-19,17.9,6.4309868812561035,21.25,81.63,Normal,-0.09313713206837919,Inland,17.9,14.381110649171504,15.99325088637215,5.990130855761228,9.114783723262358,5.990130855761228,0.00046355553988992713,0.0
ranchi,2026-08-19,10.5,42.10535430908203,23.34,85.31,Normal,-0.09313713206837919,Inland,10.5,7.560478919982909,8.082617585318431,6.105963997396806,9.320657777730965,6.105963997396806,0.0001777352764482931,0.0
shillong,2026-08-19,2.1,7.605155944824219,25.58,91.89,Normal,-0.09313713206837919,Hill / Himalayan orographic,2.1,0.27848380237817777,0.6212216345469157,3.2347979636251045,1.5287776046808366,3.2347979636251045,0.00016301045948392077,0.0
shimla,2026-08-19,6.5,15.903433799743652,31.1,77.17,Normal,-0.09313713206837919,Hill / Himalayan orographic,6.5,3.527726143201189,3.443190094220754,3.103348836798302,1.4793754132536887,3.103348836798302,0.0003469161529837818,0.0
srinagar,2026-08-19,9.8,0.0,34.08,74.8,Normal,-0.09313713206837919,Hill / Himalayan orographic,9.8,6.97928286552429,7.42267485494199,2.016876775124833,0.5463036176217355,2.016876775124833,0.00030597144542672907,0.0
surat,2026-08-19,0.7000000000000001,0.0,21.17,72.83,Normal,-0.09313713206837919,West-coast orographic,0.7000000000000001,0.0,0.0,0.2593179711123854,0.0,0.2593179711123854,0.00031317877725176843,0.0
thiruvananthapuram,2026-08-19,0.9,0.0,8.52,76.94,Normal,-0.09313713206837919,West-coast orographic,0.9,0.0,0.0,0.009487992469631657,0.0,0.009487992469631657,0.000187625074964092,0.0
varanasi,2026-08-19,15.3,27.130874633789062,25.32,82.97,Normal,-0.09313713206837919,Inland,15.3,11.863661009073262,13.064438743591303,4.587579214902129,6.487000051884948,4.587579214902129,0.0007292529637475451,0.0
vijayawada,2026-08-19,1.1,4.302905559539795,16.51,80.65,Normal,-0.09313713206837919,Inland,1.1,0.0,0.0,0.563983542794228,0.0,0.563983542794228,0.00016983763395756255,0.0
visakhapatnam,2026-08-19,3.6,0.0,17.69,83.22,Normal,-0.09313713206837919,East coast,3.6,1.1440510903017589,0.3994595696234629,0.8505059788687284,0.019547380406151595,0.8505059788687284,0.0008419145441396776,0.0
agartala,2026-08-20,3.1,9.997726440429688,23.83,91.29,Normal,0.8450963088396591,Inland,3.1,0.9030537927150726,0.826085743773473,5.63539127075646,8.299301673158647,5.63539127075646,0.0002612530889466457,0.0
ahmedabad,2026-08-20,0.2,0.0,23.02,72.57,Normal,0.8450963088396591,Inland,0.2,0.0,0.0,0.035592455544893,0.0,0.035592455544893,0.0002373274527926193,0.0
amritsar,2026-08-20,11.6,0.0,31.63,74.87,Normal,0.8450963088396591,Inland,11.6,8.389205856323242,8.966337170600902,1.6694356889945288,0.5762666177062287,1.6694356889945288,0.001314003783199432,0.0
bengaluru,2026-08-20,8.7,9.94897747039795,12.97,77.59,Normal,0.8450963088396591,Inland,8.7,5.561300318241122,6.410261631011963,4.038201977190002,5.411040232337634,4.038201977190002,0.0007868528391425255,0.0
bhopal,2026-08-20,2.3,1.1297460794448853,23.26,77.41,Normal,0.8450963088396591,Inland,2.3,0.39269918203353865,0.36924226641654956,2.755708373253648,2.655082482375611,2.755708373253648,0.0009465305707790886,0.0
bhubaneswar,2026-08-20,5.6,0.0,20.3,85.82,Normal,0.8450963088396591,East coast,5.6,2.73390449643135,1.259058298718036,2.4012443523721756,1.67695200246008,2.4012443523721756,0.0007328644030717308,0.0
chandigarh,2026-08-20,10.3,9.472845077514648,30.73,76.78,Normal,0.8450963088396591,Inland,10.3,7.402629106839497,7.9500312096732015,4.348319116190374,5.887742343077357,4.348319116190374,0.001608137372605491,0.0
chennai,2026-08-20,1.8,0.04477102309465408,13.08,80.27,Normal,0.8450963088396591,East coast,1.8,0.1440321040153509,0.06377960996702314,1.3215304803139312,0.27183063583249806,1.3215304803139312,0.00019559922007248416,0.0
dehradun,2026-08-20,17.599999999999998,40.3106803894043,30.32,78.03,Normal,0.8450963088396591,Hill / Himalayan orographic,17.599999999999998,14.093652675672496,19.762183010938692,10.874382738674782,10.534374308770092,10.874382738674782,0.0039004503003318126,0.0
delhi,2026-08-20,10.8,0.5203345417976379,28.61,77.21,Normal,0.8450963088396591,Inland,10.8,7.780020614624024,8.281497148786274,4.482700656895523,6.18771723733971,4.482700656895523,0.0011629584587419797,0.0
gangtok,2026-08-20,15.9,0.8815869688987732,27.33,88.61,Normal,0.8450963088396591,Hill / Himalayan orographic,15.9,12.562225860357293,17.514638900756836,11.902090990186945,12.701494300420165,11.902090990186945,0.002117094531072049,0.0
guwahati,2026-08-20,13.6,1.0444945096969604,26.14,91.74,Normal,0.8450963088396591,Inland,13.6,10.25567893743515,11.58647349357605,5.409288066529572,7.957622613458487,5.409288066529572,0.0011412679773296795,0.0
hyderabad,2026-08-20,3.5,3.6395139694213867,17.39,78.49,Normal,0.8450963088396591,Inland,3.5,1.0914180585179467,1.1136479854583752,2.3937288444601927,1.8964034201438895,2.3937288444601927,0.00043079523371310045,0.0
jabalpur,2026-08-20,76.7,51.796470642089844,23.18,79.95,Normal,0.8450963088396591,Inland,76.7,60.7910690765997,77.15834257701943,41.78976874780059,52.707478788750784,41.78976874780059,0.1903735970594975,1.0
jaipur,2026-08-20,0.1,0.0,26.91,75.79,Normal,0.8450963088396591,Inland,0.1,0.0,0.0,0.2557486414623882,0.0,0.2557486414623882,0.00021259141247297747,0.0
jodhpur,2026-08-20,0.0,0.0,26.24,73.02,Normal,0.8450963088396591,Inland,0.0,0.0,0.0,0.018303812740868865,0.0,0.018303812740868865,0.00014215944220293558,0.0
kochi,2026-08-20,15.8,1.1583919525146484,9.93,76.27,Normal,0.8450963088396591,West-coast orographic,15.8,12.445798385143288,8.1114060681547,16.184841237744607,18.0698708263182,16.184841237744607,0.009741252628343001,0.0
kolkata,2026-08-20,2.7,0.0,22.57,88.36,Normal,0.8450963088396591,East coast,2.7,0.6392482280731201,0.15742409527093387,1.2730548905715806,0.20910542891289227,1.2730548905715806,0.0009003702095766019,0.0
lucknow,2026-08-20,0.4,15.023032188415527,26.85,80.95,Normal,0.8450963088396591,Inland,0.4,0.0,0.0,0.29447858985813574,0.0,0.29447858985813574,0.0001187026336181602,0.0
madurai,2026-08-20,5.1000000000000005,2.0579030513763428,9.93,78.12,Normal,0.8450963088396591,Inland,5.1000000000000005,2.407332057952882,2.6517784537101274,2.1331615257063103,1.4284718605804119,2.1331615257063103,0.00029442258662844663,0.0
mangaluru,2026-08-20,48.4,34.65928268432617,12.91,74.86,Normal,0.8450963088396591,West-coast orographic,48.4,38.81714308067988,22.640549779727024,12.681750672841929,14.328762920362196,12.681750672841929,0.012037640162616681,0.0
mumbai,2026-08-20,5.0,5.365706443786621,19.08,72.88,Normal,0.8450963088396591,West-coast orographic,5.0,2.3329201650619513,2.67065423358774,8.134426207498967,7.117489407396884,8.134426207498967,0.0026650774485864745,0.0
nagpur,2026-08-20,1.8,0.1305345892906189,21.15,79.09,Normal,0.8450963088396591,Inland,1.8,0.1440321040153509,0.12640632987022404,2.0468594616248663,1.2140719008085687,2.0468594616248663,0.0001699288211759333,0.0
panaji,2026-08-20,7.8,12.255050659179688,15.49,73.83,Normal,0.8450963088396591,West-coast orographic,7.8,4.875463800822217,4.261049381677818,7.066919234382755,6.23027397649102,7.066919234382755,0.0007058892889138192,0.0
patna,2026-08-20,4.4,1.3240745067596436,25.59,85.14,Normal,0.8450963088396591,Inland,4.4,1.685832695711671,1.8262204504013064,1.4250310978124894,0.26775769979733915,1.4250310978124894,0.00022359976417742457,0.0
pune,2026-08-20,2.4,1.195016860961914,18.52,73.86,Normal,0.8450963088396591,Inland,2.4,0.4637256601452824,0.4005385565757751,2.45269326789348,2.107539095800871,2.45269326789348,0.00195392345088162,0.0
raipur,2026-08-20,18.0,0.5713059306144714,21.25,81.63,Normal,0.8450963088396591,Inland,18.0,14.476929973671174,16.12668158871786,7.816967937347665,13.08555463934117,7.816967937347665,0.002250170480092227,0.0
ranchi,2026-08-20,4.2,2.892223596572876,23.34,85.31,Normal,0.8450963088396591,Inland,4.2,1.5367623044797762,1.6216875672340394,1.9863061092114283,1.0792915571714718,1.9863061092114283,0.0002495982283995429,0.0
shillong,2026-08-20,8.6,0.6905284523963928,25.58,91.89,Normal,0.8450963088396591,Hill / Himalayan orographic,8.6,5.481453518867496,5.130474436461032,6.09117279628384,4.638334560560737,6.09117279628384,0.0010988596869358478,0.0
shimla,2026-08-20,11.2,2.785794973373413,31.1,77.17,Normal,0.8450963088396591,Hill / Himalayan orographic,11.2,8.089991102218628,8.701764633498506,3.1523859214284444,1.4978048962058232,3.1523859214284444,0.0009430340897572282,0.0
srinagar,2026-08-20,6.9,1.7334004640579224,34.08,74.8,Normal,0.8450963088396591,Hill / Himalayan orographic,6.9,4.038790833416859,3.824052292383634,1.193776340201926,0.12648147571340604,1.193776340201926,0.0008733395503084914,0.0
surat,2026-08-20,1.2000000000000002,0.0,21.17,72.83,Normal,0.8450963088396591,West-coast orographic,1.2000000000000002,0.0004056578013115391,0.0,0.7383527193085273,0.015987757676047716,0.7383527193085273,0.0004323832725330149,0.0
thiruvananthapuram,2026-08-20,17.599999999999998,0.0,8.52,76.94,Normal,0.8450963088396591,West-coast orographic,17.599999999999998,14.093652675672496,8.718726526432377,1.1580369873221035,0.4458978628081266,1.1580369873221035,0.0025118032992698775,0.0
varanasi,2026-08-20,15.7,0.8626322150230408,25.32,82.97,Normal,0.8450963088396591,Inland,15.7,12.329370909929281,13.474290750291608,5.0281927225636505,7.334908106665118,5.0281927225636505,0.002708243205546674,0.0
vijayawada,2026-08-20,5.2,0.1774463653564453,16.51,80.65,Normal,0.8450963088396591,Inland,5.2,2.481743950843812,2.7394368950201513,2.0357203694896797,1.1902211931894013,2.0357203694896797,0.00045186717196185546,0.0
visakhapatnam,2026-08-20,3.3000000000000003,0.0,17.69,83.22,Normal,0.8450963088396591,East coast,3.3000000000000003,1.0045997152480473,0.328943601101637,1.6857346646651301,0.929560295244909,1.6857346646651301,0.0008209901791302795,0.0
agartala,2026-08-21,1.5,1.090172529220581,23.83,91.29,Normal,-0.29626349761469334,Inland,1.5,0.08595125377178192,0.05311505720019341,6.880233142771822,11.414010673249326,6.880233142771822,8.034481700768116e-05,0.0
ahmedabad,2026-08-21,0.2,0.11832021176815033,23.02,72.57,Normal,-0.29626349761469334,Inland,0.2,0.0,0.0,0.014030014124077086,0.0,0.014030014124077086,0.00019502452072978904,0.0
amritsar,2026-08-21,15.2,1.1259387731552124,31.63,74.87,Normal,-0.29626349761469334,Inland,15.2,11.747233533859255,12.950911526679986,7.964713551208239,13.25426513593863,7.964713551208239,0.001347730408723323,0.0
bengaluru,2026-08-21,1.4000000000000001,7.96744441986084,12.97,77.59,Normal,-0.29626349761469334,Inland,1.4000000000000001,0.06597284153103844,0.0381842194497585,1.094288755229638,0.09197311585242282,1.094288755229638,0.00021365021372136983,0.0
bhopal,2026-08-21,8.6,0.0,23.26,77.41,Normal,-0.29626349761469334,Inland,8.6,5.481453518867496,6.328925340406357,6.072352565343353,9.26091907345658,6.072352565343353,0.0003688027053355187,0.0
bhubaneswar,2026-08-21,1.9,1.134439468383789,20.3,85.82,Normal,-0.29626349761469334,East coast,1.9,0.19160199165344238,0.07226541042327882,1.2768540087865052,0.21564261569282397,1.2768540087865052,0.0001644353760057077,0.0
chandigarh,2026-08-21,2.2,0.0,30.73,76.78,Normal,-0.29626349761469334,Inland,2.2,0.3080299413204198,0.2932412922382356,6.217580429860261,9.519037336224393,6.217580429860261,0.00024085168294722047,0.0
chennai,2026-08-21,1.6,0.0,13.08,80.27,Normal,-0.29626349761469334,East coast,1.6,0.11242146722972393,0.03741254984401168,0.8248720152751753,0.013031797848494269,0.8248720152751753,0.00019306235068947779,0.0
dehradun,2026-08-21,4.6,27.5179443359375,30.32,78.03,Normal,-0.29626349761469334,Hill / Himalayan orographic,4.6,1.9067900180816646,2.1981595965794147,5.602516437563009,4.229165594649404,5.602516437563009,0.00034257695051364846,0.0
delhi,2026-08-21,4.7,3.279123544692993,28.61,77.21,Normal,-0.29626349761469334,Inland,4.7,2.02245614528656,2.265176286697388,2.130284470816106,1.4234488633044982,2.130284470816106,0.0003921349496091166,0.0
gangtok,2026-08-21,3.7,35.929874420166016,27.33,88.61,Normal,-0.29626349761469334,Hill / Himalayan orographic,3.7,1.1966841220855713,1.3985587581130094,11.699250221216603,11.544170988370192,11.699250221216603,0.0004055073331141047,0.0
guwahati,2026-08-21,2.6999999999999997,11.571256637573242,26.14,91.74,Normal,-0.29626349761469334,Inland,2.6999999999999997,0.6392482280731197,0.5938288593292229,1.540552602911297,0.39978325477218135,1.540552602911297,0.00015826264435841086,0.0
hyderabad,2026-08-21,1.3,0.15332891047000885,17.39,78.49,Normal,-0.29626349761469334,Inland,1.3,0.04507177852094174,0.012738957963883878,0.8842761026037788,0.004458481342913618,0.8842761026037788,0.0001586475217613137,0.0
jabalpur,2026-08-21,35.300000000000004,11.800731658935547,23.18,79.95,Normal,-0.29626349761469334,Inland,35.300000000000004,29.43290931901087,35.40001501603015,11.834069643585513,20.03973535996258,11.834069643585513,0.008051523982364587,0.0
jaipur,2026-08-21,2.1,0.04229104146361351,26.91,75.79,Normal,-0.29626349761469334,Inland,2.1,0.27848380237817777,0.2087139681882641,1.4671054486167634,0.309410257079252,1.4671054486167634,0.00016820840489142113,0.0
jodhpur,2026-08-21,0.0,0.0,26.24,73.02,Normal,-0.29626349761469334,Inland,0.0,0.0,0.0,0.02922852692985021,0.0,0.02922852692985021,0.00012861924013689603,0.0
kochi,2026-08-21,2.8,0.20088456571102142,9.93,76.27,Normal,-0.29626349761469334,West-coast orographic,2.8,0.6855365073680876,0.6460445117950441,3.933871926323565,2.743430797478595,3.933871926323565,0.00036225281587449245,0.0
kolkata,2026-08-21,2.1,0.003924792632460594,22.57,88.36,Normal,-0.29626349761469334,East coast,2.1,0.27848380237817777,0.08363022983074188,0.8954066814379581,0.04551731147714607,0.8954066814379581,0.00016585580375207538,0.0
lucknow,2026-08-21,1.8,0.0,26.85,80.95,Normal,-0.29626349761469334,Inland,1.8,0.1440321040153509,0.12640632987022404,1.2469777174677186,0.150377490859139,1.2469777174677186,0.00010326915198610852,0.0
madurai,2026-08-21,1.8,3.360325574874878,9.93,78.12,Normal,-0.29626349761469334,Inland,1.8,0.1440321040153509,0.12640632987022404,0.8461285104111995,0.0,0.8461285104111995,0.00016261356828211644,0.0
mangaluru,2026-08-21,21.3,0.32751092314720154,12.91,74.86,Normal,-0.29626349761469334,West-coast orographic,21.3,17.23418921788533,10.155858376446893,14.280548695871973,16.581153416082714,14.280548695871973,0.0011316363675660645,0.0
mumbai,2026-08-21,3.8000000000000003,0.584871232509613,19.08,72.88,Normal,-0.29626349761469334,West-coast orographic,3.8000000000000003,1.2604758620262146,1.20550016283989,7.5610271219117955,6.771407500146722,7.5610271219117955,0.0011555320874441645,0.0
nagpur,2026-08-21,1.4,0.08239541202783585,21.15,79.09,Normal,-0.29626349761469334,Inland,1.4,0.0659728415310384,0.038184219449758465,0.8315890300166434,0.0,0.8315890300166434,0.00014247187436301566,0.0
panaji,2026-08-21,6.4,12.685476303100586,15.49,73.83,Normal,-0.29626349761469334,West-coast orographic,6.4,3.3993378591537455,3.390100080186475,5.145417477939459,4.161433453329748,5.145417477939459,0.0002627387636129679,0.0
patna,2026-08-21,2.6,0.0,25.59,85.14,Normal,-0.29626349761469334,Inland,2.6,0.5299251341819763,0.49282800436019725,0.7912281740106798,0.0,0.7912281740106798,0.00018504290493910237,0.0
pune,2026-08-21,4.7,1.793426513671875,18.52,73.86,Normal,-0.29626349761469334,Inland,4.7,2.02245614528656,2.265176286697388,1.7126855365827365,0.6388932612349832,1.7126855365827365,0.0001523199924250222,0.0
raipur,2026-08-21,3.2,2.3086674213409424,21.25,81.63,Normal,-0.29626349761469334,Inland,3.2,0.9641837167739868,0.8596401800049621,1.836346743084005,0.8100226021970653,1.836346743084005,0.00021705502122787993,0.0
ranchi,2026-08-21,2.3,0.0,23.34,85.31,Normal,-0.29626349761469334,Inland,2.3,0.39269918203353865,0.36924226641654956,6.161104018197208,9.418659951248593,6.161104018197208,0.00028916976444402466,0.0
shillong,2026-08-21,6.0,8.155705451965332,25.58,91.89,Normal,-0.29626349761469334,Hill / Himalayan orographic,6.0,3.030751915772755,2.994844704541294,3.7830402174229953,2.3460992280372848,3.7830402174229953,0.0003016504196056311,0.0
shimla,2026-08-21,4.1,4.018665790557861,31.1,77.17,Normal,-0.29626349761469334,Hill / Himalayan orographic,4.1,1.4733160066604614,1.726596627235411,4.653743959133243,2.9124950047964795,4.653743959133243,0.0003469161529837818,0.0
srinagar,2026-08-21,2.7,0.0,34.08,74.8,Normal,-0.29626349761469334,Hill / Himalayan orographic,2.7,0.6392482280731201,1.111267056465149,0.6319036557595152,0.0,0.6319036557595152,0.0017459158005075667,0.0
surat,2026-08-21,2.1,0.0,21.17,72.83,Normal,-0.29626349761469334,West-coast orographic,2.1,0.27848380237817777,0.18075094224290644,1.7749995272446997,0.7933661603998824,1.7749995272446997,0.00031317877725176843,0.0
thiruvananthapuram,2026-08-21,13.4,0.0,8.52,76.94,Normal,-0.29626349761469334,West-coast orographic,13.4,10.005814294815064,6.614163093566901,0.28139838822933433,0.0,0.28139838822933433,0.0019018333795086093,0.0
varanasi,2026-08-21,5.3,0.10971397906541824,25.32,82.97,Normal,-0.29626349761469334,Inland,5.3,2.558926517963409,2.8432921594502925,0.5899284736718352,0.0,0.5899284736718352,0.00012289112211106025,0.0
vijayawada,2026-08-21,1.8,1.659623146057129,16.51,80.65,Normal,-0.29626349761469334,Inland,1.8,0.1440321040153509,0.12640632987022404,2.4214884888575385,1.967848416128444,2.4214884888575385,0.00016983763395756255,0.0
visakhapatnam,2026-08-21,4.0,0.0,17.69,83.22,Normal,-0.29626349761469334,East coast,4.0,1.3987918043136598,0.6217840331792832,1.4706253914649328,0.4592171874045381,1.4706253914649328,0.000458380085148604,0.0
agartala,2026-08-22,0.6,36.232147216796875,23.83,91.29,Normal,-0.7057528251088658,Inland,0.6,0.0,0.0,1.262213573429601,0.15775760573056974,1.262213573429601,9.232056022551599e-05,0.0
ahmedabad,2026-08-22,0.8,1.0648819208145142,23.02,72.57,Normal,-0.7057528251088658,Inland,0.8,0.0,0.0,0.025839975040330743,0.0,0.025839975040330743,0.00013838530726336155,0.0
amritsar,2026-08-22,3.7,22.94359588623047,31.63,74.87,Normal,-0.7057528251088658,Inland,3.7,1.1966841220855713,1.2583426952362062,1.5149597979719658,0.37339662889288333,1.5149597979719658,0.0016671777140691863,0.0
bengaluru,2026-08-22,1.4,0.6483606100082397,12.97,77.59,Normal,-0.7057528251088658,Inland,1.4,0.0659728415310384,0.038184219449758465,0.6860528635401156,0.0,0.6860528635401156,0.00012912540462003163,0.0
bhopal,2026-08-22,13.799999999999999,0.8030700087547302,23.26,77.41,Normal,-0.7057528251088658,Inland,13.799999999999999,10.505543580055235,11.713084052403767,6.6152187238796,10.786159120305605,6.6152187238796,0.000981334910095262,0.0
bhubaneswar,2026-08-22,6.8999999999999995,2.970174789428711,20.3,85.82,Normal,-0.7057528251088658,East coast,6.8999999999999995,4.038790833416858,1.7937485854209405,3.363048636377517,3.2899644503673593,3.363048636377517,0.000606993448161929,0.0
chandigarh,2026-08-22,3.3,0.0,30.73,76.78,Normal,-0.7057528251088658,Inland,3.3,1.0045997152480473,0.9639087772369385,1.7428484469275631,0.6821155838337143,1.7428484469275631,0.0002885617889973907,0.0
chennai,2026-08-22,0.8,3.1848647594451904,13.08,80.27,Normal,-0.7057528251088658,East coast,0.8,0.0,0.0,0.9510308181463455,0.0722921452830031,0.9510308181463455,0.00019132715263891646,0.0
dehradun,2026-08-22,55.3,0.0,30.32,78.03,Normal,-0.7057528251088658,Hill / Himalayan orographic,55.3,43.303628002746876,45.63684371083219,21.254961155990355,35.33839612087781,21.254961155990355,0.05942802824227103,0.0
delhi,2026-08-22,5.6,9.455474853515625,28.61,77.21,Normal,-0.7057528251088658,Inland,5.6,2.73390449643135,3.3023639678955057,2.065524478357933,1.254036904365817,2.065524478357933,0.00019444939301843057,0.0
gangtok,2026-08-22,15.1,0.042641911655664444,27.33,88.61,Normal,-0.7057528251088658,Hill / Himalayan orographic,15.1,11.673037467002871,15.610163852267796,10.79151380367856,10.350821789443167,10.79151380367856,0.0009209730281671441,0.0
guwahati,2026-08-22,1.2,2.6561195850372314,26.14,91.74,Normal,-0.7057528251088658,Inland,1.2,0.0004056578013115011,0.0,1.0015969840998076,0.047253182957886664,1.0015969840998076,9.175631862550324e-05,0.0
hyderabad,2026-08-22,0.0,0.2953509986400604,17.39,78.49,Normal,-0.7057528251088658,Inland,0.0,0.0,0.0,0.23044611862501677,0.0,0.23044611862501677,0.00010316368125495764,0.0
jabalpur,2026-08-22,36.5,73.61593627929688,23.18,79.95,Normal,-0.7057528251088658,Inland,36.5,30.79350336743852,36.53773590124254,14.755104036121509,24.6174528176781,14.755104036121509,0.021917220444051706,0.0
jaipur,2026-08-22,1.1,0.0,26.91,75.79,Normal,-0.7057528251088658,Inland,1.1,0.0,0.0,0.3896769812566166,0.0,0.3896769812566166,9.077719636268913e-05,0.0
jodhpur,2026-08-22,0.0,0.0,26.24,73.02,Normal,-0.7057528251088658,Inland,0.0,0.0,0.0,0.01412077095682536,0.0,0.01412077095682536,8.947523289157502e-05,0.0
kochi,2026-08-22,0.8999999999999999,11.315098762512207,9.93,76.27,Normal,-0.7057528251088658,West-coast orographic,0.8999999999999999,0.0,0.0,0.8586256350980426,0.09781504199773308,0.8586256350980426,0.00016613222386682377,0.0
kolkata,2026-08-22,0.8,0.005965556018054485,22.57,88.36,Normal,-0.7057528251088658,East coast,0.8,0.0,0.0,0.5296876245561354,0.0,0.5296876245561354,0.00014748035731478653,0.0
lucknow,2026-08-22,4.8,33.69319534301758,26.85,80.95,Normal,-0.7057528251088658,Inland,4.8,2.1404822087287902,2.359564189910888,1.7879870573630956,0.7389774478575245,1.7879870573630956,0.00011243253316818566,0.0
madurai,2026-08-22,0.6000000000000001,0.0,9.93,78.12,Normal,-0.7057528251088658,Inland,0.6000000000000001,0.0,0.0,0.24648169046852855,0.0,0.24648169046852855,0.00012335761534494816,0.0
mangaluru,2026-08-22,13.0,9.933241844177246,12.91,74.86,Normal,-0.7057528251088658,West-coast orographic,13.0,9.527125719070439,6.48935230421708,14.8465681259851,17.188700251834252,14.8465681259851,0.001756430121884529,0.0
mumbai,2026-08-22,9.8,2.904527425765991,19.08,72.88,Normal,-0.7057528251088658,West-coast orographic,9.8,6.97928286552429,5.261062231063846,11.288602503808336,12.112154240616421,11.288602503808336,0.001706850475533965,0.0
nagpur,2026-08-22,4.9,3.1534650325775146,21.15,79.09,Normal,-0.7057528251088658,Inland,4.9,2.2585082721710212,2.483543582715488,2.013540776546385,1.1427308788996349,2.013540776546385,0.0001360220739915233,0.0
panaji,2026-08-22,14.3,20.74782943725586,15.49,73.83,Normal,-0.7057528251088658,West-coast orographic,14.3,11.079468932151796,7.414304021226827,12.151471619507161,12.945625632427854,12.151471619507161,0.0012366296757036859,0.0
patna,2026-08-22,0.9,0.0,25.59,85.14,Normal,-0.7057528251088658,Inland,0.9,0.0,0.0,0.3566768410059016,0.0,0.3566768410059016,7.630949860405521e-05,0.0
pune,2026-08-22,11.2,0.6902825236320496,18.52,73.86,Normal,-0.7057528251088658,Inland,11.2,8.089991102218628,8.61288183689118,4.3907357032526155,5.950872434549083,4.3907357032526155,0.000202189312964949,0.0
raipur,2026-08-22,5.8,0.6901991963386536,21.25,81.63,Normal,-0.7057528251088658,Inland,5.8,2.8316999077796936,3.5051126289367667,2.169283872667397,1.485456508945682,2.169283872667397,0.0001257630490418414,0.0
ranchi,2026-08-22,2.3,0.1587800532579422,23.34,85.31,Normal,-0.7057528251088658,Inland,2.3,0.39269918203353865,0.36924226641654956,3.9825926744164066,5.249568021690252,3.9825926744164066,0.00022922185640378444,0.0
shillong,2026-08-22,3.1,8.333904266357422,25.58,91.89,Normal,-0.7057528251088658,Hill / Himalayan orographic,3.1,0.9030537927150726,1.2047448033617256,2.8665891056483765,1.2701669792688293,2.8665891056483765,0.00043834972561996146,0.0
shimla,2026-08-22,1.7000000000000002,4.2001824378967285,31.1,77.17,Normal,-0.7057528251088658,Hill / Himalayan orographic,1.7000000000000002,0.12822678562253745,0.40844968914985674,1.9011023141977705,0.3970146799395982,1.9011023141977705,0.00013682837889464398,0.0
srinagar,2026-08-22,9.5,0.08753356337547302,34.08,74.8,Normal,-0.7057528251088658,Hill / Himalayan orographic,9.5,6.536249256134033,6.53430951436361,1.3137473409049227,0.14631291930542226,1.3137473409049227,0.00026611216392955536,0.0
surat,2026-08-22,4.3,5.841127872467041,21.17,72.83,Normal,-0.7057528251088658,West-coast orographic,4.3,1.6002086022990907,1.7019399771551855,3.6454749236185435,2.566341398513027,3.6454749236185435,0.0012160658542983247,0.0
thiruvananthapuram,2026-08-22,1.4,0.0,8.52,76.94,Normal,-0.7057528251088658,West-coast orographic,1.4,0.0659728415310384,0.0,0.10161186312711887,0.0,0.10161186312711887,0.00016050205927637605,0.0
varanasi,2026-08-22,1.9,0.0,25.32,82.97,Normal,-0.7057528251088658,Inland,1.9,0.19160199165344238,0.1525526493787765,1.156076403008178,0.1174570511837087,1.156076403008178,8.325719171768085e-05,0.0
vijayawada,2026-08-22,0.1,0.1774463653564453,16.51,80.65,Normal,-0.7057528251088658,Inland,0.1,0.0,0.0,0.4449176544028787,0.0,0.4449176544028787,0.00011602222431526518,0.0
visakhapatnam,2026-08-22,6.6,1.2874823808670044,17.69,83.22,Normal,-0.7057528251088658,East coast,6.6,3.6561144272486326,1.6877085703069516,2.63561344913451,1.8886211210434285,2.63561344913451,0.0009064615447100526,0.0
agartala,2026-08-23,1.8,19.81180191040039,23.83,91.29,Normal,-1.4302750101994133,Inland,1.8,0.1440321040153509,0.12640632987022404,5.898200950150443,8.912449109027088,5.898200950150443,0.00013967228806137353,0.0
ahmedabad,2026-08-23,0.1,0.0,23.02,72.57,Normal,-1.4302750101994133,Inland,0.1,0.0,0.0,0.0,0.0,0.0,0.0001331752635875559,0.0
amritsar,2026-08-23,2.7,0.0,31.63,74.87,Normal,-1.4302750101994133,Inland,2.7,0.6392482280731201,0.5938288593292234,0.5269430228678356,0.0,0.5269430228678356,0.0013467104961749979,0.0
bengaluru,2026-08-23,4.6,0.6653746962547302,12.97,77.59,Normal,-1.4302750101994133,Inland,4.6,1.9067900180816646,2.1707883834838855,0.6488808309878015,0.0,0.6488808309878015,0.00022505320418341092,0.0
bhopal,2026-08-23,7.8,2.000093460083008,23.26,77.41,Normal,-1.4302750101994133,Inland,7.8,4.875463800822217,5.588836512565612,1.7578491944142907,0.702160938151703,1.7578491944142907,0.0002599191758789104,0.0
bhubaneswar,2026-08-23,11.1,0.22499927878379822,20.3,85.82,Normal,-1.4302750101994133,East coast,11.1,8.01106112798055,6.669220294952393,4.316030178925421,4.876484444850732,4.316030178925421,0.0007230475786628754,0.0
chandigarh,2026-08-23,0.7000000000000001,10.183340072631836,30.73,76.78,Normal,-1.4302750101994133,Inland,0.7000000000000001,0.0,0.0,0.3311987409905148,0.0,0.3311987409905148,0.00011241037654224698,0.0
chennai,2026-08-23,0.6,0.09842869639396667,13.08,80.27,Normal,-1.4302750101994133,East coast,0.6,0.0,0.0,0.7234322472466156,0.001463012864599469,0.7234322472466156,0.00021181536494203432,0.0
dehradun,2026-08-23,5.5,4.823648452758789,30.32,78.03,Normal,-1.4302750101994133,Hill / Himalayan orographic,5.5,2.6850067907571784,2.7697312894074813,3.064279587352019,1.4646921164783255,3.064279587352019,0.00027877236011671314,0.0
delhi,2026-08-23,10.4,3.3160207271575928,28.61,77.21,Normal,-1.4302750101994133,Inland,10.4,7.4872983551025385,8.016324397495817,3.2393866373560796,3.8567028414460816,3.2393866373560796,0.00031331594806836697,0.0
gangtok,2026-08-23,11.4,39.862178802490234,27.33,88.61,Normal,-1.4302750101994133,Hill / Himalayan orographic,11.4,8.247851050694784,8.837755493064982,15.020804201455661,21.78823785025173,15.020804201455661,0.0011115127124703323,0.0
guwahati,2026-08-23,5.0,5.578455924987793,26.14,91.74,Normal,-1.4302750101994133,Inland,5.0,2.3329201650619513,2.581666570780229,3.85184884620344,4.929742689800105,3.85184884620344,0.00023973373005463817,0.0
hyderabad,2026-08-23,1.5,12.693389892578125,17.39,78.49,Normal,-1.4302750101994133,Inland,1.5,0.08595125377178192,0.05311505720019341,0.8951892852796667,0.006817640353854829,0.8951892852796667,0.00011368240206246519,0.0
jabalpur,2026-08-23,42.8,28.045974731445312,23.18,79.95,Normal,-1.4302750101994133,Inland,42.8,36.03921967148586,42.53260193524973,4.910081242997753,7.12831270049667,4.910081242997753,0.012932294706971575,0.0
jaipur,2026-08-23,0.30000000000000004,0.0,26.91,75.79,Normal,-1.4302750101994133,Inland,0.30000000000000004,0.0,0.0,0.1631493812152613,0.0,0.1631493812152613,9.306499045094492e-05,0.0
jodhpur,2026-08-23,0.0,0.0,26.24,73.02,Normal,-1.4302750101994133,Inland,0.0,0.0,0.0,0.0,0.0,0.0,9.173021751669453e-05,0.0
kochi,2026-08-23,7.0,25.406570434570312,9.93,76.27,Normal,-1.4302750101994133,West-coast orographic,7.0,4.1363988080300516,3.650826895568403,5.2016564814487944,4.227664356919079,5.2016564814487944,0.0006342021834104199,0.0
kolkata,2026-08-23,1.0,0.01514071598649025,22.57,88.36,Normal,-1.4302750101994133,East coast,1.0,0.0,0.0,1.0414787799689638,0.08347783225810647,1.0414787799689638,0.00017718490194338997,0.0
lucknow,2026-08-23,8.8,4.36065673828125,26.85,80.95,Normal,-1.4302750101994133,Inland,8.8,5.641147117614749,6.567336171468101,3.612000898524249,4.599638880036464,3.612000898524249,0.0002162397771653879,0.0
madurai,2026-08-23,3.3,0.0,9.93,78.12,Normal,-1.4302750101994133,Inland,3.3,1.0045997152480473,0.9639087772369385,0.6320350009827214,0.0,0.6320350009827214,0.0002975638448062311,0.0
mangaluru,2026-08-23,20.5,9.577320098876953,12.91,74.86,Normal,-1.4302750101994133,West-coast orographic,20.5,16.496940230808768,9.80124952492719,11.771370329995452,12.534460412773976,11.771370329995452,0.0013338419414975497,0.0
mumbai,2026-08-23,8.7,19.558271408081055,19.08,72.88,Normal,-1.4302750101994133,West-coast orographic,8.7,5.561300318241122,4.49768331501935,5.399073247719797,4.527160147241887,5.399073247719797,0.0014803959690346301,0.0
nagpur,2026-08-23,30.2,2.3063361644744873,21.15,79.09,Normal,-1.4302750101994133,Inland,30.2,25.58619528369339,29.952450276559183,8.57659422434559,13.952970766014449,8.57659422434559,0.008422404543089285,0.0
panaji,2026-08-23,47.6,5.2348246574401855,15.49,73.83,Normal,-1.4302750101994133,West-coast orographic,47.6,38.48424310999119,22.32650420963245,6.64891480186176,5.750315368567521,6.64891480186176,0.020713654916919958,0.0
patna,2026-08-23,2.4,0.517924427986145,25.59,85.14,Normal,-1.4302750101994133,Inland,2.4,0.4637256601452824,0.4005385565757751,2.654360658584548,2.4919200801768135,2.654360658584548,0.00030122038340587567,0.0
pune,2026-08-23,13.8,1.836872935295105,18.52,73.86,Normal,-1.4302750101994133,Inland,13.8,10.505543580055239,11.713084052403769,2.5096357999450003,2.23970801057785,2.5096357999450003,0.00034115816879592926,0.0
raipur,2026-08-23,18.2,5.125238418579102,21.25,81.63,Normal,-1.4302750101994133,Inland,18.2,14.660160546231175,16.393542993409284,4.102686419015906,5.523493055941635,4.102686419015906,0.00034464592185798977,0.0
ranchi,2026-08-23,0.5,2.3046457767486572,23.34,85.31,Normal,-1.4302750101994133,Inland,0.5,0.0,0.0,1.247448201953849,0.1505442331397476,1.247448201953849,0.00010728069157093977,0.0
shillong,2026-08-23,19.9,1.934126377105713,25.58,91.89,Normal,-1.4302750101994133,Hill / Himalayan orographic,19.9,16.040478893493514,21.802891514219084,7.099960712249163,5.78739824967542,7.099960712249163,0.0012209354524356998,0.0
shimla,2026-08-23,4.9,4.200124740600586,31.1,77.17,Normal,-1.4302750101994133,Hill / Himalayan orographic,4.9,2.2585082721710212,2.5308027489980067,1.1455252579486461,0.06644855143201954,1.1455252579486461,0.00027537153293063127,0.0
srinagar,2026-08-23,0.0,9.12344741821289,34.08,74.8,Normal,-1.4302750101994133,Hill / Himalayan orographic,0.0,0.0,0.0,0.0006968433269965731,0.0,0.0006968433269965731,0.0001661297111134356,0.0
surat,2026-08-23,3.0,3.7011165618896484,21.17,72.83,Normal,-1.4302750101994133,West-coast orographic,3.0,0.8419238686561584,0.8459447276592259,2.0028655725137368,0.892746356729874,2.0028655725137368,0.0031258651155970656,0.0
thiruvananthapuram,2026-08-23,2.1,1.832369327545166,8.52,76.94,Normal,-1.4302750101994133,West-coast orographic,2.1,0.27848380237817777,0.18075094224290644,0.23421465765800356,0.0,0.23421465765800356,0.00015832754811734274,0.0
varanasi,2026-08-23,26.8,0.0,25.32,82.97,Normal,-1.4302750101994133,Inland,26.8,22.59284577306942,25.876268563846686,3.8072977227180314,4.865129343959112,3.8072977227180314,0.0026529800647796167,0.0
vijayawada,2026-08-23,1.7,2.190359592437744,16.51,80.65,Normal,-1.4302750101994133,Inland,1.7,0.1282267856225374,0.10649259090423586,1.5133395826668923,0.37172615880567594,1.5133395826668923,0.0001182645685848124,0.0
visakhapatnam,2026-08-23,8.0,7.464624404907227,17.69,83.22,Normal,-1.4302750101994133,East coast,8.0,5.026932504653933,3.2188000493005324,2.546254749622139,1.7805669661176118,2.546254749622139,0.0008238176798803069,0.0
agartala,2026-08-24,2.8,31.685178756713867,23.83,91.29,Normal,-1.0333728393420452,Inland,2.8,0.6855365073680876,0.6937794089317317,6.517768296049037,10.549850589921741,6.517768296049037,0.00027145903756792115,0.0
ahmedabad,2026-08-24,0.1,0.11832021176815033,23.02,72.57,Normal,-1.0333728393420452,Inland,0.1,0.0,0.0,0.0,0.0,0.0,0.0001444097120312915,0.0
amritsar,2026-08-24,9.9,0.0,31.63,74.87,Normal,-1.0333728393420452,Inland,9.9,7.063952113787331,7.627780265808106,2.1093119216199137,1.368265594449266,2.1093119216199137,0.00028565222411343263,0.0
bengaluru,2026-08-24,2.7,11.966999053955078,12.97,77.59,Normal,-1.0333728393420452,Inland,2.7,0.6392482280731201,0.5938288593292234,1.1648242007677851,0.12082223673583378,1.1648242007677851,0.00025964501571155963,0.0
bhopal,2026-08-24,0.30000000000000004,16.49012565612793,23.26,77.41,Normal,-1.0333728393420452,Inland,0.30000000000000004,0.0,0.0,0.3110981806924698,0.0,0.3110981806924698,9.772147372321726e-05,0.0
bhubaneswar,2026-08-24,21.400000000000002,37.373497009277344,20.3,85.82,Normal,-1.0333728393420452,East coast,21.400000000000002,17.328642374674477,20.016034925907302,8.386975951810339,12.401658458705853,8.386975951810339,0.002532283004148541,0.0
chandigarh,2026-08-24,1.9000000000000001,2.2728188037872314,30.73,76.78,Normal,-1.0333728393420452,Inland,1.9000000000000001,0.19160199165344252,0.15255264937877655,1.3884738124157603,0.23710555983664872,1.3884738124157603,0.0001218933464655018,0.0
chennai,2026-08-24,4.6,11.478473663330078,13.08,80.27,Normal,-1.0333728393420452,East coast,4.6,1.9067900180816646,0.7640230435313603,1.5572272791978483,0.6980661112383414,1.5572272791978483,0.00036716027274369867,0.0
dehradun,2026-08-24,11.200000000000001,3.5340020656585693,30.32,78.03,Normal,-1.0333728393420452,Hill / Himalayan orographic,11.200000000000001,8.08999110221863,8.701764633498506,6.366593934600896,4.689141385204071,6.366593934600896,0.0009209767655975486,0.0
delhi,2026-08-24,4.6,0.17344485223293304,28.61,77.21,Normal,-1.0333728393420452,Inland,4.6,1.9067900180816646,2.1707883834838855,1.4175411699501728,0.2614439980272069,1.4175411699501728,0.00019165360263522093,0.0
gangtok,2026-08-24,8.5,0.21811328828334808,27.33,88.61,Normal,-1.0333728393420452,Hill / Himalayan orographic,8.5,5.401606719493869,5.0204782372090335,20.20420231793567,34.05028663374905,20.20420231793567,0.002769050713860325,0.0
guwahati,2026-08-24,6.9,12.472637176513672,26.14,91.74,Normal,-1.0333728393420452,Inland,6.9,4.038790833416859,4.6766753248734885,5.119035636145065,7.472229546758953,5.119035636145065,0.0005157136606305865,0.0
hyderabad,2026-08-24,26.400000000000002,11.065743446350098,17.39,78.49,Normal,-1.0333728393420452,Inland,26.400000000000002,22.185733879956754,25.39718535308053,10.35802171515924,17.915495311572833,10.35802171515924,0.006311570766075315,0.0
jabalpur,2026-08-24,14.2,0.0,23.18,79.95,Normal,-1.0333728393420452,Inland,14.2,11.00527286529541,11.966305170059204,4.949437438543931,7.204683610968012,4.949437438543931,0.0005245788186522964,0.0
jaipur,2026-08-24,0.0,0.0,26.91,75.79,Normal,-1.0333728393420452,Inland,0.0,0.0,0.0,0.12409202696380121,0.0,0.12409202696380121,0.00010091614305644654,0.0
jodhpur,2026-08-24,0.0,0.0,26.24,73.02,Normal,-1.0333728393420452,Inland,0.0,0.0,0.0,0.0049670783817895026,0.0,0.0049670783817895026,9.946877715389461e-05,0.0
kochi,2026-08-24,39.3,34.097232818603516,9.93,76.27,Normal,-1.0333728393420452,West-coast orographic,39.3,33.557502800418995,18.904762330753794,12.4468808048751,13.374368870752901,12.4468808048751,0.01037058657985978,0.0
kolkata,2026-08-24,8.4,0.11518840491771698,22.57,88.36,Normal,-1.0333728393420452,East coast,8.4,5.321759920120243,3.4088326362633516,5.613147781506238,7.519734948501852,5.613147781506238,0.0015410951567105418,0.0
lucknow,2026-08-24,3.1999999999999997,2.052156925201416,26.85,80.95,Normal,-1.0333728393420452,Inland,3.1999999999999997,0.9641837167739866,0.8596401800049617,1.2685056083321467,0.1613571258161572,1.2685056083321467,0.00015962855238689405,0.0
madurai,2026-08-24,3.7,0.0,9.93,78.12,Normal,-1.0333728393420452,Inland,3.7,1.1966841220855713,1.2583426952362062,1.0040839098646561,0.04834498956291598,1.0040839098646561,0.0002831220246947705,0.0
mangaluru,2026-08-24,79.2,22.807086944580078,12.91,74.86,Normal,-1.0333728393420452,West-coast orographic,79.2,62.69570786100508,46.5097716222895,19.26224424901655,19.71849627776698,19.26224424901655,0.022977746086772746,1.0
mumbai,2026-08-24,6.1000000000000005,1.6257685422897339,19.08,72.88,Normal,-1.0333728393420452,West-coast orographic,6.1000000000000005,3.130277919769286,3.261340544795432,4.650227329400374,3.6639050140703264,4.650227329400374,0.0012240965240980757,0.0
nagpur,2026-08-24,9.1,4.311720848083496,21.15,79.09,Normal,-1.0333728393420452,Inland,9.1,6.175859180450441,6.976832856353447,4.472383409919514,6.153389677252724,4.472383409919514,0.00026696712096777313,0.0
panaji,2026-08-24,29.4,19.884065628051758,15.49,73.83,Normal,-1.0333728393420452,West-coast orographic,29.4,24.91769353191571,15.554402425005884,13.014755140001458,15.256745655486851,13.014755140001458,0.017347593924137518,0.0
patna,2026-08-24,2.9000000000000004,0.0,25.59,85.14,Normal,-1.0333728393420452,Inland,2.9000000000000004,0.7318247866630557,0.7712749862670901,1.2151426750237238,0.13909497732922255,1.2151426750237238,0.00020103468782250902,0.0
pune,2026-08-24,6.0,0.5526770353317261,18.52,73.86,Normal,-1.0333728393420452,Inland,6.0,3.030751915772755,3.7078612899780277,1.3393252334921821,0.20424317816920157,1.3393252334921821,0.00010996765377410514,0.0
raipur,2026-08-24,18.9,20.628786087036133,21.25,81.63,Normal,-1.0333728393420452,Inland,18.9,15.259119555441814,17.175222848166868,5.492109651130612,8.082779624152435,5.492109651130612,0.00033925248823823094,0.0
ranchi,2026-08-24,7.2,20.44133186340332,23.34,85.31,Normal,-1.0333728393420452,Inland,7.2,4.2969215763501865,4.910887352792839,4.948555232000622,7.202971684395811,4.948555232000622,0.00029172809874177956,0.0
shillong,2026-08-24,1.7,9.218661308288574,25.58,91.89,Normal,-1.0333728393420452,Hill / Himalayan orographic,1.7,0.1282267856225374,0.40844968914985663,5.2895635552838645,3.985256931555482,5.2895635552838645,0.0004171473819432401,0.0
shimla,2026-08-24,5.8999999999999995,1.4656593799591064,31.1,77.17,Normal,-1.0333728393420452,Hill / Himalayan orographic,5.8999999999999995,2.931225911776224,2.8986088483983816,2.1467281111073375,0.5875899714924471,2.1467281111073375,0.0004900961737649541,0.0
srinagar,2026-08-24,0.0,0.0,34.08,74.8,Normal,-1.0333728393420452,Hill / Himalayan orographic,0.0,0.0,0.0,0.0004968052894302518,0.0,0.0004968052894302518,0.00021137496443221162,0.0
surat,2026-08-24,1.2,0.5841127634048462,21.17,72.83,Normal,-1.0333728393420452,West-coast orographic,1.2,0.0004056578013115011,0.0,0.3111557317776416,0.0,0.3111557317776416,0.0002571757713625379,0.0
thiruvananthapuram,2026-08-24,11.2,10.84518051147461,8.52,76.94,Normal,-1.0333728393420452,West-coast orographic,11.2,8.089991102218628,5.797292363902794,0.7935717711655247,0.062345255013614403,0.7935717711655247,0.00047927291205192177,0.0
varanasi,2026-08-24,10.1,1.2412725687026978,25.32,82.97,Normal,-1.0333728393420452,Inland,10.1,7.233290610313413,7.798418769836426,2.9570197587209197,3.095553748155692,2.9570197587209197,0.0002456101169043712,0.0
vijayawada,2026-08-24,14.4,9.328572273254395,16.51,80.65,Normal,-1.0333728393420452,Inland,14.4,11.15366499900818,12.092915728886924,7.385581582295779,12.315216945110175,7.385581582295779,0.0007924149624217302,0.0
visakhapatnam,2026-08-24,31.9,1.6866148710250854,17.69,83.22,Normal,-1.0333728393420452,East coast,31.9,26.698089686838223,35.52600858657146,19.03195497280738,29.70100874325738,19.03195497280738,0.19263729260360157,0.0
agartala,2026-08-25,4.4,2.1385304927825928,23.83,91.29,Normal,-0.07633188962923886,Inland,4.4,1.685832695711671,1.8262204504013064,7.410670382411119,12.360742082630244,7.410670382411119,0.0001137591539927401,0.0
ahmedabad,2026-08-25,0.0,0.0,23.02,72.57,Normal,-0.07633188962923886,Inland,0.0,0.0,0.0,0.0,0.0,0.0,0.00019502452072978904,0.0
amritsar,2026-08-25,0.0,0.0,31.63,74.87,Normal,-0.07633188962923886,Inland,0.0,0.0,0.0,0.6586185181321069,0.0,0.6586185181321069,0.0004020804357098066,0.0
bengaluru,2026-08-25,10.700000000000001,4.936269283294678,12.97,77.59,Normal,-0.07633188962923886,Inland,10.700000000000001,7.706840049743652,8.21520396096366,3.3557254598221866,4.2108604738655915,3.3557254598221866,0.0005514899108735485,0.0
bhopal,2026-08-25,17.4,17.480998992919922,23.26,77.41,Normal,-0.07633188962923886,Inland,17.4,13.902014026673159,15.326097374643595,7.743646894972799,12.964948001432036,7.743646894972799,0.001134442359017377,0.0
bhubaneswar,2026-08-25,12.799999999999999,9.592655181884766,20.3,85.82,Normal,-0.07633188962923886,East coast,12.799999999999999,9.315496613638745,9.655532221847704,5.776769521976906,7.571324760248478,5.776769521976906,0.0032362393418995114,0.0
chandigarh,2026-08-25,0.0,0.0,30.73,76.78,Normal,-0.07633188962923886,Inland,0.0,0.0,0.0,1.503983066843398,0.3597574020550997,1.503983066843398,0.00024085168294722047,0.0
chennai,2026-08-25,9.8,17.022735595703125,13.08,80.27,Normal,-0.07633188962923886,East coast,9.8,6.97928286552429,5.0418647179878855,2.6001509712399593,1.8502634655612706,2.6001509712399593,0.0007344888942919496,0.0
dehradun,2026-08-25,7.2,3.584918260574341,30.32,78.03,Normal,-0.07633188962923886,Hill / Himalayan orographic,7.2,4.2969215763501865,4.074238632036293,8.666720086798918,7.283890490662771,8.666720086798918,0.00042563886788312566,0.0
delhi,2026-08-25,1.9,29.08436393737793,28.61,77.21,Normal,-0.07633188962923886,Inland,1.9,0.19160199165344238,0.1525526493787765,1.7227298839001874,0.6532864353380593,1.7227298839001874,0.00023249874832888539,0.0
gangtok,2026-08-25,15.700000000000001,2.5516715049743652,27.33,88.61,Normal,-0.07633188962923886,Hill / Himalayan orographic,15.700000000000001,12.329370909929283,16.931337356567386,11.359300046980872,10.926413476813728,11.359300046980872,0.0005743115950853819,0.0
guwahati,2026-08-25,9.0,1.933517336845398,26.14,91.74,Normal,-0.07633188962923886,Inland,9.0,6.085761661529544,6.881485252380372,3.53616039197609,4.502060780532187,3.53616039197609,0.00015683511790347577,0.0
hyderabad,2026-08-25,6.7,9.029736518859863,17.39,78.49,Normal,-0.07633188962923886,Inland,6.7,3.7845027112960774,4.533787307739258,2.0773235186410233,1.2840972549059702,2.0773235186410233,0.00043836948344702723,0.0
jabalpur,2026-08-25,62.3,20.49763298034668,23.18,79.95,Normal,-0.07633188962923886,Inland,62.3,49.161125278303324,58.274508281991345,17.672111065180967,28.72317269091747,17.672111065180967,0.012274725563954893,0.0
jaipur,2026-08-25,4.1000000000000005,15.749846458435059,26.91,75.79,Normal,-0.07633188962923886,Inland,4.1000000000000005,1.473316006660462,1.5516143321990974,1.7947746122585693,0.7472691466124262,1.7947746122585693,0.00021896177788725956,0.0
jodhpur,2026-08-25,0.0,0.0,26.24,73.02,Normal,-0.07633188962923886,Inland,0.0,0.0,0.0,0.022442039822055077,0.0,0.022442039822055077,0.00012861924013689603,0.0
kochi,2026-08-25,79.2,70.8659896850586,9.93,76.27,Normal,-0.07633188962923886,West-coast orographic,79.2,62.69570786100508,46.5097716222895,8.457261687683873,7.6661665746641665,8.457261687683873,0.010136355799527914,1.0
kolkata,2026-08-25,6.8,14.0752534866333,22.57,88.36,Normal,-0.07633188962923886,East coast,6.8,3.911646772356468,1.7387283178927402,1.6471101540405597,0.8821303634431585,1.6471101540405597,0.0006816765358326945,0.0
lucknow,2026-08-25,9.7,2.617912769317627,26.85,80.95,Normal,-0.07633188962923886,Inland,9.7,6.8316049957275355,7.472065632951024,4.4350909145707975,6.029310029081705,4.4350909145707975,0.00015728506790437926,0.0
madurai,2026-08-25,4.6,0.0,9.93,78.12,Normal,-0.07633188962923886,Inland,4.6,1.9067900180816646,2.1707883834838855,0.9799672444069822,0.03776024872282919,0.9799672444069822,0.0002082305649297172,0.0
mangaluru,2026-08-25,106.9,42.088836669921875,12.91,74.86,Normal,-0.07633188962923886,West-coast orographic,106.9,79.35908397814278,61.146382520985284,15.660178387709147,17.918518964846108,15.660178387709147,0.0612644369344795,1.0
mumbai,2026-08-25,4.0,1.956844687461853,19.08,72.88,Normal,-0.07633188962923886,West-coast orographic,4.0,1.3987918043136598,1.335856969955579,6.8479373540056585,5.991669227570351,6.8479373540056585,0.0011555320874441645,0.0
nagpur,2026-08-25,7.0,2.057448387145996,21.15,79.09,Normal,-0.07633188962923886,Inland,7.0,4.1363988080300516,4.753799334074319,3.504287408082828,4.455265870540061,3.504287408082828,0.00023166951561440793,0.0
panaji,2026-08-25,11.2,5.047617435455322,15.49,73.83,Normal,-0.07633188962923886,West-coast orographic,11.2,8.089991102218628,5.797292363902794,6.8982161998155505,6.046453538307985,6.8982161998155505,0.0003572716682610707,0.0
patna,2026-08-25,4.3,14.262490272521973,25.59,85.14,Normal,-0.07633188962923886,Inland,4.3,1.6002086022990907,1.6917608022689816,1.4702945343261475,0.3137641543283646,1.4702945343261475,0.0001214476539237679,0.0
pune,2026-08-25,3.3000000000000003,1.2809172868728638,18.52,73.86,Normal,-0.07633188962923886,Inland,3.3000000000000003,1.0045997152480473,0.9639087772369388,1.131800101497713,0.10811821398753207,1.131800101497713,0.0007975090516605527,0.0
raipur,2026-08-25,44.6,63.66008377075195,21.25,81.63,Normal,-0.07633188962923886,Inland,44.6,37.121463177029106,43.458749617880834,11.59114704355873,19.696225732309987,11.59114704355873,0.012122885273801379,0.0
ranchi,2026-08-25,8.1,12.20818042755127,23.34,85.31,Normal,-0.07633188962923886,Inland,8.1,5.10063935852051,5.880041851746411,5.495578051327277,8.088020946237686,5.495578051327277,0.0001621134858756218,0.0
shillong,2026-08-25,2.4000000000000004,17.977556228637695,25.58,91.89,Normal,-0.07633188962923886,Hill / Himalayan orographic,2.4000000000000004,0.46372566014528255,0.7747903246145986,2.4081445900042797,0.7126015713751119,2.4081445900042797,0.00034825238170201007,0.0
shimla,2026-08-25,0.0,0.0,31.1,77.17,Normal,-0.07633188962923886,Hill / Himalayan orographic,0.0,0.0,0.0,0.6180572639766864,0.0,0.6180572639766864,0.00021965162849712412,0.0
srinagar,2026-08-25,0.0,0.0,34.08,74.8,Normal,-0.07633188962923886,Hill / Himalayan orographic,0.0,0.0,0.0,0.0743980370085064,0.0,0.0743980370085064,0.0002334943456937169,0.0
surat,2026-08-25,0.5,0.0,21.17,72.83,Normal,-0.07633188962923886,West-coast orographic,0.5,0.0,0.0,0.2277988894023803,0.0,0.2277988894023803,0.00031317877725176843,0.0
thiruvananthapuram,2026-08-25,64.3,3.173044443130493,8.52,76.94,Normal,-0.07633188962923886,West-coast orographic,64.3,50.85804292698406,34.65082271654426,0.6400101084923987,0.0,0.6400101084923987,0.007136877458053654,0.0
varanasi,2026-08-25,8.1,81.4900894165039,25.32,82.97,Normal,-0.07633188962923886,Inland,8.1,5.10063935852051,5.880041851746411,1.9024153835321191,0.9108633064784231,1.9024153835321191,0.0001787518673432613,0.0
vijayawada,2026-08-25,2.4,0.15835613012313843,16.51,80.65,Normal,-0.07633188962923886,Inland,2.4,0.4637256601452824,0.4005385565757751,2.5634859932095972,2.3263939045974222,2.5634859932095972,0.000698350533236066,0.0
visakhapatnam,2026-08-25,13.1,0.22467496991157532,17.69,83.22,Normal,-0.07633188962923886,East coast,13.1,9.646797863006594,9.82415717051455,5.290123447548577,7.417885618880263,5.290123447548577,0.00421804103356636,0.0
agartala,2026-08-26,2.3,0.6207079887390137,23.83,91.29,Normal,0.9543344840296754,Inland,2.3,0.4269389057159417,0.3154123157262805,5.609717321036471,8.076707923352487,5.609717321036471,0.0005772221951579167,0.0
ahmedabad,2026-08-26,0.8,0.0,23.02,72.57,Normal,0.9543344840296754,Inland,0.8,0.0,0.0,0.4014912932262306,0.0,0.4014912932262306,0.00021179650413771252,0.0
amritsar,2026-08-26,0.0,0.0,31.63,74.87,Normal,0.9543344840296754,Inland,0.0,0.0,0.0,0.7910065665057832,0.0,0.7910065665057832,0.0002256577784823938,0.0
bengaluru,2026-08-26,8.3,0.32272782921791077,12.97,77.59,Normal,0.9543344840296754,Inland,8.3,5.105487600115021,5.983590477802716,2.916884601271607,2.6471657945895326,2.916884601271607,0.0012389209582909805,0.0
bhopal,2026-08-26,28.7,0.73932284116745,23.26,77.41,Normal,0.9543344840296754,Inland,28.7,23.777351567192497,29.45845544957408,16.820130579043894,27.83465584806854,16.820130579043894,0.04857650019063812,0.0
bhubaneswar,2026-08-26,7.1,5.078830242156982,20.3,85.82,Normal,0.9543344840296754,East coast,7.1,4.119606196785555,2.216624248595464,3.2407476436535516,3.148441004181867,3.2407476436535516,0.0020065439654666146,0.0
chandigarh,2026-08-26,0.0,34.755462646484375,30.73,76.78,Normal,0.9543344840296754,Inland,0.0,0.0,0.0,0.7477933059054395,0.0,0.7477933059054395,0.00018980263517133633,0.0
chennai,2026-08-26,4.7,3.335669755935669,13.08,80.27,Normal,0.9543344840296754,East coast,4.7,1.9056178748607646,0.8301241657008301,1.1466028246948254,0.19709193108705284,1.1466028246948254,0.0006213334092559273,0.0
dehradun,2026-08-26,19.5,2.27978253364563,30.32,78.03,Normal,0.9543344840296754,Hill / Himalayan orographic,19.5,15.894332542419447,21.36261537598267,9.231145475344213,7.896782421284216,9.231145475344213,0.010953590615536843,0.0
delhi,2026-08-26,8.2,9.559788703918457,28.61,77.21,Normal,0.9543344840296754,Inland,8.2,5.041575637976943,5.8846142292022705,3.7022121348470862,4.727285800768666,3.7022121348470862,0.0015662893119469008,0.0
gangtok,2026-08-26,3.7,15.741864204406738,27.33,88.61,Normal,0.9543344840296754,Hill / Himalayan orographic,3.7,1.123842425942421,1.4156383599175344,11.66833360777594,14.64130194115098,11.66833360777594,0.0005121456123824778,0.0
guwahati,2026-08-26,6.6,0.5690782070159912,26.14,91.74,Normal,0.9543344840296754,Inland,6.6,3.579522309303283,4.258055121103922,3.3541878745224545,3.805401286447915,3.3541878745224545,0.0002029371999506983,0.0
hyderabad,2026-08-26,0.2,1.9705606698989868,17.39,78.49,Normal,0.9543344840296754,Inland,0.2,0.0,0.0,0.356995341992332,0.0,0.356995341992332,0.00018723191328317817,0.0
jabalpur,2026-08-26,13.3,4.978047847747803,23.18,79.95,Normal,0.9543344840296754,Inland,13.3,9.867952294319291,11.39468198658091,5.181754555538478,7.354080854084235,5.181754555538478,0.008421930481199592,0.0
jaipur,2026-08-26,5.2,0.4967760145664215,26.91,75.79,Normal,0.9543344840296754,Inland,5.2,2.3913665596644096,2.5616168022155765,1.3014780046815344,0.21102049193921643,1.3014780046815344,0.00025298856846188287,0.0
jodhpur,2026-08-26,0.1,0.0,26.24,73.02,Normal,0.9543344840296754,Inland,0.1,0.0,0.0,0.06599666866851242,0.0,0.06599666866851242,0.00011302033306327162,0.0
kochi,2026-08-26,103.6,22.788419723510742,9.93,76.27,Normal,0.9543344840296754,West-coast orographic,103.6,81.18644570212244,56.938042428019635,21.429414198072312,23.607544534153995,21.429414198072312,0.07045428117693842,1.0
kolkata,2026-08-26,8.2,28.59681510925293,22.57,88.36,Normal,0.9543344840296754,East coast,8.2,5.041575637976943,3.2928005430820217,2.7045523751320943,2.1783114552369347,2.7045523751320943,0.001783033341712938,0.0
lucknow,2026-08-26,4.699999999999999,3.2158846855163574,26.85,80.95,Normal,0.9543344840296754,Inland,4.699999999999999,1.9056178748607635,2.0719432353973373,3.265136810203072,3.553815624100069,3.265136810203072,0.0002571347320034226,0.0
madurai,2026-08-26,4.9,0.0,9.93,78.12,Normal,0.9543344840296754,Inland,4.9,2.1347328519821183,2.270111365318299,1.5685150356474231,0.47875977712739876,1.5685150356474231,0.00034578412387713974,0.0
mangaluru,2026-08-26,77.3,12.06113052368164,12.91,74.86,Normal,0.9543344840296754,West-coast orographic,77.3,63.3143044376844,47.078532453172436,17.85497206423311,18.37441496887516,17.85497206423311,0.01955596937597078,1.0
mumbai,2026-08-26,4.7,0.0,19.08,72.88,Normal,0.9543344840296754,West-coast orographic,4.7,1.9056178748607646,2.045510907671343,4.823734354510606,3.843536238990043,4.823734354510606,0.001823109820563535,0.0
nagpur,2026-08-26,3.7,3.8687584400177,21.15,79.09,Normal,0.9543344840296754,Inland,3.7,1.123842425942421,1.1230759668350228,2.351117441690002,1.7395454136851254,2.351117441690002,0.000535376234692078,0.0
panaji,2026-08-26,10.8,9.85906982421875,15.49,73.83,Normal,0.9543344840296754,West-coast orographic,10.8,7.763897800445556,5.324398307700952,5.826992930712296,4.7978806661597835,5.826992930712296,0.005699785118545756,0.0
patna,2026-08-26,9.9,0.39855000376701355,25.59,85.14,Normal,0.9543344840296754,Inland,9.9,6.914361477222585,7.45795093536377,4.842866036943899,6.738450708852652,4.842866036943899,0.0005667220588340935,0.0
pune,2026-08-26,1.6,2.0962791442871094,18.52,73.86,Normal,0.9543344840296754,Inland,1.6,0.10477822542190533,0.06569639474153519,0.2835691265533732,0.0,0.2835691265533732,0.00014359057804963862,0.0
raipur,2026-08-26,6.3,2.4686670303344727,21.25,81.63,Normal,0.9543344840296754,Inland,6.3,3.233401686350504,3.9526271831332207,2.3852335130424227,1.79371761246893,2.3852335130424227,0.000494015423675499,0.0
ranchi,2026-08-26,8.2,0.519561767578125,23.34,85.31,Normal,0.9543344840296754,Inland,8.2,5.041575637976943,5.8846142292022705,3.7919217230303204,4.902275617141795,3.7919217230303204,0.0006506064318275472,0.0
shillong,2026-08-26,7.1,0.6469734311103821,25.58,91.89,Normal,0.9543344840296754,Hill / Himalayan orographic,7.1,4.119606196785555,4.10846142658571,3.219993946045315,1.5205058747337605,3.219993946045315,0.0009730675621952452,0.0
shimla,2026-08-26,1.0,9.294727325439453,31.1,77.17,Normal,0.9543344840296754,Hill / Himalayan orographic,1.0,0.0,0.025469287552616786,1.488860017785218,0.33964008329739664,1.488860017785218,0.0002780413008184535,0.0
srinagar,2026-08-26,0.0,0.0,34.08,74.8,Normal,0.9543344840296754,Hill / Himalayan orographic,0.0,0.0,0.0,0.008392627075015629,0.0,0.008392627075015629,0.00025373669286751197,0.0
surat,2026-08-26,0.30000000000000004,0.0,21.17,72.83,Normal,0.9543344840296754,West-coast orographic,0.30000000000000004,0.0,0.0,0.12132488460366016,0.0,0.12132488460366016,0.0005888341527413516,0.0
thiruvananthapuram,2026-08-26,52.3,24.151639938354492,8.52,76.94,Normal,0.9543344840296754,West-coast orographic,52.3,41.54303877090027,24.466638508995096,2.4388434407686335,1.1123061087688204,2.4388434407686335,0.0045975116919052695,0.0
varanasi,2026-08-26,10.8,102.40943145751953,25.32,82.97,Normal,0.9543344840296754,Inland,10.8,7.763897800445556,8.330738880851046,4.02835160597703,5.2962338451452515,4.02835160597703,0.0024569944904469783,0.0
vijayawada,2026-08-26,0.5,0.0,16.51,80.65,Normal,0.9543344840296754,Inland,0.5,0.0,0.0,0.6793275050252499,0.0,0.6793275050252499,0.0002567748289034555,0.0
visakhapatnam,2026-08-26,0.1,0.0,17.69,83.22,Normal,0.9543344840296754,East coast,0.1,0.0,0.0,0.0747351629928281,0.0,0.0747351629928281,0.00037297205819770686,0.0
agartala,2026-08-27,2.0,1.3148386478424072,23.83,91.29,Normal,0.7630868889778635,Inland,2.0,0.21384897828102117,0.18151724457740795,4.760828381009471,6.519701305941844,4.760828381009471,0.00014039079144145315,0.0
ahmedabad,2026-08-27,0.0,0.0,23.02,72.57,Normal,0.7630868889778635,Inland,0.0,0.0,0.0,0.0030655119157238678,0.0,0.0030655119157238678,0.00021179650413771252,0.0
amritsar,2026-08-27,0.0,0.0,31.63,74.87,Normal,0.7630868889778635,Inland,0.0,0.0,0.0,0.7910065665057832,0.0,0.7910065665057832,0.0002256577784823938,0.0
bengaluru,2026-08-27,1.4000000000000001,1.9042186737060547,12.97,77.59,Normal,0.7630868889778635,Inland,1.4000000000000001,0.05377458259463318,0.0322229371964932,0.5612332491393494,0.0,0.5612332491393494,0.00018855757826680188,0.0
bhopal,2026-08-27,20.1,6.412747383117676,23.26,77.41,Normal,0.7630868889778635,Inland,20.1,16.364687776565553,19.3196917782393,5.641391709420882,8.135235738830115,5.641391709420882,0.001983166363515135,0.0
bhubaneswar,2026-08-27,3.6,0.0,20.3,85.82,Normal,0.7630868889778635,East coast,3.6,1.0677116072177886,0.3919598042964935,1.4156865842968314,0.6931098404414596,1.4156865842968314,0.0008111870770692513,0.0
chandigarh,2026-08-27,2.2,0.15664547681808472,30.73,76.78,Normal,0.7630868889778635,Inland,2.2,0.32772440314292933,0.2643779838085175,2.954076025657522,2.695501779970669,2.954076025657522,0.00018980263517133633,0.0
chennai,2026-08-27,0.2,0.0,13.08,80.27,Normal,0.7630868889778635,East coast,0.2,0.0,0.0,0.17897976741022584,0.0,0.17897976741022584,0.0002996637596185678,0.0
dehradun,2026-08-27,24.4,3.2528088092803955,30.32,78.03,Normal,0.7630868889778635,Hill / Himalayan orographic,24.4,20.223866494831285,25.118255730395045,10.496768888409077,10.878359648797483,10.496768888409077,0.036304252002781326,0.0
delhi,2026-08-27,3.6,0.0,28.61,77.21,Normal,0.7630868889778635,Inland,3.6,1.0677116072177886,1.049858341217042,1.6255602314380613,0.5429390169321143,1.6255602314380613,0.00039999053473167465,0.0
gangtok,2026-08-27,3.2,1.7424663305282593,27.33,88.61,Normal,0.7630868889778635,Hill / Himalayan orographic,3.2,0.8447152656316762,1.3233617305755618,6.623800216619964,5.14207542652451,6.623800216619964,0.0004549211310756293,0.0
guwahati,2026-08-27,7.3,48.89206314086914,26.14,91.74,Normal,0.7630868889778635,Inland,7.3,4.323441162109375,4.9322774219512935,2.7642510040238717,2.5150401278331445,2.7642510040238717,0.00045946482839553097,0.0
hyderabad,2026-08-27,1.4,0.0,17.39,78.49,Normal,0.7630868889778635,Inland,1.4,0.05377458259463312,0.032222937196493155,0.6955535638149918,0.0,0.6955535638149918,0.00018723191328317817,0.0
jabalpur,2026-08-27,13.9,5.796722412109375,23.18,79.95,Normal,0.7630868889778635,Inland,13.9,10.596821801366456,11.750817424132759,5.181754555538478,7.354080854084235,5.181754555538478,0.007872497155071358,0.0
jaipur,2026-08-27,0.7,3.104715347290039,26.91,75.79,Normal,0.7630868889778635,Inland,0.7,0.0,0.0,0.5199563586083845,0.0,0.5199563586083845,0.00013775272745154544,0.0
jodhpur,2026-08-27,1.3,0.0,26.24,73.02,Normal,0.7630868889778635,Inland,1.3,0.03046510603278878,0.008959374390542611,0.1679241007315166,0.0,0.1679241007315166,0.00011302033306327162,0.0
kochi,2026-08-27,54.5,19.003454208374023,9.93,76.27,Normal,0.7630868889778635,West-coast orographic,54.5,43.363578951381896,25.217799642678074,5.475995925526263,4.5147377247790565,5.475995925526263,0.0078026967434568955,0.0
kolkata,2026-08-27,12.200000000000001,9.448921203613281,22.57,88.36,Normal,0.7630868889778635,East coast,12.200000000000001,8.809234277747485,9.46776361607794,3.1925401293618685,3.101976200176652,3.1925401293618685,0.004713071654962553,0.0
lucknow,2026-08-27,12.700000000000001,7.503305435180664,26.85,80.95,Normal,0.7630868889778635,Inland,12.700000000000001,9.221599186750083,10.06907380572821,8.103083582733792,12.980932361856095,8.103083582733792,0.004870974182217725,0.0
madurai,2026-08-27,6.5,0.0,9.93,78.12,Normal,0.7630868889778635,Inland,6.5,3.464316186904907,4.177192500432333,2.3035659013998555,1.65985569026994,2.3035659013998555,0.00034578412387713974,0.0
mangaluru,2026-08-27,19.3,23.139583587646484,12.91,74.86,Normal,0.7630868889778635,West-coast orographic,19.3,15.737547464370744,9.851664222991136,8.81821290802031,8.745827895929917,8.81821290802031,0.003835138218161183,0.0
mumbai,2026-08-27,1.6,2.9927258491516113,19.08,72.88,Normal,0.7630868889778635,West-coast orographic,1.6,0.10477822542190533,0.0,0.7362478829366363,0.0,0.7362478829366363,0.00036912059829369564,0.0
nagpur,2026-08-27,8.9,0.2054474800825119,21.15,79.09,Normal,0.7630868889778635,Inland,8.9,5.69536394119263,6.697737166086833,4.686305979693278,6.3182087268143095,4.686305979693278,0.0014453592548461654,0.0
panaji,2026-08-27,5.9,2.5637054443359375,15.49,73.83,Normal,0.7630868889778635,West-coast orographic,5.9,2.854891869227091,2.7608793236798252,3.960802547101088,2.8249142704112193,3.960802547101088,0.0005081032996464601,0.0
patna,2026-08-27,1.4,13.34038257598877,25.59,85.14,Normal,0.7630868889778635,Inland,1.4,0.05377458259463312,0.032222937196493155,0.47458981408102074,0.0,0.47458981408102074,0.0001274395581724643,0.0
pune,2026-08-27,0.8,0.5097268223762512,18.52,73.86,Normal,0.7630868889778635,Inland,0.8,0.0,0.0,0.3334835325486264,0.0,0.3334835325486264,0.00014359057804963862,0.0
raipur,2026-08-27,3.8,0.0,21.25,81.63,Normal,0.7630868889778635,Inland,3.8,1.179973244667053,1.1962935924530032,2.165278815105044,1.2937610557456471,2.165278815105044,0.0005400245414862045,0.0
ranchi,2026-08-27,21.0,3.6844542026519775,23.34,85.31,Normal,0.7630868889778635,Inland,21.0,17.283504612262426,21.006640719465537,5.506096271789003,7.884927516226002,5.506096271789003,0.001187407233842141,0.0
shillong,2026-08-27,10.5,0.591625452041626,25.58,91.89,Normal,0.7630868889778635,Hill / Himalayan orographic,10.5,7.537992773056028,7.87116203652807,6.171576764075474,4.673248961290594,6.171576764075474,0.0011223602604877592,0.0
shimla,2026-08-27,3.1,6.670103549957275,31.1,77.17,Normal,0.7630868889778635,Hill / Himalayan orographic,3.1,0.7908823797106745,1.1663017225265504,1.50778676816429,0.3496240220448408,1.50778676816429,0.0005737338177094758,0.0
srinagar,2026-08-27,0.0,0.0,34.08,74.8,Normal,0.7630868889778635,Hill / Himalayan orographic,0.0,0.0,0.0,0.008392627075015629,0.0,0.008392627075015629,0.00025373669286751197,0.0
surat,2026-08-27,0.30000000000000004,0.0,21.17,72.83,Normal,0.7630868889778635,West-coast orographic,0.30000000000000004,0.0,0.0,0.12132488460366016,0.0,0.12132488460366016,0.0005888341527413516,0.0
thiruvananthapuram,2026-08-27,34.0,6.141473293304443,8.52,76.94,Normal,0.7630868889778635,West-coast orographic,34.0,28.179458665084486,17.79650368446529,4.560702779295944,3.390453757368086,4.560702779295944,0.005535662433726397,0.0
varanasi,2026-08-27,9.7,3.5789220333099365,25.32,82.97,Normal,0.7630868889778635,Inland,9.7,6.697843146486356,7.358476028442383,4.406139689309041,5.710541193289719,4.406139689309041,0.0008920177730780704,0.0
vijayawada,2026-08-27,1.6,0.14588215947151184,16.51,80.65,Normal,0.7630868889778635,Inland,1.6,0.10477822542190533,0.06569639474153519,1.3758481614409848,0.24589751328446818,1.3758481614409848,0.0002567748289034555,0.0
visakhapatnam,2026-08-27,1.0,0.25694018602371216,17.69,83.22,Normal,0.7630868889778635,East coast,1.0,0.0,0.0,0.28356461439163955,0.0,0.28356461439163955,0.00037297205819770686,0.0
agartala,2026-08-28,2.4,33.02699279785156,23.83,91.29,Normal,-0.05935241516261784,Inland,2.4,0.4573849590122698,0.43945978202317854,5.79677368701479,8.427973037009941,5.79677368701479,0.00031672828847520407,0.0
ahmedabad,2026-08-28,0.30000000000000004,0.0,23.02,72.57,Normal,-0.05935241516261784,Inland,0.30000000000000004,0.0,0.0,0.0581038911228706,0.0,0.0581038911228706,0.00018944815956646672,0.0
amritsar,2026-08-28,0.0,0.0,31.63,74.87,Normal,-0.05935241516261784,Inland,0.0,0.0,0.0,1.621129454492935,0.5380233772306297,1.621129454492935,0.00025224148306602034,0.0
bengaluru,2026-08-28,0.30000000000000004,1.0938857793807983,12.97,77.59,Normal,-0.05935241516261784,Inland,0.30000000000000004,0.0,0.0,0.48335464328292754,0.0,0.48335464328292754,0.00014447159894792597,0.0
bhopal,2026-08-28,5.1,3.3176331520080566,23.26,77.41,Normal,-0.05935241516261784,Inland,5.1,2.318403054078421,2.521108694076538,1.5239282134162806,0.4352213902774168,1.5239282134162806,0.00026905115092172837,0.0
bhubaneswar,2026-08-28,7.7,9.346771240234375,20.3,85.82,Normal,-0.05935241516261784,East coast,7.7,4.691102101642231,3.1873072180637103,3.5805711385201446,4.551263040161875,3.5805711385201446,0.0009969519964719592,0.0
chandigarh,2026-08-28,0.0,0.0,30.73,76.78,Normal,-0.05935241516261784,Inland,0.0,0.0,0.0,1.9941000363668346,1.0302340215531243,1.9941000363668346,0.00021216330666373162,0.0
chennai,2026-08-28,0.30000000000000004,0.0,13.08,80.27,Normal,-0.05935241516261784,East coast,0.30000000000000004,0.0,0.0,0.41627402079051595,0.0,0.41627402079051595,0.00021000497155295,0.0
dehradun,2026-08-28,11.6,3.559511661529541,30.32,78.03,Normal,-0.05935241516261784,Hill / Himalayan orographic,11.6,8.339748355865478,8.755613296230639,8.884236155567283,7.838128495368393,8.884236155567283,0.009751743330234805,0.0
delhi,2026-08-28,0.1,6.813577651977539,28.61,77.21,Normal,-0.05935241516261784,Inland,0.1,0.0,0.0,0.1564790096800937,0.0,0.1564790096800937,0.00019111062157733038,0.0
gangtok,2026-08-28,7.3,4.308094024658203,27.33,88.61,Normal,-0.05935241516261784,Hill / Himalayan orographic,7.3,4.323441162109375,4.2109957486278615,10.692883078712757,11.443045466238422,10.692883078712757,0.0008207266559874878,0.0
guwahati,2026-08-28,3.5,19.62301254272461,26.14,91.74,Normal,-0.05935241516261784,Inland,3.5,1.0158339196443558,0.9835845649242405,4.113101880547045,5.392215527466536,4.113101880547045,0.00023854782912465379,0.0
hyderabad,2026-08-28,0.0,0.0,17.39,78.49,Normal,-0.05935241516261784,Inland,0.0,0.0,0.0,0.31639765772109946,0.0,0.31639765772109946,0.00015102327470826625,0.0
jabalpur,2026-08-28,26.1,7.038862705230713,23.18,79.95,Normal,-0.05935241516261784,Inland,26.1,21.768833121249553,27.471936145611668,9.902224054041396,16.532584564223455,9.902224054041396,0.032657829441319605,0.0
jaipur,2026-08-28,0.7,0.0,26.91,75.79,Normal,-0.05935241516261784,Inland,0.7,0.0,0.0,0.5964126740906012,0.0,0.5964126740906012,0.00014553741876866834,0.0
jodhpur,2026-08-28,0.0,0.0,26.24,73.02,Normal,-0.05935241516261784,Inland,0.0,0.0,0.0,0.02341060970674333,0.0,0.02341060970674333,0.00011130526430552319,0.0
kochi,2026-08-28,6.5,2.5196518898010254,9.93,76.27,Normal,-0.05935241516261784,West-coast orographic,6.5,3.464316186904907,3.112460140406076,3.514352879791571,2.1999924684765286,3.514352879791571,0.00034694465195076596,0.0
kolkata,2026-08-28,1.0,2.2702059745788574,22.57,88.36,Normal,-0.05935241516261784,East coast,1.0,0.0,0.0,0.3829098364114982,0.0,0.3829098364114982,0.0001984395150762658,0.0
lucknow,2026-08-28,5.7,32.001121520996094,26.85,80.95,Normal,-0.05935241516261784,Inland,5.7,2.7295040257771803,3.0996223068237314,3.6996946484602313,4.722375127456268,3.6996946484602313,0.0002557934540608528,0.0
madurai,2026-08-28,0.5,1.0339463949203491,9.93,78.12,Normal,-0.05935241516261784,Inland,0.5,0.0,0.0,0.4233236149290896,0.0,0.4233236149290896,0.0001361361665682982,0.0
mangaluru,2026-08-28,4.3,13.090587615966797,12.91,74.86,Normal,-0.05935241516261784,West-coast orographic,4.3,1.5446221566200258,1.3467637383984954,4.529207847207991,3.3821053675871458,4.529207847207991,0.0004245714862753515,0.0
mumbai,2026-08-28,5.7,7.155419826507568,19.08,72.88,Normal,-0.05935241516261784,West-coast orographic,5.7,2.7295040257771803,2.72250236588511,5.7666229867319485,4.744138599660782,5.7666229867319485,0.0007680836358992999,0.0
nagpur,2026-08-28,9.9,2.526498794555664,21.15,79.09,Normal,-0.05935241516261784,Inland,9.9,6.914361477222585,7.45795093536377,6.6075051739374056,9.839341403284568,6.6075051739374056,0.0015544289271621449,0.0
panaji,2026-08-28,5.6000000000000005,2.098292350769043,15.49,73.83,Normal,-0.05935241516261784,West-coast orographic,5.6000000000000005,2.6776627127329506,2.7033138869877527,4.194788719201759,3.293460590611546,4.194788719201759,0.00026167913271117567,0.0
patna,2026-08-28,1.0,0.0,25.59,85.14,Normal,-0.05935241516261784,Inland,1.0,0.0,0.0,0.502580206006945,0.0,0.502580206006945,0.0001242704829972701,0.0
pune,2026-08-28,3.3,2.2084455490112305,18.52,73.86,Normal,-0.05935241516261784,Inland,3.3,0.9043357488512994,0.8771309161186217,0.6103703855401553,0.0,0.6103703855401553,0.0005726803655327738,0.0
raipur,2026-08-28,10.2,0.0,21.25,81.63,Normal,-0.05935241516261784,Inland,10.2,7.24310793288653,7.697365398406982,8.112110827657215,13.006727011159171,8.112110827657215,0.003183942769329228,0.0
ranchi,2026-08-28,5.7,14.542256355285645,23.34,85.31,Normal,-0.05935241516261784,Inland,5.7,2.7295040257771803,3.0996223068237314,2.9275645148973717,2.661045987602045,2.9275645148973717,0.00023211639576175194,0.0
shillong,2026-08-28,24.900000000000002,1.6693367958068848,25.58,91.89,Normal,-0.05935241516261784,Hill / Himalayan orographic,24.900000000000002,20.59093061447144,25.291849557408746,5.724772228185474,4.21856115063956,5.724772228185474,0.0019106713074382123,0.0
shimla,2026-08-28,3.0,0.3761357069015503,31.1,77.17,Normal,-0.05935241516261784,Hill / Himalayan orographic,3.0,0.7370494937896729,1.151413270737314,1.9888538159301479,0.6077846968712755,1.9888538159301479,0.0005422024157645665,0.0
srinagar,2026-08-28,0.0,0.0,34.08,74.8,Normal,-0.05935241516261784,Hill / Himalayan orographic,0.0,0.0,0.0,0.032246344339222945,0.0,0.032246344339222945,0.00023978755088011427,0.0
surat,2026-08-28,1.9,0.0,21.17,72.83,Normal,-0.05935241516261784,West-coast orographic,1.9,0.17418917137033735,0.0,0.8873194875428528,0.08248966262057766,0.8873194875428528,0.0005003135018463872,0.0
thiruvananthapuram,2026-08-28,36.300000000000004,0.2437354326248169,8.52,76.94,Normal,-0.05935241516261784,West-coast orographic,36.300000000000004,30.019591017239254,18.158540877611266,3.4544251640327523,2.0155358942436106,3.4544251640327523,0.002352846452881328,0.0
varanasi,2026-08-28,13.0,4.384837627410889,25.32,82.97,Normal,-0.05935241516261784,Inland,13.0,9.508022049338951,10.731721899849994,3.5566370249681865,4.446928762921818,3.5566370249681865,0.00466512298361049,0.0
vijayawada,2026-08-28,0.30000000000000004,0.4161451458930969,16.51,80.65,Normal,-0.05935241516261784,Inland,0.30000000000000004,0.0,0.0,0.8593071446681383,0.0012724236661075148,0.8593071446681383,0.00018524782431854494,0.0
visakhapatnam,2026-08-28,4.5,0.4123378396034241,17.69,83.22,Normal,-0.05935241516261784,East coast,4.5,1.708757909536362,0.7774638499532436,1.2775349740346478,0.30961381374600244,1.2775349740346478,0.0006696711829163558,0.0
agartala,2026-08-29,0.6,19.067970275878906,23.83,91.29,Normal,-0.2182182474793326,Inland,0.6,0.0,0.0,3.668545735865055,4.661615262143775,3.668545735865055,0.00013689969841811344,0.0
ahmedabad,2026-08-29,0.0,0.0,23.02,72.57,Normal,-0.2182182474793326,Inland,0.0,0.0,0.0,0.00037255185071607364,0.0,0.00037255185071607364,0.00018944815956646672,0.0
amritsar,2026-08-29,0.0,0.0,31.63,74.87,Normal,-0.2182182474793326,Inland,0.0,0.0,0.0,1.7372126079668329,0.6635601747776865,1.7372126079668329,0.00025224148306602034,0.0
bengaluru,2026-08-29,0.7,0.04983808472752571,12.97,77.59,Normal,-0.2182182474793326,Inland,0.7,0.0,0.0,0.8532487415770257,0.0,0.8532487415770257,0.00014447159894792597,0.0
bhopal,2026-08-29,2.1,8.326434135437012,23.26,77.41,Normal,-0.2182182474793326,Inland,2.1,0.26313101053237914,0.21533785581588766,0.8642728774032269,0.0023289580187775276,0.8642728774032269,0.0001455691428319019,0.0
bhubaneswar,2026-08-29,4.4,0.0,20.3,85.82,Normal,-0.2182182474793326,East coast,4.4,1.6303062248229983,0.7533305083002368,2.771807141187185,2.228543131251909,2.771807141187185,0.0004512157920128974,0.0
chandigarh,2026-08-29,0.1,3.8421356678009033,30.73,76.78,Normal,-0.2182182474793326,Inland,0.1,0.0,0.0,2.3848795027987038,1.7931554869798565,2.3848795027987038,0.00021216330666373162,0.0
chennai,2026-08-29,1.1,0.36041948199272156,13.08,80.27,Normal,-0.2182182474793326,East coast,1.1,0.0,0.0,0.886453555799202,0.051633771114303166,0.886453555799202,0.00021000497155295,0.0
dehradun,2026-08-29,24.9,12.929414749145508,30.32,78.03,Normal,-0.2182182474793326,Hill / Himalayan orographic,24.9,20.590930614471436,25.291849557408746,14.750731722772288,19.684563960052042,14.750731722772288,0.03767462382901392,0.0
delhi,2026-08-29,0.0,0.08672242611646652,28.61,77.21,Normal,-0.2182182474793326,Inland,0.0,0.0,0.0,0.07300157392045094,0.0,0.07300157392045094,0.00019111062157733038,0.0
gangtok,2026-08-29,10.4,0.021933922544121742,27.33,88.61,Normal,-0.2182182474793326,Hill / Himalayan orographic,10.4,7.462691097259519,7.84814767301322,13.308485723257848,17.35678381698185,13.308485723257848,0.000814445696134624,0.0
guwahati,2026-08-29,13.2,7.695541858673096,26.14,91.74,Normal,-0.2182182474793326,Inland,13.2,9.74797554599251,11.335326080322268,4.003833848213384,5.255865491198603,4.003833848213384,0.000653348930610565,0.0
hyderabad,2026-08-29,1.2,0.0,17.39,78.49,Normal,-0.2182182474793326,Inland,1.2,0.0,0.0,1.1438491099732504,0.11558976943682743,1.1438491099732504,0.00015102327470826625,0.0
jabalpur,2026-08-29,33.2,17.85411834716797,23.18,79.95,Normal,-0.2182182474793326,Inland,33.2,27.64098561494736,34.285136850666746,23.517030160908476,38.67033961880982,23.517030160908476,0.04180009578477489,0.0
jaipur,2026-08-29,0.4,0.0,26.91,75.79,Normal,-0.2182182474793326,Inland,0.4,0.0,0.0,0.31579963583554965,0.0,0.31579963583554965,0.00014553741876866834,0.0
jodhpur,2026-08-29,0.0,0.0,26.24,73.02,Normal,-0.2182182474793326,Inland,0.0,0.0,0.0,0.01550230230190074,0.0,0.01550230230190074,0.00011130526430552319,0.0
kochi,2026-08-29,3.9000000000000004,6.381253242492676,9.93,76.27,Normal,-0.2182182474793326,West-coast orographic,3.9000000000000004,1.239008767604828,1.1022037923336034,3.408774275347816,1.8477167264475471,3.408774275347816,0.00037926183109226796,0.0
kolkata,2026-08-29,15.000000000000002,0.031805168837308884,22.57,88.36,Normal,-0.2182182474793326,East coast,15.000000000000002,11.663174763292359,12.653257152480863,6.102487277730562,8.78612412751844,6.102487277730562,0.006858535736235596,0.0
lucknow,2026-08-29,9.6,6.167220592498779,26.85,80.95,Normal,-0.2182182474793326,Inland,9.6,6.589583981118243,7.30873857498169,9.918709325856849,16.579491187010632,9.918709325856849,0.0010021045434000751,0.0
madurai,2026-08-29,1.4,0.0,9.93,78.12,Normal,-0.2182182474793326,Inland,1.4,0.05377458259463312,0.032222937196493155,0.8243566066865329,0.0,0.8243566066865329,0.0001361361665682982,0.0
mangaluru,2026-08-29,3.5,15.130542755126953,12.91,74.86,Normal,-0.2182182474793326,West-coast orographic,3.5,1.0158339196443558,0.8582179891544837,3.2373125737647825,1.423967053097428,3.2373125737647825,0.0008501060562901718,0.0
mumbai,2026-08-29,5.8,2.7999048233032227,19.08,72.88,Normal,-0.2182182474793326,West-coast orographic,5.8,2.78134533882141,2.7416908447824677,3.9941544119678816,2.894638843031052,3.9941544119678816,0.0007680836358992999,0.0
nagpur,2026-08-29,3.2,15.375107765197754,21.15,79.09,Normal,-0.2182182474793326,Inland,3.2,0.8447152656316762,0.8369510436058044,1.9503992751465324,0.9197386827376122,1.9503992751465324,0.0003836110419465296,0.0
panaji,2026-08-29,4.3,1.0587252378463745,15.49,73.83,Normal,-0.2182182474793326,West-coast orographic,4.3,1.5446221566200258,1.3467637383984954,4.841208934772798,3.8595823774386186,4.841208934772798,0.00026167913271117567,0.0
patna,2026-08-29,36.2,0.0,25.59,85.14,Normal,-0.2182182474793326,Inland,36.2,29.938629602988918,36.7061933579059,22.897490060389593,37.694803887893165,22.897490060389593,0.0034259607700660405,0.0
pune,2026-08-29,2.9,0.37309741973876953,18.52,73.86,Normal,-0.2182182474793326,Inland,2.9,0.7005469936132431,0.6941363215446472,0.5872955233329192,0.0,0.5872955233329192,0.0005726803655327738,0.0
raipur,2026-08-29,22.3,1.8130730390548706,21.25,81.63,Normal,-0.2182182474793326,Inland,22.3,18.56638082504272,23.15096144273028,14.496649563885054,25.041285943008,14.496649563885054,0.007152428163574988,0.0
ranchi,2026-08-29,2.4,22.284072875976562,23.34,85.31,Normal,-0.2182182474793326,Inland,2.4,0.4573849590122698,0.43945978202317854,2.535886144026357,2.0319604021256272,2.535886144026357,0.00030058759488319587,0.0
shillong,2026-08-29,19.2,23.641450881958008,25.58,91.89,Normal,-0.2182182474793326,Hill / Himalayan orographic,19.2,15.659154925346392,21.21534104338906,6.749997001637056,5.2868214455257885,6.749997001637056,0.0008172177974093489,0.0
shimla,2026-08-29,1.2000000000000002,0.0,31.1,77.17,Normal,-0.2182182474793326,Hill / Himalayan orographic,1.2000000000000002,1.5677509688759677e-17,0.08871858298778562,2.7021785074332794,1.11971827632482,2.7021785074332794,0.0002627563673105694,0.0
srinagar,2026-08-29,0.6000000000000001,0.0,34.08,74.8,Normal,-0.2182182474793326,Hill / Himalayan orographic,0.6000000000000001,0.0,0.0,0.5187500126433916,0.0,0.5187500126433916,0.00023978755088011427,0.0
surat,2026-08-29,1.2,0.0,21.17,72.83,Normal,-0.2182182474793326,West-coast orographic,1.2,0.0,0.0,0.19242854784084315,0.0,0.19242854784084315,0.0005003135018463872,0.0
thiruvananthapuram,2026-08-29,5.2,0.0,8.52,76.94,Normal,-0.2182182474793326,West-coast orographic,5.2,2.3913665596644096,2.505773076870171,0.8777933744326182,0.07275818235745313,0.8777933744326182,0.00029528020902435585,0.0
varanasi,2026-08-29,8.7,0.07814060896635056,25.32,82.97,Normal,-0.2182182474793326,Inland,8.7,5.468532837231955,6.380303859710693,3.469414860999853,4.254438699130315,3.469414860999853,0.0005952276398597618,0.0
vijayawada,2026-08-29,0.7000000000000001,0.0,16.51,80.65,Normal,-0.2182182474793326,Inland,0.7000000000000001,0.0,0.0,2.1137774968079825,1.2324827173700432,2.1137774968079825,0.00018524782431854494,0.0
visakhapatnam,2026-08-29,5.700000000000001,0.0,17.69,83.22,Normal,-0.2182182474793326,East coast,5.700000000000001,2.7295040257771808,1.317250875631969,2.5605145438282317,1.8286144834151226,2.5605145438282317,0.0006696711829163558,0.0
agartala,2026-08-30,4.3,0.7643027305603027,23.83,91.29,Normal,-0.4916957692229178,Inland,4.3,1.5446221566200258,1.606498064994812,6.093983304312588,9.04252410830459,6.093983304312588,0.0003283135614075894,0.0
ahmedabad,2026-08-30,0.0,0.0,23.02,72.57,Normal,-0.4916957692229178,Inland,0.0,0.0,0.0,0.0,0.0,0.0,0.00022455480892597963,0.0
amritsar,2026-08-30,0.1,0.0,31.63,74.87,Normal,-0.4916957692229178,Inland,0.1,0.0,0.0,0.688195246327708,0.0,0.688195246327708,0.0003104249696061944,0.0
bengaluru,2026-08-30,0.4,1.4049116373062134,12.97,77.59,Normal,-0.4916957692229178,Inland,0.4,0.0,0.0,0.48051683155882025,0.0,0.48051683155882025,0.0001725435062418098,0.0
bhopal,2026-08-30,0.6000000000000001,0.0,23.26,77.41,Normal,-0.4916957692229178,Inland,0.6000000000000001,0.0,0.0,0.4205233111444843,0.0,0.4205233111444843,0.00019540227011128787,0.0
bhubaneswar,2026-08-30,38.0,21.30535125732422,20.3,85.82,Normal,-0.4916957692229178,East coast,38.0,31.558648323266322,50.03007923170066,39.98135086243215,50.09500367683095,39.98135086243215,0.13446809957730815,0.0
chandigarh,2026-08-30,0.7000000000000001,4.308681011199951,30.73,76.78,Normal,-0.4916957692229178,Inland,0.7000000000000001,0.0,0.0,2.5676704421007,2.095223362748852,2.5676704421007,0.0002611045425291109,0.0
chennai,2026-08-30,1.7000000000000002,1.7317699193954468,13.08,80.27,Normal,-0.4916957692229178,East coast,1.7000000000000002,0.11580760329961769,0.03585926108062268,3.50759225434307,4.283130538197572,3.50759225434307,0.000243792802282016,0.0
dehradun,2026-08-30,28.3,40.25271224975586,30.32,78.03,Normal,-0.4916957692229178,Hill / Himalayan orographic,28.3,23.499160272387787,27.891208620581143,9.830636094849318,8.396309438471144,9.830636094849318,0.04949557358859938,0.0
delhi,2026-08-30,0.2,0.0,28.61,77.21,Normal,-0.4916957692229178,Inland,0.2,0.0,0.0,0.15569861255281053,0.0,0.15569861255281053,0.00024411966416556158,0.0
gangtok,2026-08-30,6.7,25.227869033813477,27.33,88.61,Normal,-0.4916957692229178,Hill / Himalayan orographic,6.7,3.69472843170166,3.9118996332531517,10.96498457836119,13.383500020828865,10.96498457836119,0.0018618115095417108,0.0
guwahati,2026-08-30,0.6,1.4740197658538818,26.14,91.74,Normal,-0.4916957692229178,Inland,0.6,0.0,0.0,1.5678096844241116,0.4779625777252905,1.5678096844241116,0.0001355592041136747,0.0
hyderabad,2026-08-30,1.0,2.4241769313812256,17.39,78.49,Normal,-0.4916957692229178,Inland,1.0,0.0,0.0,0.9172282531177964,0.016262468510365877,0.9172282531177964,0.00018658054098123127,0.0
jabalpur,2026-08-30,25.6,3.067249059677124,23.18,79.95,Normal,-0.4916957692229178,Inland,25.6,21.278040410092004,26.93833238598413,11.849072235612677,19.95242791981345,11.849072235612677,0.02085372047251458,0.0
jaipur,2026-08-30,0.0,0.0,26.91,75.79,Normal,-0.4916957692229178,Inland,0.0,0.0,0.0,0.08091214809100906,0.0,0.08091214809100906,0.0001953596879749814,0.0
jodhpur,2026-08-30,0.0,0.0,26.24,73.02,Normal,-0.4916957692229178,Inland,0.0,0.0,0.0,0.004527697568612289,0.0,0.004527697568612289,0.0001410820761326636,0.0
kochi,2026-08-30,3.5,6.746711254119873,9.93,76.27,Normal,-0.4916957692229178,West-coast orographic,3.5,1.0158339196443558,0.8582179891544837,3.7923435766516183,2.7035017823817666,3.7923435766516183,0.0005780912005587453,0.0
kolkata,2026-08-30,4.4,0.14101359248161316,22.57,88.36,Normal,-0.4916957692229178,East coast,4.4,1.6303062248229983,0.7533305083002368,4.884483579455595,6.817460230142788,4.884483579455595,0.0007521023094448916,0.0
lucknow,2026-08-30,14.1,12.554156303405762,26.85,80.95,Normal,-0.4916957692229178,Inland,14.1,10.840155792236333,11.869529236650042,7.7460916643591,12.17817019822084,7.7460916643591,0.0031067042436038602,0.0
madurai,2026-08-30,1.0,0.0,9.93,78.12,Normal,-0.4916957692229178,Inland,1.0,0.0,0.0,0.4022465532923434,0.0,0.4022465532923434,0.00016256610338685623,0.0
mangaluru,2026-08-30,1.6,8.897563934326172,12.91,74.86,Normal,-0.4916957692229178,West-coast orographic,1.6,0.10477822542190533,0.0,1.0543813811363705,0.3413122575353363,1.0543813811363705,0.00022821445988651463,0.0
mumbai,2026-08-30,2.7,1.1733794212341309,19.08,72.88,Normal,-0.4916957692229178,West-coast orographic,2.7,0.5893826270103455,0.3225046193599702,3.08488248874992,1.340216894426213,3.08488248874992,0.0048575406400620065,0.0
nagpur,2026-08-30,3.8000000000000003,19.516746520996094,21.15,79.09,Normal,-0.4916957692229178,Inland,3.8000000000000003,1.1799732446670532,1.1962935924530034,2.87800103893512,2.5966306152653775,2.87800103893512,0.0004038309569479024,0.0
panaji,2026-08-30,10.1,45.401763916015625,15.49,73.83,Normal,-0.4916957692229178,West-coast orographic,10.1,7.133316350700037,5.084574112525353,5.305005882775857,4.38094160850288,5.305005882775857,0.000660839651386086,0.0
patna,2026-08-30,12.4,36.037288665771484,25.59,85.14,Normal,-0.4916957692229178,Inland,12.4,8.974180241348524,9.837995803315767,5.317429642593113,7.492932389101537,5.317429642593113,0.0009715260401427338,0.0
pune,2026-08-30,2.9,3.755521535873413,18.52,73.86,Normal,-0.4916957692229178,Inland,2.9,0.7005469936132431,0.6941363215446472,0.9620523429444866,0.031284048086545654,0.9620523429444866,0.0018011859378860976,0.0
raipur,2026-08-30,32.5,8.113716125488281,21.25,81.63,Normal,-0.4916957692229178,Inland,32.5,27.169821696077374,33.45398386469058,29.202554956176805,46.55475502557523,29.202554956176805,0.19760731003590595,0.0
ranchi,2026-08-30,15.200000000000001,5.957583904266357,23.34,85.31,Normal,-0.4916957692229178,Inland,15.200000000000001,11.846283114681823,12.911704559326179,8.125063995620366,13.043739679787043,8.125063995620366,0.0018101628798058867,0.0
shillong,2026-08-30,1.4000000000000001,9.922536849975586,25.58,91.89,Normal,-0.4916957692229178,Hill / Himalayan orographic,1.4000000000000001,0.05377458259463318,0.27437632891935176,1.5431448434981248,0.3589337917638362,1.5431448434981248,0.000188647174499053,0.0
shimla,2026-08-30,1.0,0.0,31.1,77.17,Normal,-0.4916957692229178,Hill / Himalayan orographic,1.0,0.0,0.025469287552616786,1.8159768812975758,0.5351067675764388,1.8159768812975758,0.0003143213690938752,0.0
srinagar,2026-08-30,4.2,0.0,34.08,74.8,Normal,-0.4916957692229178,Hill / Himalayan orographic,4.2,1.458938088417054,2.1007462315745173,1.3894353161487771,0.21520967009039954,1.3894353161487771,0.00045033195265651525,0.0
surat,2026-08-30,1.3,0.0,21.17,72.83,Normal,-0.4916957692229178,West-coast orographic,1.3,0.03046510603278878,0.0,0.45442094668756916,0.0,0.45442094668756916,0.0005702064895189039,0.0
thiruvananthapuram,2026-08-30,0.2,0.0,8.52,76.94,Normal,-0.4916957692229178,West-coast orographic,0.2,0.0,0.0,0.0,0.0,0.0,0.0001642589717351379,0.0
varanasi,2026-08-30,13.0,4.582237720489502,25.32,82.97,Normal,-0.4916957692229178,Inland,13.0,9.508022049338951,10.731721899849994,3.566467711556339,4.465734623752847,3.566467711556339,0.0037135371100527944,0.0
vijayawada,2026-08-30,0.5,0.0,16.51,80.65,Normal,-0.4916957692229178,Inland,0.5,0.0,0.0,1.225600342940526,0.16383653324521755,1.225600342940526,0.00021907990085881596,0.0
visakhapatnam,2026-08-30,1.2,0.0734114870429039,17.69,83.22,Normal,-0.4916957692229178,East coast,1.2,0.0,0.0,2.1300044043487034,1.3333429603696407,2.1300044043487034,0.00030047335115726705,0.0
agartala,2026-08-31,4.7,0.825480043888092,23.83,91.29,Normal,-0.8058062678777715,Inland,4.7,1.9056178748607646,2.071943235397338,7.608214710595609,11.915397311387904,7.608214710595609,0.0004461777666557691,0.0
ahmedabad,2026-08-31,0.2,0.0,23.02,72.57,Normal,-0.8058062678777715,Inland,0.2,0.0,0.0,0.009412132895321676,0.0,0.009412132895321676,0.00021936675750795355,0.0
amritsar,2026-08-31,0.0,0.0,31.63,74.87,Normal,-0.8058062678777715,Inland,0.0,0.0,0.0,0.2951248235824241,0.0,0.2951248235824241,0.00024132586116258812,0.0
bengaluru,2026-08-31,2.5999999999999996,0.4458889961242676,12.97,77.59,Normal,-0.8058062678777715,Inland,2.5999999999999996,0.5386068196594713,0.5272378873825071,1.0946720825585543,0.0872167637885643,1.0946720825585543,0.0002578020606092694,0.0
bhopal,2026-08-31,0.0,0.0,23.26,77.41,Normal,-0.8058062678777715,Inland,0.0,0.0,0.0,0.08882727987954797,0.0,0.08882727987954797,0.00016751893294305792,0.0
bhubaneswar,2026-08-31,12.8,31.884510040283203,20.3,85.82,Normal,-0.8058062678777715,East coast,12.8,9.304072168550602,9.705288767586124,8.47129313908902,11.368137068732189,8.47129313908902,0.00479006070113237,0.0
chandigarh,2026-08-31,12.9,5.680872440338135,30.73,76.78,Normal,-0.8058062678777715,Inland,12.9,9.388045301012172,10.429919809613855,4.781395113761743,6.574541494366799,4.781395113761743,0.0016147978572334024,0.0
chennai,2026-08-31,1.2000000000000002,3.864454984664917,13.08,80.27,Normal,-0.8058062678777715,East coast,1.2000000000000002,1.5677509688759677e-17,2.4178392886684983e-18,1.0837817853736382,0.13309029249892063,1.0837817853736382,0.00016233856352756924,0.0
dehradun,2026-08-31,17.4,33.18067932128906,30.32,78.03,Normal,-0.8058062678777715,Hill / Himalayan orographic,17.4,14.235450679837468,19.43926286743459,8.981205853631254,7.854523712106822,8.981205853631254,0.005802897037775801,0.0
delhi,2026-08-31,0.9,0.0,28.61,77.21,Normal,-0.8058062678777715,Inland,0.9,0.0,0.0,0.2854358519575985,0.0,0.2854358519575985,0.00018977699666625927,0.0
gangtok,2026-08-31,9.2,39.98589324951172,27.33,88.61,Normal,-0.8058062678777715,Hill / Himalayan orographic,9.2,6.05568483114243,5.842678701802748,10.195727182297814,8.737335267583516,10.195727182297814,0.002856883887012258,0.0
guwahati,2026-08-31,27.0,19.905742645263672,26.14,91.74,Normal,-0.8058062678777715,Inland,27.0,22.595038564272475,28.159577443137117,7.275451711734389,11.410916479349131,7.275451711734389,0.002454680860017531,0.0
hyderabad,2026-08-31,2.6,4.9231767654418945,17.39,78.49,Normal,-0.8058062678777715,Inland,2.6,0.5386068196594715,0.5272378873825073,1.4395957789416975,0.2958445022904277,1.4395957789416975,0.0003614259070334547,0.0
jabalpur,2026-08-31,8.2,0.0,23.18,79.95,Normal,-0.8058062678777715,Inland,8.2,5.041575637976943,5.8846142292022705,5.2525186421189725,7.426501681364355,5.2525186421189725,0.001115755888142229,0.0
jaipur,2026-08-31,0.2,0.0,26.91,75.79,Normal,-0.8058062678777715,Inland,0.2,0.0,0.0,0.16723064877837793,0.0,0.16723064877837793,0.0001679689310987368,0.0
jodhpur,2026-08-31,0.0,0.0,26.24,73.02,Normal,-0.8058062678777715,Inland,0.0,0.0,0.0,0.0040677249808261885,0.0,0.0040677249808261885,0.00013851628710008653,0.0
kochi,2026-08-31,0.0,1.761573076248169,9.93,76.27,Normal,-0.8058062678777715,West-coast orographic,0.0,0.0,0.0,0.11260080977396886,0.0,0.11260080977396886,0.00012103345789605318,0.0
kolkata,2026-08-31,11.6,0.03983389958739281,22.57,88.36,Normal,-0.8058062678777715,East coast,11.6,8.339748355865478,8.311941272241103,5.476477651772672,7.821162528754704,5.476477651772672,0.004030967788720205,0.0
lucknow,2026-08-31,16.2,0.14740408957004547,26.85,80.95,Normal,-0.8058062678777715,Inland,16.2,12.786272516918494,14.234599222162716,7.703342234027906,12.083934873131303,7.703342234027906,0.002192839671104624,0.0
madurai,2026-08-31,0.0,0.0,9.93,78.12,Normal,-0.8058062678777715,Inland,0.0,0.0,0.0,0.058568725063958965,0.0,0.058568725063958965,0.00011894181936307505,0.0
mangaluru,2026-08-31,2.8000000000000003,26.213871002197266,12.91,74.86,Normal,-0.8058062678777715,West-coast orographic,2.8000000000000003,0.6640444934368135,0.5848712325096131,2.115656250873661,0.9957675564940777,2.115656250873661,0.0011859734397763374,0.0
mumbai,2026-08-31,2.2,1.4065918922424316,19.08,72.88,Normal,-0.8058062678777715,West-coast orographic,2.2,0.32772440314292933,0.12559785261750223,1.4226802971925228,0.5886953778404649,1.4226802971925228,0.0002085651071963943,0.0
nagpur,2026-08-31,2.5999999999999996,0.08586661517620087,21.15,79.09,Normal,-0.8058062678777715,Inland,2.5999999999999996,0.5386068196594713,0.5272378873825071,1.5943108301020674,0.5079146027469013,1.5943108301020674,0.0003911017143183605,0.0
panaji,2026-08-31,1.5,1.058176040649414,15.49,73.83,Normal,-0.8058062678777715,West-coast orographic,1.5,0.0786932546645404,0.0,0.5616794004026784,0.0,0.5616794004026784,0.00012538198619340893,0.0
patna,2026-08-31,21.5,0.0,25.59,85.14,Normal,-0.8058062678777715,Inland,21.5,17.82781301058255,22.23778758033979,7.875695089919312,12.46386338397242,7.875695089919312,0.0011717045548160598,0.0
pune,2026-08-31,1.1,0.012376896105706692,18.52,73.86,Normal,-0.8058062678777715,Inland,1.1,0.0,0.0,0.2170668007688075,0.0,0.2170668007688075,0.0001297774447794261,0.0
raipur,2026-08-31,24.4,11.961616516113281,21.25,81.63,Normal,-0.8058062678777715,Inland,24.4,20.223866494831285,25.41515405638547,15.212547211654021,25.883323581514098,15.212547211654021,0.030475949378924398,0.0
ranchi,2026-08-31,28.0,13.972370147705078,23.34,85.31,Normal,-0.8058062678777715,Inland,28.0,23.29051680128425,28.92362332927651,16.536550901969232,27.45676596009984,16.536550901969232,0.008579184985525321,0.0
shillong,2026-08-31,24.7,8.757678031921387,25.58,91.89,Normal,-0.8058062678777715,Hill / Himalayan orographic,24.7,20.444104966615377,25.222412026603266,5.8414218150428905,4.305108614912169,5.8414218150428905,0.003433063237140574,0.0
shimla,2026-08-31,23.7,39.373775482177734,31.1,77.17,Normal,-0.8058062678777715,Hill / Himalayan orographic,23.7,19.709976727335075,24.721626435758914,2.3462430472797955,0.7655809914120715,2.3462430472797955,0.002438405675583848,0.0
srinagar,2026-08-31,7.6,0.21258683502674103,34.08,74.8,Normal,-0.8058062678777715,Hill / Himalayan orographic,7.6,4.616381144523621,4.482051789110356,0.6186034315299346,0.0,0.6186034315299346,0.0005907102410912733,0.0
surat,2026-08-31,0.7000000000000001,0.0,21.17,72.83,Normal,-0.8058062678777715,West-coast orographic,0.7000000000000001,0.0,0.0,0.31612211667243756,0.0,0.31612211667243756,0.00042608314048249034,0.0
thiruvananthapuram,2026-08-31,7.8,0.4874708652496338,8.52,76.94,Normal,-0.8058062678777715,West-coast orographic,7.8,4.765823058760842,3.818940880986079,0.801223600242111,0.017030723774177452,0.801223600242111,0.0003894226569301084,0.0
varanasi,2026-08-31,14.1,2.8907933235168457,25.32,82.97,Normal,-0.8058062678777715,Inland,14.1,10.840155792236333,11.869529236650042,3.96543659346425,5.192644621442274,3.96543659346425,0.004164396627423325,0.0
vijayawada,2026-08-31,3.0,1.8097623586654663,16.51,80.65,Normal,-0.8058062678777715,Inland,3.0,0.7370494937896729,0.7352636700868607,2.5311588949235353,2.0244915373932666,2.5311588949235353,0.0004145743854868941,0.0
visakhapatnam,2026-08-31,0.5,0.0,17.69,83.22,Normal,-0.8058062678777715,East coast,0.5,0.0,0.0,0.7187675881042512,0.002636358961208872,0.7187675881042512,0.00020308206124127143,0.0
agartala,2026-09-02,9.4,13.19789981842041,23.83,91.29,Normal,-0.18542220900289985,Inland,9.4,5.969607371091847,6.676540499687196,7.7025620056420205,10.761931740610695,7.7025620056420205,0.002941892548432292,0.0
ahmedabad,2026-09-02,0.1,0.23664042353630066,23.02,72.57,Normal,-0.18542220900289985,Inland,0.1,0.0,0.0,0.0580300332133696,0.0,0.0580300332133696,0.00018622023004446974,0.0
amritsar,2026-09-02,1.7,0.0,31.63,74.87,Normal,-0.18542220900289985,Inland,1.7,0.11834350414574148,0.10387095615267761,1.1950677826493488,0.1526233737911508,1.1950677826493488,0.00032953347453234307,0.0
bengaluru,2026-09-02,2.8000000000000003,0.0,12.97,77.59,Normal,-0.18542220900289985,Inland,2.8000000000000003,0.6054969936609269,0.6138000547885896,1.3003534351954504,0.20554712365633823,1.3003534351954504,0.00036329550149201856,0.0
bhopal,2026-09-02,1.0,0.0,23.26,77.41,Normal,-0.18542220900289985,Inland,1.0,0.0,0.0,0.8909432356058067,0.002295673268109851,0.8909432356058067,0.00020066037836464896,0.0
bhubaneswar,2026-09-02,2.4,0.0,20.3,85.82,Normal,-0.18542220900289985,East coast,2.4,0.4526085704565055,0.08408022128045559,1.273557480927531,0.32918169199606995,1.273557480927531,0.0006349081611590221,0.0
chandigarh,2026-09-02,20.2,1.4270790815353394,30.73,76.78,Normal,-0.18542220900289985,Inland,20.2,16.671756959709136,20.046902368551386,5.865985726785775,7.120259344267085,5.865985726785775,0.003017701512931256,0.0
chennai,2026-09-02,0.8,0.0,13.08,80.27,Normal,-0.18542220900289985,East coast,0.8,0.0,0.0,0.33719031333197674,0.0,0.33719031333197674,0.00014086222054433448,0.0
dehradun,2026-09-02,23.299999999999997,6.9432053565979,30.32,78.03,Normal,-0.18542220900289985,Hill / Himalayan orographic,23.299999999999997,19.25698024272918,23.745406408729792,7.781082113959978,5.807424234492334,7.781082113959978,0.026029578677121402,0.0
delhi,2026-09-02,4.8,2.7367453575134277,28.61,77.21,Normal,-0.18542220900289985,Inland,4.8,2.014111682772637,2.1824090516567223,1.9704504660866822,0.9165692821612759,1.9704504660866822,0.000550710665990263,0.0
gangtok,2026-09-02,10.7,26.57552719116211,27.33,88.61,Normal,-0.18542220900289985,Hill / Himalayan orographic,10.7,7.5876658058166475,8.730974306271772,9.174404518676962,8.382447446021809,9.174404518676962,0.00485134871734733,0.0
guwahati,2026-09-02,1.5,14.19855785369873,26.14,91.74,Normal,-0.18542220900289985,Inland,1.5,0.09090713858604432,0.052086722478270536,5.051939020084002,6.013799736259693,5.051939020084002,0.00019391070860130225,0.0
hyderabad,2026-09-02,1.0,4.398191452026367,17.39,78.49,Normal,-0.18542220900289985,Inland,1.0,0.0,0.0,0.796099899612627,0.0,0.796099899612627,0.00017879552591137002,0.0
jabalpur,2026-09-02,25.1,11.338301658630371,23.18,79.95,Normal,-0.18542220900289985,Inland,25.1,20.49138818656874,26.19673650966602,7.4903481346156315,10.127416930638109,7.4903481346156315,0.016405378868036728,0.0
jaipur,2026-09-02,0.7000000000000001,0.0,26.91,75.79,Normal,-0.18542220900289985,Inland,0.7000000000000001,0.0,0.0,0.46750696112881296,0.0,0.46750696112881296,0.00021526083613387074,0.0
jodhpur,2026-09-02,0.0,0.0,26.24,73.02,Normal,-0.18542220900289985,Inland,0.0,0.0,0.0,0.010819772562148984,0.0,0.010819772562148984,0.0001418404164392077,0.0
kochi,2026-09-02,1.2000000000000002,0.0,9.93,76.27,Normal,-0.18542220900289985,West-coast orographic,1.2000000000000002,0.0018179754260927853,0.0,1.0097601688777875,0.1540253727183198,1.0097601688777875,0.0001704124815701857,0.0
kolkata,2026-09-02,36.2,23.50339126586914,22.57,88.36,Normal,-0.18542220900289985,East coast,36.2,29.2574303627014,43.893103513624524,26.077598950692416,38.59425918688669,26.077598950692416,0.15107982681804502,0.0
lucknow,2026-09-02,50.0,36.899864196777344,26.85,80.95,Normal,-0.18542220900289985,Inland,50.0,39.57507444580369,54.33557656814825,10.444117337633717,17.975802876366025,10.444117337633717,0.0064240121701027355,0.0
madurai,2026-09-02,2.2,0.0,9.93,78.12,Normal,-0.18542220900289985,Inland,2.2,0.29809588342905086,0.24905142128467558,0.7830833356404895,0.0,0.7830833356404895,0.0001463011784120097,0.0
mangaluru,2026-09-02,6.1,3.1209311485290527,12.91,74.86,Normal,-0.18542220900289985,West-coast orographic,6.1,2.8140660047531116,2.9389248108863817,4.2553108002259075,2.929840326438576,4.2553108002259075,0.00029313841336170004,0.0
mumbai,2026-09-02,4.4,4.257719993591309,19.08,72.88,Normal,-0.18542220900289985,West-coast orographic,4.4,1.5757714827855287,1.5909885803269752,4.717221318122331,3.7196957336794805,4.717221318122331,0.0008967144807525177,0.0
nagpur,2026-09-02,2.0,0.05490860715508461,21.15,79.09,Normal,-0.18542220900289985,Inland,2.0,0.21821078248322007,0.17344485223293304,1.7678168746710197,0.6817747255394841,1.7678168746710197,0.00018769140764784097,0.0
panaji,2026-09-02,22.1,9.726802825927734,15.49,73.83,Normal,-0.18542220900289985,West-coast orographic,22.1,18.389443488348096,11.30475347227597,6.3976732180168305,5.084431240410975,6.3976732180168305,0.0017626965744191648,0.0
patna,2026-09-02,16.400000000000002,17.318735122680664,25.59,85.14,Normal,-0.18542220900289985,Inland,16.400000000000002,13.048550024389582,15.001403026580816,7.267960372869538,9.755186150156723,7.267960372869538,0.001195481792805544,0.0
pune,2026-09-02,4.2,0.0,18.52,73.86,Normal,-0.18542220900289985,Inland,4.2,1.4636770476374685,1.5151067000627534,1.345399578918593,0.236506316667762,1.345399578918593,0.0002505173876790981,0.0
raipur,2026-09-02,9.8,1.062676191329956,21.25,81.63,Normal,-0.18542220900289985,Inland,9.8,6.512941956520075,7.041757702827455,5.935705858425005,7.188125329871425,5.935705858425005,0.02074988459834803,0.0
ranchi,2026-09-02,17.9,31.459543228149414,23.34,85.31,Normal,-0.18542220900289985,Inland,17.9,14.707271233881565,17.41217082818877,9.060898466955065,13.200430343246373,9.060898466955065,0.0017337997591608493,0.0
shillong,2026-09-02,6.2,39.243682861328125,25.58,91.89,Normal,-0.18542220900289985,Hill / Himalayan orographic,6.2,2.9662615656852713,3.2053165382848072,4.783612526565411,2.851339562760496,4.783612526565411,0.0006473389470368701,0.0
shimla,2026-09-02,13.6,25.464706420898438,31.1,77.17,Normal,-0.18542220900289985,Hill / Himalayan orographic,13.6,10.514206205308444,13.351895752145296,2.6805277766569966,1.0256007020587998,2.6805277766569966,0.0050640606998005825,0.0
srinagar,2026-09-02,8.5,4.00662899017334,34.08,74.8,Normal,-0.18542220900289985,Hill / Himalayan orographic,8.5,4.995900306701661,4.975526539035199,0.15160708289461294,0.0,0.15160708289461294,0.0007685915189429093,0.0
surat,2026-09-02,0.8,0.5289862751960754,21.17,72.83,Normal,-0.18542220900289985,West-coast orographic,0.8,0.0,0.0,0.4076319694289772,0.0,0.4076319694289772,0.00030498519834060384,0.0
thiruvananthapuram,2026-09-02,0.4,0.0,8.52,76.94,Normal,-0.18542220900289985,West-coast orographic,0.4,0.0,0.0,0.24599580024160286,0.0,0.24599580024160286,0.00012721867516469814,0.0
varanasi,2026-09-02,28.1,16.01776695251465,25.32,82.97,Normal,-0.18542220900289985,Inland,28.1,22.943803155480328,29.526832974554303,9.256364184726168,13.940852028563024,9.256364184726168,0.04107515651083646,0.0
vijayawada,2026-09-02,0.8,0.0,16.51,80.65,Normal,-0.18542220900289985,Inland,0.8,0.0,0.0,1.198211056780632,0.15469555980777427,1.198211056780632,0.000239953830001398,0.0
visakhapatnam,2026-09-02,2.1,0.0,17.69,83.22,Normal,-0.18542220900289985,East coast,2.1,0.2443400070071222,0.0696485031396152,1.3398047798218555,0.3464676704691591,1.3398047798218555,0.00023647174917807215,0.0
agartala,2026-09-03,4.5,4.037816524505615,23.83,91.29,Normal,0.26879759493749156,Inland,4.5,1.6957651429706082,1.872962055802346,8.374786350304682,12.134460332324647,8.374786350304682,0.00046678856860597973,0.0
ahmedabad,2026-09-03,0.1,0.0,23.02,72.57,Normal,0.26879759493749156,Inland,0.1,0.0,0.0,0.0580300332133696,0.0,0.0580300332133696,0.00020296891008901246,0.0
amritsar,2026-09-03,2.6,0.0,31.63,74.87,Normal,0.26879759493749156,Inland,2.6,0.5210249781608582,0.5164511954784394,1.2841778477626995,0.19443000924846454,1.2841778477626995,0.0020498056063145407,0.0
bengaluru,2026-09-03,3.3,1.6505608558654785,12.97,77.59,Normal,0.26879759493749156,Inland,3.3,0.8953342318534859,0.8903062683343881,1.2202901804632513,0.16925109949140593,1.2202901804632513,0.00041026281467771244,0.0
bhopal,2026-09-03,13.4,1.6026957035064697,23.26,77.41,Normal,0.26879759493749156,Inland,13.4,10.182095696032059,11.643482034913792,6.661907043607848,8.485126629655412,6.661907043607848,0.018786994981190838,0.0
bhubaneswar,2026-09-03,2.9,2.7432658672332764,20.3,85.82,Normal,0.26879759493749156,East coast,2.9,0.6478647604584693,0.11354943825543379,0.8598040908890449,0.08475008282873375,0.8598040908890449,0.0005371986501870937,0.0
chandigarh,2026-09-03,6.9,6.835815906524658,30.73,76.78,Normal,0.26879759493749156,Inland,6.9,3.638628304004669,4.23934684753418,3.3281089873221545,3.099594301988653,3.3281089873221545,0.006265735579481101,0.0
chennai,2026-09-03,0.1,0.0,13.08,80.27,Normal,0.26879759493749156,East coast,0.1,0.0,0.0,0.17830234220171096,0.0,0.17830234220171096,0.0001621441716360571,0.0
dehradun,2026-09-03,18.3,32.28029251098633,30.32,78.03,Normal,0.26879759493749156,Hill / Himalayan orographic,18.3,14.964840599495604,19.52371851694277,8.664626263645914,7.733013313528729,8.664626263645914,0.013066540186592304,0.0
delhi,2026-09-03,10.5,1.1814205646514893,28.61,77.21,Normal,0.26879759493749156,Inland,10.5,7.42102651596069,7.930304038253011,5.781086257278142,7.037617702033309,5.781086257278142,0.005202118241605808,0.0
gangtok,2026-09-03,1.7,11.660117149353027,27.33,88.61,Normal,0.26879759493749156,Hill / Himalayan orographic,1.7,0.11834350414574148,0.4236093592643738,4.714595103532999,2.843175290907783,4.714595103532999,0.0002516939188541358,0.0
guwahati,2026-09-03,6.2,0.0,26.14,91.74,Normal,0.26879759493749156,Inland,6.2,2.9662615656852713,3.418697150763091,5.572213203276155,6.785924492777769,5.572213203276155,0.00044622696146603334,0.0
hyderabad,2026-09-03,0.4,1.3207207918167114,17.39,78.49,Normal,0.26879759493749156,Inland,0.4,0.0,0.0,0.696414591327203,0.0,0.696414591327203,0.0002042836703881719,0.0
jabalpur,2026-09-03,30.4,38.81059646606445,23.18,79.95,Normal,0.26879759493749156,Inland,30.4,24.967354794206294,31.39888569185871,13.500179823119892,24.574223749613555,13.500179823119892,0.09541717123072489,0.0
jaipur,2026-09-03,3.9,0.13749679923057556,26.91,75.79,Normal,0.26879759493749156,Inland,3.9,1.2134096860885617,1.2559393715858462,1.6383409817918466,0.5472444483757039,1.6383409817918466,0.0005499837509868696,0.0
jodhpur,2026-09-03,0.0,0.0,26.24,73.02,Normal,0.26879759493749156,Inland,0.0,0.0,0.0,0.013145344551192113,0.0,0.013145344551192113,0.000161085140681943,0.0
kochi,2026-09-03,3.6,0.0,9.93,76.27,Normal,0.26879759493749156,West-coast orographic,3.6,1.0829238653182982,0.8563794824179365,3.858633145729803,2.452715805724437,3.858633145729803,0.0005068747506686167,0.0
kolkata,2026-09-03,22.900000000000002,68.07449340820312,22.57,88.36,Normal,0.26879759493749156,East coast,22.900000000000002,19.018845686912535,20.957344678114563,9.697447377620431,15.460990192980248,9.697447377620431,0.08555791661443292,0.0
lucknow,2026-09-03,12.0,4.222838878631592,26.85,80.95,Normal,0.26879759493749156,Inland,12.0,8.711824062892365,9.503609902891387,9.142437121119425,13.509297741699976,9.142437121119425,0.01320255987415185,0.0
madurai,2026-09-03,1.4000000000000001,20.40458106994629,9.93,78.12,Normal,0.26879759493749156,Inland,1.4000000000000001,0.07143270522356042,0.03136872041970498,0.294961982440986,0.0,0.294961982440986,0.00021558425443001804,0.0
mangaluru,2026-09-03,8.6,0.32342830300331116,12.91,74.86,Normal,0.26879759493749156,West-coast orographic,8.6,5.043260579109193,4.108308120455058,7.820062786764554,5.364409720509773,7.820062786764554,0.0016071480430496772,0.0
mumbai,2026-09-03,7.0,5.478837490081787,19.08,72.88,Normal,0.26879759493749156,West-coast orographic,7.0,3.730794502629172,3.431177439689637,10.391717108154033,9.718259338778127,10.391717108154033,0.003369081721261183,0.0
nagpur,2026-09-03,6.5,9.653395652770996,21.15,79.09,Normal,0.26879759493749156,Inland,6.5,3.2632655461629225,3.7507845523717593,2.5493874247806056,1.9273404131244636,2.5493874247806056,0.0004904841685561072,0.0
panaji,2026-09-03,16.4,12.989325523376465,15.49,73.83,Normal,0.26879759493749156,West-coast orographic,16.4,13.048550024389579,8.258505859982437,8.288091979268115,5.790854822495872,8.288091979268115,0.001719259368833947,0.0
patna,2026-09-03,12.0,5.071717262268066,25.59,85.14,Normal,0.26879759493749156,Inland,12.0,8.711824062892365,9.503609902891387,9.083501107366988,13.286048861405146,9.083501107366988,0.002701574586878646,0.0
pune,2026-09-03,2.1,6.410261631011963,18.52,73.86,Normal,0.26879759493749156,Inland,2.1,0.2443400070071222,0.1922094514966011,0.9666336929230572,0.03955388770729392,0.9666336929230572,0.0001455379352010934,0.0
raipur,2026-09-03,22.1,13.867542266845703,21.25,81.63,Normal,0.26879759493749156,Inland,22.1,18.389443488348096,22.698493015410815,9.002280146898732,12.978384882684505,9.002280146898732,0.06239924165887398,0.0
ranchi,2026-09-03,2.3,5.446104526519775,23.34,85.31,Normal,0.26879759493749156,Inland,2.3,0.3761357069015503,0.307640773653984,3.9540175629649275,4.311146493435812,3.9540175629649275,0.001784772868081985,0.0
shillong,2026-09-03,7.2,3.7221784591674805,25.58,91.89,Normal,0.26879759493749156,Hill / Himalayan orographic,7.2,3.938759577020679,3.9781734318960273,5.130725581357125,3.2121526206845923,5.130725581357125,0.00371872589846973,0.0
shimla,2026-09-03,9.8,10.451937675476074,31.1,77.17,Normal,0.26879759493749156,Hill / Himalayan orographic,9.8,6.512941956520075,7.686100172996521,1.4771479430547476,0.3525117890574611,1.4771479430547476,0.0009719790665666821,0.0
srinagar,2026-09-03,4.6,0.0,34.08,74.8,Normal,0.26879759493749156,Hill / Himalayan orographic,4.6,1.8132609685262018,2.527584609764707,0.6170305490493136,0.0,0.6170305490493136,0.0003923301764988548,0.0
surat,2026-09-03,1.8,0.8761691451072693,21.17,72.83,Normal,0.26879759493749156,West-coast orographic,1.8,0.15301306545734397,0.0,1.2032583862232002,0.5022613020107457,1.2032583862232002,0.0003251585135559412,0.0
thiruvananthapuram,2026-09-03,0.7000000000000001,0.0,8.52,76.94,Normal,0.26879759493749156,West-coast orographic,0.7000000000000001,0.0,0.0,0.27996656705577394,0.0,0.27996656705577394,0.00018489385150832727,0.0
varanasi,2026-09-03,24.8,4.0439629554748535,25.32,82.97,Normal,0.26879759493749156,Inland,24.8,20.215105804107473,25.862642217787357,10.021600644441044,16.964181937643673,10.021600644441044,0.0711910841440842,0.0
vijayawada,2026-09-03,0.8,0.09260683506727219,16.51,80.65,Normal,0.26879759493749156,Inland,0.8,0.0,0.0,1.132147921260212,0.11349366009461788,1.132147921260212,0.00028975559399035955,0.0
visakhapatnam,2026-09-03,2.6,0.0,17.69,83.22,Normal,0.26879759493749156,East coast,2.6,0.5210249781608582,0.09059505009038932,1.2355567353350994,0.31926611685209394,1.2355567353350994,0.0008190767711609941,0.0
agartala,2026-09-04,3.0,2.4989821910858154,23.83,91.29,Normal,0.014522423168834862,Inland,3.0,0.6902325272560119,0.6963370299339297,8.428379037092679,12.211525814024863,8.428379037092679,0.000559792947506327,0.0
ahmedabad,2026-09-04,0.0,0.0,23.02,72.57,Normal,0.014522423168834862,Inland,0.0,0.0,0.0,0.019208730079986608,0.0,0.019208730079986608,0.0002150123738669627,0.0
amritsar,2026-09-04,0.1,0.0,31.63,74.87,Normal,0.014522423168834862,Inland,0.1,0.0,0.0,0.5178498966493741,0.0,0.5178498966493741,0.0003964363596931903,0.0
bengaluru,2026-09-04,2.7,3.876821517944336,12.97,77.59,Normal,0.014522423168834862,Inland,2.7,0.5632609859108926,0.5618461751937867,1.2545206370104436,0.18307645961133182,1.2545206370104436,0.0004197498588865536,0.0
bhopal,2026-09-04,24.5,9.755139350891113,23.26,77.41,Normal,0.014522423168834862,Inland,24.5,19.97138391017913,25.53392968833402,9.329796504751743,14.179951248244047,9.329796504751743,0.05740360261462748,0.0
bhubaneswar,2026-09-04,1.7,0.042187366634607315,20.3,85.82,Normal,0.014522423168834862,East coast,1.7,0.11834350414574148,0.01404997504447442,0.8733855184685314,0.08512669503477618,0.8733855184685314,0.00023008368035331588,0.0
chandigarh,2026-09-04,0.2,43.63813018798828,30.73,76.78,Normal,0.014522423168834862,Inland,0.2,0.0,0.0,0.6188721385868202,0.0,0.6188721385868202,0.0003723632580009884,0.0
chennai,2026-09-04,8.8,10.962789535522461,13.08,80.27,Normal,0.014522423168834862,East coast,8.8,5.273624920845034,4.626325283050537,1.9016424595681538,1.0746213445952075,1.9016424595681538,0.002214944296624377,0.0
dehradun,2026-09-04,2.7,3.812687635421753,30.32,78.03,Normal,0.014522423168834862,Hill / Himalayan orographic,2.7,0.5632609859108926,1.1655787050842057,2.5778945160152325,0.9158613102584091,2.5778945160152325,0.000677294731357684,0.0
delhi,2026-09-04,7.5,0.7234600186347961,28.61,77.21,Normal,0.014522423168834862,Inland,7.5,4.3380458427198025,4.7367129745483405,6.049064044407884,7.298468853860402,6.049064044407884,0.007779341015435844,0.0
gangtok,2026-09-04,2.6,7.357221603393555,27.33,88.61,Normal,0.014522423168834862,Hill / Himalayan orographic,2.6,0.5210249781608582,1.1318599299747163,7.352920121199705,4.9742912940359965,7.352920121199705,0.0006482889885199972,0.0
guwahati,2026-09-04,23.7,10.65594482421875,26.14,91.74,Normal,0.014522423168834862,Inland,23.7,19.495114798545835,24.657362943125122,6.502085888530359,8.160234502034825,6.502085888530359,0.004333056929994915,0.0
hyderabad,2026-09-04,1.0,0.0,17.39,78.49,Normal,0.014522423168834862,Inland,1.0,0.0,0.0,0.8203549996385586,0.0,0.8203549996385586,0.00020367678227686256,0.0
jabalpur,2026-09-04,34.1,8.968439102172852,23.18,79.95,Normal,0.014522423168834862,Inland,34.1,27.626550208197695,34.43786384491148,20.018730007505074,36.54531568843738,20.018730007505074,0.13012899880069928,0.0
jaipur,2026-09-04,18.9,0.0,26.91,75.79,Normal,0.014522423168834862,Inland,18.9,15.36296987671782,18.608937787344292,5.794736255849854,7.050904690809529,5.794736255849854,0.0032308335992633813,0.0
jodhpur,2026-09-04,0.0,0.0,26.24,73.02,Normal,0.014522423168834862,Inland,0.0,0.0,0.0,0.03322203871957513,0.0,0.03322203871957513,0.0001706437925498587,0.0
kochi,2026-09-04,14.5,0.0,9.93,76.27,Normal,0.014522423168834862,West-coast orographic,14.5,11.565997469425207,7.177169336476961,9.697975356131813,8.066258578168062,9.697975356131813,0.02495220414242929,0.0
kolkata,2026-09-04,6.6,10.235962867736816,22.57,88.36,Normal,0.014522423168834862,East coast,6.6,3.335669755935669,1.37742060581843,3.3089867453795074,2.922003204546852,3.3089867453795074,0.0006021096250220173,0.0
lucknow,2026-09-04,6.0,10.0405855178833,26.85,80.95,Normal,0.014522423168834862,Inland,6.0,2.7678412377834314,3.1975789296627064,3.821342683314768,4.150575141133148,3.821342683314768,0.0008868955426813253,0.0
madurai,2026-09-04,0.5,7.147037982940674,9.93,78.12,Normal,0.014522423168834862,Inland,0.5,0.0,0.0,0.3692403139040878,0.0,0.3692403139040878,0.00022057048477668137,0.0
mangaluru,2026-09-04,14.9,2.9966015815734863,12.91,74.86,Normal,0.014522423168834862,West-coast orographic,14.9,11.88670784990553,7.324811733126784,10.696833901485782,10.363160055900126,10.696833901485782,0.0157858342856529,0.0
mumbai,2026-09-04,2.6,1.5778412818908691,19.08,72.88,Normal,0.014522423168834862,West-coast orographic,2.6,0.5210249781608582,0.40654914876572174,4.69016422926302,3.6748771870461674,4.69016422926302,0.00286953091175341,0.0
nagpur,2026-09-04,1.7999999999999998,2.7731964588165283,21.15,79.09,Normal,0.014522423168834862,Inland,1.7999999999999998,0.1530130654573439,0.12082519367337212,1.644866220165574,0.5527595667720627,1.644866220165574,0.00021381035371253012,0.0
panaji,2026-09-04,23.7,8.12071418762207,15.49,73.83,Normal,0.014522423168834862,West-coast orographic,23.7,19.495114798545835,11.960800219936566,7.222499018574392,5.204544613384655,7.222499018574392,0.004016428335985861,0.0
patna,2026-09-04,2.6,0.6130241751670837,25.59,85.14,Normal,0.014522423168834862,Inland,2.6,0.5210249781608582,0.5164511954784394,2.5058936589117686,1.8641689749341581,2.5058936589117686,0.0005577328470463831,0.0
pune,2026-09-04,2.0,0.7981942296028137,18.52,73.86,Normal,0.014522423168834862,Inland,2.0,0.21821078248322007,0.17344485223293304,0.9317729627477874,0.017321998904266073,0.9317729627477874,0.00014182503709489879,0.0
raipur,2026-09-04,12.700000000000001,19.292327880859375,21.25,81.63,Normal,0.014522423168834862,Inland,12.700000000000001,9.299302857497644,10.079759504264935,8.759811521068894,12.643729655404686,8.759811521068894,0.0457288538577808,0.0
ranchi,2026-09-04,2.6,0.0529266856610775,23.34,85.31,Normal,0.014522423168834862,Inland,2.6,0.5210249781608582,0.5164511954784394,3.3225165097077016,3.0834861001186,3.3225165097077016,0.0005250292760651008,0.0
shillong,2026-09-04,15.700000000000001,4.059505462646484,25.58,91.89,Normal,0.014522423168834862,Hill / Himalayan orographic,15.700000000000001,12.431382038223907,16.317618368789653,3.5780628950866142,1.685152160529694,3.5780628950866142,0.0051765568366690445,0.0
shimla,2026-09-04,6.1000000000000005,0.0,31.1,77.17,Normal,0.014522423168834862,Hill / Himalayan orographic,6.1000000000000005,2.814066004753113,3.1889732909202584,2.3786186943896768,0.7205681924230894,2.3786186943896768,0.0004915728405781591,0.0
srinagar,2026-09-04,4.0,1.4874752759933472,34.08,74.8,Normal,0.014522423168834862,Hill / Himalayan orographic,4.0,1.2556222200393674,1.8573714197351685,0.8080863426166351,1.6681209082475225e-05,0.8080863426166351,0.0005127253827389282,0.0
surat,2026-09-04,1.1,0.0,21.17,72.83,Normal,0.014522423168834862,West-coast orographic,1.1,0.0,0.0,0.4076319694289772,0.0,0.4076319694289772,0.0003444497822925355,0.0
thiruvananthapuram,2026-09-04,1.5,0.0,8.52,76.94,Normal,0.014522423168834862,West-coast orographic,1.5,0.09090713858604432,0.0,0.6073590411257429,0.0,0.6073590411257429,0.00018761677343710493,0.0
varanasi,2026-09-04,4.9,9.614413261413574,25.32,82.97,Normal,0.014522423168834862,Inland,4.9,2.09809103012085,2.2681568622589108,3.0408014365217015,2.5023671024434213,3.0408014365217015,0.0016823911442622318,0.0
vijayawada,2026-09-04,4.6000000000000005,0.0,16.51,80.65,Normal,0.014522423168834862,Inland,4.6000000000000005,1.8132609685262029,1.9698007893562322,2.594831091223726,1.9846386333465147,2.594831091223726,0.0009044038118479227,0.0
visakhapatnam,2026-09-04,3.0,0.06204475462436676,17.69,83.22,Normal,0.014522423168834862,East coast,3.0,0.6902325272560119,0.1253802028776125,1.269999171727258,0.32825321857506856,1.269999171727258,0.0007819799642026756,0.0
agartala,2026-09-05,4.0,11.566143989562988,23.83,91.29,Normal,0.14228786869167323,Inland,4.0,1.2556222200393674,1.3391918247938162,8.017165739185984,11.618115309218183,8.017165739185984,0.000504155890763844,0.0
ahmedabad,2026-09-05,0.1,0.0,23.02,72.57,Normal,0.14228786869167323,Inland,0.1,0.0,0.0,0.0580300332133696,0.0,0.0580300332133696,0.0002150123738669627,0.0
amritsar,2026-09-05,5.2,5.6830878257751465,31.63,74.87,Normal,0.14228786869167323,Inland,5.2,2.28779357671738,2.5157221579551696,1.3348864737530126,0.22928089790670197,1.3348864737530126,0.000792301830143704,0.0
bengaluru,2026-09-05,1.5,8.548032760620117,12.97,77.59,Normal,0.14228786869167323,Inland,1.5,0.09090713858604432,0.052086722478270536,1.0613381979735037,0.0736633998647005,1.0613381979735037,0.0001675123658661493,0.0
bhopal,2026-09-05,13.0,26.3914794921875,23.26,77.41,Normal,0.14228786869167323,Inland,13.0,9.625671978654537,10.638840837478641,5.626244016609593,6.874739448327932,5.626244016609593,0.014940250456983802,0.0
bhubaneswar,2026-09-05,3.4,0.0,20.3,85.82,Normal,0.14228786869167323,East coast,3.4,0.9660986721515659,0.21099372021563637,0.8589582994257843,0.08472662908007839,0.8589582994257843,0.0005698469380229008,0.0
chandigarh,2026-09-05,7.300000000000001,35.95228576660156,30.73,76.78,Normal,0.14228786869167323,Inland,7.300000000000001,4.1097013661201975,4.529733421802522,6.2462787722532775,7.639553562840771,6.2462787722532775,0.008319283097733741,0.0
chennai,2026-09-05,4.9,0.2631383240222931,13.08,80.27,Normal,0.14228786869167323,East coast,4.9,2.09809103012085,0.6827347956182068,0.9083129378566102,0.09326037569680377,0.9083129378566102,0.0003663560751340809,0.0
dehradun,2026-09-05,4.699999999999999,4.15025520324707,30.32,78.03,Normal,0.14228786869167323,Hill / Himalayan orographic,4.699999999999999,1.9301323354244235,2.5668035359531123,3.353147336854106,1.4831341246750558,3.353147336854106,0.0008735394875378291,0.0
delhi,2026-09-05,23.0,6.080350875854492,28.61,77.21,Normal,0.14228786869167323,Inland,23.0,19.0783793258667,23.890367041067336,12.297529496708862,22.06905468659504,12.297529496708862,0.0771363095821877,0.0
gangtok,2026-09-05,5.1,4.640847682952881,27.33,88.61,Normal,0.14228786869167323,Hill / Himalayan orographic,5.1,2.2245593945185362,2.685275326477238,8.687317849657203,7.745513276738675,8.687317849657203,0.0007373592289485644,0.0
guwahati,2026-09-05,6.8,4.83929967880249,26.14,91.74,Normal,0.14228786869167323,Inland,6.8,3.537642121315002,4.107215282917022,5.551232640735217,6.751436991766237,5.551232640735217,0.004072907237731734,0.0
hyderabad,2026-09-05,1.1,0.0,17.39,78.49,Normal,0.14228786869167323,Inland,1.1,0.0,0.0,0.7927197503586678,0.0,0.7927197503586678,0.00020900858510387047,0.0
jabalpur,2026-09-05,6.4,4.612009525299072,23.18,79.95,Normal,0.14228786869167323,Inland,6.4,3.1908613363901766,3.658616951060809,2.7315546969178324,2.1125692139199432,2.7315546969178324,0.0006946636094064634,0.0
jaipur,2026-09-05,22.5,23.37516212463379,26.91,75.79,Normal,0.14228786869167323,Inland,22.5,18.750084513709655,23.342512825311776,7.898311400476646,11.446509298940416,7.898311400476646,0.013959516173253075,0.0
jodhpur,2026-09-05,0.8,0.0,26.24,73.02,Normal,0.14228786869167323,Inland,0.8,0.0,0.0,0.27659129561329227,0.0,0.27659129561329227,0.0001706437925498587,0.0
kochi,2026-09-05,1.6,0.0,9.93,76.27,Normal,0.14228786869167323,West-coast orographic,1.6,0.10462532136589292,0.0,1.6682606821755712,0.7314314546388837,1.6682606821755712,0.0002513120356896325,0.0
kolkata,2026-09-05,11.700000000000001,0.0,22.57,88.36,Normal,0.14228786869167323,East coast,11.700000000000001,8.509315218244277,8.088727986922951,4.356693047669219,4.919765336330295,4.356693047669219,0.007327947733954718,0.0
lucknow,2026-09-05,10.0,6.918900012969971,26.85,80.95,Normal,0.14228786869167323,Inland,10.0,6.798518300056435,7.316190810203554,5.543953927595743,6.7394723637315765,5.543953927595743,0.008216809636170103,0.0
madurai,2026-09-05,0.7000000000000001,0.0,9.93,78.12,Normal,0.14228786869167323,Inland,0.7000000000000001,0.0,0.0,0.37058811575339734,0.0,0.37058811575339734,0.00022057048477668137,0.0
mangaluru,2026-09-05,1.3,0.0,12.91,74.86,Normal,0.14228786869167323,West-coast orographic,1.3,0.020482685975730434,0.0,1.2383566015114054,0.5207908209106736,1.2383566015114054,0.0001938085737626105,0.0
mumbai,2026-09-05,2.8000000000000003,2.456392526626587,19.08,72.88,Normal,0.14228786869167323,West-coast orographic,2.8000000000000003,0.6054969936609269,0.584325134754181,4.69016422926302,3.6748771870461674,4.69016422926302,0.0029444432929172783,0.0
nagpur,2026-09-05,3.6,9.597953796386719,21.15,79.09,Normal,0.14228786869167323,Inland,3.6,1.0829238653182982,1.0819398069381712,1.8034275697427902,0.7176504438158438,1.8034275697427902,0.0005952914212129215,0.0
panaji,2026-09-05,7.1,4.775257587432861,15.49,73.83,Normal,0.14228786869167323,West-coast orographic,7.1,3.822960701253675,3.520723463694255,6.203008008559223,5.037459892689054,6.203008008559223,0.0005864738188385375,0.0
patna,2026-09-05,10.5,0.0,25.59,85.14,Normal,0.14228786869167323,Inland,10.5,7.42102651596069,7.930304038253011,9.9609642019694,16.8127412473016,9.9609642019694,0.0033512918954627284,0.0
pune,2026-09-05,0.6000000000000001,0.7936451435089111,18.52,73.86,Normal,0.14228786869167323,Inland,0.6000000000000001,0.0,0.0,0.30784000504246123,0.0,0.30784000504246123,0.0001455379352010934,0.0
raipur,2026-09-05,1.6,0.4318348467350006,21.25,81.63,Normal,0.14228786869167323,Inland,1.6,0.10462532136589292,0.0652751424908638,1.4953579851977254,0.4072928524486076,1.4953579851977254,0.0003788442023322351,0.0
ranchi,2026-09-05,2.6,0.0,23.34,85.31,Normal,0.14228786869167323,Inland,2.6,0.5210249781608582,0.5164511954784394,3.2666612870517664,2.923112112363197,3.2666612870517664,0.0005250292760651008,0.0
shillong,2026-09-05,4.4,5.84981107711792,25.58,91.89,Normal,0.14228786869167323,Hill / Himalayan orographic,4.4,1.5757714827855287,2.409725772078056,4.5068076236620565,2.6062407207693745,4.5068076236620565,0.0007823178150965158,0.0
shimla,2026-09-05,9.1,0.0,31.1,77.17,Normal,0.14228786869167323,Hill / Himalayan orographic,9.1,5.646360445022585,5.892735671358453,1.4978050070326496,0.35721496307970557,1.4978050070326496,0.0016333117934393038,0.0
srinagar,2026-09-05,26.4,0.0,34.08,74.8,Normal,0.14228786869167323,Hill / Himalayan orographic,26.4,21.65448312154632,27.103655341245858,2.464693803490614,0.7948227963678408,2.464693803490614,0.004496335935662726,0.0
surat,2026-09-05,1.3,0.0,21.17,72.83,Normal,0.14228786869167323,West-coast orographic,1.3,0.020482685975730434,0.0,0.3412507906970529,0.0,0.3412507906970529,0.0003444497822925355,0.0
thiruvananthapuram,2026-09-05,1.9,0.0,8.52,76.94,Normal,0.14228786869167323,West-coast orographic,1.9,0.19208155795931806,0.0,0.5517628535118433,0.0,0.5517628535118433,0.00018761677343710493,0.0
varanasi,2026-09-05,4.9,1.2657215595245361,25.32,82.97,Normal,0.14228786869167323,Inland,4.9,2.09809103012085,2.2681568622589108,2.9873768884932677,2.4415111716871345,2.9873768884932677,0.0016823911442622318,0.0
vijayawada,2026-09-05,0.9,0.0,16.51,80.65,Normal,0.14228786869167323,Inland,0.9,0.0,0.0,1.132147921260212,0.11349366009461788,1.132147921260212,0.00028049858547073294,0.0
visakhapatnam,2026-09-05,0.9,3.2987027168273926,17.69,83.22,Normal,0.14228786869167323,East coast,0.9,0.0,0.0,1.0333017499160706,0.1798011721812163,1.0333017499160706,0.0002703960381317505,0.0
agartala,2026-09-06,8.9,11.739315032958984,23.83,91.29,Normal,-0.29887070160557544,Inland,8.9,5.45662899017334,6.0996289253234925,6.678441080268593,8.518262644860142,6.678441080268593,0.00852741735620489,0.0
ahmedabad,2026-09-06,1.0,0.0,23.02,72.57,Normal,-0.29887070160557544,Inland,1.0,0.0,0.0,0.27401175403857503,0.0,0.27401175403857503,0.00021557859936247715,0.0
amritsar,2026-09-06,6.1,5.625783443450928,31.63,74.87,Normal,-0.29887070160557544,Inland,6.1,2.8140660047531116,3.2809684038162255,1.5134293511007653,0.42240678810050514,1.5134293511007653,0.0007715132194489209,0.0
bengaluru,2026-09-06,0.1,0.0,12.97,77.59,Normal,-0.29887070160557544,Inland,0.1,0.0,0.0,0.30552394837679264,0.0,0.30552394837679264,0.00015854449391936696,0.0
bhopal,2026-09-06,21.6,14.486809730529785,23.26,77.41,Normal,-0.29887070160557544,Inland,21.6,17.938642206646144,21.86803380336884,7.532282889216786,10.19760697307536,7.532282889216786,0.011573724073433296,0.0
bhubaneswar,2026-09-06,2.5,1.648492455482483,20.3,85.82,Normal,-0.29887070160557544,East coast,2.5,0.48681677430868187,0.08634356075903439,0.8100899873119967,0.0827924185261126,0.8100899873119967,0.0005788199261795902,0.0
chandigarh,2026-09-06,12.4,24.397220611572266,30.73,76.78,Normal,-0.29887070160557544,Inland,12.4,9.039314934303018,9.834073166713967,5.093870323693935,6.092501739942969,5.093870323693935,0.007589778573017471,0.0
chennai,2026-09-06,0.0,0.01406124234199524,13.08,80.27,Normal,-0.29887070160557544,East coast,0.0,0.0,0.0,0.06578044710258789,0.0,0.06578044710258789,0.00015187483855470094,0.0
dehradun,2026-09-06,20.6,31.24212646484375,30.32,78.03,Normal,-0.29887070160557544,Hill / Himalayan orographic,20.6,17.034026637060713,21.657456122035306,11.60192846567917,16.144542660593938,11.60192846567917,0.02716660616779803,0.0
delhi,2026-09-06,23.0,7.581384658813477,28.61,77.21,Normal,-0.29887070160557544,Inland,23.0,19.0783793258667,23.890367041067336,11.725368424933633,20.61813545460338,11.725368424933633,0.05077657078089664,0.0
gangtok,2026-09-06,5.7,34.9663200378418,27.33,88.61,Normal,-0.29887070160557544,Hill / Himalayan orographic,5.7,2.6291669368743897,2.860152940688195,8.95218376067151,7.9945697643496345,8.95218376067151,0.0007796719768085392,0.0
guwahati,2026-09-06,12.700000000000001,0.030720427632331848,26.14,91.74,Normal,-0.29887070160557544,Inland,12.700000000000001,9.299302857497644,10.079759504264935,6.559939080150586,8.280771694629937,6.559939080150586,0.0033301161339097727,0.0
hyderabad,2026-09-06,0.0,0.0,17.39,78.49,Normal,-0.29887070160557544,Inland,0.0,0.0,0.0,0.33217860764238133,0.0,0.33217860764238133,0.00020237014431807182,0.0
jabalpur,2026-09-06,6.1,5.602912425994873,23.18,79.95,Normal,-0.29887070160557544,Inland,6.1,2.8140660047531116,3.2809684038162255,2.8619320164005737,2.2571522867984513,2.8619320164005737,0.0007300929762670369,0.0
jaipur,2026-09-06,8.8,44.495018005371094,26.91,75.79,Normal,-0.29887070160557544,Inland,8.8,5.273624920845034,5.978328907489781,2.2604272781014725,1.3774443137087422,2.2604272781014725,0.0023336508780357574,0.0
jodhpur,2026-09-06,0.30000000000000004,0.0,26.24,73.02,Normal,-0.29887070160557544,Inland,0.30000000000000004,0.0,0.0,0.17522164659267725,0.0,0.17522164659267725,0.00016420327847874123,0.0
kochi,2026-09-06,0.5,0.0,9.93,76.27,Normal,-0.29887070160557544,West-coast orographic,0.5,0.0,0.0,1.0774840749507977,0.2545336745233102,1.0774840749507977,0.00017881200767767464,0.0
kolkata,2026-09-06,4.0,0.71312415599823,22.57,88.36,Normal,-0.29887070160557544,East coast,4.0,1.2556222200393674,0.3172417679429056,1.7193230408216698,0.8723231765968911,1.7193230408216698,0.0007083403865059893,0.0
lucknow,2026-09-06,9.3,0.0,26.85,80.95,Normal,-0.29887070160557544,Inland,9.3,5.836091899871831,6.600540283203126,5.1963887372679185,6.23257187746684,5.1963887372679185,0.009648342984946842,0.0
madurai,2026-09-06,2.4,7.398043632507324,9.93,78.12,Normal,-0.29887070160557544,Inland,2.4,0.4526085704565055,0.42441380605101586,0.9344782567132545,0.01927729437991057,0.9344782567132545,0.0004708596573868956,0.0
mangaluru,2026-09-06,1.1,0.0,12.91,74.86,Normal,-0.29887070160557544,West-coast orographic,1.1,0.0,0.0,1.4637043996921757,0.6104483796595918,1.4637043996921757,0.00017696240016465542,0.0
mumbai,2026-09-06,5.4,16.749969482421875,19.08,72.88,Normal,-0.29887070160557544,West-coast orographic,5.4,2.500735712051393,2.5871693740085666,4.47902799232039,3.3598626225728365,4.47902799232039,0.0010784056631169938,0.0
nagpur,2026-09-06,7.2,19.14730453491211,21.15,79.09,Normal,-0.29887070160557544,Inland,7.2,3.938759577020679,4.383205513954163,5.50076906146947,6.668485796459769,5.50076906146947,0.001962826040488899,0.0
panaji,2026-09-06,2.7,1.3635847568511963,15.49,73.83,Normal,-0.29887070160557544,West-coast orographic,2.7,0.5632609859108926,0.4874708652496338,3.6420403400776222,2.019923998177076,3.6420403400776222,0.000804181573184466,0.0
patna,2026-09-06,7.5,1.6832544803619385,25.59,85.14,Normal,-0.29887070160557544,Inland,7.5,4.3380458427198025,4.7367129745483405,6.505572120511992,8.16754163225928,6.505572120511992,0.005588242834884273,0.0
pune,2026-09-06,1.4000000000000001,0.19449739158153534,18.52,73.86,Normal,-0.29887070160557544,Inland,1.4000000000000001,0.07143270522356042,0.03136872041970498,0.38023153650199787,0.0,0.38023153650199787,0.00014091513776479174,0.0
raipur,2026-09-06,2.1,1.6550482511520386,21.25,81.63,Normal,-0.29887070160557544,Inland,2.1,0.2443400070071222,0.1922094514966011,1.6227713305956655,0.5340850103875556,1.6227713305956655,0.0003798417077243627,0.0
ranchi,2026-09-06,0.4,0.0,23.34,85.31,Normal,-0.29887070160557544,Inland,0.4,0.0,0.0,1.6918399634314203,0.6009317603522615,1.6918399634314203,0.0002184833990939677,0.0
shillong,2026-09-06,15.6,3.0022623538970947,25.58,91.89,Normal,-0.29887070160557544,Hill / Himalayan orographic,15.6,12.36329776468411,16.22642352951475,3.4779518033199883,1.5235116453761695,3.4779518033199883,0.009541429997989433,0.0
shimla,2026-09-06,18.7,6.424335956573486,31.1,77.17,Normal,-0.29887070160557544,Hill / Himalayan orographic,18.7,15.222409965109641,19.7342087354906,5.363597357132021,3.2484161551374835,5.363597357132021,0.0019488293537186516,0.0
srinagar,2026-09-06,11.6,0.6150340437889099,34.08,74.8,Normal,-0.29887070160557544,Hill / Himalayan orographic,11.6,8.441812270028247,9.396785572255066,0.6309587235796366,0.0,0.6309587235796366,0.0013556297587431405,0.0
surat,2026-09-06,0.7000000000000001,0.0,21.17,72.83,Normal,-0.29887070160557544,West-coast orographic,0.7000000000000001,0.0,0.0,0.3704991134488992,0.0,0.3704991134488992,0.0003530607314068141,0.0
thiruvananthapuram,2026-09-06,0.2,0.0,8.52,76.94,Normal,-0.29887070160557544,West-coast orographic,0.2,0.0,0.0,0.15710064460995277,0.0,0.15710064460995277,0.0001334894894431065,0.0
varanasi,2026-09-06,3.3000000000000003,2.544677495956421,25.32,82.97,Normal,-0.29887070160557544,Inland,3.3000000000000003,0.8953342318534863,0.8903062683343884,1.642127389972062,0.5504447129813479,1.642127389972062,0.0014803563899887767,0.0
vijayawada,2026-09-06,1.4,19.079368591308594,16.51,80.65,Normal,-0.29887070160557544,Inland,1.4,0.046259237825870686,0.03136872041970493,1.2688798101305008,0.18803903098070424,1.2688798101305008,0.00027159012685189075,0.0
visakhapatnam,2026-09-06,1.7,0.11011721193790436,17.69,83.22,Normal,-0.29887070160557544,East coast,1.7,0.11834350414574148,0.01404997504447442,0.8518949662980041,0.0845307632584851,0.8518949662980041,0.0002676490800214551,0.0
agartala,2026-09-07,10.4,0.31215420365333557,23.83,91.29,Normal,-0.3838756481838144,Inland,10.4,7.298556709289543,7.818737074171942,12.033188690485586,21.397502051122377,12.033188690485586,0.004277857962532836,0.0
ahmedabad,2026-09-07,0.5,0.0,23.02,72.57,Normal,-0.3838756481838144,Inland,0.5,0.0,0.0,0.28884323690561436,0.0,0.28884323690561436,0.00024239756357753185,0.0
amritsar,2026-09-07,0.0,0.0,31.63,74.87,Normal,-0.3838756481838144,Inland,0.0,0.0,0.0,0.11005736903400268,0.0,0.11005736903400268,0.0003401574599501151,0.0
bengaluru,2026-09-07,0.0,0.0,12.97,77.59,Normal,-0.3838756481838144,Inland,0.0,0.0,0.0,0.1784874885854958,0.0,0.1784874885854958,0.0001614187650789601,0.0
bhopal,2026-09-07,14.7,2.2375056743621826,23.26,77.41,Normal,-0.3838756481838144,Inland,14.7,11.750539302825935,12.777156170690656,8.063086809373216,11.684417740648875,8.063086809373216,0.014634710829397725,0.0
bhubaneswar,2026-09-07,0.1,9.61803913116455,20.3,85.82,Normal,-0.3838756481838144,East coast,0.1,0.0,0.0,1.3363978800506269,0.3455787044722303,1.3363978800506269,0.00023775422025574592,0.0
chandigarh,2026-09-07,0.0,2.1350951194763184,30.73,76.78,Normal,-0.3838756481838144,Inland,0.0,0.0,0.0,0.1630501554524553,0.0,0.1630501554524553,0.0003195007316803059,0.0
chennai,2026-09-07,0.0,7.514907360076904,13.08,80.27,Normal,-0.3838756481838144,East coast,0.0,0.0,0.0,0.6496414930696596,0.005433392645384361,0.6496414930696596,0.00016080690280880096,0.0
dehradun,2026-09-07,8.5,0.00991958286613226,30.32,78.03,Normal,-0.3838756481838144,Hill / Himalayan orographic,8.5,4.995900306701661,4.975526539035199,4.351999084401764,2.4073253513559423,4.351999084401764,0.003827424161882017,0.0
delhi,2026-09-07,9.1,0.8768049478530884,28.61,77.21,Normal,-0.3838756481838144,Inland,9.1,5.646360445022585,6.382903019587201,3.109613918403603,2.5706414011888112,3.109613918403603,0.0026310409921372364,0.0
gangtok,2026-09-07,3.9,16.515077590942383,27.33,88.61,Normal,-0.3838756481838144,Hill / Himalayan orographic,3.9,1.2134096860885617,1.792713198230622,8.096162625000488,6.530421622876244,8.096162625000488,0.0007735630322661214,0.0
guwahati,2026-09-07,5.8999999999999995,2.2371268272399902,26.14,91.74,Normal,-0.3838756481838144,Inland,5.8999999999999995,2.7216164708137507,3.1141894555091865,4.75071159710199,5.4943321695993115,4.75071159710199,0.00044199173540118274,0.0
hyderabad,2026-09-07,0.7,13.77873706817627,17.39,78.49,Normal,-0.3838756481838144,Inland,0.7,0.0,0.0,1.0083536236826305,0.056200659572795804,1.0083536236826305,0.0001985955555485516,0.0
jabalpur,2026-09-07,6.3999999999999995,0.0,23.18,79.95,Normal,-0.3838756481838144,Inland,6.3999999999999995,3.190861336390176,3.658616951060808,2.754159478394811,2.137636984761185,2.754159478394811,0.0006809819368271813,0.0
jaipur,2026-09-07,4.800000000000001,0.010025807656347752,26.91,75.79,Normal,-0.3838756481838144,Inland,4.800000000000001,2.0141116827726377,2.182409051656723,1.711970028454007,0.6226527107376638,1.711970028454007,0.00047360144478021,0.0
jodhpur,2026-09-07,0.1,0.0,26.24,73.02,Normal,-0.3838756481838144,Inland,0.1,0.0,0.0,0.038718554545290086,0.0,0.038718554545290086,0.00017486728579511155,0.0
kochi,2026-09-07,0.30000000000000004,0.0,9.93,76.27,Normal,-0.3838756481838144,West-coast orographic,0.30000000000000004,0.0,0.0,1.0530148886910502,0.21864143983407863,1.0530148886910502,0.00018127724505040117,0.0
kolkata,2026-09-07,17.6,0.0,22.57,88.36,Normal,-0.3838756481838144,East coast,17.6,14.514094209671038,17.145073790227816,10.959709627064203,16.42712234755603,10.959709627064203,0.01329901826421665,0.0
lucknow,2026-09-07,6.5,3.8130574226379395,26.85,80.95,Normal,-0.3838756481838144,Inland,6.5,3.2632655461629225,3.7507845523717593,3.2982697813812307,3.0136474308386814,3.2982697813812307,0.0006412052173403716,0.0
madurai,2026-09-07,5.0,0.0,9.93,78.12,Normal,-0.3838756481838144,Inland,5.0,2.161325212319693,2.36976895570755,0.9565799831574324,0.034219326300587966,0.9565799831574324,0.0003221143917625374,0.0
mangaluru,2026-09-07,0.2,0.0,12.91,74.86,Normal,-0.3838756481838144,West-coast orographic,0.2,0.0,0.0,0.894654065707933,0.018595373129477455,0.894654065707933,0.0001949268262497122,0.0
mumbai,2026-09-07,6.4,9.334851264953613,19.08,72.88,Normal,-0.3838756481838144,West-coast orographic,6.4,3.1908613363901766,3.21904650607875,4.3867679922368294,3.177670773908095,4.3867679922368294,0.0010617981264347722,0.0
nagpur,2026-09-07,2.1,0.7412986159324646,21.15,79.09,Normal,-0.3838756481838144,Inland,2.1,0.2443400070071222,0.1922094514966011,2.0779700157914207,1.0804112997871467,2.0779700157914207,0.0002165264753003445,0.0
panaji,2026-09-07,3.5,0.296221524477005,15.49,73.83,Normal,-0.3838756481838144,West-coast orographic,3.5,1.036863112449646,0.8179617398376081,4.430591178208203,3.264507553637295,4.430591178208203,0.0008857620570003052,0.0
patna,2026-09-07,5.0,0.0,25.59,85.14,Normal,-0.3838756481838144,Inland,5.0,2.161325212319693,2.36976895570755,3.0173057476364606,2.4806472921240177,3.0173057476364606,0.00046409575097800876,0.0
pune,2026-09-07,7.3,1.0853911638259888,18.52,73.86,Normal,-0.3838756481838144,Inland,7.3,4.109701366120196,4.529733421802521,3.657070722630848,3.7700082054536797,3.657070722630848,0.0006631665993165795,0.0
raipur,2026-09-07,1.0,0.24120186269283295,21.25,81.63,Normal,-0.3838756481838144,Inland,1.0,0.0,0.0,0.9447104775788792,0.026672799422889203,0.9447104775788792,0.00036923800469888183,0.0
ranchi,2026-09-07,1.3,1.2511769533157349,23.34,85.31,Normal,-0.3838756481838144,Inland,1.3,0.020482685975730434,0.00425116578117013,1.7425989071332633,0.6557021993213401,1.7425989071332633,0.00022633364513670196,0.0
shillong,2026-09-07,15.2,0.8404953479766846,25.58,91.89,Normal,-0.3838756481838144,Hill / Himalayan orographic,15.2,12.09096067052492,15.861644172415156,3.462494076105499,1.5185106648963096,3.462494076105499,0.0058883597745667425,0.0
shimla,2026-09-07,3.8,4.727609157562256,31.1,77.17,Normal,-0.3838756481838144,Hill / Himalayan orographic,3.8,1.171197152137756,1.7607627181043015,2.704152148777143,1.0508607806329382,2.704152148777143,0.0004338806369950457,0.0
srinagar,2026-09-07,0.0,0.0,34.08,74.8,Normal,-0.3838756481838144,Hill / Himalayan orographic,0.0,0.0,0.0,0.009254158012042381,0.0,0.009254158012042381,0.00023638497437436273,0.0
surat,2026-09-07,0.6000000000000001,0.11846493929624557,21.17,72.83,Normal,-0.3838756481838144,West-coast orographic,0.6000000000000001,0.0,0.0,0.5207593540055758,0.0,0.5207593540055758,0.00040158025494814193,0.0
thiruvananthapuram,2026-09-07,0.1,0.0,8.52,76.94,Normal,-0.3838756481838144,West-coast orographic,0.1,0.0,0.0,0.11552785896301555,0.0,0.11552785896301555,0.0001332695909714857,0.0
varanasi,2026-09-07,2.6,0.0,25.32,82.97,Normal,-0.3838756481838144,Inland,2.6,0.5210249781608582,0.5164511954784394,1.3581674142658664,0.24528136034927556,1.3581674142658664,0.0014489951529823644,0.0
vijayawada,2026-09-07,1.0,1.7272825241088867,16.51,80.65,Normal,-0.3838756481838144,Inland,1.0,0.0,0.0,1.3878033786392905,0.26707550472367025,1.3878033786392905,0.00024053936674214385,0.0
visakhapatnam,2026-09-07,0.30000000000000004,0.19576396048069,17.69,83.22,Normal,-0.3838756481838144,East coast,0.30000000000000004,0.0,0.0,2.372279084660848,1.412030066826369,2.372279084660848,0.00027228288235996216,0.0
agartala,2026-09-08,2.8000000000000003,0.0,23.83,91.29,Normal,-0.791073856675267,Inland,2.8000000000000003,0.6054969936609269,0.6138000547885896,11.003663736241313,19.00429811217123,11.003663736241313,0.0006091237756568991,0.0
ahmedabad,2026-09-08,0.2,0.0,23.02,72.57,Normal,-0.791073856675267,Inland,0.2,0.0,0.0,0.038255197582199175,0.0,0.038255197582199175,0.00022148947206073423,0.0
amritsar,2026-09-08,0.0,0.0,31.63,74.87,Normal,-0.791073856675267,Inland,0.0,0.0,0.0,0.040653523866383934,0.0,0.040653523866383934,0.0003135176853923227,0.0
bengaluru,2026-09-08,0.1,0.0,12.97,77.59,Normal,-0.791073856675267,Inland,0.1,0.0,0.0,0.22782242644156495,0.0,0.22782242644156495,0.00015551329948649322,0.0
bhopal,2026-09-08,0.2,0.852416455745697,23.26,77.41,Normal,-0.791073856675267,Inland,0.2,0.0,0.0,0.4562292976022732,0.0,0.4562292976022732,0.00022870952698946754,0.0
bhubaneswar,2026-09-08,0.6000000000000001,0.0,20.3,85.82,Normal,-0.791073856675267,East coast,0.6000000000000001,0.0,0.0,0.4397544153509436,0.0,0.4397544153509436,0.0002234080790245917,0.0
chandigarh,2026-09-08,0.1,0.3685079514980316,30.73,76.78,Normal,-0.791073856675267,Inland,0.1,0.0,0.0,0.15093448901636025,0.0,0.15093448901636025,0.0002944782330762745,0.0
chennai,2026-09-08,0.0,13.787450790405273,13.08,80.27,Normal,-0.791073856675267,East coast,0.0,0.0,0.0,0.018080734495968056,0.0,0.018080734495968056,0.00015366811179150946,0.0
dehradun,2026-09-08,14.0,4.423232555389404,30.32,78.03,Normal,-0.791073856675267,Hill / Himalayan orographic,14.0,11.104642885923388,13.931556722058993,6.2778607420288095,4.168882364516489,6.2778607420288095,0.016443192698571966,0.0
delhi,2026-09-08,0.1,0.0,28.61,77.21,Normal,-0.791073856675267,Inland,0.1,0.0,0.0,0.20862545832662513,0.0,0.20862545832662513,0.00023234852408123246,0.0
gangtok,2026-09-08,5.6,0.7410343289375305,27.33,88.61,Normal,-0.791073856675267,Hill / Himalayan orographic,5.6,2.5863565286000574,2.850111830141637,12.177712527839734,16.945832470891474,12.177712527839734,0.000821929869686213,0.0
guwahati,2026-09-08,2.4,10.586505889892578,26.14,91.74,Normal,-0.791073856675267,Inland,2.4,0.4526085704565055,0.42441380605101586,9.6934226015094,15.325865554145699,9.6934226015094,0.0007082141408710403,0.0
hyderabad,2026-09-08,0.6000000000000001,0.0,17.39,78.49,Normal,-0.791073856675267,Inland,0.6000000000000001,0.0,0.0,0.90026610462276,0.0030971935819210416,0.90026610462276,0.0001909736761495975,0.0
jabalpur,2026-09-08,8.0,1.7033116817474365,23.18,79.95,Normal,-0.791073856675267,Inland,8.0,4.647108912467957,5.18135479893003,6.431672344591106,8.01264795649222,6.431672344591106,0.004232475224380472,0.0
jaipur,2026-09-08,0.1,0.6023175716400146,26.91,75.79,Normal,-0.791073856675267,Inland,0.1,0.0,0.0,0.10895204964866584,0.0,0.10895204964866584,0.0002470640287830522,0.0
jodhpur,2026-09-08,0.0,0.0,26.24,73.02,Normal,-0.791073856675267,Inland,0.0,0.0,0.0,2.1003221898292274e-05,0.0,2.1003221898292274e-05,0.00016988415105072358,0.0
kochi,2026-09-08,0.5,0.0,9.93,76.27,Normal,-0.791073856675267,West-coast orographic,0.5,0.0,0.0,1.287559637152501,0.5467667450811512,1.287559637152501,0.00016300174184990797,0.0
kolkata,2026-09-08,17.2,0.05466032773256302,22.57,88.36,Normal,-0.791073856675267,East coast,17.2,13.98303797509936,16.745355247008845,3.766969830788087,3.638030055912377,3.766969830788087,0.00666087058437955,0.0
lucknow,2026-09-08,3.8000000000000003,7.821637153625488,26.85,80.95,Normal,-0.791073856675267,Inland,3.8000000000000003,1.1711971521377562,1.192953737974167,2.4372299947437424,1.750260109927493,2.4372299947437424,0.0008418406305166536,0.0
madurai,2026-09-08,0.0,0.0,9.93,78.12,Normal,-0.791073856675267,Inland,0.0,0.0,0.0,0.0491649788417298,0.0,0.0491649788417298,0.0001431577909761732,0.0
mangaluru,2026-09-08,3.1,0.642712414264679,12.91,74.86,Normal,-0.791073856675267,West-coast orographic,3.1,0.7349904909729957,0.6815525402917582,4.951994941485645,4.286455781788808,4.951994941485645,0.00100413931415005,0.0
mumbai,2026-09-08,7.2,0.17561207711696625,19.08,72.88,Normal,-0.791073856675267,West-coast orographic,7.2,3.938759577020679,3.6102694876988735,9.247824147128261,6.952639714245778,9.247824147128261,0.002334497388138667,0.0
nagpur,2026-09-08,0.5,0.00425116578117013,21.15,79.09,Normal,-0.791073856675267,Inland,0.5,0.0,0.0,0.8151729510380209,0.0,0.8151729510380209,0.00019417103204651308,0.0
panaji,2026-09-08,5.6,18.15445327758789,15.49,73.83,Normal,-0.791073856675267,West-coast orographic,5.6,2.5863565286000574,2.669894068276703,3.6233155099407504,2.001365434077291,3.6233155099407504,0.00025090762753534083,0.0
patna,2026-09-08,1.8,2.3171305656433105,25.59,85.14,Normal,-0.791073856675267,Inland,1.8,0.15301306545734397,0.12082519367337216,1.384420325890646,0.2645506493652591,1.384420325890646,0.00023491407511153867,0.0
pune,2026-09-08,5.4,0.0,18.52,73.86,Normal,-0.791073856675267,Inland,5.4,2.500735712051393,2.698870480060578,1.0903881907948219,0.09232242780352642,1.0903881907948219,0.00029033095643740805,0.0
raipur,2026-09-08,1.5,0.0,21.25,81.63,Normal,-0.791073856675267,Inland,1.5,0.09090713858604432,0.052086722478270536,1.4889014988521465,0.4018929883936155,1.4889014988521465,0.00034865565306402984,0.0
ranchi,2026-09-08,3.6,17.052780151367188,23.34,85.31,Normal,-0.791073856675267,Inland,3.6,1.0829238653182982,1.0819398069381712,3.1527755032906133,2.641992561218298,3.1527755032906133,0.0005753739591470188,0.0
shillong,2026-09-08,73.9,1.0934584140777588,25.58,91.89,Normal,-0.791073856675267,Hill / Himalayan orographic,73.9,61.98348106407614,79.56043143979971,32.995787887702576,50.26019425616403,32.995787887702576,0.03647697643926851,1.0
shimla,2026-09-08,0.6000000000000001,7.889294147491455,31.1,77.17,Normal,-0.791073856675267,Hill / Himalayan orographic,0.6000000000000001,0.0,4.305725059811184e-05,0.4634080713876548,0.0,0.4634080713876548,0.0002237309950977675,0.0
srinagar,2026-09-08,0.0,0.0,34.08,74.8,Normal,-0.791073856675267,Hill / Himalayan orographic,0.0,0.0,0.0,0.0,0.0,0.0,0.00021297191495961632,0.0
surat,2026-09-08,0.9,0.8031550645828247,21.17,72.83,Normal,-0.791073856675267,West-coast orographic,0.9,0.0,0.0,0.5569387042857549,0.0,0.5569387042857549,0.0003000698233647313,0.0
thiruvananthapuram,2026-09-08,0.0,0.0,8.52,76.94,Normal,-0.791073856675267,West-coast orographic,0.0,0.0,0.0,0.0458624700034416,0.0,0.0458624700034416,0.0001240201958559453,0.0
varanasi,2026-09-08,6.6,5.386048316955566,25.32,82.97,Normal,-0.791073856675267,Inland,6.6,3.335669755935669,3.842952153682709,2.4277773302721326,1.719867397398202,2.4277773302721326,0.001431220950307201,0.0
vijayawada,2026-09-08,0.6000000000000001,0.0,16.51,80.65,Normal,-0.791073856675267,Inland,0.6000000000000001,0.0,0.0,1.342054486423012,0.23420731045652543,1.342054486423012,0.00023130810234040847,0.0
visakhapatnam,2026-09-08,4.0,0.3848040997982025,17.69,83.22,Normal,-0.791073856675267,East coast,4.0,1.2556222200393674,0.3172417679429056,1.472882001520053,0.5534473217418789,1.472882001520053,0.0007142907959337306,0.0
agartala,2026-09-09,1.7000000000000002,13.960022926330566,23.83,91.29,Normal,-0.7904822506045349,Inland,1.7000000000000002,0.10699139624834071,0.10215572871267802,6.973303166140513,9.324293385141713,6.973303166140513,0.00019188190186454458,0.0
ahmedabad,2026-09-09,0.0,0.0,23.02,72.57,Normal,-0.7904822506045349,Inland,0.0,0.0,0.0,0.00415084524998072,0.0,0.00415084524998072,0.0001298679939143131,0.0
amritsar,2026-09-09,0.0,0.0,31.63,74.87,Normal,-0.7904822506045349,Inland,0.0,0.0,0.0,0.09521841197858802,0.0,0.09521841197858802,0.00020099251805301427,0.0
bengaluru,2026-09-09,0.7000000000000001,6.019927501678467,12.97,77.59,Normal,-0.7904822506045349,Inland,0.7000000000000001,0.0,0.0,0.3995744469784352,0.0,0.3995744469784352,0.00016807699894848298,0.0
bhopal,2026-09-09,0.2,0.0,23.26,77.41,Normal,-0.7904822506045349,Inland,0.2,0.0,0.0,0.4153187807113704,0.0,0.4153187807113704,0.00014303642096802092,0.0
bhubaneswar,2026-09-09,0.6000000000000001,0.0,20.3,85.82,Normal,-0.7904822506045349,East coast,0.6000000000000001,0.0,0.0,0.7036248254989577,0.014907331832965996,0.7036248254989577,0.00021120499591855915,0.0
chandigarh,2026-09-09,0.0,0.0,30.73,76.78,Normal,-0.7904822506045349,Inland,0.0,0.0,0.0,0.19883482615695353,0.0,0.19883482615695353,0.00017572407668051666,0.0
chennai,2026-09-09,0.0,0.0,13.08,80.27,Normal,-0.7904822506045349,East coast,0.0,0.0,0.0,0.14356549900095625,0.0,0.14356549900095625,0.00021578810608765108,0.0
dehradun,2026-09-09,0.5,0.0,30.32,78.03,Normal,-0.7904822506045349,Hill / Himalayan orographic,0.5,0.0,0.0,1.2683473841310156,0.024318884225323016,1.2683473841310156,0.0001797082794293902,0.0
delhi,2026-09-09,0.0,0.0,28.61,77.21,Normal,-0.7904822506045349,Inland,0.0,0.0,0.0,0.10378217073211306,0.0,0.10378217073211306,0.00015102043194239567,0.0
gangtok,2026-09-09,4.5,37.322147369384766,27.33,88.61,Normal,-0.7904822506045349,Hill / Himalayan orographic,4.5,1.7232241922616969,2.5363184970617287,14.51800723614568,21.171677725955686,14.51800723614568,0.001043994425773694,0.0
guwahati,2026-09-09,2.8000000000000003,0.5189805030822754,26.14,91.74,Normal,-0.7904822506045349,Inland,2.8000000000000003,0.6351266992092135,0.6707358020544056,9.344150337376458,14.218353707977224,9.344150337376458,0.0005018584042875628,0.0
hyderabad,2026-09-09,0.1,0.0,17.39,78.49,Normal,-0.7904822506045349,Inland,0.1,0.0,0.0,0.3427340739803435,0.0,0.3427340739803435,0.00017366562560808095,0.0
jabalpur,2026-09-09,1.4,3.842559814453125,23.18,79.95,Normal,-0.7904822506045349,Inland,1.4,0.04656536817550649,0.00425116578117013,0.6342332501961088,0.0,0.6342332501961088,0.0001539762286628278,0.0
jaipur,2026-09-09,1.6,0.0,26.91,75.79,Normal,-0.7904822506045349,Inland,1.6,0.0909052300453186,0.06559108167886728,0.8736123360765543,0.0015028778210348912,0.8736123360765543,0.0001491906381648143,0.0
jodhpur,2026-09-09,0.0,0.0,26.24,73.02,Normal,-0.7904822506045349,Inland,0.0,0.0,0.0,0.0,0.0,0.0,0.00012347220141833447,0.0
kochi,2026-09-09,0.30000000000000004,0.9079473614692688,9.93,76.27,Normal,-0.7904822506045349,West-coast orographic,0.30000000000000004,0.0,0.0,1.4223149214330018,0.5358943837040036,1.4223149214330018,0.0001428590837257147,0.0
kolkata,2026-09-09,11.7,15.119041442871094,22.57,88.36,Normal,-0.7904822506045349,East coast,11.7,8.5359702972731,7.673906694852382,5.387535626959569,5.0657344662048045,5.387535626959569,0.012277546847345337,0.0
lucknow,2026-09-09,5.4,28.404176712036133,26.85,80.95,Normal,-0.7904822506045349,Inland,5.4,2.5018678339322413,2.7502606121699023,2.0714153081409847,1.0779084559574867,2.0714153081409847,0.0005093969365749786,0.0
madurai,2026-09-09,0.5,0.0,9.93,78.12,Normal,-0.7904822506045349,Inland,0.5,0.0,0.0,0.21321175120389577,0.0,0.21321175120389577,0.00015591242059964072,0.0
mangaluru,2026-09-09,3.4,8.815918922424316,12.91,74.86,Normal,-0.7904822506045349,West-coast orographic,3.4,1.0147191101312638,0.9313051017448029,6.751595366091657,5.108442323452631,6.751595366091657,0.001361263854485749,0.0
mumbai,2026-09-09,9.5,1.2426164150238037,19.08,72.88,Normal,-0.7904822506045349,West-coast orographic,9.5,6.115862509437771,4.608150295101467,10.332037923052061,9.682283606472005,10.332037923052061,0.0014863413553945326,0.0
nagpur,2026-09-09,0.1,0.07652097940444946,21.15,79.09,Normal,-0.7904822506045349,Inland,0.1,0.0,0.0,0.3483914155271501,0.0,0.3483914155271501,0.00014340922091754199,0.0
panaji,2026-09-09,7.7,6.168910503387451,15.49,73.83,Normal,-0.7904822506045349,West-coast orographic,7.7,4.457726972103119,3.8360218505785735,7.086141897092746,5.300966017152174,7.086141897092746,0.0003982617579152634,0.0
patna,2026-09-09,3.8,7.812039375305176,25.59,85.14,Normal,-0.7904822506045349,Inland,3.8,1.1848106527328486,1.3088496243953716,1.8311077282282,0.7471591091261403,1.8311077282282,0.0002969217575291915,0.0
pune,2026-09-09,8.6,8.266138076782227,18.52,73.86,Normal,-0.7904822506045349,Inland,8.6,5.067179187774659,5.638674136812444,2.5765325085124227,2.0153631320573493,2.5765325085124227,0.0004902725374639842,0.0
raipur,2026-09-09,2.1,0.15258102118968964,21.25,81.63,Normal,-0.7904822506045349,Inland,2.1,0.2526453781127929,0.19114775711670554,1.788045298649284,0.697192170272949,1.788045298649284,0.00026720863555593726,0.0
ranchi,2026-09-09,3.5,13.110536575317383,23.34,85.31,Normal,-0.7904822506045349,Inland,3.5,1.0653475654125217,1.1226226758956908,2.806691385756768,2.432164491690062,2.806691385756768,0.000283471305795444,0.0
shillong,2026-09-09,117.8,4.030102252960205,25.58,91.89,Normal,-0.7904822506045349,Hill / Himalayan orographic,117.8,89.10888634945726,121.99685418781517,56.564643505025195,115.71367524892901,56.564643505025195,0.2102387197662196,1.0
shimla,2026-09-09,0.30000000000000004,0.0,31.1,77.17,Normal,-0.7904822506045349,Hill / Himalayan orographic,0.30000000000000004,0.0,0.0,0.9848809302579138,0.0,0.9848809302579138,0.00019251958770633406,0.0
srinagar,2026-09-09,0.0,0.0,34.08,74.8,Normal,-0.7904822506045349,Hill / Himalayan orographic,0.0,0.0,0.0,0.0,0.0,0.0,0.0001849456300654442,0.0
surat,2026-09-09,0.4,0.0,21.17,72.83,Normal,-0.7904822506045349,West-coast orographic,0.4,0.0,0.0,0.13351169408086894,0.0,0.13351169408086894,0.0002026362139253294,0.0
thiruvananthapuram,2026-09-09,0.7000000000000001,0.0,8.52,76.94,Normal,-0.7904822506045349,West-coast orographic,0.7000000000000001,0.0,0.0,0.058237189234909434,0.0,0.058237189234909434,0.00011257030124518199,0.0
varanasi,2026-09-09,4.3,0.032558586448431015,25.32,82.97,Normal,-0.7904822506045349,Inland,4.3,1.5543786698579785,1.6974523878097538,1.659761904036224,0.5210561838795882,1.659761904036224,0.0014534183861752772,0.0
vijayawada,2026-09-09,0.1,10.526566505432129,16.51,80.65,Normal,-0.7904822506045349,Inland,0.1,0.0,0.0,0.3556680318953956,0.0,0.3556680318953956,0.0002621527833102666,0.0
visakhapatnam,2026-09-09,2.4,1.53921639919281,17.69,83.22,Normal,-0.7904822506045349,East coast,2.4,0.4305283770390874,0.07329967468976975,1.4506419641406918,0.6538254156718997,1.4506419641406918,0.001768198410574122,0.0
agartala,2026-09-10,5.699999999999999,6.097805023193359,23.83,91.29,Normal,-1.2339084290280853,Inland,5.699999999999999,2.678618892033895,2.9612825164166123,12.15382340632406,21.10233682400387,12.15382340632406,0.001157429256198489,0.0
ahmedabad,2026-09-10,0.4,0.0,23.02,72.57,Normal,-1.2339084290280853,Inland,0.4,0.0,0.0,0.14373992564400137,0.0,0.14373992564400137,0.00011108319115139333,0.0
amritsar,2026-09-10,0.0,0.0,31.63,74.87,Normal,-1.2339084290280853,Inland,0.0,0.0,0.0,0.15816948192003388,0.0,0.15816948192003388,0.00018486518918752902,0.0
bengaluru,2026-09-10,0.0,0.0,12.97,77.59,Normal,-1.2339084290280853,Inland,0.0,0.0,0.0,0.13071606805337216,0.0,0.13071606805337216,0.0001437662355521251,0.0
bhopal,2026-09-10,0.2,0.0,23.26,77.41,Normal,-1.2339084290280853,Inland,0.2,0.0,0.0,0.4349667162594777,0.0,0.4349667162594777,0.00012234709940130574,0.0
bhubaneswar,2026-09-10,34.6,9.383519172668457,20.3,85.82,Normal,-1.2339084290280853,East coast,34.6,29.25553650490696,38.48536207925326,31.280166252317496,38.24817776923399,31.280166252317496,0.045248054693879505,0.0
chandigarh,2026-09-10,0.0,0.0,30.73,76.78,Normal,-1.2339084290280853,Inland,0.0,0.0,0.0,0.28626721419659573,0.0,0.28626721419659573,0.0001616239207211497,0.0
chennai,2026-09-10,0.2,0.0,13.08,80.27,Normal,-1.2339084290280853,East coast,0.2,0.0,0.0,0.37261933075226755,0.0,0.37261933075226755,0.00019126611281348297,0.0
dehradun,2026-09-10,0.1,1.8664718866348267,30.32,78.03,Normal,-1.2339084290280853,Hill / Himalayan orographic,0.1,0.0,0.0,0.60545068454256,0.0,0.60545068454256,0.0001771456146346381,0.0
delhi,2026-09-10,0.0,0.0,28.61,77.21,Normal,-1.2339084290280853,Inland,0.0,0.0,0.0,0.12068377785356232,0.0,0.12068377785356232,0.00013890222893162316,0.0
gangtok,2026-09-10,2.6,5.786808967590332,27.33,88.61,Normal,-1.2339084290280853,Hill / Himalayan orographic,2.6,0.5109650813043125,0.9648695767781377,17.2882774802946,25.2606509167836,17.2882774802946,0.0035238640222982048,0.0
guwahati,2026-09-10,0.0,0.0,26.14,91.74,Normal,-1.2339084290280853,Inland,0.0,0.0,0.0,1.855987105227076,0.7765065979274863,1.855987105227076,0.0001986802820660294,0.0
hyderabad,2026-09-10,1.2,0.0,17.39,78.49,Normal,-1.2339084290280853,Inland,1.2,0.0,0.0,1.0526837989758717,0.05706802692816706,1.0526837989758717,0.0001485466398149576,0.0
jabalpur,2026-09-10,0.2,2.3079473972320557,23.18,79.95,Normal,-1.2339084290280853,Inland,0.2,0.0,0.0,0.46554668717724407,0.0,0.46554668717724407,0.0001273421447345924,0.0
jaipur,2026-09-10,0.6,0.0,26.91,75.79,Normal,-1.2339084290280853,Inland,0.6,0.0,0.0,0.35597632009412905,0.0,0.35597632009412905,0.0001334384966264555,0.0
jodhpur,2026-09-10,0.0,0.0,26.24,73.02,Normal,-1.2339084290280853,Inland,0.0,0.0,0.0,0.0008770207909339517,0.0,0.0008770207909339517,0.0001104352148958555,0.0
kochi,2026-09-10,3.7,0.10044228285551071,9.93,76.27,Normal,-1.2339084290280853,West-coast orographic,3.7,1.144989623626073,1.0588150908838168,6.945231786678389,5.233727078311782,6.945231786678389,0.00041145743121838863,0.0
kolkata,2026-09-10,8.9,33.856685638427734,22.57,88.36,Normal,-1.2339084290280853,East coast,8.9,5.386723374311424,4.577410945491491,3.16589374307805,2.657192731973573,3.16589374307805,0.013403412669104959,0.0
lucknow,2026-09-10,0.2,0.0,26.85,80.95,Normal,-1.2339084290280853,Inland,0.2,0.0,0.0,0.3418095993982393,0.0,0.3418095993982393,0.00014530442879755952,0.0
madurai,2026-09-10,0.5,0.0,9.93,78.12,Normal,-1.2339084290280853,Inland,0.5,0.0,0.0,0.23870428914232125,0.0,0.23870428914232125,0.000153948455439392,0.0
mangaluru,2026-09-10,4.6,2.541001319885254,12.91,74.86,Normal,-1.2339084290280853,West-coast orographic,4.6,1.7986212730407733,1.9099596991750143,6.6462436507271345,5.039192368185401,6.6462436507271345,0.00044471554137940527,0.0
mumbai,2026-09-10,3.9000000000000004,3.3762388229370117,19.08,72.88,Normal,-1.2339084290280853,West-coast orographic,3.9000000000000004,1.2509381979703904,1.1325647050142291,7.012253900184679,5.265708429953276,7.012253900184679,0.0005710247642315826,0.0
nagpur,2026-09-10,0.8,0.1225707083940506,21.15,79.09,Normal,-1.2339084290280853,Inland,0.8,0.0,0.0,0.9750148360891734,0.03944324086446115,0.9750148360891734,0.00012266598279077781,0.0
panaji,2026-09-10,3.0,0.0,15.49,73.83,Normal,-1.2339084290280853,West-coast orographic,3.0,0.7181806540489196,0.8074436525836389,5.046162816010121,3.8301044938431152,5.046162816010121,0.0010037558261233792,0.0
patna,2026-09-10,7.1,8.353129386901855,25.59,85.14,Normal,-1.2339084290280853,Inland,7.1,3.945400856335958,4.364257552048249,4.981427147510203,5.446776119580108,4.981427147510203,0.002313038466760787,0.0
pune,2026-09-10,1.4,0.0,18.52,73.86,Normal,-1.2339084290280853,Inland,1.4,0.04656536817550649,0.00425116578117013,0.3539351903113911,0.0,0.3539351903113911,9.754339260188964e-05,0.0
raipur,2026-09-10,0.2,0.249508798122406,21.25,81.63,Normal,-1.2339084290280853,Inland,0.2,0.0,0.0,0.44652617741125705,0.0,0.44652617741125705,0.00022025051784552778,0.0
ranchi,2026-09-10,10.4,7.523141860961914,23.34,85.31,Normal,-1.2339084290280853,Inland,10.4,7.30787756562233,7.577838008082505,7.619867827304395,10.632577105469755,7.619867827304395,0.001027828410903291,0.0
shillong,2026-09-10,7.1,0.0,25.58,91.89,Normal,-1.2339084290280853,Hill / Himalayan orographic,7.1,3.945400856335958,4.2259946632385255,16.466460509533682,23.794337939160414,16.466460509533682,0.018544279497945668,0.0
shimla,2026-09-10,1.1,0.0,31.1,77.17,Normal,-1.2339084290280853,Hill / Himalayan orographic,1.1,0.0,0.018285691794008026,0.8023793016744905,0.0,0.8023793016744905,0.0001897742665688435,0.0
srinagar,2026-09-10,0.0,0.0,34.08,74.8,Normal,-1.2339084290280853,Hill / Himalayan orographic,0.0,0.0,0.0,0.0012807616368697356,0.0,0.0012807616368697356,0.00018230829354810187,0.0
surat,2026-09-10,0.1,0.0,21.17,72.83,Normal,-1.2339084290280853,West-coast orographic,0.1,0.0,0.0,0.033579853409444034,0.0,0.033579853409444034,0.00018576137285699682,0.0
thiruvananthapuram,2026-09-10,0.0,0.0,8.52,76.94,Normal,-1.2339084290280853,West-coast orographic,0.0,0.0,0.0,0.0,0.0,0.0,0.0001105512369428429,0.0
varanasi,2026-09-10,7.5,2.4152419567108154,25.32,82.97,Normal,-1.2339084290280853,Inland,7.5,4.314590239524842,4.727001211643221,4.815127747851826,5.211922989453183,4.815127747851826,0.006959291487453479,0.0
vijayawada,2026-09-10,0.1,0.0,16.51,80.65,Normal,-1.2339084290280853,Inland,0.1,0.0,0.0,0.373867256802037,0.0,0.373867256802037,0.00021608296769271988,0.0
visakhapatnam,2026-09-10,1.8000000000000003,1.223524570465088,17.69,83.22,Normal,-1.2339084290280853,East coast,1.8000000000000003,0.1230775624513629,0.009507651325422015,1.632888718740854,0.8595010502222526,1.632888718740854,0.0003579787618418547,0.0
agartala,2026-09-11,11.0,9.180703163146973,23.83,91.29,Normal,-1.3402395205297954,Inland,11.0,7.793831460459697,8.264613533020018,11.865706565328754,20.489986294232285,11.865706565328754,0.001573436550760196,0.0
ahmedabad,2026-09-11,0.4,0.0,23.02,72.57,Normal,-1.3402395205297954,Inland,0.4,0.0,0.0,0.11704468828121264,0.0,0.11704468828121264,0.00011108319115139333,0.0
amritsar,2026-09-11,0.0,0.0,31.63,74.87,Normal,-1.3402395205297954,Inland,0.0,0.0,0.0,0.13009924464664155,0.0,0.13009924464664155,0.00018486518918752902,0.0
bengaluru,2026-09-11,0.1,0.0,12.97,77.59,Normal,-1.3402395205297954,Inland,0.1,0.0,0.0,0.189743854977966,0.0,0.189743854977966,0.0001437662355521251,0.0
bhopal,2026-09-11,1.1,0.4041897654533386,23.26,77.41,Normal,-1.3402395205297954,Inland,1.1,0.0,0.0,0.5358865930472816,0.0,0.5358865930472816,0.00012234709940130574,0.0
bhubaneswar,2026-09-11,28.9,1.9721698760986328,20.3,85.82,Normal,-1.3402395205297954,East coast,28.9,24.467320748138427,36.40251587259042,18.2052088956886,27.946367186766146,18.2052088956886,0.01146539255240153,0.0
chandigarh,2026-09-11,0.0,0.0,30.73,76.78,Normal,-1.3402395205297954,Inland,0.0,0.0,0.0,0.2480308028338766,0.0,0.2480308028338766,0.0001616239207211497,0.0
chennai,2026-09-11,1.3,9.805695533752441,13.08,80.27,Normal,-1.3402395205297954,East coast,1.3,0.020250823758542542,0.0,0.947084347626529,0.09869334059301849,0.947084347626529,0.00019126611281348297,0.0
dehradun,2026-09-11,14.5,0.6455590128898621,30.32,78.03,Normal,-1.3402395205297954,Hill / Himalayan orographic,14.5,11.402338304519652,14.868044972067095,13.80319902517245,19.210338160417418,13.80319902517245,0.003638772503729792,0.0
delhi,2026-09-11,0.0,0.0,28.61,77.21,Normal,-1.3402395205297954,Inland,0.0,0.0,0.0,0.09633771008585383,0.0,0.09633771008585383,0.00013890222893162316,0.0
gangtok,2026-09-11,12.5,19.43700408935547,27.33,88.61,Normal,-1.3402395205297954,Hill / Himalayan orographic,12.5,9.166720681860845,12.00111075496907,20.144785039898235,35.550726383404886,20.144785039898235,0.004129141207853747,0.0
guwahati,2026-09-11,0.0,0.0,26.14,91.74,Normal,-1.3402395205297954,Inland,0.0,0.0,0.0,1.7565092451342332,0.6682768040302707,1.7565092451342332,0.0001986802820660294,0.0
hyderabad,2026-09-11,1.4,0.0,17.39,78.49,Normal,-1.3402395205297954,Inland,1.4,0.04656536817550649,0.00425116578117013,1.0172771713768187,0.050689926946081765,1.0172771713768187,0.0001485466398149576,0.0
jabalpur,2026-09-11,26.1,4.925325393676758,23.18,79.95,Normal,-1.3402395205297954,Inland,26.1,21.983373351516207,27.0459834341587,6.15928451267962,7.386136078148696,6.15928451267962,0.004377402692911224,0.0
jaipur,2026-09-11,0.9,0.0,26.91,75.79,Normal,-1.3402395205297954,Inland,0.9,0.0,0.0,0.2570845491788617,0.0,0.2570845491788617,0.0001334384966264555,0.0
jodhpur,2026-09-11,0.0,0.0,26.24,73.02,Normal,-1.3402395205297954,Inland,0.0,0.0,0.0,0.0,0.0,0.0,0.0001104352148958555,0.0
kochi,2026-09-11,2.2,0.0,9.93,76.27,Normal,-1.3402395205297954,West-coast orographic,2.2,0.3205727383494376,0.2811446115029218,3.8228081449521416,2.743498394998647,3.8228081449521416,0.00014105952292747136,0.0
kolkata,2026-09-11,5.3,26.862060546875,22.57,88.36,Normal,-1.3402395205297954,East coast,5.3,2.4414404884974164,0.8661814652846762,1.8229772665529695,1.1452890635562663,1.8229772665529695,0.00242200019367227,0.0
lucknow,2026-09-11,6.0,7.70202112197876,26.85,80.95,Normal,-1.3402395205297954,Inland,6.0,2.867475945154826,3.208310811600444,2.209266974144726,1.2945287053504253,2.209266974144726,0.0004873871845137908,0.0
madurai,2026-09-11,0.9,0.5271830558776855,9.93,78.12,Normal,-1.3402395205297954,Inland,0.9,0.0,0.0,0.24546055034021097,0.0,0.24546055034021097,0.000153948455439392,0.0
mangaluru,2026-09-11,0.2,0.0,12.91,74.86,Normal,-1.3402395205297954,West-coast orographic,0.2,0.0,0.0,2.065358815746501,0.8823200408519295,2.065358815746501,0.00017219790743290412,0.0
mumbai,2026-09-11,4.0,13.202913284301758,19.08,72.88,Normal,-1.3402395205297954,West-coast orographic,4.0,1.3170657432079316,1.174788163900376,6.817600518900372,5.154381766614078,6.817600518900372,0.0003867936040179965,0.0
nagpur,2026-09-11,1.1,0.0,21.15,79.09,Normal,-1.3402395205297954,Inland,1.1,0.0,0.0,0.9090794288889001,0.011084122109576655,0.9090794288889001,0.00012266598279077781,0.0
panaji,2026-09-11,1.1,0.0,15.49,73.83,Normal,-1.3402395205297954,West-coast orographic,1.1,0.0,0.0,0.7156022977849825,0.0,0.7156022977849825,0.00013211953402478838,0.0
patna,2026-09-11,5.3999999999999995,12.113842010498047,25.59,85.14,Normal,-1.3402395205297954,Inland,5.3999999999999995,2.501867833932241,2.7502606121699014,1.9580350104043995,0.9081274736865916,1.9580350104043995,0.0005571168239536617,0.0
pune,2026-09-11,2.7,0.0,18.52,73.86,Normal,-1.3402395205297954,Inland,2.7,0.5426383352279676,0.6413854992389683,1.069390880147122,0.059726937748415934,1.069390880147122,0.0006111184211689636,0.0
raipur,2026-09-11,29.9,7.63868522644043,21.25,81.63,Normal,-1.3402395205297954,Inland,29.9,25.245360670131003,31.539451759884194,7.269811437621365,9.807193762599743,7.269811437621365,0.007876208895425145,0.0
ranchi,2026-09-11,16.2,7.630092144012451,23.34,85.31,Normal,-1.3402395205297954,Inland,16.2,12.812908309698116,14.163260200023647,7.780329468681189,11.05229074522956,7.780329468681189,0.0006221120288995028,0.0
shillong,2026-09-11,0.30000000000000004,1.649635672569275,25.58,91.89,Normal,-1.3402395205297954,Hill / Himalayan orographic,0.30000000000000004,0.0,0.0,5.003757395447292,3.2326984900194518,5.003757395447292,0.0003925951722700328,0.0
shimla,2026-09-11,2.3,0.0,31.1,77.17,Normal,-1.3402395205297954,Hill / Himalayan orographic,2.3,0.3771041499450754,0.6274751707583522,2.8291534490566916,1.111961738295203,2.8291534490566916,0.0016251058800644043,0.0
srinagar,2026-09-11,0.0,0.0,34.08,74.8,Normal,-1.3402395205297954,Hill / Himalayan orographic,0.0,0.0,0.0,0.0,0.0,0.0,0.00018230829354810187,0.0
surat,2026-09-11,1.7,0.0,21.17,72.83,Normal,-1.3402395205297954,West-coast orographic,1.7,0.10699139624834067,0.0,0.7367806852850359,0.0,0.7367806852850359,0.00018576137285699682,0.0
thiruvananthapuram,2026-09-11,0.1,0.0,8.52,76.94,Normal,-1.3402395205297954,West-coast orographic,0.1,0.0,0.0,0.0002619124678148485,0.0,0.0002619124678148485,0.0001105512369428429,0.0
varanasi,2026-09-11,6.7,0.9638640880584717,25.32,82.97,Normal,-1.3402395205297954,Inland,6.7,3.524120440483092,4.024713026682526,4.318038576242449,4.602716179370046,4.318038576242449,0.006498695468561606,0.0
vijayawada,2026-09-11,4.8,0.0,16.51,80.65,Normal,-1.3402395205297954,Inland,4.8,2.0974626004695898,2.2423715686798085,2.016936507002338,0.9946248639034303,2.016936507002338,0.0007367919231818581,0.0
visakhapatnam,2026-09-11,19.2,6.955589771270752,17.69,83.22,Normal,-1.3402395205297954,East coast,19.2,15.70406464872546,18.500573438092392,7.758241778801435,10.816984165058505,7.758241778801435,0.004934019490510282,0.0
agartala,2026-09-13,0.2,1.6335874795913696,23.83,91.29,Normal,0.5616750514540039,Inland,0.2,0.0,0.0,2.613690643124027,2.0513920407636586,2.613690643124027,0.0001861050865956787,0.0
ahmedabad,2026-09-13,21.3,13.190499305725098,23.02,72.57,Normal,0.5616750514540039,Inland,21.3,17.390543670654314,20.2455262819926,4.88180163668567,5.306081907179463,4.88180163668567,0.0007843389393954598,0.0
amritsar,2026-09-13,0.2,0.0,31.63,74.87,Normal,0.5616750514540039,Inland,0.2,0.0,0.0,1.0054296751467413,0.047537117948519905,1.0054296751467413,0.00022408707064457565,0.0
bengaluru,2026-09-13,0.0,0.0,12.97,77.59,Normal,0.5616750514540039,Inland,0.0,0.0,0.0,0.09361046698755154,0.0,0.09361046698755154,0.0001766680022633634,0.0
bhopal,2026-09-13,10.1,1.4796513319015503,23.26,77.41,Normal,0.5616750514540039,Inland,10.1,6.914693593978882,7.228903901933435,3.851144279041623,4.02164264783551,3.851144279041623,0.002155881681791913,0.0
bhubaneswar,2026-09-13,0.30000000000000004,9.403191566467285,20.3,85.82,Normal,0.5616750514540039,East coast,0.30000000000000004,0.0,0.0,0.38104366827948455,0.0,0.38104366827948455,0.0002255753888042588,0.0
chandigarh,2026-09-13,5.3,1.0548095703125,30.73,76.78,Normal,0.5616750514540039,Inland,5.3,2.4414404884974164,2.680590500831604,2.649116581066617,2.120687111813312,2.649116581066617,0.0005469000972900644,0.0
chennai,2026-09-13,0.0,0.0,13.08,80.27,Normal,0.5616750514540039,East coast,0.0,0.0,0.0,0.14160250230205948,0.0,0.14160250230205948,0.0002587073738006613,0.0
dehradun,2026-09-13,0.4,0.08927623927593231,30.32,78.03,Normal,0.5616750514540039,Hill / Himalayan orographic,0.4,0.0,0.0,1.940507054764786,0.46414432116145266,1.940507054764786,0.00018625815650317258,0.0
delhi,2026-09-13,0.0,0.1182471513748169,28.61,77.21,Normal,0.5616750514540039,Inland,0.0,0.0,0.0,0.10657436374015955,0.0,0.10657436374015955,0.0001439210111149349,0.0
gangtok,2026-09-13,11.4,38.20722579956055,27.33,88.61,Normal,0.5616750514540039,Hill / Himalayan orographic,11.4,8.244703936900907,10.135857953804948,9.212495093031826,9.207040980433804,9.212495093031826,0.0030514974125360776,0.0
guwahati,2026-09-13,56.0,3.4144692420959473,26.14,91.74,Normal,0.5616750514540039,Inland,56.0,44.32819739808195,60.09120168574638,12.494747353764085,21.826921194377835,12.494747353764085,0.0071132774239537015,0.0
hyderabad,2026-09-13,1.4,22.472219467163086,17.39,78.49,Normal,0.5616750514540039,Inland,1.4,0.04656536817550649,0.00425116578117013,0.6296172168402838,0.0,0.6296172168402838,0.00018773982692147197,0.0
jabalpur,2026-09-13,2.9,0.43464839458465576,23.18,79.95,Normal,0.5616750514540039,Inland,2.9,0.6766536766290665,0.7000861048698428,1.7181805223730302,0.6224200523930107,1.7181805223730302,0.0006472801272756376,0.0
jaipur,2026-09-13,0.2,0.03150968253612518,26.91,75.79,Normal,0.5616750514540039,Inland,0.2,0.0,0.0,0.21258498367352519,0.0,0.21258498367352519,0.0001579340725063017,0.0
jodhpur,2026-09-13,4.1000000000000005,6.857333183288574,26.24,73.02,Normal,0.5616750514540039,Inland,4.1000000000000005,1.3889979857206347,1.5367887616157536,1.0977151913431853,0.06423471602179304,1.0977151913431853,0.0002608328605662825,0.0
kochi,2026-09-13,0.1,0.0,9.93,76.27,Normal,0.5616750514540039,West-coast orographic,0.1,0.0,0.0,0.6524148440599572,0.0,0.6524148440599572,0.00018544824728865223,0.0
kolkata,2026-09-13,2.9,0.018440645188093185,22.57,88.36,Normal,0.5616750514540039,East coast,2.9,0.6766536766290665,0.09435809046030044,1.4735343697277055,0.6743700942691679,1.4735343697277055,0.0018053062003133699,0.0
lucknow,2026-09-13,0.1,0.0,26.85,80.95,Normal,0.5616750514540039,Inland,0.1,0.0,0.0,0.2803190483047999,0.0,0.2803190483047999,0.0001661229798249524,0.0
madurai,2026-09-13,0.6000000000000001,27.67424964904785,9.93,78.12,Normal,0.5616750514540039,Inland,0.6000000000000001,0.0,0.0,0.29808882407322757,0.0,0.29808882407322757,0.0001801188258650053,0.0
mangaluru,2026-09-13,0.4,0.0,12.91,74.86,Normal,0.5616750514540039,West-coast orographic,0.4,0.0,0.0,1.8947722494633679,0.737034803147423,1.8947722494633679,0.00020816759559523195,0.0
mumbai,2026-09-13,57.6,43.32622528076172,19.08,72.88,Normal,0.5616750514540039,West-coast orographic,57.6,45.60993476784121,26.08715518552204,14.092710216621267,15.407293650185737,14.092710216621267,0.06208719046820927,0.0
nagpur,2026-09-13,36.2,30.323631286621094,21.15,79.09,Normal,0.5616750514540039,Inland,36.2,30.62334930402869,37.247969213748156,22.653766889314017,38.738851532640275,22.653766889314017,0.0715381392497048,0.0
panaji,2026-09-13,1.8,0.0,15.49,73.83,Normal,0.5616750514540039,West-coast orographic,1.8,0.12307756245136282,0.0,1.1629052273875011,0.2816212275630229,1.1629052273875011,0.00016520024386612635,0.0
patna,2026-09-13,0.4,0.8768100738525391,25.59,85.14,Normal,0.5616750514540039,Inland,0.4,0.0,0.0,0.5821768774009013,0.0,0.5821768774009013,0.0001265088310882445,0.0
pune,2026-09-13,3.6,0.2995738983154297,18.52,73.86,Normal,0.5616750514540039,Inland,3.6,1.1051685945192975,1.1803002202510835,0.9609980702731877,0.03571315439529092,0.9609980702731877,0.0006716433169189065,0.0
raipur,2026-09-13,15.8,7.8664469718933105,21.25,81.63,Normal,0.5616750514540039,Inland,15.8,12.45662085413935,13.676222457618982,7.236602700912539,9.733138951489323,7.236602700912539,0.00785520770686325,0.0
ranchi,2026-09-13,6.7,0.0,23.34,85.31,Normal,0.5616750514540039,Inland,6.7,3.524120440483092,4.024713026682526,4.865381390177832,5.282892729721556,4.865381390177832,0.0008105961606694597,0.0
shillong,2026-09-13,35.6,0.18083585798740387,25.58,91.89,Normal,0.5616750514540039,Hill / Himalayan orographic,35.6,30.110419504358042,40.16367595061266,12.448279947400595,15.218756366921005,12.448279947400595,0.009515349059477629,0.0
shimla,2026-09-13,12.3,1.2577788829803467,31.1,77.17,Normal,0.5616750514540039,Hill / Himalayan orographic,12.3,9.020482858232857,11.669185245551583,2.963832910901428,1.194121773740527,2.963832910901428,0.001368006105728399,0.0
srinagar,2026-09-13,0.30000000000000004,0.0,34.08,74.8,Normal,0.5616750514540039,Hill / Himalayan orographic,0.30000000000000004,0.0,0.0,0.21355850962273923,0.0,0.21355850962273923,0.0002078871152738153,0.0
surat,2026-09-13,43.6,126.85166931152344,21.17,72.83,Normal,0.5616750514540039,West-coast orographic,43.6,36.628750188589905,20.190691021718717,13.928685616333544,15.32372333296885,13.928685616333544,0.015291061942632737,0.0
thiruvananthapuram,2026-09-13,0.1,0.0,8.52,76.94,Normal,0.5616750514540039,West-coast orographic,0.1,0.0,0.0,0.011078185244214424,0.0,0.011078185244214424,0.00013885768630241514,0.0
varanasi,2026-09-13,0.0,0.0,25.32,82.97,Normal,0.5616750514540039,Inland,0.0,0.0,0.0,0.1484192409112811,0.0,0.1484192409112811,0.0003124984039733896,0.0
vijayawada,2026-09-13,1.9,49.03411102294922,16.51,80.65,Normal,0.5616750514540039,Inland,1.9,0.15739816427230843,0.152847246825695,1.3752525767998705,0.2230293107673467,1.3752525767998705,0.0002937222140228671,0.0
visakhapatnam,2026-09-13,5.4,9.216839790344238,17.69,83.22,Normal,0.5616750514540039,East coast,5.4,2.5018678339322413,0.894561054176121,1.3732107230314363,0.5484684211194442,1.3732107230314363,0.0019109521449418613,0.0
agartala,2026-09-16,0.0,5.6551313400268555,23.83,91.29,Normal,0.22616381824255852,Inland,0.0,0.0,0.0,2.1983068692751373,1.244803496053217,2.1983068692751373,0.00022378545762248125,0.0
ahmedabad,2026-09-16,5.0,0.7358980178833008,23.02,72.57,Normal,0.22616381824255852,Inland,5.0,2.179122591018679,2.4331225919723516,0.8619885234952113,0.0,0.8619885234952113,0.0007967489290878655,0.0
amritsar,2026-09-16,0.9,0.0,31.63,74.87,Normal,0.22616381824255852,Inland,0.9,0.0,0.0,0.8609626788495567,0.0,0.8609626788495567,0.0003393082106701069,0.0
bengaluru,2026-09-16,6.3,20.641658782958984,12.97,77.59,Normal,0.22616381824255852,Inland,6.3,3.1256645965576166,3.663702193613302,1.3807720277802333,0.2301545060931277,1.3807720277802333,0.00026589216777316883,0.0
bhopal,2026-09-16,2.0,0.10684636980295181,23.26,77.41,Normal,0.22616381824255852,Inland,2.0,0.20263161852955835,0.18065289490752728,1.2244903559643021,0.14586646418062976,1.2244903559643021,0.00021328712569035655,0.0
bhubaneswar,2026-09-16,0.7,1.0828090906143188,20.3,85.82,Normal,0.22616381824255852,East coast,0.7,0.0,0.0,0.532663037100499,0.0,0.532663037100499,0.00020290104260819046,0.0
chandigarh,2026-09-16,0.4,0.10625673830509186,30.73,76.78,Normal,0.22616381824255852,Inland,0.4,0.0,0.0,2.2086743196145107,1.2530993400333397,2.2086743196145107,0.0003138761259348761,0.0
chennai,2026-09-16,0.0,0.0,13.08,80.27,Normal,0.22616381824255852,East coast,0.0,0.0,0.0,0.4563868411750228,0.0,0.4563868411750228,0.00016046778536947016,0.0
dehradun,2026-09-16,30.1,2.8806095123291016,30.32,78.03,Normal,0.22616381824255852,Hill / Himalayan orographic,30.1,25.62002516465073,35.936201637262776,7.020640381975553,4.613553156776133,7.020640381975553,0.02039181137224764,0.0
delhi,2026-09-16,5.0,0.0,28.61,77.21,Normal,0.22616381824255852,Inland,5.0,2.179122591018679,2.4331225919723516,1.4292504121174021,0.287537843915613,1.4292504121174021,0.0006014682315597515,0.0
gangtok,2026-09-16,12.9,5.3879313468933105,27.33,88.61,Normal,0.22616381824255852,Hill / Himalayan orographic,12.9,9.667327766418458,11.224168440065643,5.5471707962243135,3.518792507996388,5.5471707962243135,0.005061558203311043,0.0
guwahati,2026-09-16,0.4,1.0433100461959839,26.14,91.74,Normal,0.22616381824255852,Inland,0.4,0.0,0.0,1.4676490829653626,0.33942010710874526,1.4676490829653626,0.000169565650284675,0.0
hyderabad,2026-09-16,0.30000000000000004,0.0,17.39,78.49,Normal,0.22616381824255852,Inland,0.30000000000000004,0.0,0.0,0.6401615289519981,0.0,0.6401615289519981,0.00013894947876200836,0.0
jabalpur,2026-09-16,0.7,5.011163234710693,23.18,79.95,Normal,0.22616381824255852,Inland,0.7,0.0,0.0,0.8267377985103124,0.0,0.8267377985103124,0.00025294824811071727,0.0
jaipur,2026-09-16,7.7,0.0,26.91,75.79,Normal,0.22616381824255852,Inland,7.7,4.552968634366991,5.0228403759966005,1.4717689093578765,0.3451787814530771,1.4717689093578765,0.0017705248161332457,0.0
jodhpur,2026-09-16,3.6,0.0,26.24,73.02,Normal,0.22616381824255852,Inland,3.6,1.0917497539520264,1.1700336265563982,1.3853545840049957,0.2335734655567457,1.3853545840049957,0.002755510789892507,0.0
kochi,2026-09-16,0.0,0.0,9.93,76.27,Normal,0.22616381824255852,West-coast orographic,0.0,0.0,0.0,0.018998094489186795,0.0,0.018998094489186795,0.0002284211855949745,0.0
kolkata,2026-09-16,0.1,0.0,22.57,88.36,Normal,0.22616381824255852,East coast,0.1,0.0,0.0,0.5872223637658517,0.0,0.5872223637658517,0.0002756583714714847,0.0
lucknow,2026-09-16,5.0,0.0,26.85,80.95,Normal,0.22616381824255852,Inland,5.0,2.179122591018679,2.4331225919723516,2.563261858838004,1.8895141320711653,2.563261858838004,0.0005707463084316597,0.0
madurai,2026-09-16,1.5,0.0,9.93,78.12,Normal,0.22616381824255852,Inland,1.5,0.05896471401310291,0.05490860715508461,1.0458363189575146,0.058403194189291685,1.0458363189575146,0.00020878775659989742,0.0
mangaluru,2026-09-16,0.0,0.0,12.91,74.86,Normal,0.22616381824255852,West-coast orographic,0.0,0.0,0.0,0.24808439736686838,0.0,0.24808439736686838,0.00020187185416161208,0.0
mumbai,2026-09-16,4.6,2.712364435195923,19.08,72.88,Normal,0.22616381824255852,West-coast orographic,4.6,1.8097663283348084,1.8517731571197502,2.0319353556773034,0.9487986231727293,2.0319353556773034,0.0007309333564766022,0.0
nagpur,2026-09-16,2.7,1.5518845319747925,21.15,79.09,Normal,0.22616381824255852,Inland,2.7,0.5916092801094055,0.5695460289716722,1.6404087753984768,0.5753869175527012,1.6404087753984768,0.0007589371854014035,0.0
panaji,2026-09-16,2.8,0.15946489572525024,15.49,73.83,Normal,0.22616381824255852,West-coast orographic,2.8,0.6281302976608276,0.5841127634048462,1.2544469028334286,0.5691386936157694,1.2544469028334286,0.000735632008560072,0.0
patna,2026-09-16,9.7,24.33943748474121,25.59,85.14,Normal,0.22616381824255852,Inland,9.7,6.523550385561828,7.082123991012576,3.7030618888713542,3.8447580631048313,3.7030618888713542,0.0030871128386629836,0.0
pune,2026-09-16,1.3,0.0,18.52,73.86,Normal,0.22616381824255852,Inland,1.3,0.009653591457754298,0.0,0.12197830127524517,0.0,0.12197830127524517,0.00020939538209475744,0.0
raipur,2026-09-16,1.3,0.0,21.25,81.63,Normal,0.22616381824255852,Inland,1.3,0.009653591457754298,0.0,0.7307874726817444,0.0,0.7307874726817444,0.0003144931069022067,0.0
ranchi,2026-09-16,5.4,6.368195056915283,23.34,85.31,Normal,0.22616381824255852,Inland,5.4,2.454147554158006,2.670553200244904,4.41553538003254,4.7413148693527365,4.41553538003254,0.00044791496314920996,0.0
shillong,2026-09-16,7.7,4.8180060386657715,25.58,91.89,Normal,0.22616381824255852,Hill / Himalayan orographic,7.7,4.552968634366991,4.497664214877263,2.294182734869455,0.6601175169605148,2.294182734869455,0.0020102936320861133,0.0
shimla,2026-09-16,0.1,1.4797240495681763,31.1,77.17,Normal,0.22616381824255852,Hill / Himalayan orographic,0.1,0.0,0.0,0.4179680375823246,0.0,0.4179680375823246,0.00031982367882915733,0.0
srinagar,2026-09-16,1.2000000000000002,0.0,34.08,74.8,Normal,0.22616381824255852,Hill / Himalayan orographic,1.2000000000000002,0.0,0.032758011985570185,0.12601775844593485,0.0,0.12601775844593485,0.0003510334201625154,0.0
surat,2026-09-16,3.0,6.334989547729492,21.17,72.83,Normal,0.22616381824255852,West-coast orographic,3.0,0.7139019200205808,0.6055810976028442,1.279158860782983,0.5825500266586546,1.279158860782983,0.005676114928938701,0.0
thiruvananthapuram,2026-09-16,0.0,0.6704798936843872,8.52,76.94,Normal,0.22616381824255852,West-coast orographic,0.0,0.0,0.0,0.0028770063694270086,0.0,0.0028770063694270086,0.0002377085746664863,0.0
varanasi,2026-09-16,0.6000000000000001,0.12377654761075974,25.32,82.97,Normal,0.22616381824255852,Inland,0.6000000000000001,0.0,0.0,0.38289688331697846,0.0,0.38289688331697846,0.00041352131478401247,0.0
vijayawada,2026-09-16,4.5,0.2488577961921692,16.51,80.65,Normal,0.22616381824255852,Inland,4.5,1.733596762418747,1.8540010286852295,1.927506291576781,0.8798550833490388,1.927506291576781,0.00028987319392072394,0.0
visakhapatnam,2026-09-16,1.4,0.07881844788789749,17.69,83.22,Normal,0.22616381824255852,East coast,1.4,0.032558586448431015,0.004071112658659198,0.48646266386452097,0.0,0.48646266386452097,0.00013975944972344502,0.0
agartala,2026-09-22,6.9,2.6266698837280273,23.83,91.29,Normal,-0.6587330858706862,Inland,6.9,3.7932629919052085,4.2992131471633925,5.110278874292927,5.749475034024272,5.110278874292927,0.0006969471907805221,0.0
ahmedabad,2026-09-22,0.0,0.280753493309021,23.02,72.57,Normal,-0.6587330858706862,Inland,0.0,0.0,0.0,0.000517061337230379,0.0,0.000517061337230379,0.00018047357970741207,0.0
amritsar,2026-09-22,0.0,0.0,31.63,74.87,Normal,-0.6587330858706862,Inland,0.0,0.0,0.0,0.014521330076545021,0.0,0.014521330076545021,0.00021126634627934986,0.0
bengaluru,2026-09-22,9.7,14.048255920410156,12.97,77.59,Normal,-0.6587330858706862,Inland,9.7,6.523550385561828,7.082123991012576,2.5076487883622263,1.7897056040844117,2.5076487883622263,0.0005315004411196854,0.0
bhopal,2026-09-22,0.1,8.092562675476074,23.26,77.41,Normal,-0.6587330858706862,Inland,0.1,0.0,0.0,0.19916612912657974,0.0,0.19916612912657974,0.00014779654560333511,0.0
bhubaneswar,2026-09-22,43.0,15.584732055664062,20.3,85.82,Normal,-0.6587330858706862,East coast,43.0,35.79198328732523,70.92279382399569,18.86265460104549,34.526769744978594,18.86265460104549,0.022741974266373102,0.0
chandigarh,2026-09-22,0.0,0.0,30.73,76.78,Normal,-0.6587330858706862,Inland,0.0,0.0,0.0,0.1741866077019292,0.0,0.1741866077019292,0.00019542947567531617,0.0
chennai,2026-09-22,1.1,3.6381514072418213,13.08,80.27,Normal,-0.6587330858706862,East coast,1.1,0.0,0.0,1.3993732320340715,0.7097373809542005,1.3993732320340715,0.00012870627092949018,0.0
dehradun,2026-09-22,0.0,0.03967833146452904,30.32,78.03,Normal,-0.6587330858706862,Hill / Himalayan orographic,0.0,0.0,0.0,0.3523750504235914,0.0,0.3523750504235914,0.00018848219916258566,0.0
delhi,2026-09-22,0.0,0.0,28.61,77.21,Normal,-0.6587330858706862,Inland,0.0,0.0,0.0,0.0774947138545052,0.0,0.0774947138545052,0.00017231202088663193,0.0
gangtok,2026-09-22,1.3,5.383847236633301,27.33,88.61,Normal,-0.6587330858706862,Hill / Himalayan orographic,1.3,0.009653591457754298,0.07344063766300675,1.8122984648117828,0.340601012715371,1.8122984648117828,0.00020767494702806082,0.0
guwahati,2026-09-22,0.30000000000000004,0.0,26.14,91.74,Normal,-0.6587330858706862,Inland,0.30000000000000004,0.0,0.0,0.9070008227450544,0.013196624695736433,0.9070008227450544,0.0001398522645471141,0.0
hyderabad,2026-09-22,13.1,0.0,17.39,78.49,Normal,-0.6587330858706862,Inland,13.1,9.862406692504884,10.90742792705321,3.588118759547261,3.656690006977902,3.588118759547261,0.0007461771239815337,0.0
jabalpur,2026-09-22,2.3000000000000003,0.0,23.18,79.95,Normal,-0.6587330858706862,Inland,2.3000000000000003,0.35882827043533383,0.397420023679733,2.6597908013794753,2.029302356249111,2.6597908013794753,0.0011316030365077093,0.0
jaipur,2026-09-22,0.1,0.0,26.91,75.79,Normal,-0.6587330858706862,Inland,0.1,0.0,0.0,0.10287041699410618,0.0,0.10287041699410618,0.00015523642883473793,0.0
jodhpur,2026-09-22,0.1,0.0,26.24,73.02,Normal,-0.6587330858706862,Inland,0.1,0.0,0.0,0.002637466798328021,0.0,0.002637466798328021,0.00014275263569305248,0.0
kochi,2026-09-22,15.3,18.34548568725586,9.93,76.27,Normal,-0.6587330858706862,West-coast orographic,15.3,12.170703464790625,8.386529418002185,4.09476559271291,3.477189441379865,4.09476559271291,0.0020542968586951095,0.0
kolkata,2026-09-22,0.7,0.3044423460960388,22.57,88.36,Normal,-0.6587330858706862,East coast,0.7,0.0,0.0,1.0975269951985427,0.16938234199770313,1.0975269951985427,0.00017145090441367573,0.0
lucknow,2026-09-22,0.0,0.0,26.85,80.95,Normal,-0.6587330858706862,Inland,0.0,0.0,0.0,0.1744389177721816,0.0,0.1744389177721816,0.00016923901532938667,0.0
madurai,2026-09-22,2.9000000000000004,0.0,9.93,78.12,Normal,-0.6587330858706862,Inland,2.9000000000000004,0.6646513152122501,0.702091752588749,0.9785036479579807,0.04054217920798245,0.9785036479579807,0.00041391958702806137,0.0
mangaluru,2026-09-22,2.4,2.7490274906158447,12.91,74.86,Normal,-0.6587330858706862,West-coast orographic,2.4,0.4343783336877825,0.2619503279345465,2.795505721228232,1.6673293267993519,2.795505721228232,0.0014189050813571142,0.0
mumbai,2026-09-22,13.8,30.495620727539062,19.08,72.88,Normal,-0.6587330858706862,West-coast orographic,13.8,10.735693907056541,7.670432447034347,10.418460982329226,10.022524847917468,10.418460982329226,0.0025879428369285275,0.0
nagpur,2026-09-22,0.0,1.4865587949752808,21.15,79.09,Normal,-0.6587330858706862,Inland,0.0,0.0,0.0,0.2699861391326854,0.0,0.2699861391326854,0.00015566257517227479,0.0
panaji,2026-09-22,0.0,0.0,15.49,73.83,Normal,-0.6587330858706862,West-coast orographic,0.0,0.0,0.0,0.021989844336504267,0.0,0.021989844336504267,0.0001153259547917664,0.0
patna,2026-09-22,1.0,0.0,25.59,85.14,Normal,-0.6587330858706862,Inland,1.0,0.0,0.0,0.42920210754185445,0.0,0.42920210754185445,0.00014491663658317187,0.0
pune,2026-09-22,4.8999999999999995,5.573447227478027,18.52,73.86,Normal,-0.6587330858706862,Inland,4.8999999999999995,2.092244036197664,2.2764385072390287,0.8659226134298696,0.0,0.8659226134298696,0.00030639143845281533,0.0
raipur,2026-09-22,4.6000000000000005,0.7368757724761963,21.25,81.63,Normal,-0.6587330858706862,Inland,4.6000000000000005,1.8097663283348093,1.9721229337746313,2.4099408345225046,1.6407629021401848,2.4099408345225046,0.000580256383755783,0.0
ranchi,2026-09-22,0.2,1.5303796529769897,23.34,85.31,Normal,-0.6587330858706862,Inland,0.2,0.0,0.0,0.9292217793172847,0.025636966559963944,0.9292217793172847,0.00013078206384398608,0.0
shillong,2026-09-22,0.1,0.009353816509246826,25.58,91.89,Normal,-0.6587330858706862,Hill / Himalayan orographic,0.1,0.0,0.0,0.8954433794052699,0.0,0.8954433794052699,0.0002179881534501934,0.0
shimla,2026-09-22,0.0,0.0,31.1,77.17,Normal,-0.6587330858706862,Hill / Himalayan orographic,0.0,0.0,0.0,0.20961969641064665,0.0,0.20961969641064665,0.00019727899521277138,0.0
srinagar,2026-09-22,0.0,0.0,34.08,74.8,Normal,-0.6587330858706862,Hill / Himalayan orographic,0.0,0.0,0.0,0.0,0.0,0.0,0.00020524349465171846,0.0
surat,2026-09-22,0.0,0.0,21.17,72.83,Normal,-0.6587330858706862,West-coast orographic,0.0,0.0,0.0,0.0,0.0,0.0,0.00026021717420149495,0.0
thiruvananthapuram,2026-09-22,69.2,0.8124513626098633,8.52,76.94,Normal,-0.6587330858706862,West-coast orographic,69.2,54.929143388240725,34.60814753059059,15.204073348707322,17.84422705795247,15.204073348707322,0.014404800095659906,1.0
varanasi,2026-09-22,0.8999999999999999,0.0,25.32,82.97,Normal,-0.6587330858706862,Inland,0.8999999999999999,0.0,0.0,0.17793619954250467,0.0,0.17793619954250467,0.00028656572837453925,0.0
vijayawada,2026-09-22,13.2,2.887570381164551,16.51,80.65,Normal,-0.6587330858706862,Inland,13.2,9.959946155548096,11.115986072612277,4.106679321551101,4.429643130000637,4.106679321551101,0.0007292544509354636,0.0
visakhapatnam,2026-09-22,25.2,11.793558120727539,17.69,83.22,Normal,-0.6587330858706862,East coast,25.2,21.66943388111652,27.734963976830322,7.2739712633035465,11.724444719569913,7.2739712633035465,0.00300224822575374,0.0
agartala,2026-09-23,15.2,12.823485374450684,23.83,91.29,Normal,-0.45506279871127386,Inland,15.2,12.142373305956527,13.33105257925044,4.261068164004417,5.021160275285037,4.261068164004417,0.0024713453304687862,0.0
ahmedabad,2026-09-23,0.1,0.0,23.02,72.57,Normal,-0.45506279871127386,Inland,0.1,0.0,0.0,0.006420521017437329,0.0,0.006420521017437329,0.0003742134498904078,0.0
amritsar,2026-09-23,0.0,0.0,31.63,74.87,Normal,-0.45506279871127386,Inland,0.0,0.0,0.0,0.058943557532110016,0.0,0.058943557532110016,0.00035559148152926247,0.0
bengaluru,2026-09-23,1.2,0.0,12.97,77.59,Normal,-0.45506279871127386,Inland,1.2,0.0,0.0,0.4630425484740753,0.0,0.4630425484740753,0.0001386819814162932,0.0
bhopal,2026-09-23,0.0,0.4662516117095947,23.26,77.41,Normal,-0.45506279871127386,Inland,0.0,0.0,0.0,0.07900860636109523,0.0,0.07900860636109523,0.00028299469498126254,0.0
bhubaneswar,2026-09-23,37.7,48.131072998046875,20.3,85.82,Normal,-0.45506279871127386,East coast,37.7,32.63431233422749,48.52344707966054,27.11382765834867,46.96347134085573,27.11382765834867,0.049428284361502664,0.0
chandigarh,2026-09-23,0.0,0.0,30.73,76.78,Normal,-0.45506279871127386,Inland,0.0,0.0,0.0,0.4110378791231771,0.0,0.4110378791231771,0.0003368572326912231,0.0
chennai,2026-09-23,3.1,0.0,13.08,80.27,Normal,-0.45506279871127386,East coast,3.1,0.7853741377592088,0.19511420957744136,2.645701221708197,2.217342507063757,2.645701221708197,0.0005748823032122326,0.0
dehradun,2026-09-23,0.0,0.0,30.32,78.03,Normal,-0.45506279871127386,Hill / Himalayan orographic,0.0,0.0,0.0,0.9766649498035187,0.0,0.9766649498035187,0.000298370936854563,0.0
delhi,2026-09-23,0.0,0.0,28.61,77.21,Normal,-0.45506279871127386,Inland,0.0,0.0,0.0,0.05491308172074902,0.0,0.05491308172074902,0.00025581530155033814,0.0
gangtok,2026-09-23,4.0,17.514638900756836,27.33,88.61,Normal,-0.45506279871127386,Hill / Himalayan orographic,4.0,1.3078880310058594,1.5351392745971684,10.453455676984285,11.2597406215255,10.453455676984285,0.0007324279346046613,0.0
guwahati,2026-09-23,12.9,38.236087799072266,26.14,91.74,Normal,-0.45506279871127386,Inland,12.9,9.719546231099082,10.690160369873059,1.147770685128016,0.12252417828188797,1.147770685128016,0.0006220582568214242,0.0
hyderabad,2026-09-23,15.2,8.850783348083496,17.39,78.49,Normal,-0.45506279871127386,Inland,15.2,12.142373305956527,13.33105257925044,4.624811659310829,5.583766341495878,4.624811659310829,0.0010883979954666187,0.0
jabalpur,2026-09-23,0.4,0.0,23.18,79.95,Normal,-0.45506279871127386,Inland,0.4,0.0,0.0,0.6649722477976591,0.0,0.6649722477976591,0.0003202683578285888,0.0
jaipur,2026-09-23,0.0,0.0,26.91,75.79,Normal,-0.45506279871127386,Inland,0.0,0.0,0.0,0.033086026401461015,0.0,0.033086026401461015,0.00023692287003761157,0.0
jodhpur,2026-09-23,0.0,0.0,26.24,73.02,Normal,-0.45506279871127386,Inland,0.0,0.0,0.0,0.0,0.0,0.0,0.00023515812473307523,0.0
kochi,2026-09-23,12.5,8.732856750488281,9.93,76.27,Normal,-0.45506279871127386,West-coast orographic,12.5,9.43919231847905,6.410276788230838,6.874581449672788,5.400530392989214,6.874581449672788,0.0011200064461713841,0.0
kolkata,2026-09-23,5.0,0.3268974721431732,22.57,88.36,Normal,-0.45506279871127386,East coast,5.0,2.194888598124187,0.9476875829696656,3.5407658272056515,3.097976453407812,3.5407658272056515,0.001073260398110989,0.0
lucknow,2026-09-23,0.30000000000000004,0.0,26.85,80.95,Normal,-0.45506279871127386,Inland,0.30000000000000004,0.0,0.0,0.6450106308990362,0.0,0.6450106308990362,0.0002749908563590583,0.0
madurai,2026-09-23,8.2,0.0,9.93,78.12,Normal,-0.45506279871127386,Inland,8.2,4.977848279953003,5.580004358291625,1.9196510749617708,0.8557870331989532,1.9196510749617708,0.0009742045288662322,0.0
mangaluru,2026-09-23,0.30000000000000004,0.07387930154800415,12.91,74.86,Normal,-0.45506279871127386,West-coast orographic,0.30000000000000004,0.0,0.0,0.2949952827504542,0.0,0.2949952827504542,0.00020874421934311924,0.0
mumbai,2026-09-23,77.1,0.0,19.08,72.88,Normal,-0.45506279871127386,West-coast orographic,77.1,64.70169309389007,43.55456177149067,61.17810126103096,74.06397487315878,61.17810126103096,0.07806283120996578,1.0
nagpur,2026-09-23,2.9,9.605764389038086,21.15,79.09,Normal,-0.45506279871127386,Inland,2.9,0.689785493016243,0.7231233745813369,1.7426221695145974,0.6035934248933801,1.7426221695145974,0.001045752054628163,0.0
panaji,2026-09-23,2.7,37.158790588378906,15.49,73.83,Normal,-0.45506279871127386,West-coast orographic,2.7,0.5844237357378007,0.38554105946892075,1.6212680874096745,0.7010798436848579,1.6212680874096745,0.0014889577484075499,0.0
patna,2026-09-23,0.2,0.0,25.59,85.14,Normal,-0.45506279871127386,Inland,0.2,0.0,0.0,0.5545340414882193,0.0,0.5545340414882193,0.0003345432940362621,0.0
pune,2026-09-23,7.000000000000001,7.438583850860596,18.52,73.86,Normal,-0.45506279871127386,Inland,7.000000000000001,3.950304546458022,4.4274373173713695,1.817271066453619,0.7187709418125542,1.817271066453619,0.0004763417235962221,0.0
raipur,2026-09-23,2.7,2.344552755355835,21.25,81.63,Normal,-0.45506279871127386,Inland,2.7,0.5844237357378007,0.6075500786304476,1.659566267137354,0.5023230101942763,1.659566267137354,0.002087834857048583,0.0
ranchi,2026-09-23,6.2,14.215798377990723,23.34,85.31,Normal,-0.45506279871127386,Inland,6.2,3.185938358306885,3.640094896842693,4.362897316685161,5.236248256356783,4.362897316685161,0.0006908226875664642,0.0
shillong,2026-09-23,2.0,27.436208724975586,25.58,91.89,Normal,-0.45506279871127386,Hill / Himalayan orographic,2.0,0.21328759193420405,0.4621937472820282,2.0568520622851323,0.6037718334611416,2.0568520622851323,0.0002722838075377024,0.0
shimla,2026-09-23,0.0,0.0,31.1,77.17,Normal,-0.45506279871127386,Hill / Himalayan orographic,0.0,0.0,0.0,0.46513055924468405,0.0,0.46513055924468405,0.0003405192552746724,0.0
srinagar,2026-09-23,0.0,0.0,34.08,74.8,Normal,-0.45506279871127386,Hill / Himalayan orographic,0.0,0.0,0.0,0.0,0.0,0.0,0.0003567799647034487,0.0
surat,2026-09-23,1.3,3.650704860687256,21.17,72.83,Normal,-0.45506279871127386,West-coast orographic,1.3,0.008519109189510345,0.0,0.12805087277989327,0.0,0.12805087277989327,0.0005099891315095949,0.0
thiruvananthapuram,2026-09-23,56.1,0.0,8.52,76.94,Normal,-0.45506279871127386,West-coast orographic,56.1,43.5111238631224,26.029931620547643,7.654208407590442,6.246906940943254,7.654208407590442,0.007730056215703162,0.0
varanasi,2026-09-23,1.7999999999999998,0.0,25.32,82.97,Normal,-0.45506279871127386,Inland,1.7999999999999998,0.13022794067859642,0.13508338481187812,1.3910013744044385,0.2281144350005663,1.3910013744044385,0.00041325174557393793,0.0
vijayawada,2026-09-23,44.0,9.320562362670898,16.51,80.65,Normal,-0.45506279871127386,Inland,44.0,36.75295046333001,45.59193096198813,18.262431379892533,33.326106190434146,18.262431379892533,0.010786632872226774,0.0
visakhapatnam,2026-09-23,36.6,83.30240631103516,17.69,83.22,Normal,-0.45506279871127386,East coast,36.6,31.733362152103975,44.51139106784371,16.72050109767636,34.165810816261796,16.72050109767636,0.007577199586754974,0.0
agartala,2026-09-24,2.6,7.311337471008301,23.83,91.29,Normal,-0.5911280851293259,Inland,2.6,0.4896553808450702,0.5600459098815922,4.60436788260442,5.558151644707818,4.60436788260442,0.0005651587130625261,0.0
ahmedabad,2026-09-24,0.0,0.0,23.02,72.57,Normal,-0.5911280851293259,Inland,0.0,0.0,0.0,0.00014749885870188472,0.0,0.00014749885870188472,0.00029459657226999365,0.0
amritsar,2026-09-24,0.0,0.0,31.63,74.87,Normal,-0.5911280851293259,Inland,0.0,0.0,0.0,0.08399720606391513,0.0,0.08399720606391513,0.00035559148152926247,0.0
bengaluru,2026-09-24,0.0,0.0,12.97,77.59,Normal,-0.5911280851293259,Inland,0.0,0.0,0.0,0.12422473337968888,0.0,0.12422473337968888,0.0001769196129752484,0.0
bhopal,2026-09-24,2.2,3.689422607421875,23.26,77.41,Normal,-0.5911280851293259,Inland,2.2,0.32704229950904834,0.29510672986507414,0.9008907832909332,0.0,0.9008907832909332,0.00022278100525799916,0.0
bhubaneswar,2026-09-24,28.799999999999997,45.258480072021484,20.3,85.82,Normal,-0.5911280851293259,East coast,28.799999999999997,24.748081282102145,34.125135835556655,13.689861196552467,26.406189621652803,13.689861196552467,0.019948715986168337,0.0
chandigarh,2026-09-24,0.0,0.0,30.73,76.78,Normal,-0.5911280851293259,Inland,0.0,0.0,0.0,0.4735671179515359,0.0,0.4735671179515359,0.0003368572326912231,0.0
chennai,2026-09-24,2.4,0.0,13.08,80.27,Normal,-0.5911280851293259,East coast,2.4,0.42153860300779394,0.09356827139854433,2.585698917163592,2.1701496840813705,2.585698917163592,0.0005130643168774798,0.0
dehradun,2026-09-24,0.0,0.0,30.32,78.03,Normal,-0.5911280851293259,Hill / Himalayan orographic,0.0,0.0,0.0,1.0902885063214502,0.0008182945471551967,1.0902885063214502,0.000298370936854563,0.0
delhi,2026-09-24,0.0,0.0,28.61,77.21,Normal,-0.5911280851293259,Inland,0.0,0.0,0.0,0.050836706535342134,0.0,0.050836706535342134,0.00025581530155033814,0.0
gangtok,2026-09-24,32.2,14.764869689941406,27.33,88.61,Normal,-0.5911280851293259,Hill / Himalayan orographic,32.2,27.754593553902385,37.97449931450346,13.272106611218451,18.28316868304448,13.272106611218451,0.0019638155994182232,0.0
guwahati,2026-09-24,3.9,0.7587709426879883,26.14,91.74,Normal,-0.5911280851293259,Inland,3.9,1.2486208051443097,1.3131761491298697,1.9916306686303833,1.0134660139248106,1.9916306686303833,0.00039055003427221054,0.0
hyderabad,2026-09-24,41.6,6.921657562255859,17.39,78.49,Normal,-0.5911280851293259,Inland,41.6,35.49603441840244,42.95843615446606,15.022240441532206,28.46554101941976,15.022240441532206,0.018999297677840945,0.0
jabalpur,2026-09-24,4.1,0.33142411708831787,23.18,79.95,Normal,-0.5911280851293259,Inland,4.1,1.376546666622162,1.4686396420001997,2.5063782801660515,1.7570097857688551,2.5063782801660515,0.00046606241515770053,0.0
jaipur,2026-09-24,0.0,0.0,26.91,75.79,Normal,-0.5911280851293259,Inland,0.0,0.0,0.0,0.02993945385972806,0.0,0.02993945385972806,0.00023692287003761157,0.0
jodhpur,2026-09-24,0.0,0.0,26.24,73.02,Normal,-0.5911280851293259,Inland,0.0,0.0,0.0,0.0,0.0,0.0,0.00023515812473307523,0.0
kochi,2026-09-24,9.8,9.077841758728027,9.93,76.27,Normal,-0.5911280851293259,West-coast orographic,9.8,6.876705155372619,5.256301396958372,4.379003466906942,3.244849899734383,4.379003466906942,0.0008039062651314019,0.0
kolkata,2026-09-24,33.9,64.81671142578125,22.57,88.36,Normal,-0.5911280851293259,East coast,33.9,29.423640109179562,38.36615516176185,18.402620390282493,37.340243060621695,18.402620390282493,0.041978741918815954,0.0
lucknow,2026-09-24,1.7999999999999998,6.298422336578369,26.85,80.95,Normal,-0.5911280851293259,Inland,1.7999999999999998,0.13022794067859642,0.13508338481187812,1.6731913811096832,0.5167709554026758,1.6731913811096832,0.0002749908563590583,0.0
madurai,2026-09-24,0.0,0.0,9.93,78.12,Normal,-0.5911280851293259,Inland,0.0,0.0,0.0,0.1270838322875715,0.0,0.1270838322875715,0.00023525088593980033,0.0
mangaluru,2026-09-24,0.6000000000000001,0.12760969996452332,12.91,74.86,Normal,-0.5911280851293259,West-coast orographic,0.6000000000000001,0.0,0.0,0.3964094217602963,0.0,0.3964094217602963,0.00025812911858885294,0.0
mumbai,2026-09-24,0.7000000000000001,12.477252006530762,19.08,72.88,Normal,-0.5911280851293259,West-coast orographic,0.7000000000000001,0.0,0.0,0.11366056806985513,0.0,0.11366056806985513,0.00024300919528409326,0.0
nagpur,2026-09-24,6.9,0.00425116578117013,21.15,79.09,Normal,-0.5911280851293259,Inland,6.9,3.8485292006048044,4.360882377624511,4.362526353094417,5.235464690868081,4.362526353094417,0.000847265374885294,0.0
panaji,2026-09-24,56.4,14.678901672363281,15.49,73.83,Normal,-0.5911280851293259,West-coast orographic,56.4,43.72945178969499,26.13184426960192,12.005124301908301,12.629197804429518,12.005124301908301,0.01137843026295338,0.0
patna,2026-09-24,54.1,42.94392776489258,25.59,85.14,Normal,-0.5911280851293259,Inland,54.1,42.23554814705482,56.67455494364355,17.527167687068278,32.18069697103951,17.527167687068278,0.008303939946007198,0.0
pune,2026-09-24,0.2,0.0,18.52,73.86,Normal,-0.5911280851293259,Inland,0.2,0.0,0.0,0.01042806036517395,0.0,0.01042806036517395,0.0001686438283207461,0.0
raipur,2026-09-24,2.8000000000000003,12.838841438293457,21.25,81.63,Normal,-0.5911280851293259,Inland,2.8000000000000003,0.649371964931488,0.6550542473793032,1.659566267137354,0.5023230101942763,1.659566267137354,0.00110422967647684,0.0
ranchi,2026-09-24,25.5,45.683956146240234,23.34,85.31,Normal,-0.5911280851293259,Inland,25.5,22.23255433824327,25.924087526163934,10.701971864008865,19.16885700058248,10.701971864008865,0.009473196730431658,0.0
shillong,2026-09-24,8.8,0.41654375195503235,25.58,91.89,Normal,-0.5911280851293259,Hill / Himalayan orographic,8.8,5.506356925964356,5.023933877616092,2.1798876140321783,0.6475373522802419,2.1798876140321783,0.0020775329107182677,0.0
shimla,2026-09-24,0.0,0.0,31.1,77.17,Normal,-0.5911280851293259,Hill / Himalayan orographic,0.0,0.0,0.0,0.5315060002858593,0.0,0.5315060002858593,0.0003405192552746724,0.0
srinagar,2026-09-24,0.7,0.39124980568885803,34.08,74.8,Normal,-0.5911280851293259,Hill / Himalayan orographic,0.7,0.0,0.0,0.0,0.0,0.0,0.0003567799647034487,0.0
surat,2026-09-24,0.0,0.0,21.17,72.83,Normal,-0.5911280851293259,West-coast orographic,0.0,0.0,0.0,0.00781389205845342,0.0,0.00781389205845342,0.0004014965039285377,0.0
thiruvananthapuram,2026-09-24,62.9,4.4073028564453125,8.52,76.94,Normal,-0.5911280851293259,West-coast orographic,62.9,48.75229886469457,33.32194010826845,12.1408435475706,12.769897123058854,12.1408435475706,0.03131544056951996,0.0
varanasi,2026-09-24,9.8,4.097663879394531,25.32,82.97,Normal,-0.5911280851293259,Inland,9.8,6.876705155372619,7.156666469573976,4.711890499233765,5.681626745808676,4.711890499233765,0.006329472290621163,0.0
vijayawada,2026-09-24,127.3,137.51397705078125,16.51,80.65,Normal,-0.5911280851293259,Inland,127.3,107.91407040840701,206.2140380859375,36.47437221834491,69.31101677326372,36.47437221834491,0.11395386325911405,1.0
visakhapatnam,2026-09-24,69.7,185.81861877441406,17.69,83.22,Normal,-0.5911280851293259,East coast,69.7,56.06188351407643,115.50830841064453,29.628955802613522,52.067098322102716,29.628955802613522,0.04478384941756552,1.0
agartala,2026-09-25,0.30000000000000004,2.9711222648620605,23.83,91.29,Normal,0.6014936095733601,Inland,0.30000000000000004,0.0,0.0,3.060358876219962,2.6033197196653983,3.060358876219962,0.00023657844013461656,0.0
ahmedabad,2026-09-25,0.3,0.0,23.02,72.57,Normal,0.6014936095733601,Inland,0.3,0.0,0.0,0.30374489593134346,0.0,0.30374489593134346,0.00027710393133825983,0.0
amritsar,2026-09-25,0.2,11.29600715637207,31.63,74.87,Normal,0.6014936095733601,Inland,0.2,0.0,0.0,0.20659377369205986,0.0,0.20659377369205986,0.0003471009996671606,0.0
bengaluru,2026-09-25,0.5,0.11228836327791214,12.97,77.59,Normal,0.6014936095733601,Inland,0.5,0.0,0.0,1.1511541398162444,0.12320707006357043,1.1511541398162444,0.00011603476692574651,0.0
bhopal,2026-09-25,0.0,9.081941604614258,23.26,77.41,Normal,0.6014936095733601,Inland,0.0,0.0,0.0,0.2517032920860976,0.0,0.2517032920860976,0.0001995211638183817,0.0
bhubaneswar,2026-09-25,75.8,38.06557846069336,20.3,85.82,Normal,0.6014936095733601,East coast,75.8,63.18388870824714,124.65830841064452,58.63064149127501,83.30577665833358,70.0,0.5497672992620931,1.0
chandigarh,2026-09-25,0.0,0.0,30.73,76.78,Normal,0.6014936095733601,Inland,0.0,0.0,0.0,0.6385803493905781,0.0,0.6385803493905781,0.00032881392261908477,0.0
chennai,2026-09-25,0.0,0.0,13.08,80.27,Normal,0.6014936095733601,East coast,0.0,0.0,0.0,0.721848393779151,0.004869066635383849,0.721848393779151,0.00015891157852889335,0.0
dehradun,2026-09-25,4.7,14.565729141235352,30.32,78.03,Normal,0.6014936095733601,Hill / Himalayan orographic,4.7,1.9527010369300843,2.2538279685107154,2.580553987265903,1.0783254948316294,2.580553987265903,0.0005586386118739055,0.0
delhi,2026-09-25,0.0,0.0,28.61,77.21,Normal,0.6014936095733601,Inland,0.0,0.0,0.0,0.23847990176143244,0.0,0.23847990176143244,0.00023666083887343838,0.0
gangtok,2026-09-25,42.5,41.3140754699707,27.33,88.61,Normal,0.6014936095733601,Hill / Himalayan orographic,42.5,36.123220840739485,40.12065413655405,21.082900951206877,36.33771318305295,21.082900951206877,0.007759576722802386,0.0
guwahati,2026-09-25,2.5,0.0,26.14,91.74,Normal,0.6014936095733601,Inland,2.5,0.45559699192643194,0.4736687444150449,3.5708325745480916,3.7134169205185956,3.5708325745480916,0.00043339147934671763,0.0
hyderabad,2026-09-25,2.5,0.0,17.39,78.49,Normal,0.6014936095733601,Inland,2.5,0.45559699192643194,0.4736687444150449,3.1518584685984883,2.7226016613715025,3.1518584685984883,0.0002528202669877575,0.0
jabalpur,2026-09-25,19.2,13.005768775939941,23.18,79.95,Normal,0.6014936095733601,Inland,19.2,16.44684585571289,18.425394801918518,6.901120892185648,10.19710227675246,6.901120892185648,0.0032436615174617316,0.0
jaipur,2026-09-25,0.0,0.0,26.91,75.79,Normal,0.6014936095733601,Inland,0.0,0.0,0.0,0.1900125439821659,0.0,0.1900125439821659,0.00023589770236552424,0.0
jodhpur,2026-09-25,0.0,0.0,26.24,73.02,Normal,0.6014936095733601,Inland,0.0,0.0,0.0,0.043643509519237886,0.0,0.043643509519237886,0.00023126754268327877,0.0
kochi,2026-09-25,0.8,5.632175922393799,9.93,76.27,Normal,0.6014936095733601,West-coast orographic,0.8,0.0,0.0,0.9605797644321449,0.2185516840792705,0.9605797644321449,0.00025935716461232474,0.0
kolkata,2026-09-25,45.7,72.35855865478516,22.57,88.36,Normal,0.6014936095733601,East coast,45.7,37.46664403559927,79.50830841064453,34.13056631029736,61.20163919965924,34.13056631029736,0.2026123468849236,0.0
lucknow,2026-09-25,13.7,21.376798629760742,26.85,80.95,Normal,0.6014936095733601,Inland,13.7,10.866239248514177,11.93856693989521,5.270352785567749,6.541833948051463,5.270352785567749,0.009474820388153756,0.0
madurai,2026-09-25,0.0,0.0,9.93,78.12,Normal,0.6014936095733601,Inland,0.0,0.0,0.0,0.642427110989699,0.0,0.642427110989699,0.00020344561176553698,0.0
mangaluru,2026-09-25,82.9,56.17428970336914,12.91,74.86,Normal,0.6014936095733601,West-coast orographic,82.9,68.98982693830703,45.71640179328485,32.54133564133352,37.00445805381777,32.54133564133352,0.08977473273314533,1.0
mumbai,2026-09-25,0.0,12.672209739685059,19.08,72.88,Normal,0.6014936095733601,West-coast orographic,0.0,0.0,0.0,0.36556227624208304,0.0,0.36556227624208304,0.00029978655912479504,0.0
nagpur,2026-09-25,4.9,7.256119251251221,21.15,79.09,Normal,0.6014936095733601,Inland,4.9,2.134838700294495,2.2801730692386633,3.5867116924878957,3.752375965747525,3.5867116924878957,0.0004161064174882415,0.0
panaji,2026-09-25,39.1,7.627769947052002,15.49,73.83,Normal,0.6014936095733601,West-coast orographic,39.1,33.678786005599534,19.681277241510397,17.084263026508452,19.012490666729278,17.084263026508452,0.0196617414319648,0.0
patna,2026-09-25,21.5,48.87337112426758,25.59,85.14,Normal,0.6014936095733601,Inland,21.5,18.593386192321777,20.55036982269805,7.537295233982147,12.058714813255648,7.537295233982147,0.0024276206156810657,0.0
pune,2026-09-25,0.30000000000000004,0.0,18.52,73.86,Normal,0.6014936095733601,Inland,0.30000000000000004,0.0,0.0,0.4872453404647366,0.0,0.4872453404647366,0.00015240797387589848,0.0
raipur,2026-09-25,94.0,40.01985168457031,21.25,81.63,Normal,0.6014936095733601,Inland,94.0,76.11132494391269,156.2640380859375,43.07974803798566,87.61163865428495,43.07974803798566,0.21617474930826808,1.0
ranchi,2026-09-25,40.0,38.24895477294922,23.34,85.31,Normal,0.6014936095733601,Inland,40.0,34.33299543420858,41.165298289213105,26.53402827551474,47.2188660192927,26.53402827551474,0.023681331904138,0.0
shillong,2026-09-25,0.4,2.251842975616455,25.58,91.89,Normal,0.6014936095733601,Hill / Himalayan orographic,0.4,0.0,0.0,1.2650631478450582,0.03053183226267366,1.2650631478450582,0.00024226653703601542,0.0
shimla,2026-09-25,0.5,0.0,31.1,77.17,Normal,0.6014936095733601,Hill / Himalayan orographic,0.5,0.0,0.0,1.141977235679217,0.008028844719890193,1.141977235679217,0.00032221194497366587,0.0
srinagar,2026-09-25,0.0,0.0,34.08,74.8,Normal,0.6014936095733601,Hill / Himalayan orographic,0.0,0.0,0.0,0.0,0.0,0.0,0.00033345660637007783,0.0
surat,2026-09-25,0.0,0.0,21.17,72.83,Normal,0.6014936095733601,West-coast orographic,0.0,0.0,0.0,0.2916589924658624,0.0,0.2916589924658624,0.000496191959997723,0.0
thiruvananthapuram,2026-09-25,26.6,1.1428382396697998,8.52,76.94,Normal,0.6014936095733601,West-coast orographic,26.6,23.17718647638957,14.548688373346447,3.7617189088359138,2.5465203958714673,3.7617189088359138,0.009451392496005505,0.0
varanasi,2026-09-25,24.2,7.233534336090088,25.32,82.97,Normal,0.6014936095733601,Inland,24.2,20.764934812355296,24.45097938327616,9.521265201534378,16.827818152989515,9.521265201534378,0.06867618175906405,0.0
vijayawada,2026-09-25,29.1,81.50569915771484,16.51,80.65,Normal,0.6014936095733601,Inland,29.1,24.95543936509353,30.05212794225802,9.938270214706337,17.577633016355684,9.938270214706337,0.003188800694760939,0.0
visakhapatnam,2026-09-25,8.8,17.25351905822754,17.69,83.22,Normal,0.6014936095733601,East coast,8.8,5.506356925964356,4.777643785476686,4.766316001593886,4.934812030031347,4.766316001593886,0.0025431633764020226,0.0
agartala,2026-09-26,0.1,1.4620622396469116,23.83,91.29,Active,1.9980887157006657,Inland,0.1,0.0,0.0,2.599570216973462,2.8391797186093,2.599570216973462,0.0002800783427602883,0.0
ahmedabad,2026-09-26,0.0,0.0,23.02,72.57,Active,1.9980887157006657,Inland,0.0,0.0,0.0,0.396252852452956,0.0,0.396252852452956,0.0003474528941353152,0.0
amritsar,2026-09-26,3.0,0.0,31.63,74.87,Active,1.9980887157006657,Inland,3.0,0.7301990211009983,0.9609692788459887,1.4840177265297803,0.4215411881682787,1.4840177265297803,0.002079560266379377,0.0
bengaluru,2026-09-26,8.6,2.8513970375061035,12.97,77.59,Active,1.9980887157006657,Inland,8.6,5.2401897398630775,6.7735447398099025,1.7764403854575297,1.6471657795781784,1.7764403854575297,0.001271212701944067,0.0
bhopal,2026-09-26,1.4,1.0684638023376465,23.26,77.41,Active,1.9980887157006657,Inland,1.4,0.0314071646332741,0.10585623864204655,0.45023878982093035,0.0,0.45023878982093035,0.00022909677190518477,0.0
bhubaneswar,2026-09-26,27.1,21.173933029174805,20.3,85.82,Active,1.9980887157006657,East coast,27.1,23.573052145150992,23.312457968899558,34.49779461256213,35.92107778560754,34.49779461256213,0.14265804434881546,0.0
chandigarh,2026-09-26,0.30000000000000004,0.05488765612244606,30.73,76.78,Active,1.9980887157006657,Inland,0.30000000000000004,0.0,0.0,1.847541726215467,1.8308562248785363,1.847541726215467,0.0003687622458012161,0.0
chennai,2026-09-26,1.2,0.24175752699375153,13.08,80.27,Active,1.9980887157006657,East coast,1.2,0.0,0.05033897053450336,0.5484704171883262,0.0,0.5484704171883262,0.00012206436391569753,0.0
dehradun,2026-09-26,9.5,1.0618386268615723,30.32,78.03,Active,1.9980887157006657,Hill / Himalayan orographic,9.5,6.391296720504762,8.056001110979436,6.791558632606681,6.875304493288314,6.791558632606681,0.0031828174442729514,0.0
delhi,2026-09-26,0.1,0.0,28.61,77.21,Active,1.9980887157006657,Inland,0.1,0.0,0.0,0.4125930386440396,0.0,0.4125930386440396,0.0002587941882258187,0.0
gangtok,2026-09-26,12.700000000000001,1.6475553512573242,27.33,88.61,Active,1.9980887157006657,Hill / Himalayan orographic,12.700000000000001,9.579369274789068,9.769785442914552,15.38871504243264,14.10778435659489,15.38871504243264,0.004665215631290201,0.0
guwahati,2026-09-26,0.3,1.1060500144958496,26.14,91.74,Active,1.9980887157006657,Inland,0.3,0.0,0.0,1.5455689154641181,0.573280227731564,1.5455689154641181,0.0002787450488833676,0.0
hyderabad,2026-09-26,0.1,0.0,17.39,78.49,Active,1.9980887157006657,Inland,0.1,0.0,0.0,0.4759734761020955,0.0,0.4759734761020955,0.0001813162464981784,0.0
jabalpur,2026-09-26,73.0,76.9605484008789,23.18,79.95,Active,1.9980887157006657,Inland,73.0,59.91477156993927,91.31365541227748,52.96029001341468,63.502070769811105,52.96029001341468,0.17630861564468758,1.0
jaipur,2026-09-26,0.0,0.0,26.91,75.79,Active,1.9980887157006657,Inland,0.0,0.0,0.0,0.13019232684766144,0.0,0.13019232684766144,0.0002645604180674628,0.0
jodhpur,2026-09-26,0.0,0.0,26.24,73.02,Active,1.9980887157006657,Inland,0.0,0.0,0.0,0.3506894732865794,0.0,0.3506894732865794,0.0002593678174639786,0.0
kochi,2026-09-26,1.8,0.0,9.93,76.27,Active,1.9980887157006657,West-coast orographic,1.8,0.13022794067859647,0.34635799646377574,1.263173050132633,0.22593415987181095,1.263173050132633,0.0001578715125019284,0.0
kolkata,2026-09-26,23.8,13.814167976379395,22.57,88.36,Active,1.9980887157006657,East coast,23.8,20.265327287822668,20.296857842076694,34.39764154519552,35.799277098432114,34.39764154519552,0.2841036361982403,0.0
lucknow,2026-09-26,130.2,71.39987182617188,26.85,80.95,Active,1.9980887157006657,Inland,130.2,111.93731461772396,238.35246678362864,88.49281560589117,109.21310277314961,88.49281560589117,0.6550162487511688,1.0
madurai,2026-09-26,0.0,5.815948009490967,9.93,78.12,Active,1.9980887157006657,Inland,0.0,0.0,0.0,0.10648223521758825,0.0,0.10648223521758825,0.00023532961513876991,0.0
mangaluru,2026-09-26,24.0,13.920968055725098,12.91,74.86,Active,1.9980887157006657,West-coast orographic,24.0,20.515131050088982,20.463280627907796,13.407393608697207,13.081152445291632,13.407393608697207,0.024142538301344708,0.0
mumbai,2026-09-26,0.0,0.0,19.08,72.88,Active,1.9980887157006657,West-coast orographic,0.0,0.0,0.0,0.6408407980383946,0.0,0.6408407980383946,0.0002164037185634348,0.0
nagpur,2026-09-26,8.0,6.189473628997803,21.15,79.09,Active,1.9980887157006657,Inland,8.0,4.891676368713379,5.228688962355905,7.499112839936761,7.945707330685366,7.499112839936761,0.005842817083775564,0.0
panaji,2026-09-26,14.6,0.4373069107532501,15.49,73.83,Active,1.9980887157006657,West-coast orographic,14.6,11.684586859146755,11.638566724872858,5.233216756490978,4.16555352479278,5.233216756490978,0.004150640899383383,0.0
patna,2026-09-26,45.0,10.374160766601562,25.59,85.14,Active,1.9980887157006657,Inland,45.0,37.172770211723694,63.078350645175455,39.71391396455556,35.686569628747414,39.71391396455556,0.09512573339418612,0.0
pune,2026-09-26,0.0,0.0,18.52,73.86,Active,1.9980887157006657,Inland,0.0,0.0,0.0,0.06141194873311982,0.0,0.06141194873311982,0.0002347082876368208,0.0
raipur,2026-09-26,45.2,61.42656707763672,21.25,81.63,Active,1.9980887157006657,Inland,45.2,37.256734161402434,63.38087055037811,42.80890288304523,38.79135984158724,70.0,0.30168288653530817,0.0
ranchi,2026-09-26,45.0,31.544069290161133,23.34,85.31,Active,1.9980887157006657,Inland,45.0,37.172770211723694,63.078350645175455,52.08890408585692,62.166338466164675,52.08890408585692,0.17488317914945595,0.0
shillong,2026-09-26,11.8,2.123757839202881,25.58,91.89,Active,1.9980887157006657,Hill / Himalayan orographic,11.8,8.75198221206665,9.388949607014652,5.873158369539905,4.968416587169702,5.873158369539905,0.0027115138389543943,0.0
shimla,2026-09-26,4.9,0.0,31.1,77.17,Active,1.9980887157006657,Hill / Himalayan orographic,4.9,2.134838700294495,2.6225054453751198,1.5336419614241765,0.5216896123227935,1.5336419614241765,0.0004280124281966941,0.0
srinagar,2026-09-26,0.0,0.0,34.08,74.8,Active,1.9980887157006657,Hill / Himalayan orographic,0.0,0.0,0.0,0.0,0.0,0.0,0.00028526678368998894,0.0
surat,2026-09-26,0.0,0.0,21.17,72.83,Active,1.9980887157006657,West-coast orographic,0.0,0.0,0.0,0.541640777048956,0.0,0.541640777048956,0.00035820035937392437,0.0
thiruvananthapuram,2026-09-26,1.8,0.5231020450592041,8.52,76.94,Active,1.9980887157006657,West-coast orographic,1.8,0.13022794067859647,0.34635799646377574,0.6667703870999623,0.00098091875859679,0.6667703870999623,0.0001320548003303824,0.0
varanasi,2026-09-26,50.2,15.835923194885254,25.32,82.97,Active,1.9980887157006657,Inland,50.2,39.74817550072304,75.4398167938324,31.211910587645818,30.52946230823057,31.211910587645818,0.07388989645248402,0.0
vijayawada,2026-09-26,0.2,0.0,16.51,80.65,Active,1.9980887157006657,Inland,0.2,0.0,0.0,0.35216076953747844,0.0,0.35216076953747844,0.0001813162464981784,0.0
visakhapatnam,2026-09-26,4.0,2.360948085784912,17.69,83.22,Active,1.9980887157006657,East coast,4.0,1.3078880310058594,1.7612994347452582,1.4354573063879865,0.3803177657282638,1.4354573063879865,0.00032333710512645044,0.0
