loc,date,fc,obs,lat,lon,ls,anom,ltype,RAW,QM_GLOBAL,QM_REGIME,ML_REGIME,ML_REGIME_QM,PROB_WARN,P_ML,P_RAW
agartala,2026-06-03,3.0,0.0,23.83,91.29,Normal,-0.42578306451251235,Inland,3.0,2.356178987026215,2.2964810317124793,9.95692102291204,19.29233896287886,9.95692102291204,0.0010171795199329493,0.0
ahmedabad,2026-06-03,0.0,0.0,23.02,72.57,Normal,-0.42578306451251235,Inland,0.0,0.0,0.0,0.03695786926756212,0.0,0.03695786926756212,0.0004452899181127843,0.0
amritsar,2026-06-03,0.8999999999999999,13.547143936157227,31.63,74.87,Normal,-0.42578306451251235,Inland,0.8999999999999999,0.4318348467350005,0.5131169199943544,0.8179726592323022,0.0,0.8179726592323022,0.000779823884553407,0.0
bengaluru,2026-06-03,0.0,12.82531452178955,12.97,77.59,Normal,-0.42578306451251235,Inland,0.0,0.0,0.0,0.23431061281395435,0.0,0.23431061281395435,0.00018377393779593008,0.0
bhopal,2026-06-03,0.8,0.0,23.26,77.41,Normal,-0.42578306451251235,Inland,0.8,0.3393913626670843,0.4318348467350006,1.4352684927136672,0.20666576483420449,1.4352684927136672,0.0004843866530343524,0.0
bhubaneswar,2026-06-03,0.0,1.648492455482483,20.3,85.82,Normal,-0.42578306451251235,East coast,0.0,0.0,0.0,3.272833288311652,2.3105439128613554,3.272833288311652,0.00045765885737806194,0.0
chandigarh,2026-06-03,0.0,0.0,30.73,76.78,Normal,-0.42578306451251235,Inland,0.0,0.0,0.0,0.299200089186513,0.0,0.299200089186513,0.00027689414719396087,0.0
chennai,2026-06-03,0.0,0.0,13.08,80.27,Normal,-0.42578306451251235,East coast,0.0,0.0,0.0,0.3998321090273287,0.0,0.3998321090273287,0.0003615383432651825,0.0
dehradun,2026-06-03,0.0,21.502613067626953,30.32,78.03,Normal,-0.42578306451251235,Hill / Himalayan orographic,0.0,0.0,0.0,1.0409865763044681,0.012894442875422435,1.0409865763044681,0.0009705541432935515,0.0
delhi,2026-06-03,0.0,0.0,28.61,77.21,Normal,-0.42578306451251235,Inland,0.0,0.0,0.0,0.06248479667545302,0.0,0.06248479667545302,0.0002707873076653941,0.0
gangtok,2026-06-03,8.5,8.750842094421387,27.33,88.61,Normal,-0.42578306451251235,Hill / Himalayan orographic,8.5,8.277529311180114,4.83485918045044,17.946700744889966,27.86257239769886,17.946700744889966,0.016914132842740386,0.0
guwahati,2026-06-03,0.8,0.5618604421615601,26.14,91.74,Normal,-0.42578306451251235,Inland,0.8,0.3393913626670843,0.4318348467350006,8.619101448871445,17.05640383632857,8.619101448871445,0.00022714796133452267,0.0
hyderabad,2026-06-03,0.3,0.0,17.39,78.49,Normal,-0.42578306451251235,Inland,0.3,0.0,0.028812201246619228,1.7671794124849547,0.5981958324838754,1.7671794124849547,0.00019395290179653082,0.0
jabalpur,2026-06-03,0.8999999999999999,0.0,23.18,79.95,Normal,-0.42578306451251235,Inland,0.8999999999999999,0.4318348467350005,0.5131169199943544,1.8098960651678877,0.678940677843172,1.8098960651678877,0.00044124926356077553,0.0
jaipur,2026-06-03,0.0,0.0,26.91,75.79,Normal,-0.42578306451251235,Inland,0.0,0.0,0.0,0.1846839189304105,0.0,0.1846839189304105,0.0001905130291067574,0.0
jodhpur,2026-06-03,1.0,0.0,26.24,73.02,Normal,-0.42578306451251235,Inland,1.0,0.5135043597221374,0.5707712769508362,0.3461997130520549,0.0,0.3461997130520549,0.00039306961349321344,0.0
kochi,2026-06-03,12.200000000000001,11.538491249084473,9.93,76.27,Normal,-0.42578306451251235,West-coast orographic,12.200000000000001,13.906079409463068,22.437778469549297,14.810093888360823,19.418698147072384,14.810093888360823,0.011305524868382362,0.0
kolkata,2026-06-03,1.1,0.0012119836173951626,22.57,88.36,Normal,-0.42578306451251235,East coast,1.1,0.60145765542984,0.873968300819397,1.604464385964557,0.23569535336917774,1.604464385964557,0.0008907201755852103,0.0
lucknow,2026-06-03,0.2,0.0,26.85,80.95,Normal,-0.42578306451251235,Inland,0.2,0.0,0.0,0.7106347475693056,0.0,0.7106347475693056,0.00015585767099111895,0.0
madurai,2026-06-03,0.4,16.460662841796875,9.93,78.12,Normal,-0.42578306451251235,Inland,0.4,0.0781812793016435,0.11832021176815033,0.45882950882705265,0.0,0.45882950882705265,0.0003098053055303066,0.0
mangaluru,2026-06-03,5.6000000000000005,22.9243221282959,12.91,74.86,Normal,-0.42578306451251235,West-coast orographic,5.6000000000000005,4.9383705472046415,11.840077597300214,11.36385401642872,12.989004005109056,11.36385401642872,0.0314084970019901,0.0
mumbai,2026-06-03,0.8,0.0,19.08,72.88,Normal,-0.42578306451251235,West-coast orographic,0.8,0.3393913626670843,1.0008691823482516,1.416531968178442,0.932649565497776,1.416531968178442,0.0029245381402500637,0.0
nagpur,2026-06-03,0.0,0.0,21.15,79.09,Normal,-0.42578306451251235,Inland,0.0,0.0,0.0,0.6076011617101257,0.0,0.6076011617101257,0.00024192140318844092,0.0
panaji,2026-06-03,11.6,4.491454601287842,15.49,73.83,Normal,-0.42578306451251235,West-coast orographic,11.6,12.863311498165132,21.343937381016744,19.19979289862774,24.608012082952875,19.19979289862774,0.004753623460947975,0.0
patna,2026-06-03,0.0,0.0,25.59,85.14,Normal,-0.42578306451251235,Inland,0.0,0.0,0.0,0.8794751725186574,0.0,0.8794751725186574,0.00015597449293750965,0.0
pune,2026-06-03,0.0,0.01565558649599552,18.52,73.86,Normal,-0.42578306451251235,Inland,0.0,0.0,0.0,0.6019247280249734,0.0,0.6019247280249734,0.0002788576987447678,0.0
raipur,2026-06-03,1.3,0.5182018280029297,21.25,81.63,Normal,-0.42578306451251235,Inland,1.3,0.7728337883949279,0.7453281662599104,1.2377312535989053,0.0814411304741331,1.2377312535989053,0.0006342391164316075,0.0
ranchi,2026-06-03,0.0,0.0,23.34,85.31,Normal,-0.42578306451251235,Inland,0.0,0.0,0.0,1.8901496614359439,0.7525058864642583,1.8901496614359439,0.0002836057514867441,0.0
shillong,2026-06-03,8.8,0.36627888679504395,25.58,91.89,Normal,-0.42578306451251235,Hill / Himalayan orographic,8.8,8.754472646713259,5.547583399552568,18.978424773273765,28.933333512030732,18.978424773273765,0.02323635131619382,0.0
shimla,2026-06-03,0.0,1.5799347162246704,31.1,77.17,Normal,-0.42578306451251235,Hill / Himalayan orographic,0.0,0.0,0.0,0.6073050603754215,0.0,0.6073050603754215,0.0004033321635253502,0.0
srinagar,2026-06-03,1.7000000000000002,21.915706634521484,34.08,74.8,Normal,-0.42578306451251235,Hill / Himalayan orographic,1.7000000000000002,1.1081835746765132,0.2183502465486527,0.942202512105138,0.0,0.942202512105138,0.0007243022433262884,0.0
surat,2026-06-03,0.0,0.0,21.17,72.83,Normal,-0.42578306451251235,West-coast orographic,0.0,0.0,0.0,0.15547827876634054,0.0,0.15547827876634054,0.002559837157062731,0.0
thiruvananthapuram,2026-06-03,4.9,26.540996551513672,8.52,76.94,Normal,-0.42578306451251235,West-coast orographic,4.9,4.285745366414389,10.80184078216553,3.486967832261749,2.232734656709613,3.486967832261749,0.010295508920154984,0.0
varanasi,2026-06-03,0.0,0.4558201730251312,25.32,82.97,Normal,-0.42578306451251235,Inland,0.0,0.0,0.0,0.2667797696337458,0.0,0.2667797696337458,0.0003083105164887814,0.0
vijayawada,2026-06-03,0.4,0.37563541531562805,16.51,80.65,Normal,-0.42578306451251235,Inland,0.4,0.0781812793016435,0.11832021176815033,2.2798850218338647,1.199384906870089,2.2798850218338647,0.0002490612154137369,0.0
visakhapatnam,2026-06-03,0.0,17.676143646240234,17.69,83.22,Normal,-0.42578306451251235,East coast,0.0,0.0,0.0,0.77828919739961,0.0,0.77828919739961,0.00037514717600403653,0.0
agartala,2026-06-04,3.2,0.0,23.83,91.29,Normal,1.0456917328095896,Inland,3.2,2.62092045545578,2.4646782875061035,10.062049542843846,19.495798115598546,10.062049542843846,0.0008153472902647362,0.0
ahmedabad,2026-06-04,3.7,0.0,23.02,72.57,Normal,1.0456917328095896,Inland,3.7,3.054901585578915,2.7388444268124754,1.0639044709819139,0.0192425411952593,1.0639044709819139,0.001041986428890108,0.0
amritsar,2026-06-04,2.0,0.0,31.63,74.87,Normal,1.0456917328095896,Inland,2.0,1.387267827987671,1.4194132232666017,0.0,0.0,0.0,0.000435512784496233,0.0
bengaluru,2026-06-04,4.7,0.14971782267093658,12.97,77.59,Normal,1.0456917328095896,Inland,4.7,4.101476624806723,3.8192524039745335,1.6470905438831458,0.4758693415947069,1.6470905438831458,0.004353189089820598,0.0
bhopal,2026-06-04,0.7,1.432569146156311,23.26,77.41,Normal,1.0456917328095896,Inland,0.7,0.21580020636320144,0.2578176343441007,1.3536595548330115,0.15206304629224626,1.3536595548330115,0.00027935336797694295,0.0
bhubaneswar,2026-06-04,2.2,0.0,20.3,85.82,Normal,1.0456917328095896,East coast,2.2,1.53413202881813,2.0119032192230217,5.8870637120471,9.410080630132825,5.8870637120471,0.006043891976714331,0.0
chandigarh,2026-06-04,0.0,0.0,30.73,76.78,Normal,1.0456917328095896,Inland,0.0,0.0,0.0,0.0002540677430467639,0.0,0.0002540677430467639,0.0002728346301584862,0.0
chennai,2026-06-04,0.0,0.0,13.08,80.27,Normal,1.0456917328095896,East coast,0.0,0.0,0.0,0.40239516975517825,0.0,0.40239516975517825,0.0003892515733007555,0.0
dehradun,2026-06-04,0.5,1.3279591798782349,30.32,78.03,Normal,1.0456917328095896,Hill / Himalayan orographic,0.5,0.10248495228588592,0.0,0.4998666253192612,0.0,0.4998666253192612,0.0015293724903220692,0.0
delhi,2026-06-04,0.1,0.0,28.61,77.21,Normal,1.0456917328095896,Inland,0.1,0.0,0.0,0.12107842959245847,0.0,0.12107842959245847,0.0002668172984902294,0.0
gangtok,2026-06-04,11.0,44.26927947998047,27.33,88.61,Normal,1.0456917328095896,Hill / Himalayan orographic,11.0,11.797933979034426,8.800049161911009,15.548453509756484,25.260781735418185,15.548453509756484,0.021076741369119766,0.0
guwahati,2026-06-04,6.1000000000000005,4.984786510467529,26.14,91.74,Normal,1.0456917328095896,Inland,6.1000000000000005,5.512219222386681,5.06482680736144,5.343034002318494,8.185223711459269,5.343034002318494,0.0024026316463205935,0.0
hyderabad,2026-06-04,0.9,0.19160199165344238,17.39,78.49,Normal,1.0456917328095896,Inland,0.9,0.4318348467350006,0.5131169199943545,1.8992366595225527,0.7609750077785243,1.8992366595225527,0.0002647060207552162,0.0
jabalpur,2026-06-04,0.0,0.5274115204811096,23.18,79.95,Normal,1.0456917328095896,Inland,0.0,0.0,0.0,0.6824823543023831,0.0,0.6824823543023831,0.0002827224965362743,0.0
jaipur,2026-06-04,0.0,0.0,26.91,75.79,Normal,1.0456917328095896,Inland,0.0,0.0,0.0,0.12197309037653639,0.0,0.12197309037653639,0.00013580061037072415,0.0
jodhpur,2026-06-04,8.2,0.0,26.24,73.02,Normal,1.0456917328095896,Inland,8.2,7.935992809295653,7.005575611114501,1.1552677507539206,0.051511971549353504,1.1552677507539206,0.0018497966265984098,0.0
kochi,2026-06-04,30.7,36.45494079589844,9.93,76.27,Normal,1.0456917328095896,West-coast orographic,30.7,42.67342380325398,57.77754677246951,19.090049903121674,24.553123538109194,19.090049903121674,0.1813452922606653,0.0
kolkata,2026-06-04,0.0,0.08312810957431793,22.57,88.36,Normal,1.0456917328095896,East coast,0.0,0.0,0.0,1.6646298677657545,0.2574187816390638,1.6646298677657545,0.000581754372582378,0.0
lucknow,2026-06-04,0.30000000000000004,0.0,26.85,80.95,Normal,1.0456917328095896,Inland,0.30000000000000004,0.029623213633894915,0.05869419589638708,0.8243168374086889,0.0,0.8243168374086889,0.0009262702847819311,0.0
madurai,2026-06-04,0.30000000000000004,0.0,9.93,78.12,Normal,1.0456917328095896,Inland,0.30000000000000004,0.029623213633894915,0.05869419589638708,0.4290957475326561,0.0,0.4290957475326561,0.0025125734498426333,0.0
mangaluru,2026-06-04,8.6,4.805740833282471,12.91,74.86,Normal,1.0456917328095896,West-coast orographic,8.6,8.408332259655,18.24637496312459,17.38457796436541,22.261131209392307,17.38457796436541,0.010424418254719488,0.0
mumbai,2026-06-04,0.0,0.0,19.08,72.88,Normal,1.0456917328095896,West-coast orographic,0.0,0.0,0.0,0.6672993173890818,0.0,0.6672993173890818,0.00082303837635282,0.0
nagpur,2026-06-04,0.0,0.38442525267601013,21.15,79.09,Normal,1.0456917328095896,Inland,0.0,0.0,0.0,0.6482630406509916,0.0,0.6482630406509916,0.00025200250155341244,0.0
panaji,2026-06-04,10.6,5.91395902633667,15.49,73.83,Normal,1.0456917328095896,West-coast orographic,10.6,11.344224885304769,19.99636205192676,12.11168446652788,15.2682228591455,12.11168446652788,0.004119159081146013,0.0
patna,2026-06-04,0.1,0.0,25.59,85.14,Normal,1.0456917328095896,Inland,0.1,0.0,0.0,1.200585677034989,0.0630432204003863,1.200585677034989,0.0001522083697648039,0.0
pune,2026-06-04,0.0,0.0,18.52,73.86,Normal,1.0456917328095896,Inland,0.0,0.0,0.0,0.6597908381003297,0.0,0.6597908381003297,0.0002396865206251588,0.0
raipur,2026-06-04,0.0,0.0,21.25,81.63,Normal,1.0456917328095896,Inland,0.0,0.0,0.0,1.1378935121614226,0.046831310727661044,1.1378935121614226,0.0004772057360192685,0.0
ranchi,2026-06-04,0.0,0.0,23.34,85.31,Normal,1.0456917328095896,Inland,0.0,0.0,0.0,1.8930038101728177,0.7551659653672312,1.8930038101728177,0.00031118461105875535,0.0
shillong,2026-06-04,12.2,36.32954025268555,25.58,91.89,Normal,1.0456917328095896,Hill / Himalayan orographic,12.2,13.906079409463064,11.492180032730099,12.491305921158416,20.1969999119229,12.491305921158416,0.028130740105602008,0.0
shimla,2026-06-04,9.700000000000001,3.225219964981079,31.1,77.17,Normal,1.0456917328095896,Hill / Himalayan orographic,9.700000000000001,9.833149330139161,7.323718252182048,2.852116887971505,1.0637075036602657,2.852116887971505,0.006587899021232597,0.0
srinagar,2026-06-04,0.1,0.0,34.08,74.8,Normal,1.0456917328095896,Hill / Himalayan orographic,0.1,0.0,0.0,0.07318527006747953,0.0,0.07318527006747953,0.0003339122419608088,0.0
surat,2026-06-04,0.1,0.0,21.17,72.83,Normal,1.0456917328095896,West-coast orographic,0.1,0.0,0.0,0.5477881057799917,0.0,0.5477881057799917,0.0014052527603558634,0.0
thiruvananthapuram,2026-06-04,48.9,37.68726348876953,8.52,76.94,Normal,1.0456917328095896,West-coast orographic,48.9,73.85930381020414,100.9211356496105,26.542634511058733,35.037497299405906,26.542634511058733,0.24381219292677772,0.0
varanasi,2026-06-04,0.1,0.0,25.32,82.97,Normal,1.0456917328095896,Inland,0.1,0.0,0.0,0.6139343947384488,0.0,0.6139343947384488,0.0002676143169226481,0.0
vijayawada,2026-06-04,0.30000000000000004,0.2746017277240753,16.51,80.65,Normal,1.0456917328095896,Inland,0.30000000000000004,0.029623213633894915,0.05869419589638708,2.2687463290280374,1.186889483335301,2.2687463290280374,0.0016368749873293465,0.0
visakhapatnam,2026-06-04,0.8999999999999999,0.19576396048069,17.69,83.22,Normal,1.0456917328095896,East coast,0.8999999999999999,0.4318348467350005,0.6696263253688799,2.1943815159955986,0.9999420403149509,2.1943815159955986,0.0005804989429978704,0.0
agartala,2026-06-05,11.9,0.32516780495643616,23.83,91.29,Normal,-0.5081305705833984,Inland,11.9,13.392068929672241,11.5492614364624,3.6785675669436815,3.814759061443452,3.6785675669436815,0.0038157585411530857,0.0
ahmedabad,2026-06-05,0.7999999999999999,0.0,23.02,72.57,Normal,-0.5081305705833984,Inland,0.7999999999999999,0.33939136266708425,0.4318348467350005,0.585646717069635,0.0,0.585646717069635,0.0007512994028843487,0.0
amritsar,2026-06-05,7.2,0.47381168603897095,31.63,74.87,Normal,-0.5081305705833984,Inland,7.2,7.0677897620054955,6.043278001519135,3.591294038823997,3.6455233226284056,3.591294038823997,0.0096151500832781,0.0
bengaluru,2026-06-05,0.2,0.2562004625797272,12.97,77.59,Normal,-0.5081305705833984,Inland,0.2,0.0,0.0,0.59926350507126,0.0,0.59926350507126,0.00018377393779593008,0.0
bhopal,2026-06-05,3.0,5.917975902557373,23.26,77.41,Normal,-0.5081305705833984,Inland,3.0,2.356178987026215,2.2964810317124793,2.457729259026619,1.5997476885140605,2.457729259026619,0.0011249980099251654,0.0
bhubaneswar,2026-06-05,3.1,0.0,20.3,85.82,Normal,-0.5081305705833984,East coast,3.1,2.4631782531738287,2.9180597808923627,6.211721783282966,9.54821417799578,6.211721783282966,0.0015209502467403548,0.0
chandigarh,2026-06-05,0.5,5.595516204833984,30.73,76.78,Normal,-0.5081305705833984,Inland,0.5,0.10248495228588592,0.17344485223293304,1.2919230505977866,0.11682801768683307,1.2919230505977866,0.0003822117183882731,0.0
chennai,2026-06-05,0.0,0.0,13.08,80.27,Normal,-0.5081305705833984,East coast,0.0,0.0,0.0,0.25568765095382323,0.0,0.25568765095382323,0.0003615383432651825,0.0
dehradun,2026-06-05,1.1,1.1075376272201538,30.32,78.03,Normal,-0.5081305705833984,Hill / Himalayan orographic,1.1,0.60145765542984,0.024864303220291473,1.2381113704589137,0.11354483424690817,1.2381113704589137,0.0016965272642534954,0.0
delhi,2026-06-05,0.0,11.959850311279297,28.61,77.21,Normal,-0.5081305705833984,Inland,0.0,0.0,0.0,0.06248479667545302,0.0,0.06248479667545302,0.0002707873076653941,0.0
gangtok,2026-06-05,13.5,25.241361618041992,27.33,88.61,Normal,-0.5081305705833984,Hill / Himalayan orographic,13.5,16.089480670545182,15.774539019266768,20.282490622785662,35.1259196339443,20.282490622785662,0.00892011574363653,0.0
guwahati,2026-06-05,3.7,12.466423988342285,26.14,91.74,Normal,-0.5081305705833984,Inland,3.7,3.054901585578915,2.7388444268124754,7.784699511038486,14.76480020409733,7.784699511038486,0.0005580298643951444,0.0
hyderabad,2026-06-05,0.1,0.8143084645271301,17.39,78.49,Normal,-0.5081305705833984,Inland,0.1,0.0,0.0,1.2793632777133659,0.10747947471032106,1.2793632777133659,0.00019395290179653082,0.0
jabalpur,2026-06-05,0.0,0.26326295733451843,23.18,79.95,Normal,-0.5081305705833984,Inland,0.0,0.0,0.0,0.5730293408401212,0.0,0.5730293408401212,0.0002955319503962807,0.0
jaipur,2026-06-05,6.6,2.363612651824951,26.91,75.79,Normal,-0.5081305705833984,Inland,6.6,6.284231033325193,5.5230726028891155,1.041414418642971,0.007850695009623865,1.041414418642971,0.0018980035765227003,0.0
jodhpur,2026-06-05,0.0,1.5393738746643066,26.24,73.02,Normal,-0.5081305705833984,Inland,0.0,0.0,0.0,0.03630260502500362,0.0,0.03630260502500362,0.0002965281842121829,0.0
kochi,2026-06-05,51.0,64.08123016357422,9.93,76.27,Normal,-0.5081305705833984,West-coast orographic,51.0,77.12149901575643,109.87540379917209,25.192314065925792,32.74994032031896,25.192314065925792,0.036056365140515426,0.0
kolkata,2026-06-05,2.9000000000000004,0.7210891842842102,22.57,88.36,Normal,-0.5081305705833984,East coast,2.9000000000000004,2.2491797208786015,2.5837238860041025,4.1451692686301005,5.014712826554062,4.1451692686301005,0.0020696482388241465,0.0
lucknow,2026-06-05,0.1,0.4161112308502197,26.85,80.95,Normal,-0.5081305705833984,Inland,0.1,0.0,0.0,0.7106347475693056,0.0,0.7106347475693056,0.00015585767099111895,0.0
madurai,2026-06-05,0.0,0.0,9.93,78.12,Normal,-0.5081305705833984,Inland,0.0,0.0,0.0,0.11738636193743089,0.0,0.11738636193743089,0.0002607110864077518,0.0
mangaluru,2026-06-05,24.7,22.278793334960938,12.91,74.86,Normal,-0.5081305705833984,West-coast orographic,24.7,35.41789117071887,44.594912486951486,26.962822498343748,35.39601243899356,26.962822498343748,0.028648663679270516,0.0
mumbai,2026-06-05,1.9000000000000001,0.0,19.08,72.88,Normal,-0.5081305705833984,West-coast orographic,1.9000000000000001,1.2335624408721935,3.4600363437453305,4.178286431749133,2.7332754073192462,4.178286431749133,0.0029245381402500637,0.0
nagpur,2026-06-05,1.2999999999999998,0.0,21.15,79.09,Normal,-0.5081305705833984,Inland,1.2999999999999998,0.7728337883949277,0.7453281662599103,1.0215528784568642,0.0,1.0215528784568642,0.0003612146283701232,0.0
panaji,2026-06-05,28.3,2.2982003688812256,15.49,73.83,Normal,-0.5081305705833984,West-coast orographic,28.3,39.09120984507799,49.154670196059136,33.132849162261856,44.865694065592464,33.132849162261856,0.07495989824582866,0.0
patna,2026-06-05,0.0,0.8606483936309814,25.59,85.14,Normal,-0.5081305705833984,Inland,0.0,0.0,0.0,0.8794751725186574,0.0,0.8794751725186574,0.00015597449293750965,0.0
pune,2026-06-05,0.1,0.03027249500155449,18.52,73.86,Normal,-0.5081305705833984,Inland,0.1,0.0,0.0,1.481578626648582,0.27073106635711175,1.481578626648582,0.0002788576987447678,0.0
raipur,2026-06-05,0.8999999999999999,0.0,21.25,81.63,Normal,-0.5081305705833984,Inland,0.8999999999999999,0.4318348467350005,0.5131169199943544,2.1025999460219538,0.9447014796696938,2.1025999460219538,0.0006342391164316075,0.0
ranchi,2026-06-05,0.0,0.23257865011692047,23.34,85.31,Normal,-0.5081305705833984,Inland,0.0,0.0,0.0,1.8901496614359439,0.7525058864642583,1.8901496614359439,0.0002836057514867441,0.0
shillong,2026-06-05,10.0,4.624168395996094,25.58,91.89,Normal,-0.5081305705833984,Hill / Himalayan orographic,10.0,10.218057956695551,7.75973658180962,16.494481420592958,26.046925225962582,16.494481420592958,0.011196392648409331,0.0
shimla,2026-06-05,1.8,9.47036075592041,31.1,77.17,Normal,-0.5081305705833984,Hill / Himalayan orographic,1.8,1.170873007774353,0.24817510386427005,1.3777012750855324,0.2096350665201562,1.3777012750855324,0.0005578133094088716,0.0
srinagar,2026-06-05,11.3,2.604656457901001,34.08,74.8,Normal,-0.5081305705833984,Hill / Himalayan orographic,11.3,12.331409004211428,9.41842980384827,1.4940237169587334,0.26486011454927366,1.4940237169587334,0.011344312837267891,0.0
surat,2026-06-05,0.0,0.0,21.17,72.83,Normal,-0.5081305705833984,West-coast orographic,0.0,0.0,0.0,0.15547827876634054,0.0,0.15547827876634054,0.002559837157062731,0.0
thiruvananthapuram,2026-06-05,59.9,32.28325653076172,8.52,76.94,Normal,-0.5081305705833984,West-coast orographic,59.9,89.82030060197437,135.0714546590065,17.005181265930755,21.69592188493328,17.005181265930755,0.036847366492461286,0.0
varanasi,2026-06-05,0.0,0.0,25.32,82.97,Normal,-0.5081305705833984,Inland,0.0,0.0,0.0,0.2667797696337458,0.0,0.2667797696337458,0.0003083105164887814,0.0
vijayawada,2026-06-05,0.0,0.3138890564441681,16.51,80.65,Normal,-0.5081305705833984,Inland,0.0,0.0,0.0,0.7808578895383633,0.0,0.7808578895383633,0.0002095909710420591,0.0
visakhapatnam,2026-06-05,0.0,0.6185067296028137,17.69,83.22,Normal,-0.5081305705833984,East coast,0.0,0.0,0.0,0.5708405095017893,0.0,0.5708405095017893,0.00037514717600403653,0.0
agartala,2026-06-06,0.3,14.651121139526367,23.83,91.29,Normal,-0.3817976214454973,Inland,0.3,0.0,0.028812201246619228,8.302839327687106,16.505949532072044,8.302839327687106,0.0002821262629570135,0.0
ahmedabad,2026-06-06,0.0,0.0,23.02,72.57,Normal,-0.3817976214454973,Inland,0.0,0.0,0.0,0.03695786926756212,0.0,0.03695786926756212,0.0004452899181127843,0.0
amritsar,2026-06-06,0.7000000000000001,0.0,31.63,74.87,Normal,-0.3817976214454973,Inland,0.7000000000000001,0.21580020636320668,0.3463543355464946,1.3344219982309915,0.14153096038677374,1.3344219982309915,0.000779823884553407,0.0
bengaluru,2026-06-06,0.0,0.0,12.97,77.59,Normal,-0.3817976214454973,Inland,0.0,0.0,0.0,0.23431061281395435,0.0,0.23431061281395435,0.00018377393779593008,0.0
bhopal,2026-06-06,3.4000000000000004,2.5285513401031494,23.26,77.41,Normal,-0.3817976214454973,Inland,3.4000000000000004,2.7244527840614308,2.5574517345428465,2.457729259026619,1.5997476885140605,2.457729259026619,0.0011249980099251654,0.0
bhubaneswar,2026-06-06,0.0,0.0,20.3,85.82,Normal,-0.3817976214454973,East coast,0.0,0.0,0.0,3.272833288311652,2.3105439128613554,3.272833288311652,0.00045765885737806194,0.0
chandigarh,2026-06-06,0.0,0.0,30.73,76.78,Normal,-0.3817976214454973,Inland,0.0,0.0,0.0,0.5493796754339785,0.0,0.5493796754339785,0.00027689414719396087,0.0
chennai,2026-06-06,0.7999999999999999,0.7089607119560242,13.08,80.27,Normal,-0.3817976214454973,East coast,0.7999999999999999,0.33939136266708425,0.4361987565877195,1.2580705735377256,0.07807015786044506,1.2580705735377256,0.00042322404625023095,0.0
dehradun,2026-06-06,0.0,6.695068359375,30.32,78.03,Normal,-0.3817976214454973,Hill / Himalayan orographic,0.0,0.0,0.0,1.4750033275939203,0.25733780933657274,1.4750033275939203,0.0009705541432935515,0.0
delhi,2026-06-06,0.4,0.0,28.61,77.21,Normal,-0.3817976214454973,Inland,0.4,0.0781812793016435,0.11832021176815033,0.4073876053353385,0.0,0.4073876053353385,0.00039015975549823727,0.0
gangtok,2026-06-06,10.3,22.936561584472656,27.33,88.61,Normal,-0.3817976214454973,Hill / Himalayan orographic,10.3,10.892542243003845,7.889640315781293,19.98261885558198,33.125104038985654,19.98261885558198,0.009822079668612942,0.0
guwahati,2026-06-06,1.4000000000000001,0.0,26.14,91.74,Normal,-0.3817976214454973,Inland,1.4000000000000001,0.8794016015529635,0.8144444812018958,8.465041050184709,16.788261672306465,8.465041050184709,0.00022714796133452267,0.0
hyderabad,2026-06-06,0.3,0.0,17.39,78.49,Normal,-0.3817976214454973,Inland,0.3,0.0,0.028812201246619228,1.7671794124849547,0.5981958324838754,1.7671794124849547,0.00019395290179653082,0.0
jabalpur,2026-06-06,0.0,0.0,23.18,79.95,Normal,-0.3817976214454973,Inland,0.0,0.0,0.0,0.5730293408401212,0.0,0.5730293408401212,0.0002955319503962807,0.0
jaipur,2026-06-06,19.3,0.0,26.91,75.79,Normal,-0.3817976214454973,Inland,19.3,25.385608634548703,20.263230298913044,5.970378358140163,9.707205952322829,5.970378358140163,0.017847420612188362,0.0
jodhpur,2026-06-06,0.0,0.0,26.24,73.02,Normal,-0.3817976214454973,Inland,0.0,0.0,0.0,0.03630260502500362,0.0,0.03630260502500362,0.0002965281842121829,0.0
kochi,2026-06-06,27.3,50.275787353515625,9.93,76.27,Normal,-0.3817976214454973,West-coast orographic,27.3,38.21430002705434,47.53745352868149,20.25263475016416,25.13459655346851,20.25263475016416,0.015636199144010095,0.0
kolkata,2026-06-06,3.1,0.002423967234790325,22.57,88.36,Normal,-0.3817976214454973,East coast,3.1,2.4631782531738287,2.9180597808923627,4.664955320948019,6.5190652358331,4.664955320948019,0.0020696482388241465,0.0
lucknow,2026-06-06,0.2,0.0,26.85,80.95,Normal,-0.3817976214454973,Inland,0.2,0.0,0.0,0.7106347475693056,0.0,0.7106347475693056,0.00015585767099111895,0.0
madurai,2026-06-06,0.0,0.0,9.93,78.12,Normal,-0.3817976214454973,Inland,0.0,0.0,0.0,0.11738636193743089,0.0,0.11738636193743089,0.0002607110864077518,0.0
mangaluru,2026-06-06,33.5,82.06427001953125,12.91,74.86,Normal,-0.3817976214454973,West-coast orographic,33.5,47.25364168919576,67.21122317936731,41.83181959335616,52.254844650261695,41.83181959335616,0.27139942151863505,0.0
mumbai,2026-06-06,1.0,0.584871232509613,19.08,72.88,Normal,-0.3817976214454973,West-coast orographic,1.0,0.5135043597221374,1.372347493171692,1.0543723799673899,0.3940695435625131,1.0543723799673899,0.0029245381402500637,0.0
nagpur,2026-06-06,0.0,0.05490860715508461,21.15,79.09,Normal,-0.3817976214454973,Inland,0.0,0.0,0.0,0.6076011617101257,0.0,0.6076011617101257,0.00024192140318844092,0.0
panaji,2026-06-06,3.5,8.552362442016602,15.49,73.83,Normal,-0.3817976214454973,West-coast orographic,3.5,2.776218948364256,7.52987464611956,5.737813926082547,4.237712450283734,5.737813926082547,0.0028432169077084145,0.0
patna,2026-06-06,0.0,0.0,25.59,85.14,Normal,-0.3817976214454973,Inland,0.0,0.0,0.0,0.8794751725186574,0.0,0.8794751725186574,0.00015597449293750965,0.0
pune,2026-06-06,0.1,0.0,18.52,73.86,Normal,-0.3817976214454973,Inland,0.1,0.0,0.0,1.481578626648582,0.27073106635711175,1.481578626648582,0.0002788576987447678,0.0
raipur,2026-06-06,0.4,0.0,21.25,81.63,Normal,-0.3817976214454973,Inland,0.4,0.0781812793016435,0.11832021176815033,2.2256899181883485,1.1315157363115884,2.2256899181883485,0.0006342391164316075,0.0
ranchi,2026-06-06,0.0,0.1323167234659195,23.34,85.31,Normal,-0.3817976214454973,Inland,0.0,0.0,0.0,1.8901496614359439,0.7525058864642583,1.8901496614359439,0.0002836057514867441,0.0
shillong,2026-06-06,14.5,1.350035309791565,25.58,91.89,Normal,-0.3817976214454973,Hill / Himalayan orographic,14.5,17.481683817531163,17.95297347362225,14.535871330050371,24.47338198228426,14.535871330050371,0.008992173739607584,0.0
shimla,2026-06-06,0.0,1.166989803314209,31.1,77.17,Normal,-0.3817976214454973,Hill / Himalayan orographic,0.0,0.0,0.0,0.947716760568851,0.0,0.947716760568851,0.0004033321635253502,0.0
srinagar,2026-06-06,3.1,2.8743703365325928,34.08,74.8,Normal,-0.3817976214454973,Hill / Himalayan orographic,3.1,2.4631782531738287,0.6494452684672911,1.3988632215396835,0.2239063585138214,1.3988632215396835,0.001303121300346049,0.0
surat,2026-06-06,0.0,0.0,21.17,72.83,Normal,-0.3817976214454973,West-coast orographic,0.0,0.0,0.0,0.15547827876634054,0.0,0.15547827876634054,0.002559837157062731,0.0
thiruvananthapuram,2026-06-06,21.6,4.9169111251831055,8.52,76.94,Normal,-0.3817976214454973,West-coast orographic,21.6,30.434137300344617,38.46382227835046,15.674460250372723,19.71500198757821,15.674460250372723,0.01278900271154675,0.0
varanasi,2026-06-06,0.4,1.7898889780044556,25.32,82.97,Normal,-0.3817976214454973,Inland,0.4,0.0781812793016435,0.11832021176815033,0.9656155134990102,0.0,0.9656155134990102,0.000500851683607369,0.0
vijayawada,2026-06-06,42.2,0.0,16.51,80.65,Normal,-0.3817976214454973,Inland,42.2,62.49656416538787,43.482732857198705,26.043997646039053,41.72527368372422,26.043997646039053,0.1449314457447161,0.0
visakhapatnam,2026-06-06,5.3,2.9894495010375977,17.69,83.22,Normal,-0.3817976214454973,East coast,5.3,4.61184568803701,5.071494617462158,1.6752285176470307,0.2584750002175154,1.6752285176470307,0.018793179255280745,0.0
agartala,2026-06-07,3.3,2.338111400604248,23.83,91.29,Normal,0.447947255500236,Inland,3.3,2.6726866197586054,2.511065011024475,10.040315003457357,19.452901484145386,10.040315003457357,0.000632293338650849,0.0
ahmedabad,2026-06-07,0.0,0.0,23.02,72.57,Normal,0.447947255500236,Inland,0.0,0.0,0.0,0.044175834556663816,0.0,0.044175834556663816,0.00029503521298972587,0.0
amritsar,2026-06-07,0.6,0.0,31.63,74.87,Normal,0.447947255500236,Inland,0.6,0.12680522561073304,0.20351198464632045,0.5481510848732366,0.0,0.5481510848732366,0.0004700392393450931,0.0
bengaluru,2026-06-07,0.0,0.8089657425880432,12.97,77.59,Normal,0.447947255500236,Inland,0.0,0.0,0.0,0.16150202700487065,0.0,0.16150202700487065,0.00014985350301762666,0.0
bhopal,2026-06-07,0.0,7.2677106857299805,23.26,77.41,Normal,0.447947255500236,Inland,0.0,0.0,0.0,0.40727666827632125,0.0,0.40727666827632125,0.0002064746507791434,0.0
bhubaneswar,2026-06-07,10.0,6.216013431549072,20.3,85.82,Normal,0.447947255500236,East coast,10.0,10.218057956695551,15.04348277065116,5.770225750104128,9.389494148693238,5.770225750104128,0.006575792215921188,0.0
chandigarh,2026-06-07,0.1,0.0,30.73,76.78,Normal,0.447947255500236,Inland,0.1,0.0,0.0,0.13386022791484498,0.0,0.13386022791484498,0.0002631507510825325,0.0
chennai,2026-06-07,1.9,0.0,13.08,80.27,Normal,0.447947255500236,East coast,1.9,1.233562440872193,1.520453956127166,1.1207136556815127,0.05244738372297311,1.1207136556815127,0.00035546429814985723,0.0
dehradun,2026-06-07,0.0,0.0,30.32,78.03,Normal,0.447947255500236,Hill / Himalayan orographic,0.0,0.0,0.0,0.15108896319508686,0.0,0.15108896319508686,0.0009403299416793754,0.0
delhi,2026-06-07,0.30000000000000004,0.0,28.61,77.21,Normal,0.447947255500236,Inland,0.30000000000000004,0.029623213633894915,0.05869419589638708,0.36593018773879826,0.0,0.36593018773879826,0.001735314969072838,0.0
gangtok,2026-06-07,10.7,4.236844062805176,27.33,88.61,Normal,0.447947255500236,Hill / Himalayan orographic,10.7,11.457652158737183,8.33882133915739,16.695830732349467,26.38259008736244,16.695830732349467,0.008452559053668988,0.0
guwahati,2026-06-07,5.1,0.0,26.14,91.74,Normal,0.447947255500236,Inland,5.1,4.419757213592528,4.23413598060608,8.648177143473742,17.107010090353388,8.648177143473742,0.0018158755094338868,0.0
hyderabad,2026-06-07,0.6,7.322762966156006,17.39,78.49,Normal,0.447947255500236,Inland,0.6,0.12680522561073304,0.20351198464632045,1.762761667239926,0.5883616894312512,1.762761667239926,0.00018261207193039387,0.0
jabalpur,2026-06-07,0.0,0.0,23.18,79.95,Normal,0.447947255500236,Inland,0.0,0.0,0.0,0.5931675296282782,0.0,0.5931675296282782,0.00022531467687358927,0.0
jaipur,2026-06-07,0.0,0.004296774975955486,26.91,75.79,Normal,0.447947255500236,Inland,0.0,0.0,0.0,0.19619172911944904,0.0,0.19619172911944904,0.00013097992265584846,0.0
jodhpur,2026-06-07,0.0,0.0,26.24,73.02,Normal,0.447947255500236,Inland,0.0,0.0,0.0,0.07229188160137799,0.0,0.07229188160137799,0.00018889546694928071,0.0
kochi,2026-06-07,36.4,25.31049156188965,9.93,76.27,Normal,0.447947255500236,West-coast orographic,36.4,51.686510827941,68.58130533643035,24.539230968047413,30.374437247635175,24.539230968047413,0.08175659669986152,0.0
kolkata,2026-06-07,0.6,0.27029529213905334,22.57,88.36,Normal,0.447947255500236,East coast,0.6,0.12680522561073304,0.26468972712755207,2.419481898378617,1.185619861058584,2.419481898378617,0.0007606502235030649,0.0
lucknow,2026-06-07,0.0,0.0,26.85,80.95,Normal,0.447947255500236,Inland,0.0,0.0,0.0,0.27980684341134326,0.0,0.27980684341134326,0.0001154155389625137,0.0
madurai,2026-06-07,0.0,0.0,9.93,78.12,Normal,0.447947255500236,Inland,0.0,0.0,0.0,0.08798829437037205,0.0,0.08798829437037205,0.0003646701133547322,0.0
mangaluru,2026-06-07,191.8,37.74465560913086,12.91,74.86,Normal,0.447947255500236,West-coast orographic,191.8,179.95991147699533,355.8838195800781,60.09348285765949,69.02983310603209,70.0,0.4516906459658963,1.0
mumbai,2026-06-07,0.0,0.7798282504081726,19.08,72.88,Normal,0.447947255500236,West-coast orographic,0.0,0.0,0.0,0.5405134684184311,0.0,0.5405134684184311,0.0010074236499181394,0.0
nagpur,2026-06-07,0.1,0.0,21.15,79.09,Normal,0.447947255500236,Inland,0.1,0.0,0.0,1.3609785926288878,0.15594737538204095,1.3609785926288878,0.00022519638845522235,0.0
panaji,2026-06-07,11.7,24.82895851135254,15.49,73.83,Normal,0.447947255500236,West-coast orographic,11.7,13.039563975334167,21.53306584881912,16.447579073018005,20.9551803788871,16.447579073018005,0.004988811277783639,0.0
patna,2026-06-07,1.0,0.0,25.59,85.14,Normal,0.447947255500236,Inland,1.0,0.5135043597221374,0.5707712769508362,1.491899767389291,0.28935204733033426,1.491899767389291,0.00018040316463690718,0.0
pune,2026-06-07,0.0,0.0,18.52,73.86,Normal,0.447947255500236,Inland,0.0,0.0,0.0,0.5600648159272458,0.0,0.5600648159272458,0.0002311789147184839,0.0
raipur,2026-06-07,0.0,0.0,21.25,81.63,Normal,0.447947255500236,Inland,0.0,0.0,0.0,0.9061835334300978,0.0,0.9061835334300978,0.0003621519790830084,0.0
ranchi,2026-06-07,0.30000000000000004,4.313887596130371,23.34,85.31,Normal,0.447947255500236,Inland,0.30000000000000004,0.029623213633894915,0.05869419589638708,3.4012580104742165,3.119687756258487,3.4012580104742165,0.0015564269444127946,0.0
shillong,2026-06-07,16.5,3.440509796142578,25.58,91.89,Normal,0.447947255500236,Hill / Himalayan orographic,16.5,20.297659408255296,22.731743294875177,12.2033569864954,19.739152763392322,12.2033569864954,0.027337854233104534,0.0
shimla,2026-06-07,0.0,0.0,31.1,77.17,Normal,0.447947255500236,Hill / Himalayan orographic,0.0,0.0,0.0,0.06616754526649107,0.0,0.06616754526649107,0.00029374820048904033,0.0
srinagar,2026-06-07,0.0,0.0,34.08,74.8,Normal,0.447947255500236,Hill / Himalayan orographic,0.0,0.0,0.0,0.11522149673767168,0.0,0.11522149673767168,0.00034713360993053464,0.0
surat,2026-06-07,0.0,0.0,21.17,72.83,Normal,0.447947255500236,West-coast orographic,0.0,0.0,0.0,0.11153205859599256,0.0,0.11153205859599256,0.001719847002136484,0.0
thiruvananthapuram,2026-06-07,15.9,9.598837852478027,8.52,76.94,Normal,0.447947255500236,West-coast orographic,15.9,19.4659421364736,26.160046183001935,8.21304911880118,7.591563323591984,8.21304911880118,0.011094219538690312,0.0
varanasi,2026-06-07,0.0,0.0,25.32,82.97,Normal,0.447947255500236,Inland,0.0,0.0,0.0,0.28057569691005163,0.0,0.28057569691005163,0.00020308254419874912,0.0
vijayawada,2026-06-07,0.0,0.0,16.51,80.65,Normal,0.447947255500236,Inland,0.0,0.0,0.0,0.7002106955532589,0.0,0.7002106955532589,0.00019961476398417982,0.0
visakhapatnam,2026-06-07,0.6,0.7041534781455994,17.69,83.22,Normal,0.447947255500236,East coast,0.6,0.12680522561073304,0.26468972712755207,1.1962245786221577,0.07347193704286657,1.1962245786221577,0.00038542662326898397,0.0
agartala,2026-06-08,9.700000000000001,1.5888314247131348,23.83,91.29,Normal,-0.3241112544445478,Inland,9.700000000000001,9.833149330139161,8.309392423629761,5.284271877979164,8.025579672150153,5.284271877979164,0.002074147332031947,0.0
ahmedabad,2026-06-08,0.0,0.0,23.02,72.57,Normal,-0.3241112544445478,Inland,0.0,0.0,0.0,0.03897990681118316,0.0,0.03897990681118316,0.0004981253302531723,0.0
amritsar,2026-06-08,0.7,0.0,31.63,74.87,Normal,-0.3241112544445478,Inland,0.7,0.21580020636320144,0.2578176343441007,1.5007000848309378,0.3052292209641434,1.5007000848309378,0.0008968098203806408,0.0
bengaluru,2026-06-08,0.30000000000000004,4.7009735107421875,12.97,77.59,Normal,-0.3241112544445478,Inland,0.30000000000000004,0.029623213633894915,0.05869419589638708,0.8962415339437888,0.0,0.8962415339437888,0.0007565760856455395,0.0
bhopal,2026-06-08,0.0,0.0,23.26,77.41,Normal,-0.3241112544445478,Inland,0.0,0.0,0.0,0.39713266941053665,0.0,0.39713266941053665,0.00036043695971015467,0.0
bhubaneswar,2026-06-08,19.6,18.526308059692383,20.3,85.82,Normal,-0.3241112544445478,East coast,19.6,25.93308868408203,38.55149146948566,47.40942092632931,64.42822908790089,47.40942092632931,0.25407616026174473,0.0
chandigarh,2026-06-08,0.0,0.0,30.73,76.78,Normal,-0.3241112544445478,Inland,0.0,0.0,0.0,0.6578188208546623,0.0,0.6578188208546623,0.0003124129765470327,0.0
chennai,2026-06-08,0.8,0.0,13.08,80.27,Normal,-0.3241112544445478,East coast,0.8,0.3393913626670843,0.43619875658771956,1.014560894385221,0.017114915871238857,1.014560894385221,0.0003920931932938736,0.0
dehradun,2026-06-08,0.0,0.0,30.32,78.03,Normal,-0.3241112544445478,Hill / Himalayan orographic,0.0,0.0,0.0,1.5188374187879452,0.27467359602098274,1.5188374187879452,0.0009614869393139912,0.0
delhi,2026-06-08,0.9,0.0,28.61,77.21,Normal,-0.3241112544445478,Inland,0.9,0.4318348467350006,0.5131169199943545,0.5528950031435683,0.0,0.5528950031435683,0.0004487161498493929,0.0
gangtok,2026-06-08,10.6,12.921259880065918,27.33,88.61,Normal,-0.3241112544445478,Hill / Himalayan orographic,10.6,11.344224885304769,8.228529106895875,20.26280522987786,35.10619626397026,20.26280522987786,0.008637261056008198,0.0
guwahati,2026-06-08,9.8,2.484438896179199,26.14,91.74,Normal,-0.3241112544445478,Inland,9.8,9.961452205657958,8.393790798187256,4.472064307388679,5.707862976998479,4.472064307388679,0.002229155872651269,0.0
hyderabad,2026-06-08,0.0,1.3161906003952026,17.39,78.49,Normal,-0.3241112544445478,Inland,0.0,0.0,0.0,0.5618735187998245,0.0,0.5618735187998245,0.00018895527741401446,0.0
jabalpur,2026-06-08,0.0,0.0,23.18,79.95,Normal,-0.3241112544445478,Inland,0.0,0.0,0.0,0.5809122798130769,0.0,0.5809122798130769,0.00025829333371278667,0.0
jaipur,2026-06-08,0.0,0.0,26.91,75.79,Normal,-0.3241112544445478,Inland,0.0,0.0,0.0,0.24960762213828946,0.0,0.24960762213828946,0.00021495363044462778,0.0
jodhpur,2026-06-08,0.0,0.0,26.24,73.02,Normal,-0.3241112544445478,Inland,0.0,0.0,0.0,0.038306876770272724,0.0,0.038306876770272724,0.00033456474329955806,0.0
kochi,2026-06-08,30.3,38.742706298828125,9.93,76.27,Normal,-0.3241112544445478,West-coast orographic,30.3,41.97395653801048,55.619111139571494,21.887057692065888,26.081657676956002,21.887057692065888,0.12923858408665423,0.0
kolkata,2026-06-08,0.0,0.25620734691619873,22.57,88.36,Normal,-0.3241112544445478,East coast,0.0,0.0,0.0,1.6845659279759826,0.2594055287635605,1.6845659279759826,0.0005611190668273401,0.0
lucknow,2026-06-08,0.0,0.0,26.85,80.95,Normal,-0.3241112544445478,Inland,0.0,0.0,0.0,0.27140977242124875,0.0,0.27140977242124875,0.00015314468598298395,0.0
madurai,2026-06-08,0.0,0.0,9.93,78.12,Normal,-0.3241112544445478,Inland,0.0,0.0,0.0,0.10802351885105124,0.0,0.10802351885105124,0.00025652411164908294,0.0
mangaluru,2026-06-08,126.1,3.1191656589508057,12.91,74.86,Normal,-0.3241112544445478,West-coast orographic,126.1,135.06095443007433,257.3338195800781,58.50287980179933,68.65471124619766,70.0,0.5425716030267433,1.0
mumbai,2026-06-08,0.0,0.0,19.08,72.88,Normal,-0.3241112544445478,West-coast orographic,0.0,0.0,0.0,0.5933575206112862,0.0,0.5933575206112862,0.0012440834666068291,0.0
nagpur,2026-06-08,0.0,0.0,21.15,79.09,Normal,-0.3241112544445478,Inland,0.0,0.0,0.0,0.6076011617101257,0.0,0.6076011617101257,0.0002356880559174714,0.0
panaji,2026-06-08,55.8,12.236678123474121,15.49,73.83,Normal,-0.3241112544445478,West-coast orographic,55.8,84.57794519987596,124.52212306197875,29.64759969824643,38.93463803649966,29.64759969824643,0.13896296720061593,0.0
patna,2026-06-08,0.0,0.0,25.59,85.14,Normal,-0.3241112544445478,Inland,0.0,0.0,0.0,0.8892346241659767,0.0,0.8892346241659767,0.00015325947474354481,0.0
pune,2026-06-08,8.3,0.0,18.52,73.86,Normal,-0.3241112544445478,Inland,8.3,8.015923414230347,7.083744457244873,7.899132730185701,15.1597266031745,7.899132730185701,0.0015743703164464507,0.0
raipur,2026-06-08,0.0,0.0,21.25,81.63,Normal,-0.3241112544445478,Inland,0.0,0.0,0.0,0.8910209168770724,0.0,0.8910209168770724,0.0004138724234483713,0.0
ranchi,2026-06-08,0.1,0.0,23.34,85.31,Normal,-0.3241112544445478,Inland,0.1,0.0,0.0,3.0504595795794085,2.5491029584704203,3.0504595795794085,0.0002478695274681828,0.0
shillong,2026-06-08,16.9,37.796329498291016,25.58,91.89,Normal,-0.3241112544445478,Hill / Himalayan orographic,16.9,20.893738604093848,23.449893395421878,14.142711144347608,23.87379299756069,14.142711144347608,0.026645287701553222,0.0
shimla,2026-06-08,0.0,0.0,31.1,77.17,Normal,-0.3241112544445478,Hill / Himalayan orographic,0.0,0.0,0.0,0.9829166384895835,0.003546672113917279,0.9829166384895835,0.0003995619957153869,0.0
srinagar,2026-06-08,3.2,0.0,34.08,74.8,Normal,-0.3241112544445478,Hill / Himalayan orographic,3.2,2.62092045545578,0.772721526622772,1.4415593511732625,0.24411117168277346,1.4415593511732625,0.001290951170388926,0.0
surat,2026-06-08,0.0,0.0,21.17,72.83,Normal,-0.3241112544445478,West-coast orographic,0.0,0.0,0.0,0.12079212481998153,0.0,0.12079212481998153,0.0023719175884282222,0.0
thiruvananthapuram,2026-06-08,42.9,37.35289001464844,8.52,76.94,Normal,-0.3241112544445478,West-coast orographic,42.9,63.862441091809984,75.3375123651489,29.217329646996784,37.401496561722126,29.217329646996784,0.16072793525255444,0.0
varanasi,2026-06-08,0.0,0.0,25.32,82.97,Normal,-0.3241112544445478,Inland,0.0,0.0,0.0,0.272167009276149,0.0,0.272167009276149,0.0002694621656945854,0.0
vijayawada,2026-06-08,3.3,0.6973838806152344,16.51,80.65,Normal,-0.3241112544445478,Inland,3.3,2.6726866197586054,2.511065011024475,2.6250391146631995,1.8776850500518423,2.6250391146631995,0.0005301374214644425,0.0
visakhapatnam,2026-06-08,0.0,0.0,17.69,83.22,Normal,-0.3241112544445478,East coast,0.0,0.0,0.0,0.690567868986899,0.0,0.690567868986899,0.00034755145674348053,0.0
agartala,2026-06-09,16.7,0.40258869528770447,23.83,91.29,Normal,-0.1374470919824313,Inland,16.7,20.588765503732777,17.339824704244865,18.96262062670099,34.64175564270001,18.96262062670099,0.00851607264676832,0.0
ahmedabad,2026-06-09,0.0,0.0,23.02,72.57,Normal,-0.1374470919824313,Inland,0.0,0.0,0.0,0.05846076024975286,0.0,0.05846076024975286,0.00032358895454648654,0.0
amritsar,2026-06-09,0.0,0.0,31.63,74.87,Normal,-0.1374470919824313,Inland,0.0,0.0,0.0,0.7955027486700512,0.0,0.7955027486700512,0.00044065364231689016,0.0
bengaluru,2026-06-09,0.0,2.0694000720977783,12.97,77.59,Normal,-0.1374470919824313,Inland,0.0,0.0,0.0,0.16150202700487065,0.0,0.16150202700487065,0.0001335751695297752,0.0
bhopal,2026-06-09,0.0,0.7361522316932678,23.26,77.41,Normal,-0.1374470919824313,Inland,0.0,0.0,0.0,0.40727666827632125,0.0,0.40727666827632125,0.0002264593725398372,0.0
bhubaneswar,2026-06-09,1.5999999999999999,9.880963325500488,20.3,85.82,Normal,-0.1374470919824313,East coast,1.5999999999999999,1.0259032094478606,1.2893134784698488,2.9121308709541873,1.609708683912767,2.9121308709541873,0.000447410963712212,0.0
chandigarh,2026-06-09,0.0,0.0,30.73,76.78,Normal,-0.1374470919824313,Inland,0.0,0.0,0.0,0.5691015471749112,0.0,0.5691015471749112,0.00032763315694729704,0.0
chennai,2026-06-09,0.6,0.0,13.08,80.27,Normal,-0.1374470919824313,East coast,0.6,0.12680522561073304,0.26468972712755207,0.77076340976859,0.0,0.77076340976859,0.0002812919739913704,0.0
dehradun,2026-06-09,0.0,0.0,30.32,78.03,Normal,-0.1374470919824313,Hill / Himalayan orographic,0.0,0.0,0.0,1.1996691082766613,0.08645705184761361,1.1996691082766613,0.0009753185494395817,0.0
delhi,2026-06-09,0.0,0.0,28.61,77.21,Normal,-0.1374470919824313,Inland,0.0,0.0,0.0,0.06925122637323487,0.0,0.06925122637323487,0.00032040763836343886,0.0
gangtok,2026-06-09,14.4,6.188802719116211,27.33,88.61,Normal,-0.1374470919824313,Hill / Himalayan orographic,14.4,17.359242695924582,17.792813055482632,20.065232888948227,33.736591843170466,20.065232888948227,0.004476552032101322,0.0
guwahati,2026-06-09,8.9,0.8550050258636475,26.14,91.74,Normal,-0.1374470919824313,Inland,8.9,8.969810085296633,7.608553152084353,4.241646651203805,5.272999560396635,4.241646651203805,0.001360678425950706,0.0
hyderabad,2026-06-09,1.7,0.0,17.39,78.49,Normal,-0.1374470919824313,Inland,1.7,1.108183574676513,1.037216308116913,0.6319605668404098,0.0,0.6319605668404098,0.00015296758114316354,0.0
jabalpur,2026-06-09,0.0,0.0,23.18,79.95,Normal,-0.1374470919824313,Inland,0.0,0.0,0.0,0.5931675296282782,0.0,0.5931675296282782,0.00019032505498765498,0.0
jaipur,2026-06-09,0.0,0.0,26.91,75.79,Normal,-0.1374470919824313,Inland,0.0,0.0,0.0,0.19619172911944904,0.0,0.19619172911944904,0.00016458377512506523,0.0
jodhpur,2026-06-09,0.0,0.0,26.24,73.02,Normal,-0.1374470919824313,Inland,0.0,0.0,0.0,0.05763587596981061,0.0,0.05763587596981061,0.00023735444660429486,0.0
kochi,2026-06-09,65.8,56.298667907714844,9.93,76.27,Normal,-0.1374470919824313,West-coast orographic,65.8,93.8523226198866,150.25220012790007,19.032042933325485,24.52411104261258,19.032042933325485,0.016044528960815346,1.0
kolkata,2026-06-09,0.0,0.0424194298684597,22.57,88.36,Normal,-0.1374470919824313,East coast,0.0,0.0,0.0,1.6382404628741665,0.25478892028568356,1.6382404628741665,0.00041988640265386686,0.0
lucknow,2026-06-09,0.0,0.4161112308502197,26.85,80.95,Normal,-0.1374470919824313,Inland,0.0,0.0,0.0,0.27980684341134326,0.0,0.27980684341134326,0.00011169193876198384,0.0
madurai,2026-06-09,0.0,0.0,9.93,78.12,Normal,-0.1374470919824313,Inland,0.0,0.0,0.0,0.08798829437037205,0.0,0.08798829437037205,0.00019557088052154207,0.0
mangaluru,2026-06-09,19.5,25.733444213867188,12.91,74.86,Normal,-0.1374470919824313,West-coast orographic,19.5,25.750595334237584,34.73362501150004,18.125388944406325,23.7565797630396,18.125388944406325,0.0073775054186687545,0.0
mumbai,2026-06-09,0.8,0.0,19.08,72.88,Normal,-0.1374470919824313,West-coast orographic,0.8,0.3393913626670843,1.0008691823482516,1.4690825450662026,1.0045987712979763,1.4690825450662026,0.0016496752017915541,0.0
nagpur,2026-06-09,0.0,0.0,21.15,79.09,Normal,-0.1374470919824313,Inland,0.0,0.0,0.0,0.6062577489294709,0.0,0.6062577489294709,0.0001910593909220399,0.0
panaji,2026-06-09,31.9,7.772320747375488,15.49,73.83,Normal,-0.1374470919824313,West-coast orographic,31.9,44.77182559898449,64.11047622695955,34.94241429548196,46.0972458982162,34.94241429548196,0.1975172402522255,0.0
patna,2026-06-09,0.0,0.0,25.59,85.14,Normal,-0.1374470919824313,Inland,0.0,0.0,0.0,0.9043820984561259,0.0,0.9043820984561259,0.00011177566031639155,0.0
pune,2026-06-09,0.6,0.0,18.52,73.86,Normal,-0.1374470919824313,Inland,0.6,0.12680522561073304,0.20351198464632045,1.998869268103471,0.8440452233989624,1.998869268103471,0.00027528008677608836,0.0
raipur,2026-06-09,0.0,2.1745474338531494,21.25,81.63,Normal,-0.1374470919824313,Inland,0.0,0.0,0.0,0.9061835334300978,0.0,0.9061835334300978,0.0003049769671292216,0.0
ranchi,2026-06-09,0.0,0.0,23.34,85.31,Normal,-0.1374470919824313,Inland,0.0,0.0,0.0,1.9265823776091047,0.7864613346923615,1.9265823776091047,0.00019947714333719104,0.0
shillong,2026-06-09,8.4,1.4075685739517212,25.58,91.89,Normal,-0.1374470919824313,Hill / Himalayan orographic,8.4,8.14672636270523,4.797312927246095,15.641382743673633,25.309277212927494,15.641382743673633,0.013698740564393802,0.0
shimla,2026-06-09,0.0,0.0,31.1,77.17,Normal,-0.1374470919824313,Hill / Himalayan orographic,0.0,0.0,0.0,0.8135865483899197,0.0,0.8135865483899197,0.0003106742961116886,0.0
srinagar,2026-06-09,0.2,0.0,34.08,74.8,Normal,-0.1374470919824313,Hill / Himalayan orographic,0.2,0.0,0.0,1.0569755716904468,0.0172971098207056,1.0569755716904468,0.00036613139934765283,0.0
surat,2026-06-09,0.0,0.0,21.17,72.83,Normal,-0.1374470919824313,West-coast orographic,0.0,0.0,0.0,0.15358946485881528,0.0,0.15358946485881528,0.0015656398099038657,0.0
thiruvananthapuram,2026-06-09,60.2,18.773712158203125,8.52,76.94,Normal,-0.1374470919824313,West-coast orographic,60.2,90.02531867068177,135.84335697098413,12.841221500681698,17.758258311628172,12.841221500681698,0.016188235705344486,0.0
varanasi,2026-06-09,0.0,0.0,25.32,82.97,Normal,-0.1374470919824313,Inland,0.0,0.0,0.0,0.28057569691005163,0.0,0.28057569691005163,0.00019653113832495612,0.0
vijayawada,2026-06-09,0.3,0.0,16.51,80.65,Normal,-0.1374470919824313,Inland,0.3,0.0,0.028812201246619228,1.7881779584847182,0.6449397468123808,1.7881779584847182,0.00016809612023597494,0.0
visakhapatnam,2026-06-09,1.2,0.0,17.69,83.22,Normal,-0.1374470919824313,East coast,1.2,0.678158073425293,0.9666369563341156,0.5492508782817548,0.0,0.5492508782817548,0.0002903036796276528,0.0
agartala,2026-06-11,16.2,5.1946611404418945,23.83,91.29,Normal,-0.6119379094320289,Inland,16.2,19.865953370609347,16.50664014347266,4.40548952656021,5.771499315251977,4.40548952656021,0.005827185707425078,0.0
ahmedabad,2026-06-11,0.0,0.0,23.02,72.57,Normal,-0.6119379094320289,Inland,0.0,0.0,0.0,0.0,0.0,0.0,0.00026880408292298265,0.0
amritsar,2026-06-11,0.0,7.427511692047119,31.63,74.87,Normal,-0.6119379094320289,Inland,0.0,0.0,0.0,0.40555284198499025,0.0,0.40555284198499025,0.00047014705469894554,0.0
bengaluru,2026-06-11,0.0,0.6842714548110962,12.97,77.59,Normal,-0.6119379094320289,Inland,0.0,0.0,0.0,0.19307206870404117,0.0,0.19307206870404117,0.00017491420912596267,0.0
bhopal,2026-06-11,0.0,0.0,23.26,77.41,Normal,-0.6119379094320289,Inland,0.0,0.0,0.0,0.17020100147528283,0.0,0.17020100147528283,0.0003386590871529356,0.0
bhubaneswar,2026-06-11,0.0,0.0,20.3,85.82,Normal,-0.6119379094320289,East coast,0.0,0.0,0.0,0.7303571236933689,0.0005609675012591869,0.7303571236933689,0.0002567866230189763,0.0
chandigarh,2026-06-11,0.0,0.7298277616500854,30.73,76.78,Normal,-0.6119379094320289,Inland,0.0,0.0,0.0,0.23073789161019365,0.0,0.23073789161019365,0.00022874336163449904,0.0
chennai,2026-06-11,4.9,0.0,13.08,80.27,Normal,-0.6119379094320289,East coast,4.9,4.229111472538536,4.803219202591095,0.7211444911619879,0.0002939762355210743,0.7211444911619879,0.0037303958162429444,0.0
dehradun,2026-06-11,0.0,2.555210828781128,30.32,78.03,Normal,-0.6119379094320289,Hill / Himalayan orographic,0.0,0.0,0.0,1.7520953043757248,0.2774397026356062,1.7520953043757248,0.0006193666304769019,0.0
delhi,2026-06-11,0.0,0.0,28.61,77.21,Normal,-0.6119379094320289,Inland,0.0,0.0,0.0,0.14941717059921192,0.0,0.14941717059921192,0.00021083218346761162,0.0
gangtok,2026-06-11,17.0,19.478593826293945,27.33,88.61,Normal,-0.6119379094320289,Hill / Himalayan orographic,17.0,20.9708540915016,24.68344576398314,23.278328240902837,39.59973043848607,23.278328240902837,0.009641809630080152,0.0
guwahati,2026-06-11,3.5,0.6576041579246521,26.14,91.74,Normal,-0.6119379094320289,Inland,3.5,2.8382195687294005,2.6084048032760623,2.672027824912132,1.9106125479901608,2.672027824912132,0.0004920896485739751,0.0
hyderabad,2026-06-11,8.2,0.30023953318595886,17.39,78.49,Normal,-0.6119379094320289,Inland,8.2,7.811208963394165,7.078576383590698,1.9719973920842628,0.8838639156933302,1.9719973920842628,0.0013303122236073541,0.0
jabalpur,2026-06-11,0.2,0.0,23.18,79.95,Normal,-0.6119379094320289,Inland,0.2,0.0,0.0,0.32209118854934626,0.0,0.32209118854934626,0.0003221196056472051,0.0
jaipur,2026-06-11,0.0,0.0,26.91,75.79,Normal,-0.6119379094320289,Inland,0.0,0.0,0.0,0.09484372353320075,0.0,0.09484372353320075,0.00014753033361119327,0.0
jodhpur,2026-06-11,0.0,0.0,26.24,73.02,Normal,-0.6119379094320289,Inland,0.0,0.0,0.0,0.017952800569128347,0.0,0.017952800569128347,0.00025218620232436923,0.0
kochi,2026-06-11,5.0,12.231358528137207,9.93,76.27,Normal,-0.6119379094320289,West-coast orographic,5.0,4.309004045461674,10.693305969238281,8.783111094395059,8.693011308754311,8.783111094395059,0.0133061735278106,0.0
kolkata,2026-06-11,0.0,0.5135133266448975,22.57,88.36,Normal,-0.6119379094320289,East coast,0.0,0.0,0.0,0.18412165261474248,0.0,0.18412165261474248,0.00038312701685158987,0.0
lucknow,2026-06-11,0.7999999999999999,1.7763179540634155,26.85,80.95,Normal,-0.6119379094320289,Inland,0.7999999999999999,0.28933315873146076,0.4329602658748625,0.5923285332399962,0.0,0.5923285332399962,0.00020537307641083554,0.0
madurai,2026-06-11,0.0,0.0,9.93,78.12,Normal,-0.6119379094320289,Inland,0.0,0.0,0.0,0.10497914719080631,0.0,0.10497914719080631,0.00026964247251695856,0.0
mangaluru,2026-06-11,20.5,38.94773483276367,12.91,74.86,Normal,-0.6119379094320289,West-coast orographic,20.5,27.58079860687256,33.492473550038795,25.2655038666902,33.277669082232826,25.2655038666902,0.05788339713995791,0.0
mumbai,2026-06-11,0.6000000000000001,0.0,19.08,72.88,Normal,-0.6119379094320289,West-coast orographic,0.6000000000000001,0.18488987863063822,0.6073184013366699,0.771532924243486,0.0,0.771532924243486,0.0010774458087904723,0.0
nagpur,2026-06-11,0.5,2.2686474323272705,21.15,79.09,Normal,-0.6119379094320289,Inland,0.5,0.11150003015995019,0.15379873961210255,1.0541282400173961,0.0626171073738025,1.0541282400173961,0.00021822132672551098,0.0
panaji,2026-06-11,23.4,18.837482452392578,15.49,73.83,Normal,-0.6119379094320289,West-coast orographic,23.4,33.298440031832065,37.53407803288213,23.684898397309457,29.658206183471407,23.684898397309457,0.08153639180258415,0.0
patna,2026-06-11,0.0,24.440889358520508,25.59,85.14,Normal,-0.6119379094320289,Inland,0.0,0.0,0.0,0.39593700316157143,0.0,0.39593700316157143,0.00013079368460048243,0.0
pune,2026-06-11,0.0,0.0,18.52,73.86,Normal,-0.6119379094320289,Inland,0.0,0.0,0.0,0.42915130921496736,0.0,0.42915130921496736,0.0002210755774099668,0.0
raipur,2026-06-11,0.8999999999999999,0.3066963255405426,21.25,81.63,Normal,-0.6119379094320289,Inland,0.8999999999999999,0.4391537129878996,0.515258127450943,0.5202406232558203,0.0,0.5202406232558203,0.000383863035171749,0.0
ranchi,2026-06-11,0.0,5.644804954528809,23.34,85.31,Normal,-0.6119379094320289,Inland,0.0,0.0,0.0,0.47597312777248846,0.0,0.47597312777248846,0.00025167562867328024,0.0
shillong,2026-06-11,3.0,0.8652005195617676,25.58,91.89,Normal,-0.6119379094320289,Hill / Himalayan orographic,3.0,2.2937601375579844,0.7212843231476136,11.576031267569702,18.214577054716354,11.576031267569702,0.004123367069184085,0.0
shimla,2026-06-11,0.0,0.0,31.1,77.17,Normal,-0.6119379094320289,Hill / Himalayan orographic,0.0,0.0,0.0,0.5172503137837562,0.0,0.5172503137837562,0.00032328542154291806,0.0
srinagar,2026-06-11,2.4000000000000004,0.0,34.08,74.8,Normal,-0.6119379094320289,Hill / Himalayan orographic,2.4000000000000004,1.7505450685818995,0.6086629762578368,1.2994082802619356,0.0824958750252663,1.2994082802619356,0.0013420708030415407,0.0
surat,2026-06-11,0.0,0.0,21.17,72.83,Normal,-0.6119379094320289,West-coast orographic,0.0,0.0,0.0,0.006585085664405388,0.0,0.006585085664405388,0.0011018011508833992,0.0
thiruvananthapuram,2026-06-11,0.4,15.549378395080566,8.52,76.94,Normal,-0.6119379094320289,West-coast orographic,0.4,0.08457289487123493,0.18824832141399384,1.0186368371475147,0.17799391134883774,1.0186368371475147,0.001198803221632882,0.0
varanasi,2026-06-11,0.0,0.8567332625389099,25.32,82.97,Normal,-0.6119379094320289,Inland,0.0,0.0,0.0,0.07291831852822779,0.0,0.07291831852822779,0.00026463357571355404,0.0
vijayawada,2026-06-11,0.30000000000000004,16.204015731811523,16.51,80.65,Normal,-0.6119379094320289,Inland,0.30000000000000004,0.03964512266218665,0.0529266856610775,1.1236393545850678,0.10141341044472763,1.1236393545850678,0.0007230423183826449,0.0
visakhapatnam,2026-06-11,4.8,1.8367550373077393,17.69,83.22,Normal,-0.6119379094320289,East coast,4.8,4.149681982312881,4.7241619519997915,1.5975648482990146,0.3426998708182222,1.5975648482990146,0.0038464950573724836,0.0
agartala,2026-06-14,3.5,61.15348815917969,23.83,91.29,Normal,-0.4360046932984648,Inland,3.5,2.8382195687294005,2.6084048032760623,2.433723177521252,1.516866097534742,2.433723177521252,0.0005844639478795482,0.0
ahmedabad,2026-06-14,0.0,0.0,23.02,72.57,Normal,-0.4360046932984648,Inland,0.0,0.0,0.0,0.0,0.0,0.0,0.0002861401434115892,0.0
amritsar,2026-06-14,2.2,0.0,31.63,74.87,Normal,-0.4360046932984648,Inland,2.2,1.5546496152877805,1.6317403912544253,2.117662969740532,1.109489565587441,2.117662969740532,0.0024815903428887093,0.0
bengaluru,2026-06-14,4.4,5.333120822906494,12.97,77.59,Normal,-0.4360046932984648,Inland,4.4,3.7976247819264737,3.6364489381963536,2.8745645603349192,2.1938801500131833,2.8745645603349192,0.00024213301370322858,0.0
bhopal,2026-06-14,0.4,24.514427185058594,23.26,77.41,Normal,-0.4360046932984648,Inland,0.4,0.08457289487123493,0.12858185172080994,0.5740239862677201,0.0,0.5740239862677201,0.00021593385973565023,0.0
bhubaneswar,2026-06-14,0.1,10.99937629699707,20.3,85.82,Normal,-0.4360046932984648,East coast,0.1,0.0,0.023863833397626898,0.8281123706678979,0.00778852445522169,0.8281123706678979,0.00020274743715688003,0.0
chandigarh,2026-06-14,1.9,0.019495956599712372,30.73,76.78,Normal,-0.4360046932984648,Inland,1.9,1.2468966841697693,1.2700920701026925,1.4825410239701746,0.3938018300430722,1.4825410239701746,0.00024287652148881518,0.0
chennai,2026-06-14,1.0,0.0,13.08,80.27,Normal,-0.4360046932984648,East coast,1.0,0.5206205797195435,0.6563170844316492,0.3997746031396936,0.0,0.3997746031396936,0.00022027997514704851,0.0
dehradun,2026-06-14,2.1,0.0,30.32,78.03,Normal,-0.4360046932984648,Hill / Himalayan orographic,2.1,1.4802258938550947,0.4771446078702026,6.767841762850922,4.3458776035983995,6.767841762850922,0.0009790096560758914,0.0
delhi,2026-06-14,8.2,0.0,28.61,77.21,Normal,-0.4360046932984648,Inland,8.2,7.811208963394165,7.078576383590698,1.9892171308902125,0.9045434970197878,1.9892171308902125,0.0022199236012144215,0.0
gangtok,2026-06-14,15.3,18.10655403137207,27.33,88.61,Normal,-0.4360046932984648,Hill / Himalayan orographic,15.3,18.727574259641948,21.304321553614233,22.685612004526412,39.41188862635745,22.685612004526412,0.009122105036148026,0.0
guwahati,2026-06-14,21.2,4.244033336639404,26.14,91.74,Normal,-0.4360046932984648,Inland,21.2,29.150972307645358,22.935076208212923,0.23324012635432884,0.0,0.23324012635432884,0.0015635133907156843,0.0
hyderabad,2026-06-14,0.0,1.7422704696655273,17.39,78.49,Normal,-0.4360046932984648,Inland,0.0,0.0,0.0,0.34432574741709826,0.0,0.34432574741709826,0.00012301359568767125,0.0
jabalpur,2026-06-14,0.3,0.0,23.18,79.95,Normal,-0.4360046932984648,Inland,0.3,0.0,0.0046402916777879,0.5018588248355725,0.0,0.5018588248355725,0.00020282349182778727,0.0
jaipur,2026-06-14,0.1,0.0,26.91,75.79,Normal,-0.4360046932984648,Inland,0.1,0.0,0.0,0.14992172631944056,0.0,0.14992172631944056,0.00010278598389638846,0.0
jodhpur,2026-06-14,0.0,0.0,26.24,73.02,Normal,-0.4360046932984648,Inland,0.0,0.0,0.0,0.019501651314937567,0.0,0.019501651314937567,0.0001781019801129892,0.0
kochi,2026-06-14,6.2,16.430702209472656,9.93,76.27,Normal,-0.4360046932984648,West-coast orographic,6.2,5.531912822723387,12.37013590335846,6.574360147720786,5.209994614207063,6.574360147720786,0.0036639639166513483,0.0
kolkata,2026-06-14,0.1,27.591115951538086,22.57,88.36,Normal,-0.4360046932984648,East coast,0.1,0.0,0.023863833397626898,0.2137239130453158,0.0,0.2137239130453158,0.000273379594113511,0.0
lucknow,2026-06-14,0.1,0.49134695529937744,26.85,80.95,Normal,-0.4360046932984648,Inland,0.1,0.0,0.0,0.2616106877159034,0.0,0.2616106877159034,0.00011714471578146202,0.0
madurai,2026-06-14,0.6000000000000001,0.0,9.93,78.12,Normal,-0.4360046932984648,Inland,0.6000000000000001,0.18488987863063822,0.23234565109014516,1.2530311057816328,0.16683681025762961,1.2530311057816328,0.00025431112809934196,0.0
mangaluru,2026-06-14,5.800000000000001,21.090831756591797,12.91,74.86,Normal,-0.4360046932984648,West-coast orographic,5.800000000000001,5.024601872762047,11.667609055836998,8.323834634765042,7.887573862214443,8.323834634765042,0.005285793463956588,0.0
mumbai,2026-06-14,0.2,0.0,19.08,72.88,Normal,-0.4360046932984648,West-coast orographic,0.2,0.0,0.0,0.4574355803044201,0.0,0.4574355803044201,0.0010691660512597504,0.0
nagpur,2026-06-14,0.2,8.507390022277832,21.15,79.09,Normal,-0.4360046932984648,Inland,0.2,0.0,0.0,0.3151542658196132,0.0,0.3151542658196132,0.00012466747580490637,0.0
panaji,2026-06-14,1.5,0.3156135082244873,15.49,73.83,Normal,-0.4360046932984648,West-coast orographic,1.5,0.9589448422193528,2.6386866569519043,1.0074448018651214,0.1593079425906259,1.0074448018651214,0.001958283826400774,0.0
patna,2026-06-14,1.5,0.0,25.59,85.14,Normal,-0.4360046932984648,Inland,1.5,0.9589448422193528,0.9651928424835208,0.47309474233636334,0.0,0.47309474233636334,0.00014938571423970677,0.0
pune,2026-06-14,0.0,0.0,18.52,73.86,Normal,-0.4360046932984648,Inland,0.0,0.0,0.0,0.2871294484314544,0.0,0.2871294484314544,0.00015402918930102724,0.0
raipur,2026-06-14,0.4,0.0,21.25,81.63,Normal,-0.4360046932984648,Inland,0.4,0.08457289487123493,0.12858185172080994,0.773696308548537,0.0,0.773696308548537,0.00028625070941799185,0.0
ranchi,2026-06-14,0.1,0.7409735918045044,23.34,85.31,Normal,-0.4360046932984648,Inland,0.1,0.0,0.0,0.5110911308208691,0.0,0.5110911308208691,0.0001795759279626866,0.0
shillong,2026-06-14,18.099999999999998,24.7998046875,25.58,91.89,Normal,-0.4360046932984648,Hill / Himalayan orographic,18.099999999999998,22.920541709506008,26.281606519994607,5.163822041202906,3.2169311156696025,5.163822041202906,0.018022555144271316,0.0
shimla,2026-06-14,1.3000000000000003,1.2573144435882568,31.1,77.17,Normal,-0.4360046932984648,Hill / Himalayan orographic,1.3000000000000003,0.7800842154026034,0.21131679594516747,3.997285172584762,1.7193388498819022,3.997285172584762,0.0003939960320640749,0.0
srinagar,2026-06-14,3.0,7.745975971221924,34.08,74.8,Normal,-0.4360046932984648,Hill / Himalayan orographic,3.0,2.2937601375579844,0.7212843231476136,1.903740694085894,0.38053888329299634,1.903740694085894,0.0008162110607523768,0.0
surat,2026-06-14,0.0,0.0,21.17,72.83,Normal,-0.4360046932984648,West-coast orographic,0.0,0.0,0.0,0.019227517822191845,0.0,0.019227517822191845,0.0015132277795170054,0.0
thiruvananthapuram,2026-06-14,4.7,1.7906228303909302,8.52,76.94,Normal,-0.4360046932984648,West-coast orographic,4.7,4.070252492087227,9.337573528289795,7.203708700038856,6.3061897045503,7.203708700038856,0.00765228825258838,0.0
varanasi,2026-06-14,0.0,0.05860545113682747,25.32,82.97,Normal,-0.4360046932984648,Inland,0.0,0.0,0.0,0.06551701895781485,0.0,0.06551701895781485,0.0001888224006184463,0.0
vijayawada,2026-06-14,2.3,0.0,16.51,80.65,Normal,-0.4360046932984648,Inland,2.3,1.6917490112781524,1.711168438196182,1.1093753844611929,0.09075215097922985,1.1093753844611929,0.0003989626799663224,0.0
visakhapatnam,2026-06-14,0.6,0.0,17.69,83.22,Normal,-0.4360046932984648,East coast,0.6,0.13788364648818935,0.25910526812076573,1.2768362225312622,0.14720683094520673,1.2768362225312622,0.00025075830090786857,0.0
agartala,2026-06-20,8.9,3.8875017166137695,23.83,91.29,Normal,-1.0411805484196865,Inland,8.9,8.666330742836003,7.509142547845845,6.993046283038839,12.217078129485076,6.993046283038839,0.001149614186596318,0.0
ahmedabad,2026-06-20,0.0,0.0,23.02,72.57,Normal,-1.0411805484196865,Inland,0.0,0.0,0.0,0.0051734465807626966,0.0,0.0051734465807626966,0.00016961401943342742,0.0
amritsar,2026-06-20,0.1,0.0,31.63,74.87,Normal,-1.0411805484196865,Inland,0.1,0.0,0.0,0.1436442781024348,0.0,0.1436442781024348,0.0002603548750462948,0.0
bengaluru,2026-06-20,0.30000000000000004,0.0,12.97,77.59,Normal,-1.0411805484196865,Inland,0.30000000000000004,0.040961192362010485,0.06416203230619436,0.6754140629855325,0.0,0.6754140629855325,0.0005787551957543186,0.0
bhopal,2026-06-20,0.0,0.0,23.26,77.41,Normal,-1.0411805484196865,Inland,0.0,0.0,0.0,0.24972058246946394,0.0,0.24972058246946394,0.00017926387984393402,0.0
bhubaneswar,2026-06-20,0.0,9.37669563293457,20.3,85.82,Normal,-1.0411805484196865,East coast,0.0,0.0,0.0,1.4643870444050573,0.2976777618488326,1.4643870444050573,0.00015061594879926468,0.0
chandigarh,2026-06-20,0.0,0.0,30.73,76.78,Normal,-1.0411805484196865,Inland,0.0,0.0,0.0,0.07887049101288518,0.0,0.07887049101288518,0.00018078502580822013,0.0
chennai,2026-06-20,13.9,0.12655118107795715,13.08,80.27,Normal,-1.0411805484196865,East coast,13.9,16.242888302013174,24.67048824446982,6.353298639569279,11.305326314624109,6.353298639569279,0.0027808104722913027,0.0
dehradun,2026-06-20,0.0,0.0,30.32,78.03,Normal,-1.0411805484196865,Hill / Himalayan orographic,0.0,0.0,0.0,1.634890844099536,0.3457149158348495,1.634890844099536,0.00028590165409923184,0.0
delhi,2026-06-20,0.0,0.0,28.61,77.21,Normal,-1.0411805484196865,Inland,0.0,0.0,0.0,0.17816295108499122,0.0,0.17816295108499122,0.00016427775422252065,0.0
gangtok,2026-06-20,13.8,23.048892974853516,27.33,88.61,Normal,-1.0411805484196865,Hill / Himalayan orographic,13.8,16.10928885103002,16.42848117828369,22.413337215861322,39.50467059652702,22.413337215861322,0.0010209150590939006,0.0
guwahati,2026-06-20,16.3,1.925995111465454,26.14,91.74,Normal,-1.0411805484196865,Inland,16.3,19.644381777445478,16.20033519420219,6.408835666750567,10.184354027964124,6.408835666750567,0.000745852828728115,0.0
hyderabad,2026-06-20,0.5,0.3577674627304077,17.39,78.49,Normal,-1.0411805484196865,Inland,0.5,0.1158001542091371,0.17844259738922114,0.6318204425893523,0.0,0.6318204425893523,0.00027492968744748233,0.0
jabalpur,2026-06-20,0.4,0.0,23.18,79.95,Normal,-1.0411805484196865,Inland,0.4,0.08570169843733311,0.12365645170211792,0.7395568571513683,0.0,0.7395568571513683,0.0002903404309309714,0.0
jaipur,2026-06-20,0.0,0.0,26.91,75.79,Normal,-1.0411805484196865,Inland,0.0,0.0,0.0,0.0,0.0,0.0,9.261516302564186e-05,0.0
jodhpur,2026-06-20,0.0,0.0,26.24,73.02,Normal,-1.0411805484196865,Inland,0.0,0.0,0.0,6.59770296227123e-05,0.0,6.59770296227123e-05,0.00011025590608625848,0.0
kochi,2026-06-20,0.4,0.733742356300354,9.93,76.27,Normal,-1.0411805484196865,West-coast orographic,0.4,0.08570169843733311,0.26997847855091095,3.990600900858562,2.8136976166818286,3.990600900858562,0.0009298726946557566,0.0
kolkata,2026-06-20,0.1,1.1375021934509277,22.57,88.36,Normal,-1.0411805484196865,East coast,0.1,0.0,0.0169886763393879,0.8038883401478466,0.005288817605646943,0.8038883401478466,0.00020847302590362845,0.0
lucknow,2026-06-20,0.30000000000000004,0.0,26.85,80.95,Normal,-1.0411805484196865,Inland,0.30000000000000004,0.040961192362010485,0.06416203230619436,1.0518586620215296,0.0820306770468911,1.0518586620215296,0.0003924791101910443,0.0
madurai,2026-06-20,7.2,12.93814468383789,9.93,78.12,Normal,-1.0411805484196865,Inland,7.2,6.838123121261591,5.857093677520751,0.5854053183498733,0.0,0.5854053183498733,0.0031397822542332753,0.0
mangaluru,2026-06-20,6.6,0.0,12.91,74.86,Normal,-1.0411805484196865,West-coast orographic,6.6,5.910330796241762,13.483341217041014,15.261521927589216,19.14751232641482,15.261521927589216,0.006959814828357158,0.0
mumbai,2026-06-20,1.2000000000000002,0.0,19.08,72.88,Normal,-1.0411805484196865,West-coast orographic,1.2000000000000002,0.65096398293972,2.067194600900015,0.31951948866997965,0.0,0.31951948866997965,0.0008119258231471961,0.0
nagpur,2026-06-20,0.0,0.0,21.15,79.09,Normal,-1.0411805484196865,Inland,0.0,0.0,0.0,0.2648329083939503,0.0,0.2648329083939503,0.00014396517449550227,0.0
panaji,2026-06-20,0.7000000000000001,0.0,15.49,73.83,Normal,-1.0411805484196865,West-coast orographic,0.7000000000000001,0.24373543262481695,0.9700886011123657,0.6248529324523223,0.0,0.6248529324523223,0.0008763528263219273,0.0
patna,2026-06-20,0.3,5.898540019989014,25.59,85.14,Normal,-1.0411805484196865,Inland,0.3,0.0,0.029159777984023073,0.8126362302481556,0.0,0.8126362302481556,0.00011787736143708756,0.0
pune,2026-06-20,0.0,0.0,18.52,73.86,Normal,-1.0411805484196865,Inland,0.0,0.0,0.0,0.17493324027779125,0.0,0.17493324027779125,0.00017210814815954187,0.0
raipur,2026-06-20,0.39999999999999997,6.213989734649658,21.25,81.63,Normal,-1.0411805484196865,Inland,0.39999999999999997,0.06260830238461527,0.10183826312422753,0.859656091512402,0.0004410916403040567,0.859656091512402,0.00032372996707465525,0.0
ranchi,2026-06-20,3.6,0.0529266856610775,23.34,85.31,Normal,-1.0411805484196865,Inland,3.6,2.890864837169647,2.5554919719696043,2.4488401744657238,1.6138432391176636,2.4488401744657238,0.00035920080222551643,0.0
shillong,2026-06-20,9.7,0.5828967094421387,25.58,91.89,Normal,-1.0411805484196865,Hill / Himalayan orographic,9.7,9.596617031097407,6.928317136764526,15.209746704834147,26.29398959263712,15.209746704834147,0.0006805099202992637,0.0
shimla,2026-06-20,0.0,0.3411324620246887,31.1,77.17,Normal,-1.0411805484196865,Hill / Himalayan orographic,0.0,0.0,0.0,0.6073365910769982,0.0,0.6073365910769982,0.00013657162405380775,0.0
srinagar,2026-06-20,0.7000000000000001,1.5272341966629028,34.08,74.8,Normal,-1.0411805484196865,Hill / Himalayan orographic,0.7000000000000001,0.24373543262481695,0.0005300496021906592,0.6381344610751878,0.0,0.6381344610751878,0.00025021530300200047,0.0
surat,2026-06-20,0.5,0.9009174108505249,21.17,72.83,Normal,-1.0411805484196865,West-coast orographic,0.5,0.1158001542091371,0.5289862751960756,0.07591578886883373,0.0,0.07591578886883373,0.0007777538331475167,0.0
thiruvananthapuram,2026-06-20,0.1,0.0,8.52,76.94,Normal,-1.0411805484196865,West-coast orographic,0.1,0.0,0.0,0.8611278487760285,0.0,0.8611278487760285,0.0005503125128820577,0.0
varanasi,2026-06-20,0.1,0.0,25.32,82.97,Normal,-1.0411805484196865,Inland,0.1,0.0,0.0,0.5039008284015289,0.0,0.5039008284015289,0.00014769218351868928,0.0
vijayawada,2026-06-20,0.30000000000000004,22.424394607543945,16.51,80.65,Normal,-1.0411805484196865,Inland,0.30000000000000004,0.040961192362010485,0.06416203230619436,0.7533594480956773,0.0,0.7533594480956773,0.0005751660303528094,0.0
visakhapatnam,2026-06-20,0.4,0.7215911746025085,17.69,83.22,Normal,-1.0411805484196865,East coast,0.4,0.08570169843733311,0.1111314505338669,0.619390734643449,0.0,0.619390734643449,0.0002960106799692267,0.0
agartala,2026-06-21,15.3,1.2744625806808472,23.83,91.29,Normal,-0.9628452727831571,Inland,15.3,18.287754631042482,14.946649817879326,12.732167882876173,23.85479239046814,12.732167882876173,0.0013639290936512621,0.0
ahmedabad,2026-06-21,0.5,0.0,23.02,72.57,Normal,-0.9628452727831571,Inland,0.5,0.1158001542091371,0.17844259738922114,0.12013568784265401,0.0,0.12013568784265401,0.0002729859740649517,0.0
amritsar,2026-06-21,0.8999999999999999,0.0,31.63,74.87,Normal,-0.9628452727831571,Inland,0.8999999999999999,0.37286794632673287,0.48000448048114847,0.5723217590107965,0.0,0.5723217590107965,0.00041541910493703637,0.0
bengaluru,2026-06-21,4.8,22.457162857055664,12.97,77.59,Normal,-0.9628452727831571,Inland,4.8,4.075979351997374,3.7748685836792006,1.0797720496759473,0.10490731252484346,1.0797720496759473,0.0009471456588295898,0.0
bhopal,2026-06-21,0.1,3.7666237354278564,23.26,77.41,Normal,-0.9628452727831571,Inland,0.1,0.0,0.0,0.34870840151363924,0.0,0.34870840151363924,0.00017926387984393402,0.0
bhubaneswar,2026-06-21,3.1,0.0,20.3,85.82,Normal,-0.9628452727831571,East coast,3.1,2.412152010202408,2.9202548265457158,3.8178754456177457,3.366735209682401,3.8178754456177457,0.0004269973582649091,0.0
chandigarh,2026-06-21,0.2,0.0,30.73,76.78,Normal,-0.9628452727831571,Inland,0.2,0.0,0.002125582890585065,0.4436173979037508,0.0,0.4436173979037508,0.00018078502580822013,0.0
chennai,2026-06-21,1.4000000000000001,0.0,13.08,80.27,Normal,-0.9628452727831571,East coast,1.4000000000000001,0.7791262626647952,0.9781713575124745,0.9286031639946372,0.017947752059368428,0.9286031639946372,0.00029008861560133356,0.0
dehradun,2026-06-21,0.0,0.0,30.32,78.03,Normal,-0.9628452727831571,Hill / Himalayan orographic,0.0,0.0,0.0,2.0576184174212906,0.5638366197204155,2.0576184174212906,0.00028590165409923184,0.0
delhi,2026-06-21,0.0,0.0,28.61,77.21,Normal,-0.9628452727831571,Inland,0.0,0.0,0.0,0.25211897374891534,0.0,0.25211897374891534,0.00016427775422252065,0.0
gangtok,2026-06-21,15.7,24.92850685119629,27.33,88.61,Normal,-0.9628452727831571,Hill / Himalayan orographic,15.7,18.803611818949378,20.808015091430075,25.658126490012997,41.03219115583821,25.658126490012997,0.001393183227027799,0.0
guwahati,2026-06-21,11.6,7.36526346206665,26.14,91.74,Normal,-0.9628452727831571,Inland,11.6,12.671236765384679,11.171677793775286,4.0591188220393715,4.711391049214118,4.0591188220393715,0.000595363686427752,0.0
hyderabad,2026-06-21,0.4,8.136594772338867,17.39,78.49,Normal,-0.9628452727831571,Inland,0.4,0.08570169843733311,0.12365645170211792,0.4766999117298134,0.0,0.4766999117298134,0.00027492968744748233,0.0
jabalpur,2026-06-21,0.0,0.0,23.18,79.95,Normal,-0.9628452727831571,Inland,0.0,0.0,0.0,0.20576756569308427,0.0,0.20576756569308427,0.0001779416865469072,0.0
jaipur,2026-06-21,0.0,24.268115997314453,26.91,75.79,Normal,-0.9628452727831571,Inland,0.0,0.0,0.0,0.0,0.0,0.0,9.261516302564186e-05,0.0
jodhpur,2026-06-21,0.1,0.0,26.24,73.02,Normal,-0.9628452727831571,Inland,0.1,0.0,0.0,0.0413529489411549,0.0,0.0413529489411549,0.00011025590608625848,0.0
kochi,2026-06-21,2.2,0.6052982807159424,9.93,76.27,Normal,-0.9628452727831571,West-coast orographic,2.2,1.5834933996200569,4.062946200370789,10.42316112361516,10.751481092676372,10.42316112361516,0.002342204511537353,0.0
kolkata,2026-06-21,0.1,0.0,22.57,88.36,Normal,-0.9628452727831571,East coast,0.1,0.0,0.0169886763393879,0.4841600842697649,0.0,0.4841600842697649,0.00018457451014275187,0.0
lucknow,2026-06-21,0.0,0.0,26.85,80.95,Normal,-0.9628452727831571,Inland,0.0,0.0,0.0,0.38346163628627566,0.0,0.38346163628627566,0.00011531822712291013,0.0
madurai,2026-06-21,0.1,0.0,9.93,78.12,Normal,-0.9628452727831571,Inland,0.1,0.0,0.0,0.2626171919376492,0.0,0.2626171919376492,0.000248176699270097,0.0
mangaluru,2026-06-21,0.0,0.0,12.91,74.86,Normal,-0.9628452727831571,West-coast orographic,0.0,0.0,0.0,1.116648244140676,0.3468265198976762,1.116648244140676,0.0005822310688994624,0.0
mumbai,2026-06-21,4.1,1.7691614627838135,19.08,72.88,Normal,-0.9628452727831571,West-coast orographic,4.1,3.388170671463012,8.5662748112398,3.951320589660926,2.7786711656030385,3.951320589660926,0.0014567912973835432,0.0
nagpur,2026-06-21,0.0,0.0,21.15,79.09,Normal,-0.9628452727831571,Inland,0.0,0.0,0.0,0.16824962785233144,0.0,0.16824962785233144,0.00014396517449550227,0.0
panaji,2026-06-21,0.7000000000000001,1.12355637550354,15.49,73.83,Normal,-0.9628452727831571,West-coast orographic,0.7000000000000001,0.24373543262481695,0.9700886011123657,0.6248529324523223,0.0,0.6248529324523223,0.0008763528263219273,0.0
patna,2026-06-21,0.0,0.0,25.59,85.14,Normal,-0.9628452727831571,Inland,0.0,0.0,0.0,0.3147066564560011,0.0,0.3147066564560011,0.00011787736143708756,0.0
pune,2026-06-21,0.0,0.0,18.52,73.86,Normal,-0.9628452727831571,Inland,0.0,0.0,0.0,0.17493324027779125,0.0,0.17493324027779125,0.00017210814815954187,0.0
raipur,2026-06-21,0.0,0.0,21.25,81.63,Normal,-0.9628452727831571,Inland,0.0,0.0,0.0,0.23779209832092948,0.0,0.23779209832092948,0.0001779416865469072,0.0
ranchi,2026-06-21,0.9,9.420949935913086,23.34,85.31,Normal,-0.9628452727831571,Inland,0.9,0.43729786574840546,0.5246465206146238,0.6779551632307185,0.0,0.6779551632307185,0.00026125679823840893,0.0
shillong,2026-06-21,5.2,98.7431411743164,25.58,91.89,Normal,-0.9628452727831571,Hill / Himalayan orographic,5.2,4.429982018470764,1.8092155830676744,8.4130169146329,8.409790715236557,8.4130169146329,0.00037843160131073263,0.0
shimla,2026-06-21,0.8,0.0,31.1,77.17,Normal,-0.9628452727831571,Hill / Himalayan orographic,0.8,0.29492807388305664,0.0010600992043813178,1.83702544537546,0.38017788158645155,1.83702544537546,0.00019412851759950713,0.0
srinagar,2026-06-21,0.7000000000000001,0.0,34.08,74.8,Normal,-0.9628452727831571,Hill / Himalayan orographic,0.7000000000000001,0.24373543262481695,0.0005300496021906592,0.9337647481518766,0.0,0.9337647481518766,0.00025021530300200047,0.0
surat,2026-06-21,1.0,0.0,21.17,72.83,Normal,-0.9628452727831571,West-coast orographic,1.0,0.5194745779037475,1.6257685422897339,0.02282320116338752,0.0,0.02282320116338752,0.0007777538331475167,0.0
thiruvananthapuram,2026-06-21,1.3,0.6093385219573975,8.52,76.94,Normal,-0.9628452727831571,West-coast orographic,1.3,0.6935960948467255,2.5038370490074158,1.2501693900459372,0.5631963807195095,1.2501693900459372,0.0008845920160450326,0.0
varanasi,2026-06-21,0.1,0.0,25.32,82.97,Normal,-0.9628452727831571,Inland,0.1,0.0,0.0,0.32746398518625275,0.0,0.32746398518625275,0.00014769218351868928,0.0
vijayawada,2026-06-21,0.0,3.844229221343994,16.51,80.65,Normal,-0.9628452727831571,Inland,0.0,0.0,0.0,0.27028090326778725,0.0,0.27028090326778725,0.000158678188540659,0.0
visakhapatnam,2026-06-21,0.7,27.551088333129883,17.69,83.22,Normal,-0.9628452727831571,East coast,0.7,0.2437354326248169,0.26442657828331,0.6151972635471099,0.0,0.6151972635471099,0.0002960106799692267,0.0
agartala,2026-06-22,0.6000000000000001,5.733531951904297,23.83,91.29,Break,-1.030849336606672,Inland,0.6000000000000001,0.19165247231721874,0.2654691484239369,8.300766154959362,8.653355721190808,8.300766154959362,0.000347947970113409,0.0
ahmedabad,2026-06-22,0.0,0.0,23.02,72.57,Break,-1.030849336606672,Inland,0.0,0.0,0.0,0.0,0.0,0.0,0.00018123061464313286,0.0
amritsar,2026-06-22,3.3000000000000003,8.715869903564453,31.63,74.87,Break,-1.030849336606672,Inland,3.3000000000000003,2.5960901796817777,3.401809706832424,0.37354432755170786,0.0650821249887864,0.37354432755170786,0.0007355636865771051,0.0
bengaluru,2026-06-22,3.3,0.0,12.97,77.59,Break,-1.030849336606672,Inland,3.3,2.5960901796817777,3.4018097068324233,0.8054637319276737,0.31177916781914117,0.8054637319276737,0.0004586631193683705,0.0
bhopal,2026-06-22,0.1,0.0,23.26,77.41,Break,-1.030849336606672,Inland,0.1,0.0,0.06913261860609053,0.18063702019192202,0.0,0.18063702019192202,0.00019875391832625746,0.0
bhubaneswar,2026-06-22,0.0,1.5676805973052979,20.3,85.82,Break,-1.030849336606672,East coast,0.0,0.0,0.0,0.9760265519871475,0.38710802401406125,0.9760265519871475,0.00016715040027949835,0.0
chandigarh,2026-06-22,0.1,2.632953405380249,30.73,76.78,Break,-1.030849336606672,Inland,0.1,0.0,0.06913261860609053,0.2061365102702651,0.0,0.2061365102702651,0.00020044041410806283,0.0
chennai,2026-06-22,3.7,0.48815038800239563,13.08,80.27,Break,-1.030849336606672,East coast,3.7,2.986234974861145,3.3714026586918884,1.4812595015225296,0.9705594420232981,1.4812595015225296,0.00048094624315424446,0.0
dehradun,2026-06-22,0.30000000000000004,0.12449616938829422,30.32,78.03,Break,-1.030849336606672,Hill / Himalayan orographic,0.30000000000000004,0.040961192362010485,0.07525363005697733,2.3201860115860633,1.7983173848949972,2.3201860115860633,0.001078307580741747,0.0
delhi,2026-06-22,0.1,0.0,28.61,77.21,Break,-1.030849336606672,Inland,0.1,0.0,0.06913261860609053,0.28927784320141575,0.0027564138854796983,0.28927784320141575,0.00018213875869833133,0.0
gangtok,2026-06-22,20.1,24.047243118286133,27.33,88.61,Break,-1.030849336606672,Hill / Himalayan orographic,20.1,26.507265281677256,28.8162376900942,30.68336945163003,50.55569939999975,30.68336945163003,0.005037003328147666,0.0
guwahati,2026-06-22,5.7,11.31120777130127,26.14,91.74,Break,-1.030849336606672,Inland,5.7,4.9393164157867435,5.285017237864751,4.595990316954632,4.084208442093539,4.595990316954632,0.001981893566682302,0.0
hyderabad,2026-06-22,3.7,0.0,17.39,78.49,Break,-1.030849336606672,Inland,3.7,2.986234974861145,3.7380970325469973,0.7247349590493705,0.2166469370863739,0.7247349590493705,0.00045581836843329866,0.0
jabalpur,2026-06-22,2.0,0.0,23.18,79.95,Break,-1.030849336606672,Inland,2.0,1.3355251342058183,1.5810241625657904,0.22006880421536698,0.0,0.22006880421536698,0.0003219031147698342,0.0
jaipur,2026-06-22,2.4,0.011119713075459003,26.91,75.79,Break,-1.030849336606672,Inland,2.4,1.7323015570640565,2.5311988803863508,0.16574087904744944,0.0,0.16574087904744944,0.00032800258957406045,0.0
jodhpur,2026-06-22,0.8,0.0,26.24,73.02,Break,-1.030849336606672,Inland,0.8,0.29492807388305664,0.9382277750968936,0.008301335271281888,0.0,0.008301335271281888,0.00029249316591411584,0.0
kochi,2026-06-22,12.0,30.932146072387695,9.93,76.27,Break,-1.030849336606672,West-coast orographic,12.0,13.427700751168405,11.164807641673665,20.214577299965896,27.77281979236597,20.214577299965896,0.003765334181495378,0.0
kolkata,2026-06-22,0.0,12.894621849060059,22.57,88.36,Break,-1.030849336606672,East coast,0.0,0.0,0.0,0.20598891901468636,0.0,0.20598891901468636,0.00023135749332687047,0.0
lucknow,2026-06-22,0.0,0.0,26.85,80.95,Break,-1.030849336606672,Inland,0.0,0.0,0.0,0.2954277573393353,0.0037363719389440853,0.2954277573393353,0.00019212804191668983,0.0
madurai,2026-06-22,4.6,1.5606611967086792,9.93,78.12,Break,-1.030849336606672,Inland,4.6,3.8635212182998586,4.411131486525902,0.5051853704739454,0.09181566509604636,0.5051853704739454,0.002336088623984455,0.0
mangaluru,2026-06-22,5.6000000000000005,8.492852210998535,12.91,74.86,Break,-1.030849336606672,West-coast orographic,5.6000000000000005,4.8401636044184375,5.284839762174165,12.82358529830663,25.37810796334901,12.82358529830663,0.019693778726061196,0.0
mumbai,2026-06-22,0.1,11.782967567443848,19.08,72.88,Break,-1.030849336606672,West-coast orographic,0.1,0.0,0.0,0.06609373100591441,0.0,0.06609373100591441,0.0004489037286118793,0.0
nagpur,2026-06-22,0.0,0.0,21.15,79.09,Break,-1.030849336606672,Inland,0.0,0.0,0.0,0.06977029315676356,0.0,0.06977029315676356,0.00015961805797709325,0.0
panaji,2026-06-22,5.6,15.764620780944824,15.49,73.83,Break,-1.030849336606672,West-coast orographic,5.6,4.840163604418437,5.284839762174164,3.26174828159699,2.5833432355019985,3.26174828159699,0.006748038915223518,0.0
patna,2026-06-22,0.1,0.1007075309753418,25.59,85.14,Break,-1.030849336606672,Inland,0.1,0.0,0.06913261860609053,0.46309210184503724,0.07619820477763109,0.46309210184503724,0.0001965778820626692,0.0
pune,2026-06-22,0.5,18.208250045776367,18.52,73.86,Break,-1.030849336606672,Inland,0.5,0.1158001542091371,0.23962523341178943,0.2027660435787116,0.0,0.2027660435787116,0.00034154710717411294,0.0
raipur,2026-06-22,4.5,0.0,21.25,81.63,Break,-1.030849336606672,Inland,4.5,3.7572921514511015,4.336638876108023,1.1378971167800378,1.6759546816182207,1.1378971167800378,0.0015400513611107361,0.0
ranchi,2026-06-22,0.4,17.246461868286133,23.34,85.31,Break,-1.030849336606672,Inland,0.4,0.08570169843733311,0.16359105911105873,0.5288293455746543,0.10262360484197744,0.5288293455746543,0.00032672650090989196,0.0
shillong,2026-06-22,24.3,13.618049621582031,25.58,91.89,Break,-1.030849336606672,Hill / Himalayan orographic,24.3,34.12919173200863,37.09577201794144,13.415511105586852,25.502716458605914,13.415511105586852,0.0018085850097683605,0.0
shimla,2026-06-22,0.8,1.145555019378662,31.1,77.17,Break,-1.030849336606672,Hill / Himalayan orographic,0.8,0.29492807388305664,0.28833546459674836,0.9161879668093437,0.28256559016540816,0.9161879668093437,0.00021523433051953464,0.0
srinagar,2026-06-22,3.4,0.0,34.08,74.8,Break,-1.030849336606672,Hill / Himalayan orographic,3.4,2.675967741012572,3.1902938842773447,0.052176880680625155,0.0,0.052176880680625155,0.0004044456254066342,0.0
surat,2026-06-22,1.1,1.387267827987671,21.17,72.83,Break,-1.030849336606672,West-coast orographic,1.1,0.6083318710327146,0.44486762046813966,0.0,0.0,0.0,0.00083098634288963,0.0
thiruvananthapuram,2026-06-22,9.7,0.3911132514476776,8.52,76.94,Break,-1.030849336606672,West-coast orographic,9.7,9.596617031097407,9.72700047187669,8.807687344247887,7.295953053730095,8.807687344247887,0.0029416334023338905,0.0
varanasi,2026-06-22,0.1,0.25395697355270386,25.32,82.97,Break,-1.030849336606672,Inland,0.1,0.0,0.06913261860609053,0.24654657100517596,0.0,0.24654657100517596,0.0001637502266777596,0.0
vijayawada,2026-06-22,2.5,0.6558148860931396,16.51,80.65,Break,-1.030849336606672,Inland,2.5,1.8007982041524768,2.6150167459707987,0.858477048050146,0.48973835467064164,0.858477048050146,0.00045581836843329866,0.0
visakhapatnam,2026-06-22,1.1,0.0,17.69,83.22,Break,-1.030849336606672,East coast,1.1,0.6083318710327146,0.44486762046813966,0.20560996524938727,0.0,0.20560996524938727,0.00032850115937446705,0.0
agartala,2026-06-23,0.4,0.6397023797035217,23.83,91.29,Break,-1.3468484463590513,Inland,0.4,0.08570169843733311,0.16359105911105873,8.752087440815975,10.995330322891695,8.752087440815975,0.000347947970113409,0.0
ahmedabad,2026-06-23,0.4,0.0,23.02,72.57,Break,-1.3468484463590513,Inland,0.4,0.08570169843733311,0.16359105911105873,0.01321205853679166,0.0,0.01321205853679166,0.0002916802851326996,0.0
amritsar,2026-06-23,10.0,0.0,31.63,74.87,Break,-1.3468484463590513,Inland,10.0,9.949137687683105,6.357159965665427,6.314837049882539,5.438149692730509,6.314837049882539,0.010717805390444875,0.0
bengaluru,2026-06-23,16.6,0.019935233518481255,12.97,77.59,Break,-1.3468484463590513,Inland,16.6,20.081512800852465,16.820828336698035,6.82054925067521,5.687923712645417,6.82054925067521,0.0034974016620733283,0.0
bhopal,2026-06-23,0.4,2.2404959201812744,23.26,77.41,Break,-1.3468484463590513,Inland,0.4,0.08570169843733311,0.16359105911105873,0.16829970878573403,0.0,0.16829970878573403,0.0003489497962643057,0.0
bhubaneswar,2026-06-23,0.6,5.339478969573975,20.3,85.82,Break,-1.3468484463590513,East coast,0.6,0.15012532845139528,0.13028350785374648,1.4727333468597308,0.969376242620107,1.4727333468597308,0.0002786797312584936,0.0
chandigarh,2026-06-23,0.2,0.0,30.73,76.78,Break,-1.3468484463590513,Inland,0.2,0.0,0.07991257071495057,0.1697872177906529,0.0,0.1697872177906529,0.00020044041410806283,0.0
chennai,2026-06-23,6.5,0.0,13.08,80.27,Break,-1.3468484463590513,East coast,6.5,5.8068718433380155,5.626145227528151,1.1387073924371542,0.8224018366519134,1.1387073924371542,0.002526787264240909,0.0
dehradun,2026-06-23,0.0,0.0,30.32,78.03,Break,-1.3468484463590513,Hill / Himalayan orographic,0.0,0.0,0.0,1.1519090616900667,0.831895683186328,1.1519090616900667,0.0003169819549391264,0.0
delhi,2026-06-23,0.6000000000000001,0.0,28.61,77.21,Break,-1.3468484463590513,Inland,0.6000000000000001,0.19165247231721874,0.2654691484239369,0.28968142528926927,0.0028207226722946985,0.28968142528926927,0.00025889454249607076,0.0
gangtok,2026-06-23,16.7,14.667546272277832,27.33,88.61,Break,-1.3468484463590513,Hill / Himalayan orographic,16.7,20.227223141988123,23.91851279559094,31.60770493028041,54.484082253802754,31.60770493028041,0.005593469373526168,0.0
guwahati,2026-06-23,11.5,1.9866694211959839,26.14,91.74,Break,-1.3468484463590513,Inland,11.5,12.469501495361328,8.545115385845186,5.12614430674984,4.608861276328829,5.12614430674984,0.0028210988745271718,0.0
hyderabad,2026-06-23,6.6000000000000005,10.819999694824219,17.39,78.49,Break,-1.3468484463590513,Inland,6.6000000000000005,5.910330796241763,5.454994096890303,0.7373701053819448,0.22495311344166027,0.7373701053819448,0.0021964771445847422,0.0
jabalpur,2026-06-23,0.2,2.267261028289795,23.18,79.95,Break,-1.3468484463590513,Inland,0.2,0.0,0.07991257071495057,0.19486212541806475,0.0,0.19486212541806475,0.00019728800107704083,0.0
jaipur,2026-06-23,0.0,0.014322582632303238,26.91,75.79,Break,-1.3468484463590513,Inland,0.0,0.0,0.0,0.0,0.0,0.0,0.00015430552029512253,0.0
jodhpur,2026-06-23,0.0,0.0,26.24,73.02,Break,-1.3468484463590513,Inland,0.0,0.0,0.0,0.0,0.0,0.0,0.00018369448880602873,0.0
kochi,2026-06-23,26.7,9.336620330810547,9.93,76.27,Break,-1.3468484463590513,West-coast orographic,26.7,36.86831290319884,43.47839933131003,24.51191154112294,32.346242849454775,24.51191154112294,0.0030309679006879898,0.0
kolkata,2026-06-23,0.4,0.023542355746030807,22.57,88.36,Break,-1.3468484463590513,East coast,0.4,0.08570169843733311,0.0835101464032372,0.46810570189974476,0.0045188043145511034,0.46810570189974476,0.0003571920568531157,0.0
lucknow,2026-06-23,0.0,0.6366869807243347,26.85,80.95,Break,-1.3468484463590513,Inland,0.0,0.0,0.0,0.23247692638400733,0.0,0.23247692638400733,0.00019212804191668983,0.0
madurai,2026-06-23,0.9,0.0,9.93,78.12,Break,-1.3468484463590513,Inland,0.9,0.43729786574840546,0.9712489238050251,0.08357927552692739,0.0,0.08357927552692739,0.00047670312261781963,0.0
mangaluru,2026-06-23,17.8,36.823184967041016,12.91,74.86,Break,-1.3468484463590513,West-coast orographic,17.8,21.755328989028925,26.768308088670445,22.563588128586872,30.2438660263062,22.563588128586872,0.009380727732478238,0.0
mumbai,2026-06-23,6.0,6.827450752258301,19.08,72.88,Break,-1.3468484463590513,West-coast orographic,6.0,5.241728925704956,5.486681951135675,4.226020681659125,3.1911371769660635,4.226020681659125,0.004761135505596408,0.0
nagpur,2026-06-23,0.6,14.418035507202148,21.15,79.09,Break,-1.3468484463590513,Inland,0.6,0.15012532845139528,0.2654691484239368,0.1919337471582724,0.0,0.1919337471582724,0.0002812427604077339,0.0
panaji,2026-06-23,37.6,66.74803161621094,15.49,73.83,Break,-1.3468484463590513,West-coast orographic,37.6,49.99379105326251,68.58792999332901,19.079979740368188,26.695164742375162,19.079979740368188,0.13216912747649096,0.0
patna,2026-06-23,0.0,3.3478200435638428,25.59,85.14,Break,-1.3468484463590513,Inland,0.0,0.0,0.0,0.17969378265636068,0.0,0.17969378265636068,0.0001965778820626692,0.0
pune,2026-06-23,1.7000000000000002,0.0,18.52,73.86,Break,-1.3468484463590513,Inland,1.7000000000000002,1.0307852268218989,1.4990523333084298,0.46380368911194886,0.07633073824137204,0.46380368911194886,0.00034154710717411294,0.0
raipur,2026-06-23,0.9,1.557940125465393,21.25,81.63,Break,-1.3468484463590513,Inland,0.9,0.43729786574840546,0.9712489238050251,0.354821412022875,0.060019218840052416,0.354821412022875,0.0003589210984080609,0.0
ranchi,2026-06-23,1.9,1.667786955833435,23.34,85.31,Break,-1.3468484463590513,Inland,1.9,1.2562780380249021,1.5537002194800036,0.2883442327884736,0.0026076477364826364,0.2883442327884736,0.00032672650090989196,0.0
shillong,2026-06-23,2.5,30.940319061279297,25.58,91.89,Break,-1.3468484463590513,Hill / Himalayan orographic,2.5,1.8007982041524768,1.9150756984780735,8.402481036580006,6.651398208025266,8.402481036580006,0.0005928538725761845,0.0
shimla,2026-06-23,0.1,0.0,31.1,77.17,Break,-1.3468484463590513,Hill / Himalayan orographic,0.1,0.0,0.0,0.5531287876270915,0.07769574704461667,0.5531287876270915,0.00015142075164457496,0.0
srinagar,2026-06-23,1.2000000000000002,4.538349151611328,34.08,74.8,Break,-1.3468484463590513,Hill / Himalayan orographic,1.2000000000000002,0.65096398293972,0.6841754155086749,0.218035403039287,0.0,0.218035403039287,0.000277417225634414,0.0
surat,2026-06-23,1.8,8.176440238952637,21.17,72.83,Break,-1.3468484463590513,West-coast orographic,1.8,1.1280327916145323,1.0952777422033257,0.2908181579761628,0.0,0.2908181579761628,0.00083098634288963,0.0
thiruvananthapuram,2026-06-23,20.8,2.9407670497894287,8.52,76.94,Break,-1.3468484463590513,West-coast orographic,20.8,27.854931670349924,29.43952061226665,19.19381080854428,26.719127742373562,19.19381080854428,0.0025720741627752648,0.0
varanasi,2026-06-23,0.2,0.0,25.32,82.97,Break,-1.3468484463590513,Inland,0.2,0.0,0.07991257071495057,0.1893646681663818,0.0,0.1893646681663818,0.0001637502266777596,0.0
vijayawada,2026-06-23,118.10000000000001,0.4444099962711334,16.51,80.65,Break,-1.3468484463590513,Inland,118.10000000000001,126.8167020783543,69.10344017300825,56.06633058180031,71.38162683899141,70.0,0.4651822628354691,1.0
visakhapatnam,2026-06-23,1.5,0.0,17.69,83.22,Break,-1.3468484463590513,East coast,1.5,0.8774161696434022,0.9923386648426884,0.1000450529200253,0.0,0.1000450529200253,0.00032850115937446705,0.0
agartala,2026-06-24,0.6,4.676222801208496,23.83,91.29,Break,-1.2153805705503016,Inland,0.6,0.1921067982912063,0.2654691484239368,13.60982469061948,25.450096494141903,13.60982469061948,0.00027816450609283237,0.0
ahmedabad,2026-06-24,0.0,0.0,23.02,72.57,Break,-1.2153805705503016,Inland,0.0,0.0,0.0,0.000982511006894166,0.0,0.000982511006894166,0.0001611435499616731,0.0
amritsar,2026-06-24,0.6,0.0,31.63,74.87,Break,-1.2153805705503016,Inland,0.6,0.1921067982912063,0.2654691484239368,0.49456359146517265,0.1687477177644258,0.49456359146517265,0.00021071176747601987,0.0
bengaluru,2026-06-24,0.8,0.0,12.97,77.59,Break,-1.2153805705503016,Inland,0.8,0.3605043828487397,0.9382277750968936,0.5453036130392005,0.24043538700844894,0.5453036130392005,0.00023090043953905712,0.0
bhopal,2026-06-24,7.7,0.0,23.26,77.41,Break,-1.2153805705503016,Inland,7.7,7.161323821544645,5.704181290689515,3.111897689915822,2.3931892969054522,3.111897689915822,0.0031826153705936016,0.0
bhubaneswar,2026-06-24,0.0,0.09843718260526657,20.3,85.82,Break,-1.2153805705503016,East coast,0.0,0.0,0.0,1.7647975058408862,1.2868188963313634,1.7647975058408862,0.00016868169273110282,0.0
chandigarh,2026-06-24,0.0,0.0,30.73,76.78,Break,-1.2153805705503016,Inland,0.0,0.0,0.0,0.0955136044745103,0.0,0.0955136044745103,0.00012578381563442138,0.0
chennai,2026-06-24,2.3,4.551860332489014,13.08,80.27,Break,-1.2153805705503016,East coast,2.3,1.688403052091598,1.808827993223222,1.8623592873317527,1.3756859041440215,1.8623592873317527,0.0010314899021552203,0.0
dehradun,2026-06-24,0.0,1.493954062461853,30.32,78.03,Break,-1.2153805705503016,Hill / Himalayan orographic,0.0,0.0,0.0,0.4704811056688581,0.10253517547138076,0.4704811056688581,0.00013644853570885226,0.0
delhi,2026-06-24,0.1,0.0,28.61,77.21,Break,-1.2153805705503016,Inland,0.1,0.0,0.06913261860609053,0.2478397974723423,0.006853522067688685,0.2478397974723423,0.00012578381563442138,0.0
gangtok,2026-06-24,16.6,16.24510955810547,27.33,88.61,Break,-1.2153805705503016,Hill / Himalayan orographic,16.6,19.45030926414157,23.701952951537283,21.730840095876953,29.242715554813543,21.730840095876953,0.0064026086577314316,0.0
guwahati,2026-06-24,21.900000000000002,4.293918609619141,26.14,91.74,Break,-1.2153805705503016,Inland,21.900000000000002,29.750147523007954,25.09765082042554,5.575366536364143,5.405567537463758,5.575366536364143,0.0014413556442329654,0.0
hyderabad,2026-06-24,9.9,0.0,17.39,78.49,Break,-1.2153805705503016,Inland,9.9,9.637485218048102,6.328769588492562,1.938149260527999,1.8171903327456944,1.938149260527999,0.0035292179655208836,0.0
jabalpur,2026-06-24,0.0,0.0,23.18,79.95,Break,-1.2153805705503016,Inland,0.0,0.0,0.0,0.13707969291980865,0.0,0.13707969291980865,0.00013093510368312152,0.0
jaipur,2026-06-24,1.0,0.0,26.91,75.79,Break,-1.2153805705503016,Inland,1.0,0.5139887481927872,1.0042700725131566,0.12154153901177975,0.0,0.12154153901177975,0.00019178587931620642,0.0
jodhpur,2026-06-24,0.0,0.0,26.24,73.02,Break,-1.2153805705503016,Inland,0.0,0.0,0.0,0.003325704756981057,0.0,0.003325704756981057,0.00012878653194031976,0.0
kochi,2026-06-24,4.5,1.1006135940551758,9.93,76.27,Break,-1.2153805705503016,West-coast orographic,4.5,3.7622309148311617,4.193943099688891,8.353233107480186,7.306773694578506,8.353233107480186,0.010255999162139495,0.0
kolkata,2026-06-24,0.0,0.3703574538230896,22.57,88.36,Break,-1.2153805705503016,East coast,0.0,0.0,0.0,1.0493920862966546,0.5462168991448069,1.0493920862966546,0.00014016385513008648,0.0
lucknow,2026-06-24,0.0,0.0,26.85,80.95,Break,-1.2153805705503016,Inland,0.0,0.0,0.0,0.17513700911336902,0.0,0.17513700911336902,0.0001347362043335369,0.0
madurai,2026-06-24,2.3,0.0,9.93,78.12,Break,-1.2153805705503016,Inland,2.3,1.688403052091598,2.429525506210326,1.112259260287111,1.1577033189119394,1.112259260287111,0.00113805196124884,0.0
mangaluru,2026-06-24,16.4,13.635209083557129,12.91,74.86,Break,-1.2153805705503016,West-coast orographic,16.4,19.181142566515046,23.26883326342996,25.42532105870247,35.11969567001413,25.42532105870247,0.03146085508686527,0.0
mumbai,2026-06-24,16.9,145.76063537597656,19.08,72.88,Break,-1.2153805705503016,West-coast orographic,16.9,19.83580185319588,24.351632483698253,52.06640624217521,108.05024568388626,52.06640624217521,0.0835600142325677,0.0
nagpur,2026-06-24,10.6,37.4354133605957,21.15,79.09,Break,-1.2153805705503016,Inland,10.6,10.84694437260895,6.527502228702621,1.524956910028291,1.6129904839418145,1.524956910028291,0.002455761344025511,0.0
panaji,2026-06-24,43.6,49.78874206542969,15.49,73.83,Break,-1.2153805705503016,West-coast orographic,43.6,60.99399930922526,88.25907265723501,19.95254128081871,28.40508106308831,19.95254128081871,0.014878205094360443,0.0
patna,2026-06-24,0.0,2.4613680839538574,25.59,85.14,Break,-1.2153805705503016,Inland,0.0,0.0,0.0,0.3583470967140623,0.0780824658036342,0.3583470967140623,0.00015049306592061648,0.0
pune,2026-06-24,7.7,24.151643753051758,18.52,73.86,Break,-1.2153805705503016,Inland,7.7,7.161323821544645,5.704181290689515,3.5533119959713466,2.758728937896721,3.5533119959713466,0.009425141598594464,0.0
raipur,2026-06-24,1.1,2.7883689403533936,21.25,81.63,Break,-1.2153805705503016,Inland,1.1,0.6141044582639463,1.0684638023376465,0.696510195547336,0.5413745409193822,0.696510195547336,0.0003349946589273007,0.0
ranchi,2026-06-24,0.0,14.715734481811523,23.34,85.31,Break,-1.2153805705503016,Inland,0.0,0.0,0.0,0.6148666218946056,0.2680249046730306,0.6148666218946056,0.00014491508986910363,0.0
shillong,2026-06-24,3.8,15.999485969543457,25.58,91.89,Break,-1.2153805705503016,Hill / Himalayan orographic,3.8,3.104715347290039,3.592782362900155,4.23948111981702,3.196913355513387,4.23948111981702,0.0005259827465095078,0.0
shimla,2026-06-24,0.1,1.296655297279358,31.1,77.17,Break,-1.2153805705503016,Hill / Himalayan orographic,0.1,0.0,0.0,0.2637502138866499,0.0,0.2637502138866499,0.00012023582043638086,0.0
srinagar,2026-06-24,0.4,0.0,34.08,74.8,Break,-1.2153805705503016,Hill / Himalayan orographic,0.4,0.08278271928429609,0.0835101464032372,0.2558501631245514,0.0,0.2558501631245514,0.00018794392224481948,0.0
surat,2026-06-24,5.9,0.0,21.17,72.83,Break,-1.2153805705503016,West-coast orographic,5.9,5.079399657249453,5.45878929585718,1.7679874228654657,1.2892545397368198,1.7679874228654657,0.003367413052048966,0.0
thiruvananthapuram,2026-06-24,0.1,0.0,8.52,76.94,Break,-1.2153805705503016,West-coast orographic,0.1,0.0,0.0,0.11585219919742608,0.0,0.11585219919742608,0.00048007784675324237,0.0
varanasi,2026-06-24,0.0,0.0,25.32,82.97,Break,-1.2153805705503016,Inland,0.0,0.0,0.0,0.12856948966873874,0.0,0.12856948966873874,0.00013782874934030825,0.0
vijayawada,2026-06-24,0.1,0.0,16.51,80.65,Break,-1.2153805705503016,Inland,0.1,0.0,0.06913261860609053,0.6276623447784716,0.27309984073954435,0.6276623447784716,0.00014643198706720437,0.0
visakhapatnam,2026-06-24,2.2,0.0,17.69,83.22,Break,-1.2153805705503016,East coast,2.2,1.5380989551544186,1.6933286161965964,2.1311664325067636,1.5584121075062343,2.1311664325067636,0.0026662336141322534,0.0
agartala,2026-06-25,5.1,3.422004222869873,23.83,91.29,Normal,-0.587636223538943,Inland,5.1,4.30932051340739,4.240215325355531,6.102543379577213,9.775692060827968,6.102543379577213,0.0007649214371453411,0.0
ahmedabad,2026-06-25,0.0,0.0,23.02,72.57,Normal,-0.587636223538943,Inland,0.0,0.0,0.0,0.0559340937776748,0.0,0.0559340937776748,0.00023712798735807617,0.0
amritsar,2026-06-25,0.2,36.13621520996094,31.63,74.87,Normal,-0.587636223538943,Inland,0.2,0.0,0.02077289484441273,0.6680634573120435,0.0,0.6680634573120435,0.0001748098416230233,0.0
bengaluru,2026-06-25,0.0,0.0,12.97,77.59,Normal,-0.587636223538943,Inland,0.0,0.0,0.0,0.2443442809003771,0.0,0.2443442809003771,0.00018642973111922853,0.0
bhopal,2026-06-25,2.8,23.851228713989258,23.26,77.41,Normal,-0.587636223538943,Inland,2.8,2.1634164512157437,2.208289623260498,2.4616594238235794,1.6307227013056123,2.4616594238235794,0.000565053350667906,0.0
bhubaneswar,2026-06-25,1.1,0.0,20.3,85.82,Normal,-0.587636223538943,East coast,1.1,0.6141044582639463,0.6812990123033524,2.3382661291438493,1.1447622111906672,2.3382661291438493,0.0003384667887990979,0.0
chandigarh,2026-06-25,0.7,0.13370056450366974,30.73,76.78,Normal,-0.587636223538943,Inland,0.7,0.24343874678015737,0.4172926306724551,1.2267866025796967,0.20667696563963356,1.2267866025796967,0.00021271139656585768,0.0
chennai,2026-06-25,0.2,0.0,13.08,80.27,Normal,-0.587636223538943,East coast,0.2,0.0,0.08269061520695686,0.7362961800453643,0.0017009222981276507,0.7362961800453643,0.00017672267034785837,0.0
dehradun,2026-06-25,0.0,1.2819846868515015,30.32,78.03,Normal,-0.587636223538943,Hill / Himalayan orographic,0.0,0.0,0.0,1.5586863595237404,0.20127232832264488,1.5586863595237404,0.00014938513165781858,0.0
delhi,2026-06-25,0.0,0.0,28.61,77.21,Normal,-0.587636223538943,Inland,0.0,0.0,0.0,0.20464218620790098,0.0,0.20464218620790098,0.0001573014635064517,0.0
gangtok,2026-06-25,7.4,25.06758689880371,27.33,88.61,Normal,-0.587636223538943,Hill / Himalayan orographic,7.4,6.729054975509649,3.265989568233491,9.821350897798284,14.432728342623252,9.821350897798284,0.0024362376853536336,0.0
guwahati,2026-06-25,15.5,0.8846006989479065,26.14,91.74,Normal,-0.587636223538943,Inland,15.5,17.912332416225134,14.671789360046377,3.159092905045924,2.6072130430318468,3.159092905045924,0.0005102256742831471,0.0
hyderabad,2026-06-25,0.4,2.3544116020202637,17.39,78.49,Normal,-0.587636223538943,Inland,0.4,0.08278271928429609,0.14937076270580296,0.8603481813822943,0.0,0.8603481813822943,0.0002494318071726025,0.0
jabalpur,2026-06-25,2.0,11.169820785522461,23.18,79.95,Normal,-0.587636223538943,Inland,2.0,1.3902534425258641,1.55135378241539,2.0294063513881633,0.9944984713379119,2.0294063513881633,0.00018904565828004665,0.0
jaipur,2026-06-25,0.6000000000000001,1.3556705713272095,26.91,75.79,Normal,-0.587636223538943,Inland,0.6000000000000001,0.19210679829120636,0.2855919241905212,0.30667998335308905,0.0,0.30667998335308905,0.00015001754311176667,0.0
jodhpur,2026-06-25,0.1,0.0,26.24,73.02,Normal,-0.587636223538943,Inland,0.1,0.0,0.0,0.29867023256236297,0.0,0.29867023256236297,0.00010883568941834034,0.0
kochi,2026-06-25,0.2,6.752403736114502,9.93,76.27,Normal,-0.587636223538943,West-coast orographic,0.2,0.0,0.0,1.7342528877046912,0.9248370621004726,1.7342528877046912,0.0009757257383992344,0.0
kolkata,2026-06-25,0.0,0.0,22.57,88.36,Normal,-0.587636223538943,East coast,0.0,0.0,0.0,0.8767850004686343,0.04452329016419206,0.8767850004686343,0.00015916068522616022,0.0
lucknow,2026-06-25,0.39999999999999997,0.0,26.85,80.95,Normal,-0.587636223538943,Inland,0.39999999999999997,0.055445312336087245,0.12257070839405058,0.964414847494575,0.027937427923885347,0.964414847494575,0.00013261195126807444,0.0
madurai,2026-06-25,0.0,0.0,9.93,78.12,Normal,-0.587636223538943,Inland,0.0,0.0,0.0,0.13055429920906067,0.0,0.13055429920906067,0.00021965408719046325,0.0
mangaluru,2026-06-25,15.0,19.567832946777344,12.91,74.86,Normal,-0.587636223538943,West-coast orographic,15.0,17.167465658445618,25.115924510955807,25.45713979707519,31.629743323251645,25.45713979707519,0.02507437467475378,0.0
mumbai,2026-06-25,19.6,5.7743000984191895,19.08,72.88,Normal,-0.587636223538943,West-coast orographic,19.6,25.245747987847587,32.87694651494262,58.37646423069297,85.66517308585759,70.0,0.32682894724598954,0.0
nagpur,2026-06-25,0.1,4.985291957855225,21.15,79.09,Normal,-0.587636223538943,Inland,0.1,0.0,0.0,0.4870202966711196,0.0,0.4870202966711196,0.0001664808913655302,0.0
panaji,2026-06-25,31.0,64.78394317626953,15.49,73.83,Normal,-0.587636223538943,West-coast orographic,31.0,41.555797279912305,50.82863571358929,12.72777270970009,15.21833971842246,12.72777270970009,0.018525433789291383,0.0
patna,2026-06-25,0.0,0.0,25.59,85.14,Normal,-0.587636223538943,Inland,0.0,0.0,0.0,0.6135665439567523,0.0,0.6135665439567523,9.552770388949733e-05,0.0
pune,2026-06-25,8.899999999999999,4.666656017303467,18.52,73.86,Normal,-0.587636223538943,Inland,8.899999999999999,8.71538162231445,7.516967954534167,2.7202858273741786,2.0084865218302075,2.7202858273741786,0.003259428287879862,0.0
raipur,2026-06-25,2.9,0.0,21.25,81.63,Normal,-0.587636223538943,Inland,2.9,2.269270849227905,2.2754549860954283,3.161905555358185,2.6101950004824523,3.161905555358185,0.0006930832851053088,0.0
ranchi,2026-06-25,0.0,6.905876636505127,23.34,85.31,Normal,-0.587636223538943,Inland,0.0,0.0,0.0,0.9386087114230739,0.015578653553936242,0.9386087114230739,0.00013668740393955203,0.0
shillong,2026-06-25,12.5,2.0396809577941895,25.58,91.89,Normal,-0.587636223538943,Hill / Himalayan orographic,12.5,13.876822566986089,11.402483116701076,7.289236428672583,7.202251436631492,7.289236428672583,0.000420145471586703,0.0
shimla,2026-06-25,0.0,2.629201650619507,31.1,77.17,Normal,-0.587636223538943,Hill / Himalayan orographic,0.0,0.0,0.0,0.35463486234392777,0.0,0.35463486234392777,0.00013163550187778172,0.0
srinagar,2026-06-25,4.1000000000000005,2.123520851135254,34.08,74.8,Normal,-0.587636223538943,Hill / Himalayan orographic,4.1000000000000005,3.3171893358230604,1.2414591893449523,0.13117443442415855,0.0,0.13117443442415855,0.00036484743674447165,0.0
surat,2026-06-25,8.5,0.0,21.17,72.83,Normal,-0.587636223538943,West-coast orographic,8.5,7.943487938245136,17.23947322845459,7.224131463824375,5.981361668444736,7.224131463824375,0.0032222845777528757,0.0
thiruvananthapuram,2026-06-25,0.0,0.0,8.52,76.94,Normal,-0.587636223538943,West-coast orographic,0.0,0.0,0.0,0.2642542799983464,0.0,0.2642542799983464,0.0006591307567952045,0.0
varanasi,2026-06-25,0.0,0.0,25.32,82.97,Normal,-0.587636223538943,Inland,0.0,0.0,0.0,0.3177855887152466,0.0,0.3177855887152466,0.000149063955312921,0.0
vijayawada,2026-06-25,0.7,32.84701156616211,16.51,80.65,Normal,-0.587636223538943,Inland,0.7,0.24343874678015737,0.4172926306724551,1.0941688324855081,0.11508999198786701,1.0941688324855081,0.00026163979509211924,0.0
visakhapatnam,2026-06-25,0.0,0.11011721193790436,17.69,83.22,Normal,-0.587636223538943,East coast,0.0,0.0,0.0,0.49287883174310193,0.0,0.49287883174310193,0.0001764656813180878,0.0
agartala,2026-06-26,4.1,2.782186985015869,23.83,91.29,Normal,-0.15925127482255808,Inland,4.1,3.317189335823059,3.1597069978714005,6.044088241698357,9.711634780843506,6.044088241698357,0.00021743897044673583,0.0
ahmedabad,2026-06-26,0.0,0.0,23.02,72.57,Normal,-0.15925127482255808,Inland,0.0,0.0,0.0,0.08217766273714794,0.0,0.08217766273714794,0.00020432669228054274,0.0
amritsar,2026-06-26,1.0,6.462249279022217,31.63,74.87,Normal,-0.15925127482255808,Inland,1.0,0.5139887481927872,0.6916643381118774,0.6748441417098443,0.0,0.6748441417098443,0.0002557676702591064,0.0
bengaluru,2026-06-26,0.0,2.5564534664154053,12.97,77.59,Normal,-0.15925127482255808,Inland,0.0,0.0,0.0,0.26540394715073196,0.0,0.26540394715073196,0.00015493559952787814,0.0
bhopal,2026-06-26,1.4000000000000001,0.0,23.26,77.41,Normal,-0.15925127482255808,Inland,1.4000000000000001,0.8550914376974109,0.8945772886276259,1.600156875527093,0.5250764285522818,1.600156875527093,0.00016312133778629913,0.0
bhubaneswar,2026-06-26,0.0,1.648492455482483,20.3,85.82,Normal,-0.15925127482255808,East coast,0.0,0.0,0.0,1.347297649604282,0.1643575814173726,1.347297649604282,0.00018803309769869895,0.0
chandigarh,2026-06-26,0.2,0.0,30.73,76.78,Normal,-0.15925127482255808,Inland,0.2,0.0,0.02077289484441273,0.30395982930484694,0.0,0.30395982930484694,0.00015291286019795765,0.0
chennai,2026-06-26,0.0,1.0482677221298218,13.08,80.27,Normal,-0.15925127482255808,East coast,0.0,0.0,0.0,0.39838147884514497,0.0,0.39838147884514497,0.00014222426612757642,0.0
dehradun,2026-06-26,1.1,0.0,30.32,78.03,Normal,-0.15925127482255808,Hill / Himalayan orographic,1.1,0.6141044582639463,0.0017772251367568757,0.7013375796258144,0.0,0.7013375796258144,0.00019573993514144882,0.0
delhi,2026-06-26,0.0,0.0,28.61,77.21,Normal,-0.15925127482255808,Inland,0.0,0.0,0.0,0.17053261588326177,0.0,0.17053261588326177,0.0001384537513313125,0.0
gangtok,2026-06-26,3.2,40.72620391845703,27.33,88.61,Normal,-0.15925127482255808,Hill / Himalayan orographic,3.2,2.5524755299091346,0.7679153728214689,6.1258088310539645,4.407927056829697,6.1258088310539645,0.00018094391742725963,0.0
guwahati,2026-06-26,11.9,0.0,26.14,91.74,Normal,-0.15925127482255808,Inland,11.9,12.855861330032349,11.39085353910924,4.2244155165932495,5.427583488406194,4.2244155165932495,0.0006036991762177209,0.0
hyderabad,2026-06-26,1.5,0.0,17.39,78.49,Normal,-0.15925127482255808,Inland,1.5,0.923688726127148,0.984095214542586,1.612423912360028,0.5351893121188981,1.612423912360028,0.0001996039616341748,0.0
jabalpur,2026-06-26,2.9000000000000004,2.2843246459960938,23.18,79.95,Normal,-0.15925127482255808,Inland,2.9000000000000004,2.2692708492279055,2.2754549860954287,3.0075001072759275,2.338006568621945,3.0075001072759275,0.00022477761210825702,0.0
jaipur,2026-06-26,1.0,0.635200023651123,26.91,75.79,Normal,-0.15925127482255808,Inland,1.0,0.5139887481927872,0.6916643381118774,0.3984088177651618,0.0,0.3984088177651618,0.00013932245020116922,0.0
jodhpur,2026-06-26,1.8,0.0,26.24,73.02,Normal,-0.15925127482255808,Inland,1.8,1.1619909852743149,1.2144415676593805,1.3163894010273622,0.294981524371307,1.3163894010273622,0.00014633273443128195,0.0
kochi,2026-06-26,1.4,3.740809679031372,9.93,76.27,Normal,-0.15925127482255808,West-coast orographic,1.4,0.8550914376974107,2.5388663768768307,3.8723172335883995,2.7907391306160596,3.8723172335883995,0.002238375253593708,0.0
kolkata,2026-06-26,0.30000000000000004,0.879045844078064,22.57,88.36,Normal,-0.15925127482255808,East coast,0.30000000000000004,0.032520915567874946,0.12586941450834271,1.4801604232373662,0.2115209976695058,1.4801604232373662,0.0005065762064330937,0.0
lucknow,2026-06-26,0.0,0.6677449345588684,26.85,80.95,Normal,-0.15925127482255808,Inland,0.0,0.0,0.0,0.38513183842680654,0.0,0.38513183842680654,9.33999525627263e-05,0.0
madurai,2026-06-26,0.0,0.0,9.93,78.12,Normal,-0.15925127482255808,Inland,0.0,0.0,0.0,0.14879319539721642,0.0,0.14879319539721642,0.00022659267658781164,0.0
mangaluru,2026-06-26,27.4,19.863727569580078,12.91,74.86,Normal,-0.15925127482255808,West-coast orographic,27.4,37.245264120269255,40.579450277648185,26.770442714701733,34.528089445733855,26.770442714701733,0.012634745078590496,0.0
mumbai,2026-06-26,5.8,0.02307899482548237,19.08,72.88,Normal,-0.15925127482255808,West-coast orographic,5.8,4.997347593307496,12.070059435708181,6.9375595468120625,5.556517776818224,6.9375595468120625,0.0026770210730904568,0.0
nagpur,2026-06-26,6.5,0.8236290812492371,21.15,79.09,Normal,-0.15925127482255808,Inland,6.5,5.703590708971024,5.44111660615898,2.2050652226883876,1.266898078449967,2.2050652226883876,0.0010869116345468292,0.0
panaji,2026-06-26,17.9,19.760936737060547,15.49,73.83,Normal,-0.15925127482255808,West-coast orographic,17.9,21.088007354736323,28.656048942473998,11.961511835949574,13.107046061623318,11.961511835949574,0.0070624247185078915,0.0
patna,2026-06-26,0.0,4.6075286865234375,25.59,85.14,Normal,-0.15925127482255808,Inland,0.0,0.0,0.0,0.4248716612205991,0.0,0.4248716612205991,8.735782368651186e-05,0.0
pune,2026-06-26,0.0,0.0,18.52,73.86,Normal,-0.15925127482255808,Inland,0.0,0.0,0.0,0.3640654755799291,0.0,0.3640654755799291,0.00018511029743543083,0.0
raipur,2026-06-26,2.7,7.4275593757629395,21.25,81.63,Normal,-0.15925127482255808,Inland,2.7,2.0575620532035828,2.1330963373184204,3.3191775049442347,2.9704118592071223,3.3191775049442347,0.0004758685697493094,0.0
ranchi,2026-06-26,0.0,0.0,23.34,85.31,Normal,-0.15925127482255808,Inland,0.0,0.0,0.0,0.7011301024077508,0.0,0.7011301024077508,0.00010965325121697057,0.0
shillong,2026-06-26,13.2,35.45536804199219,25.58,91.89,Normal,-0.15925127482255808,Hill / Himalayan orographic,13.2,14.929488229751593,12.869265725492227,7.016952605452642,6.485839168493694,7.016952605452642,0.0004731142972826092,0.0
shimla,2026-06-26,3.1999999999999997,1.1127173900604248,31.1,77.17,Normal,-0.15925127482255808,Hill / Himalayan orographic,3.1999999999999997,2.552475529909134,0.7679153728214688,1.9778699305725647,0.4351840617972991,1.9778699305725647,0.00024157335120069854,0.0
srinagar,2026-06-26,2.7,0.0,34.08,74.8,Normal,-0.15925127482255808,Hill / Himalayan orographic,2.7,2.0575620532035828,0.6115701866149903,0.7050756138823172,0.0,0.7050756138823172,0.0002399820774181066,0.0
surat,2026-06-26,1.2,0.0,21.17,72.83,Normal,-0.15925127482255808,West-coast orographic,1.2,0.678777426481247,1.8683023452758787,0.5044005366493083,0.0,0.5044005366493083,0.001526292887607723,0.0
thiruvananthapuram,2026-06-26,0.0,0.0,8.52,76.94,Normal,-0.15925127482255808,West-coast orographic,0.0,0.0,0.0,0.2598184223593338,0.0,0.2598184223593338,0.0006896509697759467,0.0
varanasi,2026-06-26,0.0,0.0520937405526638,25.32,82.97,Normal,-0.15925127482255808,Inland,0.0,0.0,0.0,0.3689480791434684,0.0,0.3689480791434684,0.00011958225033665986,0.0
vijayawada,2026-06-26,0.0,0.0,16.51,80.65,Normal,-0.15925127482255808,Inland,0.0,0.0,0.0,0.48645372518833935,0.0,0.48645372518833935,0.00014003339026177073,0.0
visakhapatnam,2026-06-26,0.1,0.0,17.69,83.22,Normal,-0.15925127482255808,East coast,0.1,0.0,0.0410812371224165,1.2145790838195165,0.09063962474017946,1.2145790838195165,0.00014755176504018693,0.0
agartala,2026-06-27,6.6,1.3929941654205322,23.83,91.29,Normal,-0.566309555946495,Inland,6.6,5.789082217216492,5.4893475321274785,6.369390056262589,10.068112417731118,6.369390056262589,0.001128901666732543,0.0
ahmedabad,2026-06-27,0.0,0.0,23.02,72.57,Normal,-0.566309555946495,Inland,0.0,0.0,0.0,0.0559340937776748,0.0,0.0559340937776748,0.00025608293967620694,0.0
amritsar,2026-06-27,0.1,0.0,31.63,74.87,Normal,-0.566309555946495,Inland,0.1,0.0,0.0,0.670038919903787,0.0,0.670038919903787,0.0001748098416230233,0.0
bengaluru,2026-06-27,0.0,0.0,12.97,77.59,Normal,-0.566309555946495,Inland,0.0,0.0,0.0,0.24553956321200854,0.0,0.24553956321200854,0.00018642973111922853,0.0
bhopal,2026-06-27,3.8,0.0,23.26,77.41,Normal,-0.566309555946495,Inland,3.8,3.104715347290039,2.8883761167526245,2.321983614239287,1.4424697170854706,2.321983614239287,0.0006102051930103685,0.0
bhubaneswar,2026-06-27,0.1,0.3937487304210663,20.3,85.82,Normal,-0.566309555946495,East coast,0.1,0.0,0.0410812371224165,2.3372108762659733,1.1444896854344744,2.3372108762659733,0.00019792285942320055,0.0
chandigarh,2026-06-27,0.0,0.0,30.73,76.78,Normal,-0.566309555946495,Inland,0.0,0.0,0.0,0.29792241962041005,0.0,0.29792241962041005,0.0001573014635064517,0.0
chennai,2026-06-27,0.0,0.08436746150255203,13.08,80.27,Normal,-0.566309555946495,East coast,0.0,0.0,0.0,0.31745194668928384,0.0,0.31745194668928384,0.00017672267034785837,0.0
dehradun,2026-06-27,0.0,1.056087851524353,30.32,78.03,Normal,-0.566309555946495,Hill / Himalayan orographic,0.0,0.0,0.0,1.882811288301863,0.3723435658514963,1.882811288301863,0.00014938513165781858,0.0
delhi,2026-06-27,0.0,0.0,28.61,77.21,Normal,-0.566309555946495,Inland,0.0,0.0,0.0,0.20573618313525632,0.0,0.20573618313525632,0.0001573014635064517,0.0
gangtok,2026-06-27,6.0,5.914587497711182,27.33,88.61,Normal,-0.566309555946495,Hill / Himalayan orographic,6.0,5.201971832911174,2.3091330613781085,7.107728871808399,6.647986259795845,7.107728871808399,0.0009177759345241753,0.0
guwahati,2026-06-27,14.1,0.0,26.14,91.74,Normal,-0.566309555946495,Inland,14.1,16.199672516356117,13.584058987328769,3.447083465921013,3.393323918066824,3.447083465921013,0.0004059218048289399,0.0
hyderabad,2026-06-27,9.8,0.0,17.39,78.49,Normal,-0.566309555946495,Inland,9.8,9.569757461547857,8.32771997327928,3.087953727078572,2.5317916510283816,3.087953727078572,0.001131679703014246,0.0
jabalpur,2026-06-27,3.4,0.15385094285011292,23.18,79.95,Normal,-0.566309555946495,Inland,3.4,2.715082591772079,2.565339636802673,2.861970333676376,2.1661778369186857,2.861970333676376,0.0003813197648907502,0.0
jaipur,2026-06-27,0.3,0.0,26.91,75.79,Normal,-0.566309555946495,Inland,0.3,0.006234374083578606,0.04373233318328872,0.3080189051560267,0.0,0.3080189051560267,0.00011093713830932844,0.0
jodhpur,2026-06-27,0.0,0.07658214122056961,26.24,73.02,Normal,-0.566309555946495,Inland,0.0,0.0,0.0,0.06971466688125068,0.0,0.06971466688125068,0.00010883568941834034,0.0
kochi,2026-06-27,5.0,13.319217681884766,9.93,76.27,Normal,-0.566309555946495,West-coast orographic,5.0,4.229501342773439,10.96240482330322,12.119962987987892,13.817161562572343,12.119962987987892,0.012761381599170682,0.0
kolkata,2026-06-27,0.4,0.013489410281181335,22.57,88.36,Normal,-0.566309555946495,East coast,0.4,0.08278271928429609,0.17344922004462965,1.8666579182492409,0.6159936814323994,1.8666579182492409,0.00020673212249382547,0.0
lucknow,2026-06-27,0.0,2.2470006942749023,26.85,80.95,Normal,-0.566309555946495,Inland,0.0,0.0,0.0,0.33421262281179726,0.0,0.33421262281179726,9.806535528014315e-05,0.0
madurai,2026-06-27,0.0,1.0397955179214478,9.93,78.12,Normal,-0.566309555946495,Inland,0.0,0.0,0.0,0.13142839686692853,0.0,0.13142839686692853,0.00021965408719046325,0.0
mangaluru,2026-06-27,8.8,11.474425315856934,12.91,74.86,Normal,-0.566309555946495,West-coast orographic,8.8,8.508723894755047,17.907729900314145,26.63767425726723,34.381928309439665,26.63767425726723,0.015652696469677235,0.0
mumbai,2026-06-27,0.6,0.007273946888744831,19.08,72.88,Normal,-0.566309555946495,West-coast orographic,0.6,0.1921067982912063,0.6108997642993927,0.25337698552952953,0.0,0.25337698552952953,0.0010490097961844756,0.0
nagpur,2026-06-27,9.8,1.6889264583587646,21.15,79.09,Normal,-0.566309555946495,Inland,9.8,9.569757461547857,8.32771997327928,2.8312008611606627,2.1362890771904115,2.8312008611606627,0.0008039294814106756,0.0
panaji,2026-06-27,21.5,10.821514129638672,15.49,73.83,Normal,-0.566309555946495,West-coast orographic,21.5,28.987056600130554,36.82983958813571,12.376735174833644,14.670669763181664,12.376735174833644,0.008870217884184987,0.0
patna,2026-06-27,3.5,0.0,25.59,85.14,Normal,-0.566309555946495,Inland,3.5,2.805732595920562,2.6090823769569393,3.875662506561174,4.428759339646681,3.875662506561174,0.00020305515024147795,0.0
pune,2026-06-27,0.0,0.18163497745990753,18.52,73.86,Normal,-0.566309555946495,Inland,0.0,0.0,0.0,0.145371627211197,0.0,0.145371627211197,0.00022332980016116644,0.0
raipur,2026-06-27,4.5,4.359984397888184,21.25,81.63,Normal,-0.566309555946495,Inland,4.5,3.7622309148311617,3.7129806494712847,3.7267762909090436,4.164395964280309,3.7267762909090436,0.0018136513087693188,0.0
ranchi,2026-06-27,2.1,0.0,23.34,85.31,Normal,-0.566309555946495,Inland,2.1,1.4641761988401414,1.620611384510994,3.26649881817333,2.8150971122736888,3.26649881817333,0.00017198299326300553,0.0
shillong,2026-06-27,6.6,0.5982871055603027,25.58,91.89,Normal,-0.566309555946495,Hill / Himalayan orographic,6.6,5.789082217216492,2.909291828595675,2.522754954977194,0.7062165219123875,2.522754954977194,0.0004421187909823473,0.0
shimla,2026-06-27,0.0,17.791093826293945,31.1,77.17,Normal,-0.566309555946495,Hill / Himalayan orographic,0.0,0.0,0.0,0.3560745559301295,0.0,0.3560745559301295,0.00013163550187778172,0.0
srinagar,2026-06-27,5.3,0.11060003191232681,34.08,74.8,Normal,-0.566309555946495,Hill / Himalayan orographic,5.3,4.468958854675292,1.6046033792951446,0.13205060215308742,0.0,0.13205060215308742,0.0008813289278048646,0.0
surat,2026-06-27,0.4,0.0,21.17,72.83,Normal,-0.566309555946495,West-coast orographic,0.4,0.08278271928429609,0.22699954956769966,0.2050834576807363,0.0,0.2050834576807363,0.0017269034163925174,0.0
thiruvananthapuram,2026-06-27,0.0,3.190232753753662,8.52,76.94,Normal,-0.566309555946495,West-coast orographic,0.0,0.0,0.0,0.2654972483407781,0.0,0.2654972483407781,0.0006591307567952045,0.0
varanasi,2026-06-27,1.7,0.0,25.32,82.97,Normal,-0.566309555946495,Inland,1.7,1.0936079919338224,1.143117653472081,1.6087332069512557,0.532146713112642,1.6087332069512557,0.00020157278531139516,0.0
vijayawada,2026-06-27,9.4,45.649017333984375,16.51,80.65,Normal,-0.566309555946495,Inland,9.4,9.298846435546876,7.8853811144828825,3.890857391243772,4.476752769361593,3.890857391243772,0.0014839721545842695,0.0
visakhapatnam,2026-06-27,0.4,0.0,17.69,83.22,Normal,-0.566309555946495,East coast,0.4,0.08278271928429609,0.17344922004462965,1.2776375771933661,0.11624914526202759,1.2776375771933661,0.00028365376933180034,0.0
agartala,2026-06-28,6.7,3.375445604324341,23.83,91.29,Normal,-0.9401070363488979,Inland,6.7,5.942372433344529,5.534600259684311,6.427396639214563,10.163145489207201,6.427396639214563,0.0016059697859719727,0.0
ahmedabad,2026-06-28,0.0,0.0,23.02,72.57,Normal,-0.9401070363488979,Inland,0.0,0.0,0.0,0.02277899925095091,0.0,0.02277899925095091,0.00019874825627364963,0.0
amritsar,2026-06-28,0.2,0.0,31.63,74.87,Normal,-0.9401070363488979,Inland,0.2,0.0,0.02077289484441273,0.5354942462337086,0.0,0.5354942462337086,0.00016640299344016562,0.0
bengaluru,2026-06-28,0.5,0.03987046703696251,12.97,77.59,Normal,-0.9401070363488979,Inland,0.5,0.14588215947151184,0.2322291515767574,0.7837803234993533,0.0,0.7837803234993533,0.00021127687061455662,0.0
bhopal,2026-06-28,43.8,8.251567840576172,23.26,77.41,Normal,-0.9401070363488979,Inland,43.8,61.38951966804784,46.492045693445704,41.773096811731705,63.54351148100412,41.773096811731705,0.030855709549456267,0.0
bhubaneswar,2026-06-28,0.1,0.0,20.3,85.82,Normal,-0.9401070363488979,East coast,0.1,0.0,0.0410812371224165,2.5445264682960635,1.1980302534566791,2.5445264682960635,0.00018978060265571913,0.0
chandigarh,2026-06-28,0.0,0.0,30.73,76.78,Normal,-0.9401070363488979,Inland,0.0,0.0,0.0,0.25625587400452926,0.0,0.25625587400452926,0.00014973649145470053,0.0
chennai,2026-06-28,0.7,4.890562057495117,13.08,80.27,Normal,-0.9401070363488979,East coast,0.7,0.24343874678015737,0.2725890100002289,0.8725445414318188,0.043941920704656835,0.8725445414318188,0.00021871380920700584,0.0
dehradun,2026-06-28,0.0,0.16599489748477936,30.32,78.03,Normal,-0.9401070363488979,Hill / Himalayan orographic,0.0,0.0,0.0,1.3613564483739742,0.03400469477956894,1.3613564483739742,0.0001624317357519194,0.0
delhi,2026-06-28,0.1,2.46307110786438,28.61,77.21,Normal,-0.9401070363488979,Inland,0.1,0.0,0.0,0.44168792164981074,0.0,0.44168792164981074,0.00014973649145470053,0.0
gangtok,2026-06-28,14.200000000000001,53.4678840637207,27.33,88.61,Normal,-0.9401070363488979,Hill / Himalayan orographic,14.200000000000001,16.30602106540761,16.09229546953597,18.034775577964734,35.995391859003185,18.034775577964734,0.0008936741979418247,0.0
guwahati,2026-06-28,5.8,20.314159393310547,26.14,91.74,Normal,-0.9401070363488979,Inland,5.8,4.997347593307496,4.779340915157374,3.665300285824801,3.9047843855236533,3.665300285824801,0.0007168078012951014,0.0
hyderabad,2026-06-28,10.1,0.0,17.39,78.49,Normal,-0.9401070363488979,Inland,10.1,9.981727598068547,8.929434836489476,2.710688167884514,1.9927917939601183,2.710688167884514,0.0010531089790573934,0.0
jabalpur,2026-06-28,8.8,0.6519725918769836,23.18,79.95,Normal,-0.9401070363488979,Inland,8.8,8.508723894755047,7.451845071163586,3.9507308084907002,4.665864480470728,3.9507308084907002,0.0015512082439059272,0.0
jaipur,2026-06-28,0.0,0.0,26.91,75.79,Normal,-0.9401070363488979,Inland,0.0,0.0,0.0,0.003977524664931733,0.0,0.003977524664931733,0.00012428114336286765,0.0
jodhpur,2026-06-28,0.1,0.17869165539741516,26.24,73.02,Normal,-0.9401070363488979,Inland,0.1,0.0,0.0,0.21245696043671625,0.0,0.21245696043671625,0.00012192695381510258,0.0
kochi,2026-06-28,45.0,23.504642486572266,9.93,76.27,Normal,-0.9401070363488979,West-coast orographic,45.0,63.7626418209834,64.83495202116356,46.93378893056972,65.53484092165266,46.93378893056972,0.053341510704939386,0.0
kolkata,2026-06-28,0.0,0.0005965555901639163,22.57,88.36,Normal,-0.9401070363488979,East coast,0.0,0.0,0.0,0.997307304286907,0.06592442046293452,0.997307304286907,0.00015759097484563693,0.0
lucknow,2026-06-28,0.5,7.374226093292236,26.85,80.95,Normal,-0.9401070363488979,Inland,0.5,0.14588215947151184,0.2322291515767574,0.8904721842069601,0.0,0.8904721842069601,0.00016608498791474992,0.0
madurai,2026-06-28,0.7,0.708970308303833,9.93,78.12,Normal,-0.9401070363488979,Inland,0.7,0.24343874678015737,0.4172926306724551,0.3949080284112126,0.0,0.3949080284112126,0.00040549561906131644,0.0
mangaluru,2026-06-28,54.1,7.455592632293701,12.91,74.86,Normal,-0.9401070363488979,West-coast orographic,54.1,77.15986999241902,73.65250352280175,40.28894976059829,51.298544053574595,40.28894976059829,0.09037987867707821,0.0
mumbai,2026-06-28,1.8,6.915813446044922,19.08,72.88,Normal,-0.9401070363488979,West-coast orographic,1.8,1.1619909852743149,3.3365523815155034,1.0370055303446917,0.2840633513034606,1.0370055303446917,0.0005423720031056346,0.0
nagpur,2026-06-28,9.0,14.498929977416992,21.15,79.09,Normal,-0.9401070363488979,Inland,9.0,8.832074584960937,7.582090837904752,2.3057048768283104,1.4130947870188988,2.3057048768283104,0.0008375883873820066,0.0
panaji,2026-06-28,22.0,36.37287521362305,15.49,73.83,Normal,-0.9401070363488979,West-coast orographic,22.0,29.95004365746605,37.326645463667575,7.6883738076250285,7.495147618023197,7.6883738076250285,0.0015752725920677693,0.0
patna,2026-06-28,0.8999999999999999,6.850005149841309,25.59,85.14,Normal,-0.9401070363488979,Inland,0.8999999999999999,0.43463543951511374,0.6117111027240751,1.0611866257149163,0.09070570440027595,1.0611866257149163,0.0001617874674453541,0.0
pune,2026-06-28,0.6,3.987196207046509,18.52,73.86,Normal,-0.9401070363488979,Inland,0.6,0.1921067982912063,0.285591924190521,0.5032215604550121,0.0,0.5032215604550121,0.00025633461934686214,0.0
raipur,2026-06-28,0.9,1.9527639150619507,21.25,81.63,Normal,-0.9401070363488979,Inland,0.9,0.43463543951511385,0.6117111027240753,1.0026674001926903,0.04907660383730866,1.0026674001926903,0.00032593126446018217,0.0
ranchi,2026-06-28,1.6,0.04932054132223129,23.34,85.31,Normal,-0.9401070363488979,Inland,1.6,0.9922860145568853,1.0717937392847818,2.5805714774610773,1.782961302148604,2.5805714774610773,0.0001727240140345138,0.0
shillong,2026-06-28,6.7,28.576635360717773,25.58,91.89,Normal,-0.9401070363488979,Hill / Himalayan orographic,6.7,5.942372433344529,2.9589890593415373,3.8175927549522837,1.7290331488915651,3.8175927549522837,0.0007032406664147427,0.0
shimla,2026-06-28,0.0,0.2593310475349426,31.1,77.17,Normal,-0.9401070363488979,Hill / Himalayan orographic,0.0,0.0,0.0,0.31037639978070897,0.0,0.31037639978070897,0.00014313215759630365,0.0
srinagar,2026-06-28,3.2,0.0,34.08,74.8,Normal,-0.9401070363488979,Hill / Himalayan orographic,3.2,2.5524755299091346,0.7679153728214689,0.2733994223389965,0.0,0.2733994223389965,0.0003218609146288466,0.0
surat,2026-06-28,2.3,0.0,21.17,72.83,Normal,-0.9401070363488979,West-coast orographic,2.3,1.688403052091598,4.3169987201690665,2.958293292321677,2.088470097507567,2.958293292321677,0.0031419694972501756,0.0
thiruvananthapuram,2026-06-28,0.0,0.0,8.52,76.94,Normal,-0.9401070363488979,West-coast orographic,0.0,0.0,0.0,0.08165002211076965,0.0,0.08165002211076965,0.0005685997514325626,0.0
varanasi,2026-06-28,1.1,0.0,25.32,82.97,Normal,-0.9401070363488979,Inland,1.1,0.6141044582639463,0.7195391342043879,0.8657732847525916,0.0,0.8657732847525916,0.00021462188431652286,0.0
vijayawada,2026-06-28,3.6,7.851832866668701,16.51,80.65,Normal,-0.9401070363488979,Inland,3.6,2.9053935130437214,2.652825117111206,2.6503642263912273,1.8941460932236143,2.6503642263912273,0.00045101999091082587,0.0
visakhapatnam,2026-06-28,0.7,4.3154473304748535,17.69,83.22,Normal,-0.9401070363488979,East coast,0.7,0.24343874678015737,0.2725890100002289,1.0186678259374915,0.06930244478497231,1.0186678259374915,0.00022685496712995565,0.0
agartala,2026-06-29,6.7,19.342744827270508,23.83,91.29,Normal,-0.9768689579990459,Inland,6.7,5.942372433344529,5.534600259684311,6.427396639214563,10.163145489207201,6.427396639214563,0.0016059697859719727,0.0
ahmedabad,2026-06-29,0.0,0.0,23.02,72.57,Normal,-0.9768689579990459,Inland,0.0,0.0,0.0,0.02277899925095091,0.0,0.02277899925095091,0.00019874825627364963,0.0
amritsar,2026-06-29,0.0,0.0,31.63,74.87,Normal,-0.9768689579990459,Inland,0.0,0.0,0.0,0.18650752282778998,0.0,0.18650752282778998,0.00016640299344016562,0.0
bengaluru,2026-06-29,6.6,0.0,12.97,77.59,Normal,-0.9768689579990459,Inland,6.6,5.789082217216492,5.4893475321274785,4.2616840208700175,5.501770593526367,4.2616840208700175,0.0021611439090724106,0.0
bhopal,2026-06-29,0.0,0.0,23.26,77.41,Normal,-0.9768689579990459,Inland,0.0,0.0,0.0,0.2057706571535012,0.0,0.2057706571535012,0.0001476417780932522,0.0
bhubaneswar,2026-06-29,0.5,0.0,20.3,85.82,Normal,-0.9768689579990459,East coast,0.5,0.14588215947151184,0.19576396048069,2.98592422292882,2.011117939381519,2.98592422292882,0.0003010567284868895,0.0
chandigarh,2026-06-29,0.30000000000000004,0.0,30.73,76.78,Normal,-0.9768689579990459,Inland,0.30000000000000004,0.032520915567874946,0.09387292601168136,1.1432016279210533,0.1465785197315228,1.1432016279210533,0.0005108280517150543,0.0
chennai,2026-06-29,4.3,0.0,13.08,80.27,Normal,-0.9768689579990459,East coast,4.3,3.642871236801147,3.404495386338567,2.027677658937084,0.7120235391147527,2.027677658937084,0.00046577373748187163,0.0
dehradun,2026-06-29,0.1,0.5913944244384766,30.32,78.03,Normal,-0.9768689579990459,Hill / Himalayan orographic,0.1,0.0,0.0,2.043665152289368,0.48212951074740107,2.043665152289368,0.0001624317357519194,0.0
delhi,2026-06-29,0.2,0.0,28.61,77.21,Normal,-0.9768689579990459,Inland,0.2,0.0,0.02077289484441273,0.44168792164981074,0.0,0.44168792164981074,0.00014973649145470053,0.0
gangtok,2026-06-29,14.7,21.16242790222168,27.33,88.61,Normal,-0.9768689579990459,Hill / Himalayan orographic,14.7,16.83776381066505,16.59218087843486,18.034775577964734,35.995391859003185,18.034775577964734,0.0009386984400730895,0.0
guwahati,2026-06-29,12.0,0.0,26.14,91.74,Normal,-0.9768689579990459,Inland,12.0,13.026021536191305,11.478144367535918,4.836041185777954,7.01335329006665,4.836041185777954,0.0005743359606165547,0.0
hyderabad,2026-06-29,13.4,0.10860848426818848,17.39,78.49,Normal,-0.9768689579990459,Inland,13.4,15.246534442901615,12.92829909480987,3.102134879216495,2.546826435868683,3.102134879216495,0.0022067681906951797,0.0
jabalpur,2026-06-29,1.9,0.0,23.18,79.95,Normal,-0.9768689579990459,Inland,1.9,1.2303739786148071,1.3886031866073618,1.9214795273778214,0.853671791745749,1.9214795273778214,0.00018695527336701155,0.0
jaipur,2026-06-29,0.1,0.13478997349739075,26.91,75.79,Normal,-0.9768689579990459,Inland,0.1,0.0,0.0,0.1202335742522539,0.0,0.1202335742522539,0.00012428114336286765,0.0
jodhpur,2026-06-29,0.0,0.0,26.24,73.02,Normal,-0.9768689579990459,Inland,0.0,0.0,0.0,0.03141792561866085,0.0,0.03141792561866085,0.00012192695381510258,0.0
kochi,2026-06-29,37.2,57.56112289428711,9.93,76.27,Normal,-0.9768689579990459,West-coast orographic,37.2,48.84859447021474,59.13191925011119,40.143837913569655,51.061851618421954,40.143837913569655,0.02910218638369386,0.0
kolkata,2026-06-29,0.0,0.008519628085196018,22.57,88.36,Normal,-0.9768689579990459,East coast,0.0,0.0,0.0,0.997307304286907,0.06592442046293452,0.997307304286907,0.00015759097484563693,0.0
lucknow,2026-06-29,0.0,0.3571658730506897,26.85,80.95,Normal,-0.9768689579990459,Inland,0.0,0.0,0.0,0.2899884697896494,0.0,0.2899884697896494,0.0001275029561554269,0.0
madurai,2026-06-29,7.300000000000001,0.0,9.93,78.12,Normal,-0.9768689579990459,Inland,7.300000000000001,6.63303455352784,5.8967488213589325,5.103728681765117,7.4684178692155285,5.103728681765117,0.014160216648404647,0.0
mangaluru,2026-06-29,21.5,32.499534606933594,12.91,74.86,Normal,-0.9768689579990459,West-coast orographic,21.5,28.987056600130554,36.82983958813571,29.042621427939768,36.640802134960786,29.042621427939768,0.010180728475250382,0.0
mumbai,2026-06-29,32.4,118.46401977539062,19.08,72.88,Normal,-0.9768689579990459,West-coast orographic,32.4,43.69944017333985,53.67227161597228,60.96333640943515,89.73452637987266,60.96333640943515,0.07492068358634718,0.0
nagpur,2026-06-29,3.0,5.504584312438965,21.15,79.09,Normal,-0.9768689579990459,Inland,3.0,2.374894660711289,2.3426203489303585,1.7629173550831594,0.6964740668934376,1.7629173550831594,0.0005206273896607292,0.0
panaji,2026-06-29,21.3,34.48929214477539,15.49,73.83,Normal,-0.9768689579990459,West-coast orographic,21.3,28.61159340785103,36.39163354385731,7.604686592419923,7.356273378989533,7.604686592419923,0.001651209275713354,0.0
patna,2026-06-29,2.3,9.166650772094727,25.59,85.14,Normal,-0.9768689579990459,Inland,2.3,1.688403052091598,1.7656955689191811,2.916426378649141,2.2223856992098048,2.916426378649141,0.00029758059022695166,0.0
pune,2026-06-29,4.5,11.739520072937012,18.52,73.86,Normal,-0.9768689579990459,Inland,4.5,3.7622309148311617,3.7129806494712847,1.3938870505451841,0.38767753171323605,1.3938870505451841,0.002100070035077031,0.0
raipur,2026-06-29,12.8,0.4318348467350006,21.25,81.63,Normal,-0.9768689579990459,Inland,12.8,14.327964993885592,12.17647099494934,6.306894971668778,9.999628016244037,6.306894971668778,0.0030317725628503894,0.0
ranchi,2026-06-29,2.0,0.0,23.34,85.31,Normal,-0.9768689579990459,Inland,2.0,1.3902534425258641,1.55135378241539,3.1249058181692333,2.5709680686807688,3.1249058181692333,0.0001727240140345138,0.0
shillong,2026-06-29,2.1,50.98494338989258,25.58,91.89,Normal,-0.9768689579990459,Hill / Himalayan orographic,2.1,1.4641761988401414,0.3515213906215632,5.500272062851845,4.027568548784391,5.500272062851845,0.00018618486048161117,0.0
shimla,2026-06-29,0.6,23.22050666809082,31.1,77.17,Normal,-0.9768689579990459,Hill / Himalayan orographic,0.6,0.1921067982912063,0.0,1.2820569466404177,0.016856870349695567,1.2820569466404177,0.00019300560334138125,0.0
srinagar,2026-06-29,0.39999999999999997,0.0,34.08,74.8,Normal,-0.9768689579990459,Hill / Himalayan orographic,0.39999999999999997,0.055445312336087245,0.0,0.9137214854648066,0.0,0.9137214854648066,0.0002065774330722391,0.0
surat,2026-06-29,3.7,0.0,21.17,72.83,Normal,-0.9768689579990459,West-coast orographic,3.7,3.0050544301668802,7.751030445098877,1.603983607431514,0.8431113391538387,1.603983607431514,0.0024674019050069797,0.0
thiruvananthapuram,2026-06-29,3.1,10.765304565429688,8.52,76.94,Normal,-0.9768689579990459,West-coast orographic,3.1,2.480518472194673,5.657947635650637,0.9834690062742492,0.21534988807432415,0.9834690062742492,0.0019161290943079637,0.0
varanasi,2026-06-29,2.2,0.01302343513816595,25.32,82.97,Normal,-0.9768689579990459,Inland,2.2,1.5380989551544186,1.6898689866065977,2.1732127633561578,1.2223737259094718,2.1732127633561578,0.00114986280191916,0.0
vijayawada,2026-06-29,3.5,14.035552024841309,16.51,80.65,Normal,-0.9768689579990459,Inland,3.5,2.805732595920562,2.6090823769569393,2.6503642263912273,1.8941460932236143,2.6503642263912273,0.00045101999091082587,0.0
visakhapatnam,2026-06-29,0.6,0.0,17.69,83.22,Normal,-0.9768689579990459,East coast,0.6,0.1921067982912063,0.26312723189592363,1.067886211353548,0.07537022606165383,1.067886211353548,0.00022685496712995565,0.0
agartala,2026-06-30,3.4,0.0,23.83,91.29,Normal,-0.6757555045938877,Inland,3.4,2.715082591772079,2.565339636802673,6.45413902995135,10.265768189563415,6.45413902995135,0.000607998249473006,0.0
ahmedabad,2026-06-30,0.2,0.0,23.02,72.57,Normal,-0.6757555045938877,Inland,0.2,0.0,0.02077289484441273,0.22891396491864757,0.0,0.22891396491864757,0.0005061998253692591,0.0
amritsar,2026-06-30,0.0,0.0,31.63,74.87,Normal,-0.6757555045938877,Inland,0.0,0.0,0.0,0.22629816276303463,0.0,0.22629816276303463,0.00027707974037094864,0.0
bengaluru,2026-06-30,1.9,4.684471130371094,12.97,77.59,Normal,-0.6757555045938877,Inland,1.9,1.2303739786148071,1.3886031866073618,1.560560070907028,0.5084516395960591,1.560560070907028,0.0006426117995927454,0.0
bhopal,2026-06-30,14.5,0.0,23.26,77.41,Normal,-0.6757555045938877,Inland,14.5,16.62506671256207,13.95694561004639,3.2480921194864685,2.7687049660049357,3.2480921194864685,0.0026332969124805545,0.0
bhubaneswar,2026-06-30,1.3,47.8052864074707,20.3,85.82,Normal,-0.6757555045938877,East coast,1.3,0.7570237100124375,0.8458211040496811,3.2483124158556755,2.2596962614168277,3.2483124158556755,0.000781094977198835,0.0
chandigarh,2026-06-30,0.0,0.0,30.73,76.78,Normal,-0.6757555045938877,Inland,0.0,0.0,0.0,0.25288957147579905,0.0,0.25288957147579905,0.00023700922704017816,0.0
chennai,2026-06-30,0.1,0.12655118107795715,13.08,80.27,Normal,-0.6757555045938877,East coast,0.1,0.0,0.0410812371224165,0.6664161483510186,0.0,0.6664161483510186,0.00031866870884534015,0.0
dehradun,2026-06-30,0.0,22.462753295898438,30.32,78.03,Normal,-0.6757555045938877,Hill / Himalayan orographic,0.0,0.0,0.0,1.2457364311882018,0.010791676940456223,1.2457364311882018,0.00021081969758408582,0.0
delhi,2026-06-30,0.7,0.17344485223293304,28.61,77.21,Normal,-0.6757555045938877,Inland,0.7,0.24343874678015737,0.4172926306724551,0.6126555411860751,0.0,0.6126555411860751,0.00032252617748532386,0.0
gangtok,2026-06-30,14.9,27.27838897705078,27.33,88.61,Normal,-0.6757555045938877,Hill / Himalayan orographic,14.9,17.050460908768024,16.726457049554703,17.036788407044263,34.59284185461381,17.036788407044263,0.001094395055910128,0.0
guwahati,2026-06-30,5.7,0.9117521047592163,26.14,91.74,Normal,-0.6757555045938877,Inland,5.7,4.915295529365541,4.691767774411109,3.395303865605479,3.2286094946664154,3.395303865605479,0.0006995135066478469,0.0
hyderabad,2026-06-30,7.0,1.0337283611297607,17.39,78.49,Normal,-0.6757555045938877,Inland,7.0,6.34497328758241,5.693016491438214,2.3393862178288107,1.4738726601094079,2.3393862178288107,0.0029179125511133255,0.0
jabalpur,2026-06-30,9.7,28.90941619873047,23.18,79.95,Normal,-0.6757555045938877,Inland,9.7,9.502029705047612,8.123548507690428,4.479392426648225,5.904553012138994,4.479392426648225,0.001025815331871779,0.0
jaipur,2026-06-30,0.0,0.0,26.91,75.79,Normal,-0.6757555045938877,Inland,0.0,0.0,0.0,0.011429858646184503,0.0,0.011429858646184503,0.00016584988205106557,0.0
jodhpur,2026-06-30,0.0,0.0,26.24,73.02,Normal,-0.6757555045938877,Inland,0.0,0.0,0.0,0.048882522138420155,0.0,0.048882522138420155,0.0001627084068157869,0.0
kochi,2026-06-30,12.5,18.66654396057129,9.93,76.27,Normal,-0.6757555045938877,West-coast orographic,12.5,13.876822566986089,22.924100214773446,25.758108695979114,32.33139339176229,25.758108695979114,0.014662464415392734,0.0
kolkata,2026-06-30,3.5,0.0838254988193512,22.57,88.36,Normal,-0.6757555045938877,East coast,3.5,2.805732595920562,3.0428338752933826,4.209076306349563,4.4768680312153455,4.209076306349563,0.0009814032006392431,0.0
lucknow,2026-06-30,0.1,0.7738714814186096,26.85,80.95,Normal,-0.6757555045938877,Inland,0.1,0.0,0.0,0.6705142381606756,0.0,0.6705142381606756,0.00014660763286126707,0.0
madurai,2026-06-30,11.5,0.0,9.93,78.12,Normal,-0.6757555045938877,Inland,11.5,12.337716608047485,10.810340575199987,11.657146312473836,20.893599758482438,11.657146312473836,0.004153001685345453,0.0
mangaluru,2026-06-30,25.4,55.61941909790039,12.91,74.86,Normal,-0.6757555045938877,West-coast orographic,25.4,35.2494532343853,38.35891177150181,37.7970290370429,48.30114263188056,37.7970290370429,0.06362493469594901,0.0
mumbai,2026-06-30,29.2,52.07125473022461,19.08,72.88,Normal,-0.6757555045938877,West-coast orographic,29.2,38.654137226573205,45.32154969640793,60.70010319984205,89.32043984813197,70.0,0.39712714259839915,0.0
nagpur,2026-06-30,7.8999999999999995,24.96728515625,21.15,79.09,Normal,-0.6757555045938877,Inland,7.8999999999999995,7.3722601366043055,6.411753082275389,2.4014715199820875,1.5705093735850435,2.4014715199820875,0.0029074650450668744,0.0
panaji,2026-06-30,42.0,70.77334594726562,15.49,73.83,Normal,-0.6757555045938877,West-coast orographic,42.0,57.82983643864452,62.64147787845111,26.317689350028093,33.63594614017113,26.317689350028093,0.07693482533794409,0.0
patna,2026-06-30,0.9,0.9639148712158203,25.59,85.14,Normal,-0.6757555045938877,Inland,0.9,0.43463543951511385,0.6117111027240753,1.0543247681633197,0.08506674678647322,1.0543247681633197,0.00019435035579984343,0.0
pune,2026-06-30,1.4,0.6941363215446472,18.52,73.86,Normal,-0.6757555045938877,Inland,1.4,0.8550914376974107,0.8945772886276256,1.1043765743063234,0.12252536099191672,1.1043765743063234,0.0007731158426984132,0.0
raipur,2026-06-30,6.199999999999999,7.245226860046387,21.25,81.63,Normal,-0.6757555045938877,Inland,6.199999999999999,5.447116184234618,5.126666518788277,4.003554648216113,4.825349096172756,4.003554648216113,0.005099702274176125,0.0
ranchi,2026-06-30,10.0,1.9367984533309937,23.34,85.31,Normal,-0.6757555045938877,Inland,10.0,9.809606408058324,8.736062904456979,6.326290727570311,10.020882595591187,6.326290727570311,0.0008724109045396568,0.0
shillong,2026-06-30,3.1,9.335004806518555,25.58,91.89,Normal,-0.6757555045938877,Hill / Himalayan orographic,3.1,2.480518472194673,0.7279944386333227,4.561912698014785,2.8564736811780014,4.561912698014785,0.0002505755263255409,0.0
shimla,2026-06-30,0.0,2.378340482711792,31.1,77.17,Normal,-0.6757555045938877,Hill / Himalayan orographic,0.0,0.0,0.0,0.30667051664420786,0.0,0.30667051664420786,0.00018577189706063296,0.0
srinagar,2026-06-30,0.0,0.0,34.08,74.8,Normal,-0.6757555045938877,Hill / Himalayan orographic,0.0,0.0,0.0,0.21116499837304636,0.0,0.21116499837304636,0.0002076402820038503,0.0
surat,2026-06-30,6.3,30.186260223388672,21.17,72.83,Normal,-0.6757555045938877,West-coast orographic,6.3,5.532607692480087,12.886172934940882,2.6602559682808122,1.7579845026146337,2.6602559682808122,0.006675161744246932,0.0
thiruvananthapuram,2026-06-30,0.2,1.7976524829864502,8.52,76.94,Normal,-0.6757555045938877,West-coast orographic,0.2,0.0,0.0,0.49877512338823593,0.0,0.49877512338823593,0.001364252838915446,0.0
varanasi,2026-06-30,0.6000000000000001,0.18477201461791992,25.32,82.97,Normal,-0.6757555045938877,Inland,0.6000000000000001,0.19210679829120636,0.2855919241905212,0.8595764138213338,0.0,0.8595764138213338,0.00035099019594015275,0.0
vijayawada,2026-06-30,0.0,0.0,16.51,80.65,Normal,-0.6757555045938877,Inland,0.0,0.0,0.0,0.37637894566015123,0.0,0.37637894566015123,0.0003173227200883588,0.0
visakhapatnam,2026-06-30,0.0,0.0,17.69,83.22,Normal,-0.6757555045938877,East coast,0.0,0.0,0.0,0.3548312533654382,0.0,0.3548312533654382,0.00031820536844643537,0.0
agartala,2026-07-02,10.0,7.0184326171875,23.83,91.29,Normal,0.10503801191601109,Inland,10.0,10.51570962921308,8.89078718821209,4.511937879502976,6.198703210304613,4.511937879502976,0.00043842877480214116,0.0
ahmedabad,2026-07-02,1.3,0.051953379064798355,23.02,72.57,Normal,0.10503801191601109,Inland,1.3,0.8095336556434634,0.8542284548282625,1.1455880797327433,0.14888604524278293,1.1455880797327433,0.0005843415248216245,0.0
amritsar,2026-07-02,0.30000000000000004,32.87519073486328,31.63,74.87,Normal,0.10503801191601109,Inland,0.30000000000000004,0.04976045321673162,0.10104744136333466,2.2529044030069,1.5061645519237628,2.2529044030069,0.0010281917312835978,0.0
bengaluru,2026-07-02,0.2,0.11228836327791214,12.97,77.59,Normal,0.10503801191601109,Inland,0.2,0.0,0.0,0.567299036277314,0.0,0.567299036277314,9.257615803572515e-05,0.0
bhopal,2026-07-02,34.8,1.0684638023376465,23.26,77.41,Normal,0.10503801191601109,Inland,34.8,47.902249748204014,39.45559601266562,27.345356421876858,45.9660296352453,27.345356421876858,0.05037724237937234,0.0
bhubaneswar,2026-07-02,0.1,39.21897506713867,20.3,85.82,Normal,0.10503801191601109,East coast,0.1,0.0,0.042277871295809746,0.7183181746650394,0.0002598997529882771,0.7183181746650394,0.0001812414584015582,0.0
chandigarh,2026-07-02,5.3,14.809889793395996,30.73,76.78,Normal,0.10503801191601109,Inland,5.3,4.654587614511005,4.472186470031737,4.443500361119673,5.9790858730442284,4.443500361119673,0.003880366259978422,0.0
chennai,2026-07-02,1.4,0.0,13.08,80.27,Normal,0.10503801191601109,East coast,1.4,0.9008455687761308,1.0892548590216011,0.7792358497500214,0.007501622146792222,0.7792358497500214,0.00023292814671856487,0.0
dehradun,2026-07-02,15.2,85.40313720703125,30.32,78.03,Normal,0.10503801191601109,Hill / Himalayan orographic,15.2,18.236490655791247,19.574787250064343,10.439702833538213,13.506038080232733,10.439702833538213,0.0014904157285107512,0.0
delhi,2026-07-02,0.0,1.4597982168197632,28.61,77.21,Normal,0.10503801191601109,Inland,0.0,0.0,0.0,0.3813929150575071,0.0,0.3813929150575071,0.00011412780731252099,0.0
gangtok,2026-07-02,5.1,18.239273071289062,27.33,88.61,Normal,0.10503801191601109,Hill / Himalayan orographic,5.1,4.464587476080521,1.6328570906321205,10.485342069536221,13.771759909428026,10.485342069536221,0.0033575024961206767,0.0
guwahati,2026-07-02,30.6,0.17100100219249725,26.14,91.74,Normal,0.10503801191601109,Inland,30.6,40.655552102927736,35.95586562949306,7.898287834286452,14.327646743529057,7.898287834286452,0.001278549625311882,0.0
hyderabad,2026-07-02,22.8,0.9257413148880005,17.39,78.49,Normal,0.10503801191601109,Inland,22.8,32.32026931306989,25.93382264626991,7.379014752154381,13.14057449307856,7.379014752154381,0.010460588697097097,0.0
jabalpur,2026-07-02,13.3,4.281711101531982,23.18,79.95,Normal,0.10503801191601109,Inland,13.3,15.96219647301568,13.03899208225616,6.403883137041168,10.52443982764826,6.403883137041168,0.00037107159111814884,0.0
jaipur,2026-07-02,0.30000000000000004,1.2623426914215088,26.91,75.79,Normal,0.10503801191601109,Inland,0.30000000000000004,0.04976045321673162,0.10104744136333466,0.5068282456182377,0.0,0.5068282456182377,0.0006979077442034217,0.0
jodhpur,2026-07-02,0.0,0.0,26.24,73.02,Normal,0.10503801191601109,Inland,0.0,0.0,0.0,0.01006341717231258,0.0,0.01006341717231258,8.842775124435523e-05,0.0
kochi,2026-07-02,6.8,6.345250606536865,9.93,76.27,Normal,0.10503801191601109,West-coast orographic,6.8,6.4851072530092635,13.52848390170506,10.263519244733438,9.908014912537714,10.263519244733438,0.008320281050310607,0.0
kolkata,2026-07-02,1.4000000000000001,0.006267872639000416,22.57,88.36,Normal,0.10503801191601109,East coast,1.4000000000000001,0.9008455687761311,1.0892548590216014,1.1139790061483739,0.11311875291990893,1.1139790061483739,0.0003103239635820862,0.0
lucknow,2026-07-02,3.2,11.555926322937012,26.85,80.95,Normal,0.10503801191601109,Inland,3.2,2.6539232730865474,2.527504603068034,2.817714534166419,2.541142403334172,2.817714534166419,0.00016032625611511894,0.0
madurai,2026-07-02,3.0,0.0,9.93,78.12,Normal,0.10503801191601109,Inland,3.0,2.4910647453873986,2.4677918434143065,1.2258055352359003,0.20881312058531837,1.2258055352359003,0.000426640069584983,0.0
mangaluru,2026-07-02,29.9,36.602352142333984,12.91,74.86,Normal,0.10503801191601109,West-coast orographic,29.9,39.261834570075415,45.15698563180318,14.872269606940781,17.56554512041041,14.872269606940781,0.01941805294066047,0.0
mumbai,2026-07-02,44.6,190.13381958007812,19.08,72.88,Normal,0.10503801191601109,West-coast orographic,44.6,60.860215281856405,62.6009871324903,43.767107326032324,54.41417393894898,70.0,0.34537574012374533,0.0
nagpur,2026-07-02,108.2,71.49532318115234,21.15,79.09,Normal,0.10503801191601109,Inland,108.2,152.11994814423863,112.83967704624854,25.887703494003834,43.22199580658193,25.887703494003834,0.03630140601586691,1.0
panaji,2026-07-02,72.9,22.085535049438477,15.49,73.83,Normal,0.10503801191601109,West-coast orographic,72.9,98.74839081393884,84.09467466900104,25.936288337390092,31.698232324910347,25.936288337390092,0.02358255244490438,1.0
patna,2026-07-02,1.9,2.025697708129883,25.59,85.14,Normal,0.10503801191601109,Inland,1.9,1.4328805506229396,1.4375123858451855,2.05939103373427,1.1752057511448617,2.05939103373427,0.00010809961290560276,0.0
pune,2026-07-02,4.0,11.424583435058594,18.52,73.86,Normal,0.10503801191601109,Inland,4.0,3.4743479792277023,3.2480382283528684,3.085830007359393,2.972040380034945,3.085830007359393,0.00018169742637507154,0.0
raipur,2026-07-02,6.9,2.1591742038726807,21.25,81.63,Normal,0.10503801191601109,Inland,6.9,6.60213894449509,5.728438377380371,2.290808841130034,1.6265705178324272,2.290808841130034,0.0004327394088946812,0.0
ranchi,2026-07-02,7.1,0.0,23.34,85.31,Normal,0.10503801191601109,Inland,7.1,6.836202327466742,5.936168136596682,3.0590474457109034,2.912814026359653,3.0590474457109034,0.0003670151502937782,0.0
shillong,2026-07-02,12.700000000000001,0.6929284334182739,25.58,91.89,Normal,0.10503801191601109,Hill / Himalayan orographic,12.700000000000001,15.033534594944545,13.108727763018287,13.548578157437783,22.167681808366748,13.548578157437783,0.0016922468441204722,0.0
shimla,2026-07-02,11.9,14.00389575958252,31.1,77.17,Normal,0.10503801191601109,Hill / Himalayan orographic,11.9,13.781612596511843,11.094696514547506,10.893320274280727,15.334268685337268,10.893320274280727,0.002024102296253908,0.0
srinagar,2026-07-02,0.0,13.380179405212402,34.08,74.8,Normal,0.10503801191601109,Hill / Himalayan orographic,0.0,0.0,0.0,0.28543156050807583,0.0,0.28543156050807583,0.00017554260000713368,0.0
surat,2026-07-02,20.8,47.09872817993164,21.17,72.83,Normal,0.10503801191601109,West-coast orographic,20.8,28.272229811445275,32.83654172303247,30.439744362787113,37.62468816211966,70.0,0.44978880977604163,0.0
thiruvananthapuram,2026-07-02,0.1,0.0,8.52,76.94,Normal,0.10503801191601109,West-coast orographic,0.1,0.0,0.0,0.22483649106953602,0.0,0.22483649106953602,0.0017785780358333468,0.0
varanasi,2026-07-02,0.9,1.119030237197876,25.32,82.97,Normal,0.10503801191601109,Inland,0.9,0.5617891073226929,0.6558246612548828,0.39888462509782013,0.0,0.39888462509782013,0.00012235509933355453,0.0
vijayawada,2026-07-02,1.3,0.05148782208561897,16.51,80.65,Normal,0.10503801191601109,Inland,1.3,0.8095336556434634,0.8542284548282625,0.9356510013810063,0.049925642701105076,0.9356510013810063,0.00011076601673433025,0.0
visakhapatnam,2026-07-02,0.0,0.0,17.69,83.22,Normal,0.10503801191601109,East coast,0.0,0.0,0.0,0.15664620314333846,0.0,0.15664620314333846,0.0001849510313326608,0.0
agartala,2026-07-03,2.7,24.0028076171875,23.83,91.29,Normal,0.43238905299533287,Inland,2.7,2.2131099188327794,2.1433247262781348,4.7448297968271,6.846589713456959,4.7448297968271,0.00019420815541847233,0.0
ahmedabad,2026-07-03,1.4,1.2055920362472534,23.02,72.57,Normal,0.43238905299533287,Inland,1.4,0.9008455687761308,1.000958037376404,1.1682301624588443,0.16560320668953116,1.1682301624588443,0.0005843415248216245,0.0
amritsar,2026-07-03,1.9000000000000001,0.0,31.63,74.87,Normal,0.43238905299533287,Inland,1.9000000000000001,1.4328805506229398,1.437512385845186,2.434510165858847,1.8528670797380877,2.434510165858847,0.0001773668355745632,0.0
bengaluru,2026-07-03,0.0,0.0,12.97,77.59,Normal,0.43238905299533287,Inland,0.0,0.0,0.0,0.24499861473277756,0.0,0.24499861473277756,9.257615803572515e-05,0.0
bhopal,2026-07-03,15.4,32.7258415222168,23.26,77.41,Normal,0.43238905299533287,Inland,15.4,18.499850208959174,14.98747111821578,6.411595560081164,10.573142456323254,6.411595560081164,0.000889067518511042,0.0
bhubaneswar,2026-07-03,11.5,4.855881690979004,20.3,85.82,Normal,0.43238905299533287,East coast,11.5,13.143861049016316,16.353700030814597,14.09348041707628,25.521609552225062,14.09348041707628,0.010226357242984147,0.0
chandigarh,2026-07-03,10.4,0.0,30.73,76.78,Normal,0.43238905299533287,Inland,10.4,11.391466560363776,9.414266325298117,6.672833307160861,11.809433117201324,6.672833307160861,0.0015466015474360428,0.0
chennai,2026-07-03,0.30000000000000004,0.0,13.08,80.27,Normal,0.43238905299533287,East coast,0.30000000000000004,0.04976045321673162,0.12810355722904207,0.795926342766229,0.010275523438832177,0.795926342766229,0.0011876607374900394,0.0
dehradun,2026-07-03,13.8,2.691941738128662,30.32,78.03,Normal,0.43238905299533287,Hill / Himalayan orographic,13.8,16.62112929662069,16.75127942362139,9.35157114935679,10.851007367599482,9.35157114935679,0.0015826125401701972,0.0
delhi,2026-07-03,0.0,0.0,28.61,77.21,Normal,0.43238905299533287,Inland,0.0,0.0,0.0,0.29777188107701963,0.0,0.29777188107701963,0.00011412780731252099,0.0
gangtok,2026-07-03,8.0,8.257369041442871,27.33,88.61,Normal,0.43238905299533287,Hill / Himalayan orographic,8.0,7.606804590225219,4.165467826580176,11.885678711615467,17.513718260577974,11.885678711615467,0.0022989690248010567,0.0
guwahati,2026-07-03,9.2,14.631938934326172,26.14,91.74,Normal,0.43238905299533287,Inland,9.2,9.337525969079612,7.8664469718933105,4.360747869563841,5.722979798222378,4.360747869563841,0.0003997958525977009,0.0
hyderabad,2026-07-03,0.9,9.504170417785645,17.39,78.49,Normal,0.43238905299533287,Inland,0.9,0.5617891073226929,0.6558246612548828,0.7029437942640755,0.0,0.7029437942640755,9.944620716364459e-05,0.0
jabalpur,2026-07-03,4.5,41.12580490112305,23.18,79.95,Normal,0.43238905299533287,Inland,4.5,3.939875738620759,3.841808706521987,2.711996108060235,2.476572607849592,2.711996108060235,0.0005392559969268105,0.0
jaipur,2026-07-03,10.0,11.67042064666748,26.91,75.79,Normal,0.43238905299533287,Inland,10.0,10.51570962921308,8.89078718821209,4.023188944373398,5.132717418370834,4.023188944373398,0.0007508237798924733,0.0
jodhpur,2026-07-03,0.8,0.0,26.24,73.02,Normal,0.43238905299533287,Inland,0.8,0.4161427718400955,0.4993661761283866,0.1205759315297963,0.0,0.1205759315297963,0.00010872303485605674,0.0
kochi,2026-07-03,1.7000000000000002,37.807594299316406,9.93,76.27,Normal,0.43238905299533287,West-coast orographic,1.7000000000000002,1.1733940374851228,2.99369478225708,3.042447300214422,2.3058161761281166,3.042447300214422,0.00566240702152886,0.0
kolkata,2026-07-03,1.0999999999999999,0.13487589359283447,22.57,88.36,Normal,0.43238905299533287,East coast,1.0999999999999999,0.7208502334356308,0.715116373945455,0.9023462204962189,0.040928480630045415,0.9023462204962189,0.0003103239635820862,0.0
lucknow,2026-07-03,4.1,4.680112838745117,26.85,80.95,Normal,0.43238905299533287,Inland,4.1,3.5863535769780475,3.3672708511352547,3.9222922639356717,4.9932328284649365,3.9222922639356717,0.00016032625611511894,0.0
madurai,2026-07-03,4.4,0.0,9.93,78.12,Normal,0.43238905299533287,Inland,4.4,3.859370217323304,3.7762678861618033,2.1047688102481636,1.2345025863420531,2.1047688102481636,0.0016842543525405766,0.0
mangaluru,2026-07-03,26.3,19.337383270263672,12.91,74.86,Normal,0.43238905299533287,West-coast orographic,26.3,37.152068523972666,38.23911230904715,16.52484821209715,18.887353698373094,16.52484821209715,0.019200353655693083,0.0
mumbai,2026-07-03,81.3,115.7308120727539,19.08,72.88,Normal,0.43238905299533287,West-coast orographic,81.3,111.44870473956257,87.42489634307982,38.49688594153948,49.37954460251298,70.0,0.37059904364125035,1.0
nagpur,2026-07-03,67.0,9.880842208862305,21.15,79.09,Normal,0.43238905299533287,Inland,67.0,89.82793222332215,73.83400806985395,25.887703494003834,43.22199580658193,25.887703494003834,0.03630140601586691,1.0
panaji,2026-07-03,38.4,48.11589050292969,15.49,73.83,Normal,0.43238905299533287,West-coast orographic,38.4,53.49681528472035,57.359085598831655,27.226551886676088,34.49068616053965,27.226551886676088,0.05948045848392967,0.0
patna,2026-07-03,0.30000000000000004,4.609860420227051,25.59,85.14,Normal,0.43238905299533287,Inland,0.30000000000000004,0.04976045321673162,0.10104744136333466,1.2823215719093688,0.25052039085836664,1.2823215719093688,0.0005311790297457822,0.0
pune,2026-07-03,4.4,25.21837615966797,18.52,73.86,Normal,0.43238905299533287,Inland,4.4,3.859370217323304,3.7762678861618033,3.118054904098101,3.0982693661930862,3.118054904098101,0.0006552470537553701,0.0
raipur,2026-07-03,25.7,20.562177658081055,21.25,81.63,Normal,0.43238905299533287,Inland,25.7,36.49671520433928,29.763353699132004,22.738820404880315,38.76293106230772,22.738820404880315,0.027826991952738668,0.0
ranchi,2026-07-03,11.8,7.3058600425720215,23.34,85.31,Normal,0.43238905299533287,Inland,11.8,13.622174709637962,11.606901332310267,6.514872102174933,11.088227864757373,6.514872102174933,0.0007372217042141522,0.0
shillong,2026-07-03,13.3,4.848049640655518,25.58,91.89,Normal,0.43238905299533287,Hill / Himalayan orographic,13.3,15.96219647301568,15.005080185684509,14.707545427730292,25.32339851139775,14.707545427730292,0.001526726652541502,0.0
shimla,2026-07-03,15.4,7.839624404907227,31.1,77.17,Normal,0.43238905299533287,Hill / Himalayan orographic,15.4,18.499850208959174,19.833467377614756,8.081500477403946,7.60260734869812,8.081500477403946,0.0007988519070638028,0.0
srinagar,2026-07-03,3.2,2.5489397048950195,34.08,74.8,Normal,0.43238905299533287,Hill / Himalayan orographic,3.2,2.6539232730865474,0.8629658004215776,0.7812272147007744,0.0,0.7812272147007744,0.000261444886081696,0.0
surat,2026-07-03,52.4,25.160768508911133,21.17,72.83,Normal,0.43238905299533287,West-coast orographic,52.4,68.95469582395812,69.99097483866923,35.800453382751215,48.190486656917344,70.0,0.5115721541284047,0.0
thiruvananthapuram,2026-07-03,0.0,12.133848190307617,8.52,76.94,Normal,0.43238905299533287,West-coast orographic,0.0,0.0,0.0,0.117263098982247,0.0,0.117263098982247,0.0017785780358333468,0.0
varanasi,2026-07-03,3.9,2.56184983253479,25.32,82.97,Normal,0.43238905299533287,Inland,3.9,3.3623423814773563,3.1288056055704816,1.8667724416590603,0.8926273375134928,1.8667724416590603,0.00020358372921957396,0.0
vijayawada,2026-07-03,0.0,8.408077239990234,16.51,80.65,Normal,0.43238905299533287,Inland,0.0,0.0,0.0,0.2827447145594255,0.0,0.2827447145594255,9.877848628738825e-05,0.0
visakhapatnam,2026-07-03,0.0,0.8473111987113953,17.69,83.22,Normal,0.43238905299533287,East coast,0.0,0.0,0.0,0.16397152233793633,0.0,0.16397152233793633,0.0001849510313326608,0.0
agartala,2026-07-04,11.7,33.48734664916992,23.83,91.29,Active,1.0688503069577453,Inland,11.7,13.462736822764079,16.64636344909668,2.5684640929574374,2.399252028219335,2.5684640929574374,0.0007478800809908134,0.0
ahmedabad,2026-07-04,13.399999999999999,12.276688575744629,23.02,72.57,Active,1.0688503069577453,Inland,13.399999999999999,16.09398303773668,19.123680297193438,17.817103697196465,34.05695557852819,17.817103697196465,0.034343321190209594,0.0
amritsar,2026-07-04,0.0,0.0,31.63,74.87,Active,1.0688503069577453,Inland,0.0,0.0,0.0,0.23489052376414576,0.0,0.23489052376414576,0.0001307426851001161,0.0
bengaluru,2026-07-04,0.30000000000000004,0.09086419641971588,12.97,77.59,Active,1.0688503069577453,Inland,0.30000000000000004,0.04976045321673162,0.0,0.400524712896209,0.0,0.400524712896209,0.0004595905211903832,0.0
bhopal,2026-07-04,17.3,6.91421365737915,23.26,77.41,Active,1.0688503069577453,Inland,17.3,21.529881437447262,25.231764515292262,5.520178852889418,10.127022212009889,5.520178852889418,0.007308279779656014,0.0
bhubaneswar,2026-07-04,20.5,67.2408676147461,20.3,85.82,Active,1.0688503069577453,East coast,20.5,27.781007323546294,28.094531103644037,45.031787948468924,57.56137241197577,70.0,0.32772240131569996,0.0
chandigarh,2026-07-04,4.2,3.8917899131774902,30.73,76.78,Active,1.0688503069577453,Inland,4.2,3.698359174728394,4.222078523000081,1.6365372455250595,1.0908910151069107,1.6365372455250595,0.0002703916876008295,0.0
chennai,2026-07-04,0.39999999999999997,0.0,13.08,80.27,Active,1.0688503069577453,East coast,0.39999999999999997,0.07598572969436636,0.0,0.13246982437206248,0.0,0.13246982437206248,0.0001950880019411132,0.0
dehradun,2026-07-04,4.1,0.0,30.32,78.03,Active,1.0688503069577453,Hill / Himalayan orographic,4.1,3.5863535769780475,2.753077076513743,2.4950119281365195,1.6831068058467125,2.4950119281365195,0.0003053854176811568,0.0
delhi,2026-07-04,0.6,0.0,28.61,77.21,Active,1.0688503069577453,Inland,0.6,0.22486605346202848,0.008976116199046466,0.32698420268293843,0.0,0.32698420268293843,0.00011986953626135488,0.0
gangtok,2026-07-04,11.3,28.8618106842041,27.33,88.61,Active,1.0688503069577453,Hill / Himalayan orographic,11.3,12.824985275268554,11.806824425664443,15.330950818733767,22.13917462022404,15.330950818733767,0.004534755017815163,0.0
guwahati,2026-07-04,13.0,0.0,26.14,91.74,Active,1.0688503069577453,Inland,13.0,15.511659782954624,18.50021237955307,6.751267285750568,11.447193548432251,6.751267285750568,0.0005580809547009489,0.0
hyderabad,2026-07-04,4.6,2.621626615524292,17.39,78.49,Active,1.0688503069577453,Inland,4.6,4.020381259918214,4.723537524541218,1.2414956589930974,0.41956261093793734,1.2414956589930974,0.0003273801796511244,0.0
jabalpur,2026-07-04,32.8,65.27930450439453,23.18,79.95,Active,1.0688503069577453,Inland,32.8,44.79415778347272,41.30636857908585,21.15691219944569,36.087872069756806,21.15691219944569,0.045469840343177886,0.0
jaipur,2026-07-04,4.0,0.09166453778743744,26.91,75.79,Active,1.0688503069577453,Inland,4.0,3.4743479792277023,3.9476323256492614,1.4856281977394226,0.8082177207068137,1.4856281977394226,0.00017928825751989738,0.0
jodhpur,2026-07-04,12.8,8.166718482971191,26.24,73.02,Active,1.0688503069577453,Inland,12.8,15.192909657614571,18.18847842073289,4.533249517678961,8.690333571545741,4.533249517678961,0.0039045236275303263,0.0
kochi,2026-07-04,11.1,46.420047760009766,9.93,76.27,Active,1.0688503069577453,West-coast orographic,11.1,12.479150299072263,11.55944656964006,22.75362596124094,27.882943637366246,22.75362596124094,0.04839736623855202,0.0
kolkata,2026-07-04,0.30000000000000004,0.06690440326929092,22.57,88.36,Active,1.0688503069577453,East coast,0.30000000000000004,0.04976045321673162,0.0,0.2745540622554566,0.0,0.2745540622554566,0.0011827649056729735,0.0
lucknow,2026-07-04,0.9,0.0,26.85,80.95,Active,1.0688503069577453,Inland,0.9,0.5617891073226929,0.4238612364953564,0.9024575368748821,0.0031939847900505926,0.9024575368748821,9.669608297303774e-05,0.0
madurai,2026-07-04,1.2,0.0,9.93,78.12,Active,1.0688503069577453,Inland,1.2,0.7651919445395471,0.5255411650125797,0.25271869523357143,0.0,0.25271869523357143,0.00036105250744299366,0.0
mangaluru,2026-07-04,42.0,65.12860870361328,12.91,74.86,Active,1.0688503069577453,West-coast orographic,42.0,58.162055101155836,66.34298967556721,47.43877434887847,59.72832388070731,47.43877434887847,0.04355845275798021,0.0
mumbai,2026-07-04,97.10000000000001,77.73084259033203,19.08,72.88,Active,1.0688503069577453,West-coast orographic,97.10000000000001,135.33739045680727,80.53302246752388,59.148300105519766,61.93973608524149,70.0,0.5802761146133242,1.0
nagpur,2026-07-04,15.9,8.537175178527832,21.15,79.09,Active,1.0688503069577453,Inland,15.9,19.15824909187898,23.02557702095278,9.215057975439336,25.069375109118507,9.215057975439336,0.0037123383500720537,0.0
panaji,2026-07-04,27.3,10.772080421447754,15.49,73.83,Active,1.0688503069577453,West-coast orographic,27.3,37.643116073024366,61.333772488493594,16.444381151578263,23.52844869174085,16.444381151578263,0.05759227076862269,0.0
patna,2026-07-04,0.1,0.0,25.59,85.14,Active,1.0688503069577453,Inland,0.1,0.0,0.0,0.5637188367623376,0.0,0.5637188367623376,7.969449304588809e-05,0.0
pune,2026-07-04,16.2,30.49721908569336,18.52,73.86,Active,1.0688503069577453,Inland,16.2,19.553288421630864,23.498331484025524,15.865345635361274,32.8086032979098,15.865345635361274,0.005430795366614739,0.0
raipur,2026-07-04,5.5,2.8961760997772217,21.25,81.63,Active,1.0688503069577453,Inland,5.5,4.892366180419922,5.7583413795991385,1.6068935696775757,1.0825212974857064,1.6068935696775757,0.0011998220345586542,0.0
ranchi,2026-07-04,2.8,12.743487358093262,23.34,85.31,Active,1.0688503069577453,Inland,2.8,2.301974153518676,1.8816527724266052,0.7638767885619613,0.0,0.7638767885619613,0.0001420045844126769,0.0
shillong,2026-07-04,18.1,0.0,25.58,91.89,Active,1.0688503069577453,Hill / Himalayan orographic,18.1,23.045181846618657,14.554388495190178,8.794995757272606,12.53179940730973,8.794995757272606,0.004234358202564145,0.0
shimla,2026-07-04,20.5,5.2446064949035645,31.1,77.17,Active,1.0688503069577453,Hill / Himalayan orographic,20.5,27.781007323546294,28.094531103644037,12.152875101525472,15.57625909912431,12.152875101525472,0.021292548047895876,0.0
srinagar,2026-07-04,4.3,0.0,34.08,74.8,Active,1.0688503069577453,Hill / Himalayan orographic,4.3,3.7788646960258485,2.8600635438850253,0.43225538210642167,0.0,0.43225538210642167,0.00022929279901884688,0.0
surat,2026-07-04,53.6,43.648895263671875,21.17,72.83,Active,1.0688503069577453,West-coast orographic,53.6,70.200000522743,68.94442046915921,48.90400289424927,60.760410205822645,70.0,0.7027800925804675,0.0
thiruvananthapuram,2026-07-04,0.0,5.057985305786133,8.52,76.94,Active,1.0688503069577453,West-coast orographic,0.0,0.0,0.0,0.05741302293303444,0.0,0.05741302293303444,0.0015350935802772676,0.0
varanasi,2026-07-04,0.30000000000000004,0.0,25.32,82.97,Active,1.0688503069577453,Inland,0.30000000000000004,0.04976045321673162,0.0,0.06679246889593245,0.0,0.06679246889593245,0.0005045847424475416,0.0
vijayawada,2026-07-04,0.7,1.7078112363815308,16.51,80.65,Active,1.0688503069577453,Inland,0.7,0.26980176031589553,0.21925202131271337,0.22367646279179712,0.0,0.22367646279179712,9.27697757938846e-05,0.0
visakhapatnam,2026-07-04,1.5,18.612306594848633,17.69,83.22,Active,1.0688503069577453,East coast,1.5,1.0584506392478943,0.9631890976428985,0.04940875599431424,0.0,0.04940875599431424,0.00018645530807775767,0.0
agartala,2026-07-05,4.699999999999999,15.828150749206543,23.83,91.29,Active,1.4021194786097175,Inland,4.699999999999999,4.116414651870728,4.832778573036192,1.1597147717691878,0.3934617540893305,1.1597147717691878,0.00040250954008811464,0.0
ahmedabad,2026-07-05,8.0,24.592243194580078,23.02,72.57,Active,1.4021194786097175,Inland,8.0,7.606804590225219,10.141183506358754,3.3531241860982854,5.822860376027002,3.3531241860982854,0.0048226051273033465,0.0
amritsar,2026-07-05,0.1,0.0,31.63,74.87,Active,1.4021194786097175,Inland,0.1,0.0,0.0,0.3907152287601151,0.0,0.3907152287601151,0.00010996303161012899,0.0
bengaluru,2026-07-05,0.1,0.11143147945404053,12.97,77.59,Active,1.4021194786097175,Inland,0.1,0.0,0.0,0.21307367434992597,0.0,0.21307367434992597,7.281464999205074e-05,0.0
bhopal,2026-07-05,52.4,3.770632266998291,23.26,77.41,Active,1.4021194786097175,Inland,52.4,68.95469582395812,50.19450076108328,38.18689206279432,44.9160205901372,38.18689206279432,0.08988814431692205,0.0
bhubaneswar,2026-07-05,18.0,105.27037048339844,20.3,85.82,Active,1.4021194786097175,East coast,18.0,22.855769295472232,14.265448911949555,21.271747098845978,27.468873009892896,21.271747098845978,0.01860769846829901,0.0
chandigarh,2026-07-05,4.1000000000000005,1.3646411895751953,30.73,76.78,Active,1.4021194786097175,Inland,4.1000000000000005,3.5863535769780484,4.0848554243246715,1.4278896153603757,0.5081708776558835,1.4278896153603757,0.00022032567228310224,0.0
chennai,2026-07-05,0.0,0.0,13.08,80.27,Active,1.4021194786097175,East coast,0.0,0.0,0.0,0.014367848901125357,0.0,0.014367848901125357,0.00011130976846100562,0.0
dehradun,2026-07-05,3.0,0.07935666292905807,30.32,78.03,Active,1.4021194786097175,Hill / Himalayan orographic,3.0,2.4910647453873986,1.6165463214860836,2.15008578967691,1.073252732912389,2.15008578967691,0.00018178299988471958,0.0
delhi,2026-07-05,0.3,0.21860823035240173,28.61,77.21,Active,1.4021194786097175,Inland,0.3,0.002217930019833197,0.0,0.33668598682774037,0.0,0.33668598682774037,8.83256117347983e-05,0.0
gangtok,2026-07-05,19.1,10.18986988067627,27.33,88.61,Active,1.4021194786097175,Hill / Himalayan orographic,19.1,24.877794213728478,22.635475581118953,13.27662319099979,16.115805471975076,13.27662319099979,0.0009280504091440164,0.0
guwahati,2026-07-05,19.5,0.0,26.14,91.74,Active,1.4021194786097175,Inland,19.5,25.749384969075525,29.954722569639035,6.373595482945935,10.995585852671736,6.373595482945935,0.001843256236596943,0.0
hyderabad,2026-07-05,4.9,2.0512967109680176,17.39,78.49,Active,1.4021194786097175,Inland,4.9,4.308481435775757,5.051260670026143,1.3401807383075066,0.4465608230131956,1.3401807383075066,0.0002829895573961164,0.0
jabalpur,2026-07-05,5.6,4.07888650894165,23.18,79.95,Active,1.4021194786097175,Inland,5.6,4.950862514972687,5.899066829681398,1.8222922596305156,1.5774853495972416,1.8222922596305156,0.0008722012645572693,0.0
jaipur,2026-07-05,0.6000000000000001,0.0,26.91,75.79,Active,1.4021194786097175,Inland,0.6000000000000001,0.22486605346202854,0.03991650179959848,0.28900192555154436,0.0,0.28900192555154436,9.705743538404422e-05,0.0
jodhpur,2026-07-05,0.7,36.03166580200195,26.24,73.02,Active,1.4021194786097175,Inland,0.7,0.26980176031589553,0.21925202131271337,0.41871306812725967,0.0,0.41871306812725967,8.925800449097501e-05,0.0
kochi,2026-07-05,20.8,8.015628814697266,9.93,76.27,Active,1.4021194786097175,West-coast orographic,20.8,28.272229811445275,28.402454288407124,27.54855933806988,35.25012620071719,27.54855933806988,0.009954258972882112,0.0
kolkata,2026-07-05,7.2,0.0450851246714592,22.57,88.36,Active,1.4021194786097175,East coast,7.2,6.948880906634859,6.102910603935254,2.4698812936252654,1.6735470572117463,2.4698812936252654,0.002387317453843707,0.0
lucknow,2026-07-05,0.0,0.0,26.85,80.95,Active,1.4021194786097175,Inland,0.0,0.0,0.0,0.34501792626851985,0.0,0.34501792626851985,7.853131337763055e-05,0.0
madurai,2026-07-05,0.0,0.0,9.93,78.12,Active,1.4021194786097175,Inland,0.0,0.0,0.0,0.05635195376068781,0.0,0.05635195376068781,0.0002886198079736222,0.0
mangaluru,2026-07-05,20.5,6.29337215423584,12.91,74.86,Active,1.4021194786097175,West-coast orographic,20.5,27.781007323546294,28.094531103644037,26.65267509730029,33.51286343247049,26.65267509730029,0.012288736940756542,0.0
mumbai,2026-07-05,199.6,279.8037109375,19.08,72.88,Active,1.4021194786097175,West-coast orographic,199.6,289.8449154596259,305.81831054687495,59.57053227985679,61.988343551429715,70.0,0.5359155059309502,1.0
nagpur,2026-07-05,39.9,8.755402565002441,21.15,79.09,Active,1.4021194786097175,Inland,39.9,55.82788425826882,44.89635627214298,27.083987496365044,39.17169864926376,27.083987496365044,0.029681712674114426,0.0
panaji,2026-07-05,34.2,32.936370849609375,15.49,73.83,Active,1.4021194786097175,West-coast orographic,34.2,46.96982215878464,63.577729152337774,34.02095450650825,47.64858615985764,34.02095450650825,0.02934160130515336,0.0
patna,2026-07-05,0.0,0.0,25.59,85.14,Active,1.4021194786097175,Inland,0.0,0.0,0.0,0.4617100616150956,0.0,0.4617100616150956,7.569163495118449e-05,0.0
pune,2026-07-05,36.4,30.92608642578125,18.52,73.86,Active,1.4021194786097175,Inland,36.4,50.388723319989055,43.18942999573191,47.07667471340587,49.28294321437222,47.07667471340587,0.018729758597608063,0.0
raipur,2026-07-05,47.5,46.88864517211914,21.25,81.63,Active,1.4021194786097175,Inland,47.5,63.86970163725319,48.11762812141868,28.944326425944343,40.139623359265336,28.944326425944343,0.035489742160787936,0.0
ranchi,2026-07-05,4.0,5.793303966522217,23.34,85.31,Active,1.4021194786097175,Inland,4.0,3.4743479792277023,3.9476323256492614,1.0638139812849041,0.04070805949671423,1.0638139812849041,0.00013461725396085678,0.0
shillong,2026-07-05,14.4,1.8098946809768677,25.58,91.89,Active,1.4021194786097175,Hill / Himalayan orographic,14.4,17.34770824304507,13.404544783376036,8.535036419404477,12.013714519289952,8.535036419404477,0.0010865561145127387,0.0
shimla,2026-07-05,6.0,1.883683204650879,31.1,77.17,Active,1.4021194786097175,Hill / Himalayan orographic,6.0,5.326229248046878,4.3435922793622295,2.439866512845714,1.6621293685951843,2.439866512845714,0.0009046049463047162,0.0
srinagar,2026-07-05,1.4,0.0,34.08,74.8,Active,1.4021194786097175,Hill / Himalayan orographic,1.4,0.9008455687761308,0.523172596693039,1.855362190025049,1.029896306329685,1.855362190025049,0.00013275008797089657,0.0
surat,2026-07-05,39.4,44.67294692993164,21.17,72.83,Active,1.4021194786097175,West-coast orographic,39.4,55.05086126708599,65.42123616782406,52.37364386359172,61.15983608180521,70.0,0.49666169434303137,0.0
thiruvananthapuram,2026-07-05,9.9,7.179853916168213,8.52,76.94,Active,1.4021194786097175,West-coast orographic,9.9,10.220063982241246,9.961779709809868,4.713617358180465,5.989117380640171,4.713617358180465,0.004937469710245219,0.0
varanasi,2026-07-05,0.2,0.0,25.32,82.97,Active,1.4021194786097175,Inland,0.2,0.0,0.0,0.0449540872194199,0.0,0.0449540872194199,8.085312942471413e-05,0.0
vijayawada,2026-07-05,0.8,2.7379250526428223,16.51,80.65,Active,1.4021194786097175,Inland,0.8,0.4161427718400955,0.3992162910199935,0.23414166048024462,0.0,0.23414166048024462,8.721670812128973e-05,0.0
visakhapatnam,2026-07-05,2.6,12.158670425415039,17.69,83.22,Active,1.4021194786097175,East coast,2.6,2.1242456841468824,1.3490170488035045,0.1524516736395138,0.0,0.1524516736395138,0.00019119218937219929,0.0
agartala,2026-07-06,1.4000000000000001,3.744765520095825,23.83,91.29,Active,1.5467701354487033,Inland,1.4000000000000001,0.9008455687761311,0.8460889506340019,2.791740442917572,2.6339672634839446,2.791740442917572,9.118731762152517e-05,0.0
ahmedabad,2026-07-06,4.4,3.0015687942504883,23.02,72.57,Active,1.5467701354487033,Inland,4.4,3.859370217323304,4.474408101832612,2.1362768468774784,1.7361314319128291,2.1362768468774784,0.0019008644190954375,0.0
amritsar,2026-07-06,0.0,8.746225357055664,31.63,74.87,Active,1.5467701354487033,Inland,0.0,0.0,0.0,0.26957259639548875,0.0,0.26957259639548875,0.00010996303161012899,0.0
bengaluru,2026-07-06,0.0,0.0,12.97,77.59,Active,1.5467701354487033,Inland,0.0,0.0,0.0,0.11467362554816314,0.0,0.11467362554816314,7.281464999205074e-05,0.0
bhopal,2026-07-06,11.9,7.837124824523926,23.26,77.41,Active,1.5467701354487033,Inland,11.9,13.781612596511843,16.785675606042055,4.352521108424037,8.566219449312957,4.352521108424037,0.002045686294124691,0.0
bhubaneswar,2026-07-06,0.1,11.373308181762695,20.3,85.82,Active,1.5467701354487033,East coast,0.1,0.0,0.0,0.32843831855026184,0.0,0.32843831855026184,0.00010601975381620815,0.0
chandigarh,2026-07-06,2.3,0.0,30.73,76.78,Active,1.5467701354487033,Inland,2.3,1.833851181864739,1.6768226226170857,0.6535962590865898,0.0,0.6535962590865898,0.0002579198885219153,0.0
chennai,2026-07-06,0.0,0.0,13.08,80.27,Active,1.5467701354487033,East coast,0.0,0.0,0.0,0.014367848901125357,0.0,0.014367848901125357,0.00011130976846100562,0.0
dehradun,2026-07-06,25.8,1.2944092750549316,30.32,78.03,Active,1.5467701354487033,Hill / Himalayan orographic,25.8,36.62688170985172,60.88951412476159,9.840727170615036,13.69968957182505,9.840727170615036,0.020984892351104057,0.0
delhi,2026-07-06,1.9000000000000001,8.187396049499512,28.61,77.21,Active,1.5467701354487033,Inland,1.9000000000000001,1.4328805506229398,1.5403205120741432,0.7652124504977024,0.0,0.7652124504977024,0.00010665695918395498,0.0
gangtok,2026-07-06,20.2,24.81777572631836,27.33,88.61,Active,1.5467701354487033,Hill / Himalayan orographic,20.2,27.289784835647318,27.78660791888095,15.032288746743133,21.766521333779018,15.032288746743133,0.0026783462663397496,0.0
guwahati,2026-07-06,8.3,3.4688775539398193,26.14,91.74,Active,1.5467701354487033,Inland,8.3,7.9016112136840855,10.257672136480158,5.369139072854027,9.94059143769318,5.369139072854027,0.0009354789371170602,0.0
hyderabad,2026-07-06,15.9,1.4726663827896118,17.39,78.49,Active,1.5467701354487033,Inland,15.9,19.15824909187898,23.02557702095278,10.176379741623073,27.34496515168316,10.176379741623073,0.003723476277438421,0.0
jabalpur,2026-07-06,18.5,31.05483055114746,23.18,79.95,Active,1.5467701354487033,Inland,18.5,23.778226793462583,27.122782367583245,5.560336344532065,10.156360376612824,5.560336344532065,0.0032831321008576575,0.0
jaipur,2026-07-06,0.2,13.077812194824219,26.91,75.79,Active,1.5467701354487033,Inland,0.2,0.0,0.0,0.16462382578945728,0.0,0.16462382578945728,8.037584489444683e-05,0.0
jodhpur,2026-07-06,1.2,11.959752082824707,26.24,73.02,Active,1.5467701354487033,Inland,1.2,0.7651919445395471,0.5255411650125797,0.37852415092994707,0.0,0.37852415092994707,8.925800449097501e-05,0.0
kochi,2026-07-06,9.3,0.7295737266540527,9.93,76.27,Active,1.5467701354487033,West-coast orographic,9.3,9.429511805240661,8.886643486848005,18.012014924119384,25.484451586202702,18.012014924119384,0.0075341483194516995,0.0
kolkata,2026-07-06,14.8,36.100093841552734,22.57,88.36,Active,1.5467701354487033,East coast,14.8,17.789333912726903,13.532628835418382,4.3972782879822665,5.031871436077863,4.3972782879822665,0.004802042293232387,0.0
lucknow,2026-07-06,0.9,2.9143121242523193,26.85,80.95,Active,1.5467701354487033,Inland,0.9,0.5617891073226929,0.4238612364953564,0.9968311718742134,0.017144560045529188,0.9968311718742134,9.483011720640428e-05,0.0
madurai,2026-07-06,0.0,0.0,9.93,78.12,Active,1.5467701354487033,Inland,0.0,0.0,0.0,0.05635195376068781,0.0,0.05635195376068781,0.0002886198079736222,0.0
mangaluru,2026-07-06,21.4,26.8802490234375,12.91,74.86,Active,1.5467701354487033,West-coast orographic,21.4,29.254674787243225,29.290316146305635,30.785104781846364,41.52279197221681,30.785104781846364,0.013928966521150206,0.0
mumbai,2026-07-06,337.8,224.44537353515625,19.08,72.88,Active,1.5467701354487033,West-coast orographic,337.8,490.5291204522126,513.118310546875,59.57053227985679,61.988343551429715,70.0,0.5359155059309502,1.0
nagpur,2026-07-06,27.6,3.3707809448242188,21.15,79.09,Active,1.5467701354487033,Inland,27.6,37.79043033773988,38.586390977263754,15.055575442796194,32.29067103651316,15.055575442796194,0.03352024507947395,0.0
panaji,2026-07-06,50.6,14.59585952758789,15.49,73.83,Active,1.5467701354487033,West-coast orographic,50.6,67.0867387757808,68.56768051730197,36.623233250267894,49.9913545879964,36.623233250267894,0.010789940649586353,0.0
patna,2026-07-06,0.0,8.327768325805664,25.59,85.14,Active,1.5467701354487033,Inland,0.0,0.0,0.0,0.4617100616150956,0.0,0.4617100616150956,7.569163495118449e-05,0.0
pune,2026-07-06,101.2,107.51600646972656,18.52,73.86,Active,1.5467701354487033,Inland,101.2,141.53635320621885,72.83148232643521,50.717191455713746,51.071272080297526,50.717191455713746,0.06286145091225077,1.0
raipur,2026-07-06,126.3,81.1670913696289,21.25,81.63,Active,1.5467701354487033,Inland,126.3,179.48610076968976,93.29148438494055,38.63983393610057,45.138518956153874,38.63983393610057,0.15599285833465504,1.0
ranchi,2026-07-06,10.0,18.790367126464844,23.34,85.31,Active,1.5467701354487033,Inland,10.0,10.51570962921308,14.822407651945612,2.295165694569741,1.8623691730224488,2.295165694569741,0.0009801599490306893,0.0
shillong,2026-07-06,6.0,8.386576652526855,25.58,91.89,Active,1.5467701354487033,Hill / Himalayan orographic,6.0,5.326229248046878,4.3435922793622295,6.525430841055544,8.66786714375725,6.525430841055544,0.001196664704716523,0.0
shimla,2026-07-06,12.2,0.9396337270736694,31.1,77.17,Active,1.5467701354487033,Hill / Himalayan orographic,12.2,14.248198533058165,12.511461586585412,9.629222723957412,13.617522717744217,9.629222723957412,0.0041658822555606795,0.0
srinagar,2026-07-06,0.6,0.0,34.08,74.8,Active,1.5467701354487033,Hill / Himalayan orographic,0.6,0.22486605346202848,0.0004983808379620385,1.1430048619156294,0.2558987759906827,1.1430048619156294,0.00013275008797089657,0.0
surat,2026-07-06,43.3,15.444587707519531,21.17,72.83,Active,1.5467701354487033,West-coast orographic,43.3,59.51113519150611,66.80386642943877,52.37364386359172,61.15983608180521,70.0,0.3811776641292317,0.0
thiruvananthapuram,2026-07-06,3.6,0.0,8.52,76.94,Active,1.5467701354487033,West-coast orographic,3.6,3.0580078387260428,2.263309446114759,1.1248106722505644,0.1789244005258196,1.1248106722505644,0.0012263059851545825,0.0
varanasi,2026-07-06,1.5,0.0,25.32,82.97,Active,1.5467701354487033,Inland,1.5,1.0584506392478943,1.0684638023376465,0.12559854499284764,0.0,0.12559854499284764,9.763376817541577e-05,0.0
vijayawada,2026-07-06,0.0,0.20831531286239624,16.51,80.65,Active,1.5467701354487033,Inland,0.0,0.0,0.0,0.03228843726204444,0.0,0.03228843726204444,7.769311863760053e-05,0.0
visakhapatnam,2026-07-06,0.0,0.0,17.69,83.22,Active,1.5467701354487033,East coast,0.0,0.0,0.0,0.004413973385618515,0.0,0.004413973385618515,0.00010818988755497609,0.0
agartala,2026-07-07,6.7,44.33161926269531,23.83,91.29,Active,1.6729184991662882,Inland,6.7,6.368075561523438,8.647471904754639,2.124951463155866,1.7315297407868468,2.124951463155866,0.00045673037356114504,0.0
ahmedabad,2026-07-07,13.0,8.57674789428711,23.02,72.57,Active,1.6729184991662882,Inland,13.0,15.511659782954624,18.50021237955307,19.06588058774018,34.8556782838557,19.06588058774018,0.02087143246471117,0.0
amritsar,2026-07-07,2.8,0.0,31.63,74.87,Active,1.6729184991662882,Inland,2.8,2.301974153518676,1.8816527724266052,1.3096801372016316,0.4302400558382735,1.3096801372016316,0.0002697508543816297,0.0
bengaluru,2026-07-07,0.2,0.0,12.97,77.59,Active,1.6729184991662882,Inland,0.2,0.0,0.0,0.3242418696287737,0.0,0.3242418696287737,7.281464999205074e-05,0.0
bhopal,2026-07-07,16.8,23.84457778930664,23.26,77.41,Active,1.6729184991662882,Inland,16.8,20.613283361314462,24.44384041017102,7.931914305040335,12.928252744772488,7.931914305040335,0.004117995558741297,0.0
bhubaneswar,2026-07-07,1.3,1.0263705253601074,20.3,85.82,Active,1.6729184991662882,East coast,1.3,0.8095336556434634,0.516898263715348,0.894975872715025,0.06092824760768163,0.894975872715025,0.00011901519692416754,0.0
chandigarh,2026-07-07,3.0,3.8874194622039795,30.73,76.78,Active,1.6729184991662882,Inland,3.0,2.4910647453873986,2.0655371858227642,1.2028811867831164,0.4123216348306387,1.2028811867831164,0.00022032567228310224,0.0
chennai,2026-07-07,0.0,0.0,13.08,80.27,Active,1.6729184991662882,East coast,0.0,0.0,0.0,0.02372848647253343,0.0,0.02372848647253343,0.00011130976846100562,0.0
dehradun,2026-07-07,35.300000000000004,1.2097418308258057,30.32,78.03,Active,1.6729184991662882,Hill / Himalayan orographic,35.300000000000004,48.679272739386846,63.9677017902291,30.0179691016987,40.03602597231057,30.0179691016987,0.03729119998383509,0.0
delhi,2026-07-07,2.1,3.8314437866210938,28.61,77.21,Active,1.6729184991662882,Inland,2.1,1.6107421374321012,1.6141584186411615,0.9405971154247984,0.006310748593840074,0.9405971154247984,0.00010665695918395498,0.0
gangtok,2026-07-07,5.6,43.831398010253906,27.33,88.61,Active,1.6729184991662882,Hill / Himalayan orographic,5.6,4.950862514972687,3.7685886573791496,7.73618174326621,8.87253908514957,7.73618174326621,0.001957406700316174,0.0
guwahati,2026-07-07,12.5,3.7597126960754395,26.14,91.74,Active,1.6729184991662882,Inland,12.5,14.71478446960449,17.72087748250261,8.202767349438197,13.356634251288007,8.202767349438197,0.0006881275958435575,0.0
hyderabad,2026-07-07,0.1,0.0,17.39,78.49,Active,1.6729184991662882,Inland,0.1,0.0,0.0,0.24336561827347905,0.0,0.24336561827347905,7.281464999205074e-05,0.0
jabalpur,2026-07-07,25.0,21.08730125427246,23.18,79.95,Active,1.6729184991662882,Inland,25.0,35.58554966575221,37.22640217635271,23.797231156828214,37.46161634855555,23.797231156828214,0.03936878790308864,0.0
jaipur,2026-07-07,2.1,0.0,26.91,75.79,Active,1.6729184991662882,Inland,2.1,1.6107421374321012,1.6141584186411615,1.2542119199123174,0.4208126214723667,1.2542119199123174,9.705743538404422e-05,0.0
jodhpur,2026-07-07,2.9,20.079835891723633,26.24,73.02,Active,1.6729184991662882,Inland,2.9,2.3965194494530375,1.9711561226075696,1.2162822037599141,0.4170841241523127,1.2162822037599141,0.00012637451092830098,0.0
kochi,2026-07-07,14.200000000000001,0.47519829869270325,9.93,76.27,Active,1.6729184991662882,West-coast orographic,14.200000000000001,17.126895408204156,13.327160745756427,19.745757413423725,27.254556074523027,19.745757413423725,0.005827941158193065,0.0
kolkata,2026-07-07,4.0,20.408246994018555,22.57,88.36,Active,1.6729184991662882,East coast,4.0,3.4743479792277023,2.67359794846552,0.6344005041913484,0.0,0.6344005041913484,0.0002600376934837427,0.0
lucknow,2026-07-07,1.1,0.0,26.85,80.95,Active,1.6729184991662882,Inland,1.1,0.720850233435631,0.5193154317828326,0.9471714225186583,0.00684800052907898,0.9471714225186583,9.483011720640428e-05,0.0
madurai,2026-07-07,0.0,0.0,9.93,78.12,Active,1.6729184991662882,Inland,0.0,0.0,0.0,0.0708724552076806,0.0,0.0708724552076806,0.0002886198079736222,0.0
mangaluru,2026-07-07,40.3,29.28797149658203,12.91,74.86,Active,1.6729184991662882,West-coast orographic,40.3,56.39787344454392,65.74030468973515,47.45684157591671,59.744589366943444,47.45684157591671,0.024010012597079335,0.0
mumbai,2026-07-07,337.90000000000003,74.6938705444336,19.08,72.88,Active,1.6729184991662882,West-coast orographic,337.90000000000003,490.67433333570943,513.268310546875,60.39644145968864,62.08342240845016,70.0,0.5359155059309502,1.0
nagpur,2026-07-07,23.8,2.6193816661834717,21.15,79.09,Active,1.6729184991662882,Inland,23.8,34.02355159960295,36.59871503747069,13.714651668094543,30.776128009015693,13.714651668094543,0.02356605217058856,0.0
panaji,2026-07-07,47.9,12.469501495361328,15.49,73.83,Active,1.6729184991662882,West-coast orographic,47.9,64.28480320351483,68.22861456063045,36.97240761108729,50.30570779493278,36.97240761108729,0.010789940649586353,0.0
patna,2026-07-07,6.8,9.43343734741211,25.59,85.14,Active,1.6729184991662882,Inland,6.8,6.4851072530092635,8.746106033739837,4.199248862341528,8.435974115356881,4.199248862341528,0.00039285417122441804,0.0
pune,2026-07-07,43.9,98.3946304321289,18.52,73.86,Active,1.6729184991662882,Inland,43.9,60.13378754089856,46.59176250860388,51.456588328889914,51.434485564885875,51.456588328889914,0.01248503686442631,0.0
raipur,2026-07-07,7.5,69.33342742919922,21.25,81.63,Active,1.6729184991662882,Inland,7.5,7.28301580323113,9.769129577161532,1.3527600485519191,0.4541458014808139,1.3527600485519191,0.0010833745499985155,0.0
ranchi,2026-07-07,8.6,33.06145477294922,23.34,85.31,Active,1.6729184991662882,Inland,8.6,8.509070189793906,10.528845824817585,2.3445297065880926,2.0993912183256542,2.3445297065880926,0.0009615369469636053,0.0
shillong,2026-07-07,2.9,12.454581260681152,25.58,91.89,Active,1.6729184991662882,Hill / Himalayan orographic,2.9,2.3965194494530375,1.5624685811996462,6.83980470715654,8.721010618092407,6.83980470715654,0.0002537884524671643,0.0
shimla,2026-07-07,29.1,5.094241619110107,31.1,77.17,Active,1.6729184991662882,Hill / Himalayan orographic,29.1,38.52700166131742,61.866882524972006,9.50278663181392,13.56840386422658,9.50278663181392,0.01968922808829255,0.0
srinagar,2026-07-07,0.0,0.2525847554206848,34.08,74.8,Active,1.6729184991662882,Hill / Himalayan orographic,0.0,0.0,0.0,0.5852932328160803,0.0,0.5852932328160803,0.00010993455473827061,0.0
surat,2026-07-07,52.2,100.14783477783203,21.17,72.83,Active,1.6729184991662882,West-coast orographic,52.2,68.7471450408273,68.76860849162584,50.42473005438566,60.93547667046122,70.0,0.3811776641292317,0.0
thiruvananthapuram,2026-07-07,3.0,0.0,8.52,76.94,Active,1.6729184991662882,West-coast orographic,3.0,2.4910647453873986,1.6165463214860836,1.0119012428398027,0.07759594332886198,1.0119012428398027,0.0012263059851545825,0.0
varanasi,2026-07-07,1.4000000000000001,6.351717948913574,25.32,82.97,Active,1.6729184991662882,Inland,1.4000000000000001,0.9008455687761311,0.8460889506340019,0.23487003341714405,0.0,0.23487003341714405,9.763376817541577e-05,0.0
vijayawada,2026-07-07,0.0,0.0,16.51,80.65,Active,1.6729184991662882,Inland,0.0,0.0,0.0,0.043481834206692965,0.0,0.043481834206692965,7.769311863760053e-05,0.0
visakhapatnam,2026-07-07,0.0,0.0,17.69,83.22,Active,1.6729184991662882,East coast,0.0,0.0,0.0,0.010122837648642672,0.0,0.010122837648642672,0.00010818988755497609,0.0
agartala,2026-07-08,15.200000000000001,55.625244140625,23.83,91.29,Active,2.365458822164785,Inland,15.200000000000001,18.686809784829435,17.768874081814406,5.589252400297053,9.94661808130486,5.589252400297053,0.0006673468917425458,0.0
ahmedabad,2026-07-08,2.7,20.025482177734375,23.02,72.57,Active,2.365458822164785,Inland,2.7,2.0971850872039797,1.6285977031625631,5.1861153373732085,9.852987195949012,5.1861153373732085,0.0004986757763837797,0.0
amritsar,2026-07-08,2.3,0.0,31.63,74.87,Active,2.365458822164785,Inland,2.3,1.7815120714902886,1.5144052219162716,2.387404563617879,1.7917841011626343,2.387404563617879,0.00047380680972436374,0.0
bengaluru,2026-07-08,0.0,0.0,12.97,77.59,Active,2.365458822164785,Inland,0.0,0.0,0.0,0.35590024361103373,0.0,0.35590024361103373,0.00011499589985503081,0.0
bhopal,2026-07-08,9.8,10.550080299377441,23.26,77.41,Active,2.365458822164785,Inland,9.8,10.082677326202393,9.819981575012207,7.967939989509556,12.60121919612694,7.967939989509556,0.00035482623147254955,0.0
bhubaneswar,2026-07-08,0.30000000000000004,0.0,20.3,85.82,Active,2.365458822164785,East coast,0.30000000000000004,0.039939377419650604,0.0,1.2909618122817534,0.09900636568120323,1.2909618122817534,0.0009837972573877544,0.0
chandigarh,2026-07-08,3.6999999999999997,1.0541670322418213,30.73,76.78,Active,2.365458822164785,Inland,3.6999999999999997,3.106083106994628,2.7131157353345086,2.1323189680143844,1.5146868523588504,2.1323189680143844,0.00018968726068834113,0.0
chennai,2026-07-08,0.0,0.0,13.08,80.27,Active,2.365458822164785,East coast,0.0,0.0,0.0,0.18826556006376083,0.0,0.18826556006376083,0.00016844869160667115,0.0
dehradun,2026-07-08,11.0,9.916584968566895,30.32,78.03,Active,2.365458822164785,Hill / Himalayan orographic,11.0,12.25818367004395,8.64845841109897,12.317138359175262,14.86731794354833,12.317138359175262,0.0038337407160723594,0.0
delhi,2026-07-08,2.9,40.74845504760742,28.61,77.21,Active,2.365458822164785,Inland,2.9,2.2714407920837405,1.7932561027842597,1.7993296648749746,1.0567968693727865,1.7993296648749746,0.00019886474424105,0.0
gangtok,2026-07-08,10.8,18.21010398864746,27.33,88.61,Active,2.365458822164785,Hill / Himalayan orographic,10.8,11.964625331878668,8.623298475990573,10.577036375453721,13.823875099409412,10.577036375453721,0.0003466205853151147,0.0
guwahati,2026-07-08,18.3,2.3417019844055176,26.14,91.74,Active,2.365458822164785,Inland,18.3,23.649723007767296,30.05141452042373,4.510768846354442,7.599201930837861,4.510768846354442,0.0007361832675890312,0.0
hyderabad,2026-07-08,2.0,0.8947138786315918,17.39,78.49,Active,2.365458822164785,Inland,2.0,1.4929951667785653,1.3417893261765714,2.538245646654641,1.8724971897943055,2.538245646654641,0.00013396560608133738,0.0
jabalpur,2026-07-08,14.4,7.968966484069824,23.18,79.95,Active,2.365458822164785,Inland,14.4,17.586143417358407,16.58309851417614,8.80858131336764,13.227682267613302,8.80858131336764,0.0023835848378990364,0.0
jaipur,2026-07-08,5.7,0.4964376986026764,26.91,75.79,Active,2.365458822164785,Inland,5.7,4.987618583043417,6.006831219049147,4.612944902212467,8.544854639602555,4.612944902212467,0.0004165177693091687,0.0
jodhpur,2026-07-08,10.5,0.027984824031591415,26.24,73.02,Active,2.365458822164785,Inland,10.5,11.524287824630745,11.326814949831624,8.509292416550904,13.01003101831165,8.509292416550904,0.00022493317041933166,0.0
kochi,2026-07-08,15.1,23.762950897216797,9.93,76.27,Active,2.365458822164785,West-coast orographic,15.1,18.584039688110355,13.19039906826004,32.64567338816639,41.803207744548004,32.64567338816639,0.005171938312232734,0.0
kolkata,2026-07-08,9.6,0.002423967234790325,22.57,88.36,Active,2.365458822164785,East coast,9.6,9.667229194641111,8.134302114708351,6.8893282216726615,8.598212924120562,6.8893282216726615,0.0007475776097493527,0.0
lucknow,2026-07-08,0.0,8.530146598815918,26.85,80.95,Active,2.365458822164785,Inland,0.0,0.0,0.0,0.497524417073693,0.0,0.497524417073693,0.0001112553789558542,0.0
madurai,2026-07-08,0.0,0.0,9.93,78.12,Active,2.365458822164785,Inland,0.0,0.0,0.0,0.0748572604451863,0.0,0.0748572604451863,0.00020128557732431167,0.0
mangaluru,2026-07-08,42.1,22.37748146057129,12.91,74.86,Active,2.365458822164785,West-coast orographic,42.1,59.489041010147545,65.76551684801824,48.92383472576638,60.76992039426599,48.92383472576638,0.2399530635534165,0.0
mumbai,2026-07-08,77.8,181.87255859375,19.08,72.88,Active,2.365458822164785,West-coast orographic,77.8,105.65431701287648,74.62684531554481,97.96362385997591,108.77352782303637,97.96362385997591,0.8812773634533884,1.0
nagpur,2026-07-08,3.0,15.774362564086914,21.15,79.09,Active,2.365458822164785,Inland,3.0,2.377830570936203,1.8818102797140948,3.2980382017292738,2.950752577688216,3.2980382017292738,0.0002564437518504119,0.0
panaji,2026-07-08,43.5,13.393777847290039,15.49,73.83,Active,2.365458822164785,West-coast orographic,43.5,61.52464342682668,65.93493926812533,46.69981481391986,58.06168787503333,46.69981481391986,0.11410852141140929,0.0
patna,2026-07-08,5.3,9.56016731262207,25.59,85.14,Active,2.365458822164785,Inland,5.3,4.670585971727759,4.378969499000003,3.4465340147584143,3.201812870388573,3.4465340147584143,0.0008336785569368525,0.0
pune,2026-07-08,19.7,84.62228393554688,18.52,73.86,Active,2.365458822164785,Inland,19.7,26.414200141213172,32.97773023948328,21.019437962283412,32.34228945254961,21.019437962283412,0.0028213649522702156,0.0
raipur,2026-07-08,3.4,0.08476722985506058,21.25,81.63,Active,2.365458822164785,Inland,3.4,2.7559259283131605,2.6565248012542724,2.1662018890815777,1.6213572002676466,2.1662018890815777,0.00026099848633125497,0.0
ranchi,2026-07-08,0.7000000000000001,0.0529266856610775,23.34,85.31,Active,2.365458822164785,Inland,0.7000000000000001,0.3231481134891511,0.08654701158404349,1.4559568937316567,0.4257459542939377,1.4559568937316567,0.00014253262034947034,0.0
shillong,2026-07-08,1.5,13.752472877502441,25.58,91.89,Active,2.365458822164785,Hill / Himalayan orographic,1.5,1.0395760107040402,0.5648469626903535,4.683099978800294,6.526922534840563,4.683099978800294,0.00029341704320766425,0.0
shimla,2026-07-08,8.700000000000001,2.569981575012207,31.1,77.17,Active,2.365458822164785,Hill / Himalayan orographic,8.700000000000001,8.686377217219425,6.74109823116778,4.495300473467355,5.336815464943741,4.495300473467355,0.00029646430802739203,0.0
srinagar,2026-07-08,0.9,0.0,34.08,74.8,Active,2.365458822164785,Hill / Himalayan orographic,0.9,0.5296104621887208,0.06716746896505356,2.0839866587443585,0.851986211338132,2.0839866587443585,0.00013774274305395812,0.0
surat,2026-07-08,17.4,188.0817413330078,21.17,72.83,Active,2.365458822164785,West-coast orographic,17.4,22.069591803917515,15.745732302199785,24.702555022854316,30.82575618074056,24.702555022854316,0.032197044400660096,0.0
thiruvananthapuram,2026-07-08,0.4,0.0,8.52,76.94,Active,2.365458822164785,West-coast orographic,0.4,0.09089521020650865,0.0,2.078174326275998,0.8407180006283048,2.078174326275998,0.0008981117016321103,0.0
varanasi,2026-07-08,3.5,0.28459903597831726,25.32,82.97,Active,2.365458822164785,Inland,3.5,2.846102121185568,2.673973894119263,2.1214149763482713,1.3862953580224777,2.1214149763482713,0.0001965394779053856,0.0
vijayawada,2026-07-08,0.0,0.0,16.51,80.65,Active,2.365458822164785,Inland,0.0,0.0,0.0,0.46318655641250633,0.0,0.46318655641250633,0.00011657714936389158,0.0
visakhapatnam,2026-07-08,0.1,0.23246969282627106,17.69,83.22,Active,2.365458822164785,East coast,0.1,0.0,0.0,0.5845352836127634,0.0,0.5845352836127634,0.00016844869160667115,0.0
agartala,2026-07-09,19.3,93.04306030273438,23.83,91.29,Active,2.111952559888446,Inland,19.3,25.70620607565081,32.310383784866026,7.573889627967272,11.173207834010014,7.573889627967272,0.0016491849219509762,0.0
ahmedabad,2026-07-09,0.30000000000000004,0.0,23.02,72.57,Active,2.111952559888446,Inland,0.30000000000000004,0.039939377419650604,0.0,1.5641099447357887,0.45925879923829543,1.5641099447357887,0.00106228310413533,0.0
amritsar,2026-07-09,1.6,0.32096749544143677,31.63,74.87,Active,2.111952559888446,Inland,1.6,1.0880950069427489,1.00716033577919,2.052294659642617,1.1852362720385472,2.052294659642617,0.0002880091619301129,0.0
bengaluru,2026-07-09,0.0,0.0,12.97,77.59,Active,2.111952559888446,Inland,0.0,0.0,0.0,0.35590024361103373,0.0,0.35590024361103373,0.00011499589985503081,0.0
bhopal,2026-07-09,21.8,1.8800252676010132,23.26,77.41,Active,2.111952559888446,Inland,21.8,30.753083152771005,36.189165859581806,20.642843006856765,32.21547086848362,20.642843006856765,0.0666316180503828,0.0
bhubaneswar,2026-07-09,4.7,0.028124909847974777,20.3,85.82,Active,2.111952559888446,East coast,4.7,4.167568324014044,3.4594527255164262,2.6580742574677165,1.577926592067275,2.6580742574677165,0.0017319566790882117,0.0
chandigarh,2026-07-09,3.2,4.848339557647705,30.73,76.78,Active,2.111952559888446,Inland,3.2,2.626483631134033,2.46736123465806,1.689527645116956,0.9606214221797632,1.689527645116956,0.00018968726068834113,0.0
chennai,2026-07-09,0.0,0.0,13.08,80.27,Active,2.111952559888446,East coast,0.0,0.0,0.0,0.18826556006376083,0.0,0.18826556006376083,0.00016844869160667115,0.0
dehradun,2026-07-09,8.6,80.94876861572266,30.32,78.03,Active,2.111952559888446,Hill / Himalayan orographic,8.6,8.500768074622519,6.654646252861138,4.734008887881162,6.808641294775885,4.734008887881162,0.0004344981373043788,0.0
delhi,2026-07-09,54.1,65.7965316772461,28.61,77.21,Active,2.111952559888446,Inland,54.1,72.06145928762987,62.156157552791385,35.67713235199264,49.28515188945522,35.67713235199264,0.10988492230824272,0.0
gangtok,2026-07-09,11.8,12.090680122375488,27.33,88.61,Active,2.111952559888446,Hill / Himalayan orographic,11.8,13.567682250976567,11.450190847665729,14.738965900973932,17.957887680481658,14.738965900973932,0.0010729681671248345,0.0
guwahati,2026-07-09,36.1,9.824134826660156,26.14,91.74,Active,2.111952559888446,Inland,36.1,50.141543839653096,58.769923720114996,13.746703607858905,25.56099958770235,13.746703607858905,0.003833777307315757,0.0
hyderabad,2026-07-09,0.1,0.8431906700134277,17.39,78.49,Active,2.111952559888446,Inland,0.1,0.0,0.0,0.7821850423668976,0.0,0.7821850423668976,0.00011657714936389158,0.0
jabalpur,2026-07-09,8.9,7.639697551727295,23.18,79.95,Active,2.111952559888446,Inland,8.9,8.954597677933542,8.740058070323505,8.753391166964922,13.187546450877514,8.753391166964922,0.0003668161720218318,0.0
jaipur,2026-07-09,5.5,0.0,26.91,75.79,Active,2.111952559888446,Inland,5.5,4.825141010284425,5.08696506461582,4.568586455834366,8.439962991318206,4.568586455834366,0.0013512778558167273,0.0
jodhpur,2026-07-09,0.0,0.0,26.24,73.02,Active,2.111952559888446,Inland,0.0,0.0,0.0,0.20645926799697417,0.0,0.20645926799697417,0.00011630688133788979,0.0
kochi,2026-07-09,15.6,7.8145318031311035,9.93,76.27,Active,2.111952559888446,West-coast orographic,15.6,19.097890171705757,13.5665544758004,29.35222197906224,37.06164699886669,29.35222197906224,0.004874023433684661,0.0
kolkata,2026-07-09,7.9,0.0723559707403183,22.57,88.36,Active,2.111952559888446,East coast,7.9,7.629325819015503,6.158007502220045,2.7061111183371587,1.6091381221631305,2.7061111183371587,0.0007475776097493527,0.0
lucknow,2026-07-09,4.4,8.001133918762207,26.85,80.95,Active,2.111952559888446,Inland,4.4,3.885871616999309,3.8717900618587624,3.929687596571277,5.068359959094231,3.929687596571277,0.0005829619995509446,0.0
madurai,2026-07-09,0.0,0.0,9.93,78.12,Active,2.111952559888446,Inland,0.0,0.0,0.0,0.0748572604451863,0.0,0.0748572604451863,0.00020128557732431167,0.0
mangaluru,2026-07-09,42.3,7.657925128936768,12.91,74.86,Active,2.111952559888446,West-coast orographic,42.3,59.80062424916402,65.78972005089068,48.92383472576638,60.76992039426599,48.92383472576638,0.2399530635534165,0.0
mumbai,2026-07-09,47.2,108.25971221923828,19.08,72.88,Active,2.111952559888446,West-coast orographic,47.2,65.20258858578629,66.3826985212655,97.63928135981838,107.38253874978355,97.63928135981838,0.5796414829450772,0.0
nagpur,2026-07-09,35.599999999999994,14.64494514465332,21.15,79.09,Active,2.111952559888446,Inland,35.599999999999994,49.36258574211188,58.67586166920732,21.461622994062456,32.49672699509565,21.461622994062456,0.12197795168978785,0.0
panaji,2026-07-09,36.2,2.384279727935791,15.49,73.83,Active,2.111952559888446,West-coast orographic,36.2,50.29733545916134,64.64607531877144,27.871651167300197,34.9300787532122,27.871651167300197,0.1237956250037336,0.0
patna,2026-07-09,9.4,6.818983554840088,25.59,85.14,Active,2.111952559888446,Inland,9.4,9.501043300628663,9.31176471710205,8.841412587757617,13.251558087809597,8.841412587757617,0.0002692040674270226,0.0
pune,2026-07-09,20.7,15.35200309753418,18.52,73.86,Active,2.111952559888446,Inland,20.7,28.61774045217876,34.59907874119692,29.88822500154146,39.069964979364606,29.88822500154146,0.013137849895691561,0.0
raipur,2026-07-09,5.3,0.07072243839502335,21.25,81.63,Active,2.111952559888446,Inland,5.3,4.670585971727759,4.378969499000003,3.233349218090498,2.8709035493666915,3.233349218090498,0.002576581256477623,0.0
ranchi,2026-07-09,1.4,0.0,23.34,85.31,Active,2.111952559888446,Inland,1.4,0.8769312930107118,0.5245807707309723,2.275199217760195,1.7309528689833398,2.275199217760195,0.00014253262034947034,0.0
shillong,2026-07-09,12.6,48.85114288330078,25.58,91.89,Active,2.111952559888446,Hill / Himalayan orographic,12.6,14.743538040178533,12.101212761359301,5.6583625150847805,8.28400195391067,5.6583625150847805,0.0008652404986757887,0.0
shimla,2026-07-09,18.1,9.305025100708008,31.1,77.17,Active,2.111952559888446,Hill / Himalayan orographic,18.1,23.183373855779205,16.443808728810907,4.834284636601342,7.448106407499523,4.834284636601342,0.005873281477070459,0.0
srinagar,2026-07-09,0.2,0.6714110374450684,34.08,74.8,Active,2.111952559888446,Hill / Himalayan orographic,0.2,0.0,0.0,1.6651825957492055,0.49525616612181117,1.6651825957492055,0.00010110001511783444,0.0
surat,2026-07-09,14.600000000000001,0.0,21.17,72.83,Active,2.111952559888446,West-coast orographic,14.600000000000001,17.87125663757325,12.814243660719681,14.668431471755877,17.768356053532877,14.668431471755877,0.009293386611626488,0.0
thiruvananthapuram,2026-07-09,0.0,0.0,8.52,76.94,Active,2.111952559888446,West-coast orographic,0.0,0.0,0.0,1.0648646840316613,0.07139992849471681,1.0648646840316613,0.0005597158643929794,0.0
varanasi,2026-07-09,2.5,0.006511717569082975,25.32,82.97,Active,2.111952559888446,Inland,2.5,1.9390810648600272,1.5715014625394175,2.438270141733282,1.8190016060497423,2.438270141733282,0.0001965394779053856,0.0
vijayawada,2026-07-09,0.0,0.0,16.51,80.65,Active,2.111952559888446,Inland,0.0,0.0,0.0,0.46318655641250633,0.0,0.46318655641250633,0.00011657714936389158,0.0
visakhapatnam,2026-07-09,0.30000000000000004,0.6386931538581848,17.69,83.22,Active,2.111952559888446,East coast,0.30000000000000004,0.039939377419650604,0.0,0.8338095127655608,0.0,0.8338095127655608,0.0009994969686916988,0.0
agartala,2026-07-10,4.0,18.856870651245117,23.83,91.29,Active,1.4050803220426669,Inland,4.0,3.337420537471772,2.8796078467369077,4.600368663212572,8.51511639253518,4.600368663212572,0.00014560917204031244,0.0
ahmedabad,2026-07-10,0.0,0.0,23.02,72.57,Active,1.4050803220426669,Inland,0.0,0.0,0.0,0.6518454473674813,0.0,0.6518454473674813,0.0001591716812831467,0.0
amritsar,2026-07-10,0.1,0.0,31.63,74.87,Active,1.4050803220426669,Inland,0.1,0.0,0.0,0.7050476108006201,0.0,0.7050476108006201,0.00018497641820155571,0.0
bengaluru,2026-07-10,0.0,0.0,12.97,77.59,Active,1.4050803220426669,Inland,0.0,0.0,0.0,0.2522214231446447,0.0,0.2522214231446447,0.00011499589985503081,0.0
bhopal,2026-07-10,0.30000000000000004,0.25261861085891724,23.26,77.41,Active,1.4050803220426669,Inland,0.30000000000000004,0.039939377419650604,0.0,1.0516792880025327,0.08906290327319702,1.0516792880025327,0.000592530404850988,0.0
bhubaneswar,2026-07-10,9.3,0.0,20.3,85.82,Active,1.4050803220426669,East coast,9.3,9.417950353622437,8.098594409718233,9.478404142416027,12.285747468396314,9.478404142416027,0.0007119060704877501,0.0
chandigarh,2026-07-10,29.7,86.47807312011719,30.73,76.78,Active,1.4050803220426669,Inland,29.7,40.23928655710063,53.93174700834314,9.840912131930233,14.904830316349846,9.840912131930233,0.06871282101271099,0.0
chennai,2026-07-10,0.0,5.805654525756836,13.08,80.27,Active,1.4050803220426669,East coast,0.0,0.0,0.0,0.17432154645173095,0.0,0.17432154645173095,0.00016844869160667115,0.0
dehradun,2026-07-10,4.3,22.782176971435547,30.32,78.03,Active,1.4050803220426669,Hill / Himalayan orographic,4.3,3.7814092381795246,2.8450972256960565,2.8927180493765077,1.7154231245169658,2.8927180493765077,0.00020648217786791952,0.0
delhi,2026-07-10,22.7,30.075075149536133,28.61,77.21,Active,1.4050803220426669,Inland,22.7,32.4664223589216,37.49014622916943,9.224666410428952,13.53027097756684,9.224666410428952,0.05238883860294819,0.0
gangtok,2026-07-10,27.3,21.951217651367188,27.33,88.61,Active,1.4050803220426669,Hill / Himalayan orographic,27.3,38.000818221480785,60.957307479715794,7.869708278077404,11.050545679280251,7.869708278077404,0.002894776649305599,0.0
guwahati,2026-07-10,35.7,17.248029708862305,26.14,91.74,Active,1.4050803220426669,Inland,35.7,49.51837736162014,58.694674079388854,12.935377304261184,22.573968291708074,12.935377304261184,0.0034097281694977304,0.0
hyderabad,2026-07-10,1.1,1.6898126602172852,17.39,78.49,Active,1.4050803220426669,Inland,1.1,0.7011071592569348,0.4297953794313514,1.070541299948165,0.0899447146807594,1.070541299948165,0.00013396560608133738,0.0
jabalpur,2026-07-10,17.8,0.9963657855987549,23.18,79.95,Active,1.4050803220426669,Inland,17.8,22.656663454495945,28.96311163897432,10.736444896187665,16.570322179728066,10.736444896187665,0.007396190564814609,0.0
jaipur,2026-07-10,1.0,0.0,26.91,75.79,Active,1.4050803220426669,Inland,1.0,0.6290702271461486,0.422129807472229,1.0731380357355833,0.09006611377892407,1.0731380357355833,0.00019973622301244605,0.0
jodhpur,2026-07-10,0.0,0.0,26.24,73.02,Active,1.4050803220426669,Inland,0.0,0.0,0.0,0.10925227437317586,0.0,0.10925227437317586,0.00010339964800763027,0.0
kochi,2026-07-10,3.1,10.433661460876465,9.93,76.27,Active,1.4050803220426669,West-coast orographic,3.1,2.4842203497886657,1.620949722528458,24.02408927180239,30.462149413305237,24.02408927180239,0.0020530105654309014,0.0
kolkata,2026-07-10,9.1,4.033361911773682,22.57,88.36,Active,1.4050803220426669,East coast,9.1,9.208104163721988,8.074789273058155,6.803622789008061,8.58211224330753,6.803622789008061,0.0006646612571807507,0.0
lucknow,2026-07-10,14.3,88.43318939208984,26.85,80.95,Active,1.4050803220426669,Inland,14.3,17.443586807250984,16.49256100030072,9.61296286880802,14.058122201879572,9.61296286880802,0.001860509155049734,0.0
madurai,2026-07-10,0.0,0.0,9.93,78.12,Active,1.4050803220426669,Inland,0.0,0.0,0.0,0.03212816259508495,0.0,0.03212816259508495,0.00020128557732431167,0.0
mangaluru,2026-07-10,19.5,6.506923675537109,12.91,74.86,Active,1.4050803220426669,West-coast orographic,19.5,26.060203108431992,27.63618991228999,28.438270372080577,35.745836766738385,28.438270372080577,0.009056271522920586,0.0
mumbai,2026-07-10,1.9000000000000001,0.6045691967010498,19.08,72.88,Active,1.4050803220426669,West-coast orographic,1.9000000000000001,1.4174968814849853,1.040078043511936,9.933674726238275,12.79603678690918,9.933674726238275,0.0009235106664911418,0.0
nagpur,2026-07-10,4.9,0.1647908240556717,21.15,79.09,Active,1.4050803220426669,Inland,4.9,4.343229546085483,4.12902984434969,3.4061458746638515,3.1335290712233124,3.4061458746638515,0.0008845284772310344,0.0
panaji,2026-07-10,10.0,1.2222208976745605,15.49,73.83,Active,1.4050803220426669,West-coast orographic,10.0,10.747387695312495,8.403420480963298,13.887446630067705,16.190275845390598,13.887446630067705,0.000320628596889771,0.0
patna,2026-07-10,0.1,5.2292375564575195,25.59,85.14,Active,1.4050803220426669,Inland,0.1,0.0,0.0,0.7204218420986107,0.0,0.7204218420986107,9.890868400024653e-05,0.0
pune,2026-07-10,0.7000000000000001,0.1220024824142456,18.52,73.86,Active,1.4050803220426669,Inland,0.7000000000000001,0.3231481134891511,0.08654701158404349,2.355877982080157,1.7748729204570286,2.355877982080157,0.00014520138437719408,0.0
raipur,2026-07-10,28.1,0.11867411434650421,21.25,81.63,Active,1.4050803220426669,Inland,28.1,38.73131288388662,50.06345277903032,20.827616849639153,32.275294011464595,20.827616849639153,0.1130840207319126,0.0
ranchi,2026-07-10,11.9,1.1706093549728394,23.34,85.31,Active,1.4050803220426669,Inland,11.9,13.768668004989628,12.879625355005267,13.042037752338118,22.96665628301045,13.042037752338118,0.0018371818188742393,0.0
shillong,2026-07-10,0.9,9.2066068649292,25.58,91.89,Active,1.4050803220426669,Hill / Himalayan orographic,0.9,0.5296104621887208,0.06716746896505356,3.5974553164021303,2.659136182015699,3.5974553164021303,0.0002608600199235877,0.0
shimla,2026-07-10,42.2,53.697959899902344,31.1,77.17,Active,1.4050803220426669,Hill / Himalayan orographic,42.2,59.64483262965579,65.77761844945447,34.939095173285494,44.27690461476519,34.939095173285494,0.10081157424350971,0.0
srinagar,2026-07-10,0.2,0.0,34.08,74.8,Active,1.4050803220426669,Hill / Himalayan orographic,0.2,0.0,0.0,1.4267755779091351,0.2983605940407739,1.4267755779091351,8.9880222157853e-05,0.0
surat,2026-07-10,1.2000000000000002,0.0,21.17,72.83,Active,1.4050803220426669,West-coast orographic,1.2000000000000002,0.7410976931452751,0.34304408609867154,2.0117206094893185,0.7118859891630877,2.0117206094893185,0.000921705254756566,0.0
thiruvananthapuram,2026-07-10,0.0,1.0561866760253906,8.52,76.94,Active,1.4050803220426669,West-coast orographic,0.0,0.0,0.0,0.8790291899205955,0.0,0.8790291899205955,0.0005597158643929794,0.0
varanasi,2026-07-10,15.200000000000001,88.96619415283203,25.32,82.97,Active,1.4050803220426669,Inland,15.200000000000001,18.686809784829435,17.768874081814406,10.89372875869329,16.875400809811865,10.89372875869329,0.006830075730515269,0.0
vijayawada,2026-07-10,0.9,0.020579295232892036,16.51,80.65,Active,1.4050803220426669,Inland,0.9,0.5296104621887208,0.18105738848447891,0.9293303053686223,0.0,0.9293303053686223,0.00013396560608133738,0.0
visakhapatnam,2026-07-10,25.5,0.0,17.69,83.22,Active,1.4050803220426669,East coast,25.5,36.72720697473599,53.85998253170866,39.58001764548076,49.39177169343846,39.58001764548076,0.23479846894205691,0.0
agartala,2026-07-11,8.6,18.27634620666504,23.83,91.29,Normal,-0.3063106090041085,Inland,8.6,8.500768074622519,7.3590771770477295,7.811272725680182,14.090397704625754,7.811272725680182,0.0009165056638168115,0.0
ahmedabad,2026-07-11,0.0,0.0,23.02,72.57,Normal,-0.3063106090041085,Inland,0.0,0.0,0.0,0.45641635101500727,0.0,0.45641635101500727,0.000397017571938919,0.0
amritsar,2026-07-11,0.0,23.050254821777344,31.63,74.87,Normal,-0.3063106090041085,Inland,0.0,0.0,0.0,1.835145162282565,0.8605383931860587,1.835145162282565,0.00046249787951653716,0.0
bengaluru,2026-07-11,0.9,0.052329983562231064,12.97,77.59,Normal,-0.3063106090041085,Inland,0.9,0.5296104621887208,0.621245675086975,1.6602915104658489,0.6677580825329501,1.6602915104658489,0.00018941354817671586,0.0
bhopal,2026-07-11,0.0,0.0,23.26,77.41,Normal,-0.3063106090041085,Inland,0.0,0.0,0.0,1.0280277014288162,0.05108526196750678,1.0280277014288162,0.00020620101048093555,0.0
bhubaneswar,2026-07-11,3.5,22.28608512878418,20.3,85.82,Normal,-0.3063106090041085,East coast,3.5,2.846102121185568,3.149591709256798,3.377522160382586,4.0462167884645375,3.377522160382586,0.0021314492598185214,0.0
chandigarh,2026-07-11,1.4000000000000001,11.346734046936035,30.73,76.78,Normal,-0.3063106090041085,Inland,1.4000000000000001,0.8769312930107122,0.8937085342407228,5.41850886332084,7.97544324466736,5.41850886332084,0.0003494778597520866,0.0
chennai,2026-07-11,0.0,0.0,13.08,80.27,Normal,-0.3063106090041085,East coast,0.0,0.0,0.0,0.5364890450094985,0.0,0.5364890450094985,0.0003532889865568086,0.0
dehradun,2026-07-11,1.0,18.544578552246094,30.32,78.03,Normal,-0.3063106090041085,Hill / Himalayan orographic,1.0,0.6290702271461486,0.06143541183322665,5.414068078412412,3.3398206443416947,5.414068078412412,0.0006402412667921585,0.0
delhi,2026-07-11,0.0,0.0,28.61,77.21,Normal,-0.3063106090041085,Inland,0.0,0.0,0.0,1.1421620838538138,0.11909676784171887,1.1421620838538138,0.0002212071336388642,0.0
gangtok,2026-07-11,33.1,7.856900691986084,27.33,88.61,Normal,-0.3063106090041085,Hill / Himalayan orographic,33.1,45.220833562447424,56.80135718834926,33.80094008835298,57.043879804881584,33.80094008835298,0.002226555852536049,0.0
guwahati,2026-07-11,21.2,4.288941383361816,26.14,91.74,Normal,-0.3063106090041085,Inland,21.2,29.606631317138685,23.848451761099007,6.9748216803717185,12.534642577703085,6.9748216803717185,0.002471238576318529,0.0
hyderabad,2026-07-11,0.0,0.0,17.39,78.49,Normal,-0.3063106090041085,Inland,0.0,0.0,0.0,0.8780845536869804,0.0,0.8780845536869804,0.0001505285087576951,0.0
jabalpur,2026-07-11,4.2,3.7021167278289795,23.18,79.95,Normal,-0.3063106090041085,Inland,4.2,3.6769468593597416,3.417784633636475,5.9236705181797005,9.544041397714306,5.9236705181797005,0.0007572751547976552,0.0
jaipur,2026-07-11,0.0,0.0,26.91,75.79,Normal,-0.3063106090041085,Inland,0.0,0.0,0.0,0.5346069533536298,0.0,0.5346069533536298,0.0002388088447399509,0.0
jodhpur,2026-07-11,0.0,0.0,26.24,73.02,Normal,-0.3063106090041085,Inland,0.0,0.0,0.0,0.07210505889353035,0.0,0.07210505889353035,0.0001813476097873036,0.0
kochi,2026-07-11,2.2,41.68895721435547,9.93,76.27,Normal,-0.3063106090041085,West-coast orographic,2.2,1.7029950892925265,4.167099819183351,18.2186964348848,20.509802315401547,18.2186964348848,0.03388206630388355,0.0
kolkata,2026-07-11,1.7,6.505245208740234,22.57,88.36,Normal,-0.3063106090041085,East coast,1.7,1.1366140031814576,1.2293791369597118,2.4348397256876386,1.1760888618168135,2.4348397256876386,0.0007181411475695377,0.0
lucknow,2026-07-11,2.3000000000000003,39.648216247558594,26.85,80.95,Normal,-0.3063106090041085,Inland,2.3000000000000003,1.7815120714902888,1.7930020093917847,3.788051900488736,5.2156698681731335,3.788051900488736,0.000529158517203245,0.0
madurai,2026-07-11,0.8,0.0,9.93,78.12,Normal,-0.3063106090041085,Inland,0.8,0.4039231643080712,0.4739383375644686,0.6900453979769975,0.0,0.6900453979769975,0.0002648433281861945,0.0
mangaluru,2026-07-11,6.7,17.916208267211914,12.91,74.86,Normal,-0.3063106090041085,West-coast orographic,6.7,6.4160557100849545,13.142455048654591,16.332720311139752,19.212896334949015,16.332720311139752,0.008414257580027909,0.0
mumbai,2026-07-11,1.3,0.0,19.08,72.88,Normal,-0.3063106090041085,West-coast orographic,1.3,0.7810882270336154,2.1725590610504164,8.633019114999623,7.9611154035964296,8.633019114999623,0.0043133165947773,0.0
nagpur,2026-07-11,0.30000000000000004,0.00425116578117013,21.15,79.09,Normal,-0.3063106090041085,Inland,0.30000000000000004,0.039939377419650604,0.08494664669036868,2.1591536590308156,1.4102743184105864,2.1591536590308156,0.0007200564812053156,0.0
panaji,2026-07-11,3.5,1.868302345275879,15.49,73.83,Normal,-0.3063106090041085,West-coast orographic,3.5,2.846102121185568,6.834009801888759,14.947563418533944,18.229821935016574,14.947563418533944,0.0028889664944966574,0.0
patna,2026-07-11,16.7,34.53827667236328,25.59,85.14,Normal,-0.3063106090041085,Inland,16.7,21.04221641540527,17.161679822626244,21.615046535743787,35.155843607642765,21.615046535743787,0.019728801012133347,0.0
pune,2026-07-11,0.1,0.0,18.52,73.86,Normal,-0.3063106090041085,Inland,0.1,0.0,0.0,2.2498007740404886,1.554161810789281,2.2498007740404886,0.00016959309907772416,0.0
raipur,2026-07-11,8.600000000000001,0.0,21.25,81.63,Normal,-0.3063106090041085,Inland,8.600000000000001,8.500768074622522,7.359077177047731,6.459092007206406,11.360515559779815,6.459092007206406,0.002084222775256755,0.0
ranchi,2026-07-11,50.9,12.209683418273926,23.34,85.31,Normal,-0.3063106090041085,Inland,50.9,68.88053374474589,57.13211911053326,29.242904051767557,43.474804071230714,29.242904051767557,0.016244832144549817,0.0
shillong,2026-07-11,3.8000000000000003,4.709646701812744,25.58,91.89,Normal,-0.3063106090041085,Hill / Himalayan orographic,3.8000000000000003,3.183195583820343,1.2821505734795018,8.456325598837344,8.13357152196808,8.456325598837344,0.0025320739924197594,0.0
shimla,2026-07-11,3.7,28.624568939208984,31.1,77.17,Normal,-0.3063106090041085,Hill / Himalayan orographic,3.7,3.1060831069946286,1.2612369098161396,8.456297476508425,8.13352468340527,8.456297476508425,0.0009028572591768089,0.0
srinagar,2026-07-11,0.9,0.0,34.08,74.8,Normal,-0.3063106090041085,Hill / Himalayan orographic,0.9,0.5296104621887208,0.03470989696681497,3.726572694649423,1.7957299938547826,3.726572694649423,0.0003852848811130543,0.0
surat,2026-07-11,0.2,1.387267827987671,21.17,72.83,Normal,-0.3063106090041085,West-coast orographic,0.2,0.0,0.0,2.397760170085898,1.2383973798841348,2.397760170085898,0.00220395702359888,0.0
thiruvananthapuram,2026-07-11,0.0,0.9700886011123657,8.52,76.94,Normal,-0.3063106090041085,West-coast orographic,0.0,0.0,0.0,1.2004974321782762,0.4456823978581067,1.2004974321782762,0.0008761958366396577,0.0
varanasi,2026-07-11,3.6999999999999997,0.12365645170211792,25.32,82.97,Normal,-0.3063106090041085,Inland,3.6999999999999997,3.106083106994628,2.7414401054382322,3.160627641582015,3.273892390448326,3.160627641582015,0.0006693314058090511,0.0
vijayawada,2026-07-11,0.0,0.0,16.51,80.65,Normal,-0.3063106090041085,Inland,0.0,0.0,0.0,0.9641198032067237,0.023776356905370295,0.9641198032067237,0.00015671709452335107,0.0
visakhapatnam,2026-07-11,0.2,0.0,17.69,83.22,Normal,-0.3063106090041085,East coast,0.2,0.0,0.06962125390768042,1.115165299508527,0.07495143814574437,1.115165299508527,0.0003392916172476628,0.0
agartala,2026-07-12,10.9,10.346899032592773,23.83,91.29,Normal,-0.827121377230841,Inland,10.9,12.11140450096131,10.132251687219306,6.723513505831691,11.975841526309438,6.723513505831691,0.0016955499435120588,0.0
ahmedabad,2026-07-12,0.0,0.0,23.02,72.57,Normal,-0.827121377230841,Inland,0.0,0.0,0.0,0.32928757027574096,0.0,0.32928757027574096,0.0003420382446926944,0.0
amritsar,2026-07-12,2.4,14.131348609924316,31.63,74.87,Normal,-0.827121377230841,Inland,2.4,1.8600290536880508,1.866382805506388,5.161996824262986,7.64575816759607,5.161996824262986,0.0019485236521847747,0.0
bengaluru,2026-07-12,0.0,0.0,12.97,77.59,Normal,-0.827121377230841,Inland,0.0,0.0,0.0,0.8143217250568238,0.0,0.8143217250568238,0.00015069492674876962,0.0
bhopal,2026-07-12,0.0,0.0,23.26,77.41,Normal,-0.827121377230841,Inland,0.0,0.0,0.0,1.2335542144263858,0.1662695304358367,1.2335542144263858,0.00018101874469427244,0.0
bhubaneswar,2026-07-12,0.1,2.1515555381774902,20.3,85.82,Normal,-0.827121377230841,East coast,0.1,0.0,0.015536707490682616,2.5623327727920775,1.2664666401777356,2.5623327727920775,0.0002551697772901497,0.0
chandigarh,2026-07-12,7.1,0.0,30.73,76.78,Normal,-0.827121377230841,Inland,7.1,7.004687302505902,6.000300901907463,5.771759361709854,9.119173806368797,5.771759361709854,0.002037555978426086,0.0
chennai,2026-07-12,0.0,0.0,13.08,80.27,Normal,-0.827121377230841,East coast,0.0,0.0,0.0,1.2339444377922095,0.1086801145324788,1.2339444377922095,0.0002551597009734284,0.0
dehradun,2026-07-12,14.2,7.084683895111084,30.32,78.03,Normal,-0.827121377230841,Hill / Himalayan orographic,14.2,17.30103019714356,17.981646183480464,15.1513904602495,26.270174189863564,15.1513904602495,0.017609445170968824,0.0
delhi,2026-07-12,0.3,0.0,28.61,77.21,Normal,-0.827121377230841,Inland,0.3,0.0,0.011625790856778593,2.8834477933840685,2.559088912254306,2.8834477933840685,0.0001666957035260996,0.0
gangtok,2026-07-12,11.2,4.269769668579102,27.33,88.61,Normal,-0.827121377230841,Hill / Himalayan orographic,11.2,12.540800197601323,9.391688878129168,19.581776136953227,35.53062465312546,19.581776136953227,0.004329354932761821,0.0
guwahati,2026-07-12,30.9,6.848470687866211,26.14,91.74,Normal,-0.827121377230841,Inland,30.9,41.459275422621246,36.10087717331028,4.851160232018864,7.1856945777560295,4.851160232018864,0.0034984781486401637,0.0
hyderabad,2026-07-12,0.0,0.0,17.39,78.49,Normal,-0.827121377230841,Inland,0.0,0.0,0.0,1.1207726147153703,0.10445134170949243,1.1207726147153703,0.0001565624090141443,0.0
jabalpur,2026-07-12,0.0,0.0,23.18,79.95,Normal,-0.827121377230841,Inland,0.0,0.0,0.0,1.73126093848555,0.7425546632676897,1.73126093848555,0.0002206077757577213,0.0
jaipur,2026-07-12,0.0,0.0,26.91,75.79,Normal,-0.827121377230841,Inland,0.0,0.0,0.0,1.012011478056951,0.04544261521513521,1.012011478056951,0.00016271426062933802,0.0
jodhpur,2026-07-12,0.0,0.0,26.24,73.02,Normal,-0.827121377230841,Inland,0.0,0.0,0.0,0.2615115636608309,0.0,0.2615115636608309,0.0001801757320509209,0.0
kochi,2026-07-12,2.3000000000000003,9.340295791625977,9.93,76.27,Normal,-0.827121377230841,West-coast orographic,2.3000000000000003,1.7815120714902888,4.376401748657226,25.964537132428084,33.28503444259997,25.964537132428084,0.004392328576264862,0.0
kolkata,2026-07-12,1.4000000000000001,0.27348101139068604,22.57,88.36,Normal,-0.827121377230841,East coast,1.4000000000000001,0.8769312930107122,1.0466173076629641,3.2802486563365183,3.4562396441262617,3.2802486563365183,0.0006269961424385414,0.0
lucknow,2026-07-12,5.0,1.1969327926635742,26.85,80.95,Normal,-0.827121377230841,Inland,5.0,4.428271468993152,4.190511403083806,10.24461612938253,19.57019149253889,10.24461612938253,0.006308855829046882,0.0
madurai,2026-07-12,0.7,0.0,9.93,78.12,Normal,-0.827121377230841,Inland,0.7,0.25577419966459264,0.3176881551742552,0.9345854544412041,0.007972215806991345,0.9345854544412041,0.00029428814676006544,0.0
mangaluru,2026-07-12,5.1000000000000005,2.433096408843994,12.91,74.86,Normal,-0.827121377230841,West-coast orographic,5.1000000000000005,4.513313391900824,10.802767585779575,33.171971819349864,38.58239402502664,33.171971819349864,0.10331495709847713,0.0
mumbai,2026-07-12,1.4000000000000001,0.0,19.08,72.88,Normal,-0.827121377230841,West-coast orographic,1.4000000000000001,0.8769312930107122,2.563281174123721,10.104322180130753,9.566298102570936,10.104322180130753,0.002293526727185018,0.0
nagpur,2026-07-12,0.0,0.0,21.15,79.09,Normal,-0.827121377230841,Inland,0.0,0.0,0.0,1.3978685339693526,0.29738033322403107,1.3978685339693526,0.00017603249383826868,0.0
panaji,2026-07-12,1.6,1.3444278240203857,15.49,73.83,Normal,-0.827121377230841,West-coast orographic,1.6,1.0880950069427489,2.7810983652365002,7.670188509244644,6.8823913597557125,7.670188509244644,0.0012496260779189861,0.0
patna,2026-07-12,9.4,6.006288051605225,25.59,85.14,Normal,-0.827121377230841,Inland,9.4,9.501043300628663,7.980566883087161,7.348774751246719,13.291474869697723,7.348774751246719,0.0008569537220139274,0.0
pune,2026-07-12,0.0,0.0,18.52,73.86,Normal,-0.827121377230841,Inland,0.0,0.0,0.0,1.5674452248165565,0.554713687534276,1.5674452248165565,0.00015524628387695452,0.0
raipur,2026-07-12,6.9,0.4318348467350006,21.25,81.63,Normal,-0.827121377230841,Inland,6.9,6.796556318959897,5.780869178771973,6.080007052988137,9.900748848678797,6.080007052988137,0.0010887916750317334,0.0
ranchi,2026-07-12,11.0,0.21170674264431,23.34,85.31,Normal,-0.827121377230841,Inland,11.0,12.25818367004395,10.278265111700536,8.65469084314305,16.313314754171206,8.65469084314305,0.002346716668616205,0.0
shillong,2026-07-12,8.0,31.67928695678711,25.58,91.89,Normal,-0.827121377230841,Hill / Himalayan orographic,8.0,7.729370613098144,4.217942542717106,9.566796264012941,9.457221659435314,9.566796264012941,0.006263148145782709,0.0
shimla,2026-07-12,20.1,5.049696445465088,31.1,77.17,Normal,-0.827121377230841,Hill / Himalayan orographic,20.1,27.270202604948498,34.90048844110399,8.768245224059473,8.801095676291165,8.768245224059473,0.011211571698186686,0.0
srinagar,2026-07-12,6.2,0.7770425081253052,34.08,74.8,Normal,-0.827121377230841,Hill / Himalayan orographic,6.2,5.630677899689405,2.795020036697388,0.4094790498295411,0.0,0.4094790498295411,0.00266615963760219,0.0
surat,2026-07-12,0.8,0.0,21.17,72.83,Normal,-0.827121377230841,West-coast orographic,0.8,0.4039231643080712,1.0490693402290348,3.824748846378419,2.8326238480654635,3.824748846378419,0.0032930218678340114,0.0
thiruvananthapuram,2026-07-12,0.0,0.0,8.52,76.94,Normal,-0.827121377230841,West-coast orographic,0.0,0.0,0.0,1.3404967447586884,0.5468660561049458,1.3404967447586884,0.0005167598311880345,0.0
varanasi,2026-07-12,0.6000000000000001,0.06392324715852737,25.32,82.97,Normal,-0.827121377230841,Inland,0.6000000000000001,0.19576396048069006,0.26338684916496286,2.648770828442343,2.2754765773913315,2.648770828442343,0.0003366423783390369,0.0
vijayawada,2026-07-12,0.0,0.0,16.51,80.65,Normal,-0.827121377230841,Inland,0.0,0.0,0.0,1.6397145389978334,0.6410870471075331,1.6397145389978334,0.00017219671863020003,0.0
visakhapatnam,2026-07-12,0.0,0.0,17.69,83.22,Normal,-0.827121377230841,East coast,0.0,0.0,0.0,1.1934765935851612,0.08664022878714302,1.1934765935851612,0.0002450492774671884,0.0
agartala,2026-07-13,58.9,26.885644912719727,23.83,91.29,Break,-1.1055749264503065,Inland,58.9,76.99528650592411,29.260785909799427,16.238784934242574,30.112839487805658,16.238784934242574,0.0015265915043742087,0.0
ahmedabad,2026-07-13,0.0,0.0,23.02,72.57,Break,-1.1055749264503065,Inland,0.0,0.0,0.0,0.5011509514947722,0.0,0.5011509514947722,0.0003842249080084348,0.0
amritsar,2026-07-13,3.6,5.106414318084717,31.63,74.87,Break,-1.1055749264503065,Inland,3.6,2.9760926140900983,2.7495150566101074,5.690840129901794,13.966382971391171,5.690840129901794,0.0007187160295334064,0.0
bengaluru,2026-07-13,0.0,0.0,12.97,77.59,Break,-1.1055749264503065,Inland,0.0,0.0,0.0,0.6659083151174509,0.0,0.6659083151174509,0.00011308186092129107,0.0
bhopal,2026-07-13,0.0,0.0,23.26,77.41,Break,-1.1055749264503065,Inland,0.0,0.0,0.0,0.9793727098322663,0.0846705234927518,0.9793727098322663,0.0001382168404983029,0.0
bhubaneswar,2026-07-13,0.5,0.11249963939189911,20.3,85.82,Break,-1.1055749264503065,East coast,0.5,0.1544936856627465,0.009521546533383513,3.5806073373493112,8.115121079295283,3.5806073373493112,0.0002872857684747061,0.0
chandigarh,2026-07-13,0.7,0.262224406003952,30.73,76.78,Break,-1.1055749264503065,Inland,0.7,0.25577419966459264,0.0603213822469115,2.4842218374514573,6.211032615701423,2.4842218374514573,0.00019730138718661877,0.0
chennai,2026-07-13,0.0,0.0,13.08,80.27,Break,-1.1055749264503065,East coast,0.0,0.0,0.0,1.003890347413691,0.11393444851931711,1.003890347413691,0.00018657499034208924,0.0
dehradun,2026-07-13,2.6,0.0,30.32,78.03,Break,-1.1055749264503065,Hill / Himalayan orographic,2.6,2.0181330760320035,2.4048205049471427,5.62842596855354,9.675586600866447,5.62842596855354,0.0007035995578908482,0.0
delhi,2026-07-13,0.0,0.0,28.61,77.21,Break,-1.1055749264503065,Inland,0.0,0.0,0.0,0.46120140782639607,0.0,0.46120140782639607,0.00012728005302064767,0.0
gangtok,2026-07-13,8.8,66.90032958984375,27.33,88.61,Break,-1.1055749264503065,Hill / Himalayan orographic,8.8,8.827844435039319,12.354405342308251,15.401354789316024,16.26529170595709,15.401354789316024,0.0007805176067043586,0.0
guwahati,2026-07-13,13.4,25.364429473876953,26.14,91.74,Break,-1.1055749264503065,Inland,13.4,16.090570206642163,17.54002412452392,6.386739693918355,14.506371330353508,6.386739693918355,0.0005480004413347237,0.0
hyderabad,2026-07-13,0.0,0.0,17.39,78.49,Break,-1.1055749264503065,Inland,0.0,0.0,0.0,1.0493614805121598,0.23565353041731385,1.0493614805121598,0.00011845294835277525,0.0
jabalpur,2026-07-13,0.0,0.0,23.18,79.95,Break,-1.1055749264503065,Inland,0.0,0.0,0.0,1.247479598824027,0.8013333458710659,1.247479598824027,0.0001666494712606748,0.0
jaipur,2026-07-13,0.0,0.0,26.91,75.79,Break,-1.1055749264503065,Inland,0.0,0.0,0.0,0.44964698448946244,0.0,0.44964698448946244,0.00011554848648161748,0.0
jodhpur,2026-07-13,0.0,0.0,26.24,73.02,Break,-1.1055749264503065,Inland,0.0,0.0,0.0,0.13619227000888737,0.0,0.13619227000888737,0.00017000988054417899,0.0
kochi,2026-07-13,2.0,2.9396162033081055,9.93,76.27,Break,-1.1055749264503065,West-coast orographic,2.0,1.4929951667785653,1.5608218141595522,15.597001196996711,16.30616048319751,15.597001196996711,0.0007044694030263621,0.0
kolkata,2026-07-13,3.4,0.0,22.57,88.36,Break,-1.1055749264503065,East coast,3.4,2.7559259283131605,2.9362059307098387,5.435173163261703,9.503126848272064,5.435173163261703,0.0008320938777593516,0.0
lucknow,2026-07-13,0.30000000000000004,1.7858293056488037,26.85,80.95,Break,-1.1055749264503065,Inland,0.30000000000000004,0.039939377419650604,0.0,2.2413632318339376,5.13215776690682,2.2413632318339376,0.0004762897350968814,0.0
madurai,2026-07-13,0.0,0.0,9.93,78.12,Break,-1.1055749264503065,Inland,0.0,0.0,0.0,0.26652924911562403,0.0,0.26652924911562403,0.00015266988094916951,0.0
mangaluru,2026-07-13,3.3000000000000003,1.317975401878357,12.91,74.86,Break,-1.1055749264503065,West-coast orographic,3.3000000000000003,2.6912047797235967,2.7293110370635993,20.703525480356195,23.23007781707016,20.703525480356195,0.0018339088148698703,0.0
mumbai,2026-07-13,0.0,0.0,19.08,72.88,Break,-1.1055749264503065,West-coast orographic,0.0,0.0,0.0,4.988085418354,9.104143548866267,4.988085418354,0.001152958114449092,0.0
nagpur,2026-07-13,0.0,0.0,21.15,79.09,Break,-1.1055749264503065,Inland,0.0,0.0,0.0,1.2768911461407204,1.0491097209987468,1.2768911461407204,0.00013537747825956002,0.0
panaji,2026-07-13,1.8,0.08892219513654709,15.49,73.83,Break,-1.1055749264503065,West-coast orographic,1.8,1.2607303261756897,1.4934966972163908,13.160057556890465,15.518858963715351,13.160057556890465,0.0010647397875934129,0.0
patna,2026-07-13,1.1,1.5568221807479858,25.59,85.14,Break,-1.1055749264503065,Inland,1.1,0.7011071592569348,0.6922881027437607,2.6396278096638834,7.045280856343898,2.6396278096638834,0.00018647124967910623,0.0
pune,2026-07-13,0.0,0.0,18.52,73.86,Break,-1.1055749264503065,Inland,0.0,0.0,0.0,1.8403974062500608,2.840484496377385,1.8403974062500608,0.00011624848892679479,0.0
raipur,2026-07-13,0.0,0.0,21.25,81.63,Break,-1.1055749264503065,Inland,0.0,0.0,0.0,1.1072776510477478,0.34296770629533346,1.1072776510477478,0.0001538542284525976,0.0
ranchi,2026-07-13,0.8,0.0,23.34,85.31,Break,-1.1055749264503065,Inland,0.8,0.4039231643080712,0.24782699584960952,2.852532221875626,8.311753157667503,2.852532221875626,0.00023200742894742527,0.0
shillong,2026-07-13,12.9,23.133634567260742,25.58,91.89,Break,-1.1055749264503065,Hill / Himalayan orographic,12.9,15.240684099390188,14.934019467029628,10.530623475900148,14.484317595947974,10.530623475900148,0.001305293800800437,0.0
shimla,2026-07-13,6.8,3.3621294498443604,31.1,77.17,Break,-1.1055749264503065,Hill / Himalayan orographic,6.8,6.606306014522425,10.46934965017661,4.379164663673004,8.78487715461114,4.379164663673004,0.0005697392764174067,0.0
srinagar,2026-07-13,0.0,0.9774383902549744,34.08,74.8,Break,-1.1055749264503065,Hill / Himalayan orographic,0.0,0.0,0.0,1.1464903531956132,0.40087124906420646,1.1464903531956132,0.00011740138040791751,0.0
surat,2026-07-13,0.8,0.0,21.17,72.83,Break,-1.1055749264503065,West-coast orographic,0.8,0.4039231643080712,0.37637663513422026,4.816003197005845,8.976434175194052,4.816003197005845,0.0031692902648633526,0.0
thiruvananthapuram,2026-07-13,0.0,0.2437354326248169,8.52,76.94,Break,-1.1055749264503065,West-coast orographic,0.0,0.0,0.0,1.1158609258754475,0.38092096752105675,1.1158609258754475,0.00036397244750947805,0.0
varanasi,2026-07-13,2.2,0.06392324715852737,25.32,82.97,Break,-1.1055749264503065,Inland,2.2,1.7029950892925265,1.881672253713503,3.636169244531043,11.159354834763779,3.636169244531043,0.0012511763388979799,0.0
vijayawada,2026-07-13,0.0,0.0,16.51,80.65,Break,-1.1055749264503065,Inland,0.0,0.0,0.0,1.2461308104222852,0.7904354836797229,1.2461308104222852,0.00013028214616194053,0.0
visakhapatnam,2026-07-13,0.0,0.0,17.69,83.22,Break,-1.1055749264503065,East coast,0.0,0.0,0.0,1.2558440353316316,1.1960664746306042,1.2558440353316316,0.00017918167376119478,0.0
agartala,2026-07-14,3.1,2.0595245361328125,23.83,91.29,Break,-1.9122740185606333,Inland,3.1,2.4842203497886657,2.423136439323425,12.07955145823265,26.072152802400357,12.07955145823265,0.0003908196585621723,0.0
ahmedabad,2026-07-14,0.0,0.0,23.02,72.57,Break,-1.9122740185606333,Inland,0.0,0.0,0.0,0.48393775121231053,0.0,0.48393775121231053,0.0004357101654364789,0.0
amritsar,2026-07-14,0.8,0.0,31.63,74.87,Break,-1.9122740185606333,Inland,0.8,0.4039231643080712,0.24782699584960952,2.5827831347442833,6.7071375294136,2.5827831347442833,0.00033545316216069437,0.0
bengaluru,2026-07-14,0.0,0.0,12.97,77.59,Break,-1.9122740185606333,Inland,0.0,0.0,0.0,0.5894473856253747,0.0,0.5894473856253747,0.00011308186092129107,0.0
bhopal,2026-07-14,0.0,0.0,23.26,77.41,Break,-1.9122740185606333,Inland,0.0,0.0,0.0,0.8861498527268213,0.0,0.8861498527268213,0.0001382168404983029,0.0
bhubaneswar,2026-07-14,10.0,1.775295615196228,20.3,85.82,Break,-1.9122740185606333,East coast,10.0,10.747387695312495,13.648526117973722,15.193856960335177,16.22194727325823,15.193856960335177,0.001044145409043802,0.0
chandigarh,2026-07-14,0.0,0.07798382639884949,30.73,76.78,Break,-1.9122740185606333,Inland,0.0,0.0,0.0,0.5756033919462672,0.0,0.5756033919462672,0.00012441384047326453,0.0
chennai,2026-07-14,0.0,0.0,13.08,80.27,Break,-1.9122740185606333,East coast,0.0,0.0,0.0,0.9835171244972034,0.09955182270469334,0.9835171244972034,0.00018657499034208924,0.0
dehradun,2026-07-14,0.0,0.0,30.32,78.03,Break,-1.9122740185606333,Hill / Himalayan orographic,0.0,0.0,0.0,1.8339779954753117,2.764275232353531,1.8339779954753117,0.00017412412905397758,0.0
delhi,2026-07-14,0.0,0.43721646070480347,28.61,77.21,Break,-1.9122740185606333,Inland,0.0,0.0,0.0,0.39796014568015337,0.0,0.39796014568015337,0.00012728005302064767,0.0
gangtok,2026-07-14,2.8000000000000003,33.24650192260742,27.33,88.61,Break,-1.9122740185606333,Hill / Himalayan orographic,2.8000000000000003,2.1843129396438603,2.4935966848243374,15.801555246493113,16.348889986803517,15.801555246493113,0.0006103724605813366,0.0
guwahati,2026-07-14,11.9,5.704363822937012,26.14,91.74,Break,-1.9122740185606333,Inland,11.9,13.768668004989628,17.127987696218465,7.021899141591626,14.778865864813353,7.021899141591626,0.0006458897214041688,0.0
hyderabad,2026-07-14,0.0,0.0,17.39,78.49,Break,-1.9122740185606333,Inland,0.0,0.0,0.0,1.0906864996267613,0.3122682212723569,1.0906864996267613,0.00011845294835277525,0.0
jabalpur,2026-07-14,0.0,0.0,23.18,79.95,Break,-1.9122740185606333,Inland,0.0,0.0,0.0,1.2925010719958974,1.1865985078959354,1.2925010719958974,0.0001666494712606748,0.0
jaipur,2026-07-14,0.0,0.0,26.91,75.79,Break,-1.9122740185606333,Inland,0.0,0.0,0.0,0.3872323155064124,0.0,0.3872323155064124,0.0001310364383432661,0.0
jodhpur,2026-07-14,0.0,0.0,26.24,73.02,Break,-1.9122740185606333,Inland,0.0,0.0,0.0,0.12729093766325666,0.0,0.12729093766325666,0.00019279635126661257,0.0
kochi,2026-07-14,0.0,0.0,9.93,76.27,Break,-1.9122740185606333,West-coast orographic,0.0,0.0,0.0,4.53855811410239,8.854772395380614,4.53855811410239,0.0005261805341211664,0.0
kolkata,2026-07-14,3.8,0.41687384247779846,22.57,88.36,Break,-1.9122740185606333,East coast,3.8,3.1831955838203427,4.514451074184978,4.784562609920826,8.962647238539372,4.784562609920826,0.0007623170704291356,0.0
lucknow,2026-07-14,1.3,2.2982847690582275,26.85,80.95,Break,-1.9122740185606333,Inland,1.3,0.7810882270336154,0.9565232992172239,3.17093616163734,10.65836179979715,3.17093616163734,0.0001742198650308509,0.0
madurai,2026-07-14,0.0,0.0,9.93,78.12,Break,-1.9122740185606333,Inland,0.0,0.0,0.0,0.21901222749866434,0.0,0.21901222749866434,0.00015266988094916951,0.0
mangaluru,2026-07-14,0.4,0.21412521600723267,12.91,74.86,Break,-1.9122740185606333,West-coast orographic,0.4,0.09089521020650865,0.0,8.357040979888831,13.3076768429427,8.357040979888831,0.0007392911843635016,0.0
mumbai,2026-07-14,0.6000000000000001,0.0,19.08,72.88,Break,-1.9122740185606333,West-coast orographic,0.6000000000000001,0.19576396048069006,0.10261062204837795,7.380400944456821,11.538341530893113,7.380400944456821,0.0028806729374692996,0.0
nagpur,2026-07-14,0.0,0.0,21.15,79.09,Break,-1.9122740185606333,Inland,0.0,0.0,0.0,1.3224355814260196,1.4502550701431556,1.3224355814260196,0.00013537747825956002,0.0
panaji,2026-07-14,1.5,0.0,15.49,73.83,Break,-1.9122740185606333,West-coast orographic,1.5,1.0395760107040402,1.2948255640971087,8.251942049538167,13.218243056404198,8.251942049538167,0.0012073023467314157,0.0
patna,2026-07-14,1.1,3.2459020614624023,25.59,85.14,Break,-1.9122740185606333,Inland,1.1,0.7011071592569348,0.6922881027437607,2.6065268665951646,6.848378278756501,2.6065268665951646,0.00017082509387761197,0.0
pune,2026-07-14,0.0,0.0,18.52,73.86,Break,-1.9122740185606333,Inland,0.0,0.0,0.0,1.8072733230000015,2.725268936853487,1.8072733230000015,0.0001318302557321731,0.0
raipur,2026-07-14,0.0,0.0,21.25,81.63,Break,-1.9122740185606333,Inland,0.0,0.0,0.0,1.0858758006953577,0.3033667305893255,1.0858758006953577,0.0001538542284525976,0.0
ranchi,2026-07-14,12.5,0.0,23.34,85.31,Break,-1.9122740185606333,Inland,12.5,14.614557326649226,17.292802267540647,6.485815056089616,14.52659578014366,6.485815056089616,0.0011418126612247137,0.0
shillong,2026-07-14,6.2,1.6620429754257202,25.58,91.89,Break,-1.9122740185606333,Hill / Himalayan orographic,6.2,5.630677899689405,8.957952627005037,15.338752247938098,16.25221459736824,15.338752247938098,0.0016251170887983976,0.0
shimla,2026-07-14,0.0,0.0,31.1,77.17,Break,-1.9122740185606333,Hill / Himalayan orographic,0.0,0.0,0.0,1.1001040256052015,0.35680357734862167,1.1001040256052015,0.000103399518360351,0.0
srinagar,2026-07-14,0.1,0.0,34.08,74.8,Break,-1.9122740185606333,Hill / Himalayan orographic,0.1,0.0,0.0,2.0152554156867106,3.4838847548132024,2.0152554156867106,0.00013313765841943832,0.0
surat,2026-07-14,1.3,0.0,21.17,72.83,Break,-1.9122740185606333,West-coast orographic,1.3,0.7810882270336154,1.1965896627532875,9.795004287030341,14.408644221890519,9.795004287030341,0.0032921228623323745,0.0
thiruvananthapuram,2026-07-14,0.0,0.2437354326248169,8.52,76.94,Break,-1.9122740185606333,West-coast orographic,0.0,0.0,0.0,1.0161968580335798,0.15081281572075733,1.0161968580335798,0.00036397244750947805,0.0
varanasi,2026-07-14,0.1,0.06392324715852737,25.32,82.97,Break,-1.9122740185606333,Inland,0.1,0.0,0.0,1.1563208844734065,0.4667154240368683,1.1563208844734065,0.00013448546611382616,0.0
vijayawada,2026-07-14,0.0,0.0,16.51,80.65,Break,-1.9122740185606333,Inland,0.0,0.0,0.0,1.2234203257110927,0.6424699943886296,1.2234203257110927,0.00013028214616194053,0.0
visakhapatnam,2026-07-14,0.0,0.0,17.69,83.22,Break,-1.9122740185606333,East coast,0.0,0.0,0.0,1.2330448054400402,1.1034325988152602,1.2330448054400402,0.00017918167376119478,0.0
agartala,2026-07-15,2.7,5.360017776489258,23.83,91.29,Break,-1.7723919026454453,Inland,2.7,1.94669423699379,2.3156420605853922,12.733473965658387,25.300503337433412,12.733473965658387,0.0005508535196686712,0.0
ahmedabad,2026-07-15,0.0,0.0,23.02,72.57,Break,-1.7723919026454453,Inland,0.0,0.0,0.0,0.11334017180867995,0.0,0.11334017180867995,0.0004413008355308212,0.0
amritsar,2026-07-15,0.7,6.963292121887207,31.63,74.87,Break,-1.7723919026454453,Inland,0.7,0.24119203478097917,0.0603213822469115,2.9893805923733456,10.035678928940563,2.9893805923733456,0.00012090205311065291,0.0
bengaluru,2026-07-15,0.0,0.0,12.97,77.59,Break,-1.7723919026454453,Inland,0.0,0.0,0.0,0.06913376864332244,0.0,0.06913376864332244,0.00011738736601756553,0.0
bhopal,2026-07-15,0.0,0.0,23.26,77.41,Break,-1.7723919026454453,Inland,0.0,0.0,0.0,0.4463988143538655,0.0,0.4463988143538655,0.00014139717185460441,0.0
bhubaneswar,2026-07-15,0.8,30.727336883544922,20.3,85.82,Break,-1.7723919026454453,East coast,0.8,0.3036017835140226,0.37637663513422026,2.150355049644792,2.69576981259981,2.150355049644792,0.0005460076027090077,0.0
chandigarh,2026-07-15,0.0,0.0,30.73,76.78,Break,-1.7723919026454453,Inland,0.0,0.0,0.0,2.2183002500852287,3.320596462773059,2.2183002500852287,0.00030456795634468844,0.0
chennai,2026-07-15,0.0,0.0,13.08,80.27,Break,-1.7723919026454453,East coast,0.0,0.0,0.0,0.3559975184504036,0.0,0.3559975184504036,0.00034073353237713274,0.0
dehradun,2026-07-15,1.5999999999999999,0.2884540557861328,30.32,78.03,Break,-1.7723919026454453,Hill / Himalayan orographic,1.5999999999999999,1.0156852960586544,1.3411262496590093,6.196389821231375,10.68917067243627,6.196389821231375,0.0003349509869339263,0.0
delhi,2026-07-15,1.2,0.13008363544940948,28.61,77.21,Break,-1.7723919026454453,Inland,1.2,0.6851606160402302,0.822379411166569,3.2431322013430175,10.557904193137887,3.2431322013430175,0.00023307899377434692,0.0
gangtok,2026-07-15,3.6,10.204550743103027,27.33,88.61,Break,-1.7723919026454453,Hill / Himalayan orographic,3.6,2.8147965025901778,3.211575574874878,22.549001393453466,25.811524142645514,22.549001393453466,0.00031612634301344107,0.0
guwahati,2026-07-15,8.2,0.664082944393158,26.14,91.74,Break,-1.7723919026454453,Inland,8.2,7.813310513496399,10.931637894023549,7.300841016829556,17.01994835614872,7.300841016829556,0.0003872406172924036,0.0
hyderabad,2026-07-15,0.0,0.0,17.39,78.49,Break,-1.7723919026454453,Inland,0.0,0.0,0.0,0.5054214219492547,0.0,0.5054214219492547,0.00011738736601756553,0.0
jabalpur,2026-07-15,0.0,0.0,23.18,79.95,Break,-1.7723919026454453,Inland,0.0,0.0,0.0,1.0549188804694116,0.26670908369742147,1.0549188804694116,0.00038730311147421487,0.0
jaipur,2026-07-15,0.0,0.0,26.91,75.79,Break,-1.7723919026454453,Inland,0.0,0.0,0.0,0.2793097260031095,0.0,0.2793097260031095,0.00014684697725910495,0.0
jodhpur,2026-07-15,0.0,0.0,26.24,73.02,Break,-1.7723919026454453,Inland,0.0,0.0,0.0,0.12150830184282076,0.0,0.12150830184282076,0.00014728141350849204,0.0
kochi,2026-07-15,1.4000000000000001,1.5681251287460327,9.93,76.27,Break,-1.7723919026454453,West-coast orographic,1.4000000000000001,0.8624139946699144,1.2465255291022979,7.462584614338655,12.011519138977196,7.462584614338655,0.0009278830891093249,0.0
kolkata,2026-07-15,33.4,4.1593451499938965,22.57,88.36,Break,-1.7723919026454453,East coast,33.4,44.50644596641394,45.14856542163639,22.198880502239497,24.429533728749195,22.198880502239497,0.11167243988188003,0.0
lucknow,2026-07-15,0.2,0.0,26.85,80.95,Break,-1.7723919026454453,Inland,0.2,0.0,0.0,1.8030712222075314,2.173445629897445,1.8030712222075314,0.0003006765957287573,0.0
madurai,2026-07-15,0.0,0.0,9.93,78.12,Break,-1.7723919026454453,Inland,0.0,0.0,0.0,0.011717612362624627,0.0,0.011717612362624627,0.00029162155685517595,0.0
mangaluru,2026-07-15,1.0,0.3188898265361786,12.91,74.86,Break,-1.7723919026454453,West-coast orographic,1.0,0.5214263290166855,0.5979266627648167,6.671264700000832,11.090900343055253,6.671264700000832,0.00025665681498724096,0.0
mumbai,2026-07-15,3.8000000000000003,1.0189532041549683,19.08,72.88,Break,-1.7723919026454453,West-coast orographic,3.8000000000000003,3.1246792793273936,4.514451074184978,10.147298161252488,13.61779522834894,10.147298161252488,0.0007103172526056213,0.0
nagpur,2026-07-15,0.0,0.0,21.15,79.09,Break,-1.7723919026454453,Inland,0.0,0.0,0.0,0.9271966101316386,0.008645977375128022,0.9271966101316386,0.00012505190096005216,0.0
panaji,2026-07-15,2.6,0.5874671936035156,15.49,73.83,Break,-1.7723919026454453,West-coast orographic,2.6,1.8367338061332703,2.4048205049471427,6.900073750009774,11.300245992077498,6.900073750009774,0.0003201198396218734,0.0
patna,2026-07-15,0.5,0.0,25.59,85.14,Break,-1.7723919026454453,Inland,0.5,0.10984301358461378,0.0,2.2498588339471475,4.095856308109572,2.2498588339471475,0.00022633697176720387,0.0
pune,2026-07-15,0.0,0.0,18.52,73.86,Break,-1.7723919026454453,Inland,0.0,0.0,0.0,1.2357580797240224,1.229624381870794,1.2357580797240224,0.00019333066178499643,0.0
raipur,2026-07-15,0.0,11.117315292358398,21.25,81.63,Break,-1.7723919026454453,Inland,0.0,0.0,0.0,0.9191294971708788,0.008166245046214576,0.9191294971708788,0.00039974026976847426,0.0
ranchi,2026-07-15,2.1,2.674654483795166,23.34,85.31,Break,-1.7723919026454453,Inland,2.1,1.405533331632615,1.7740553429428962,7.360391589651517,17.146741073518992,7.360391589651517,0.00041121751374964636,0.0
shillong,2026-07-15,22.7,3.1769752502441406,25.58,91.89,Break,-1.7723919026454453,Hill / Himalayan orographic,22.7,31.702823936629706,33.31448214883437,7.27130920191501,11.65954612790726,7.27130920191501,0.0028037961131147644,0.0
shimla,2026-07-15,0.0,0.0,31.1,77.17,Break,-1.7723919026454453,Hill / Himalayan orographic,0.0,0.0,0.0,3.0742572031279476,6.659355500488538,3.0742572031279476,0.00013575007278416614,0.0
srinagar,2026-07-15,0.30000000000000004,0.0,34.08,74.8,Break,-1.7723919026454453,Hill / Himalayan orographic,0.30000000000000004,0.030117802489548942,0.0,2.030756727611587,2.5338578006443924,2.030756727611587,0.0004312963778838208,0.0
surat,2026-07-15,1.1,2.774535655975342,21.17,72.83,Break,-1.7723919026454453,West-coast orographic,1.1,0.6092910146713257,0.9716219687461857,0.47494876746930353,0.0,0.47494876746930353,0.0005876386200605372,0.0
thiruvananthapuram,2026-07-15,0.30000000000000004,0.0,8.52,76.94,Break,-1.7723919026454453,West-coast orographic,0.30000000000000004,0.030117802489548942,0.0,0.7532280268516325,0.008315847986061447,0.7532280268516325,0.0011948648027866918,0.0
varanasi,2026-07-15,0.1,0.0769466757774353,25.32,82.97,Break,-1.7723919026454453,Inland,0.1,0.0,0.0,0.6832354795341518,0.0,0.6832354795341518,0.00039139264471909567,0.0
vijayawada,2026-07-15,0.0,0.0,16.51,80.65,Break,-1.7723919026454453,Inland,0.0,0.0,0.0,0.7855728877866179,0.0009856833428716907,0.7855728877866179,0.00030193765228818034,0.0
visakhapatnam,2026-07-15,1.4,0.0,17.69,83.22,Break,-1.7723919026454453,East coast,1.4,0.8624139946699142,1.2465255291022979,1.295817170911116,1.4191767111985965,1.295817170911116,0.0004729335014432407,0.0
agartala,2026-07-16,0.30000000000000004,25.31855583190918,23.83,91.29,Break,-1.6329059391256981,Inland,0.30000000000000004,0.030117802489548942,0.0,8.578964068592917,19.384357492529038,8.578964068592917,0.0012830559566212926,0.0
ahmedabad,2026-07-16,0.1,1.949620008468628,23.02,72.57,Break,-1.6329059391256981,Inland,0.1,0.0,0.0,0.2870798259877937,0.0,0.2870798259877937,0.0004413008355308212,0.0
amritsar,2026-07-16,0.30000000000000004,0.0,31.63,74.87,Break,-1.6329059391256981,Inland,0.30000000000000004,0.030117802489548942,0.0,4.310624684733198,11.479693723250763,4.310624684733198,0.0003820930945697878,0.0
bengaluru,2026-07-16,0.0,0.0,12.97,77.59,Break,-1.6329059391256981,Inland,0.0,0.0,0.0,0.06913376864332244,0.0,0.06913376864332244,0.00011738736601756553,0.0
bhopal,2026-07-16,0.0,0.0,23.26,77.41,Break,-1.6329059391256981,Inland,0.0,0.0,0.0,0.4463988143538655,0.0,0.4463988143538655,0.00014139717185460441,0.0
bhubaneswar,2026-07-16,26.6,64.41754913330078,20.3,85.82,Break,-1.6329059391256981,East coast,26.6,36.66197624406266,37.746608708550234,26.458643284511023,38.28377597576527,26.458643284511023,0.04604177237329909,0.0
chandigarh,2026-07-16,0.0,0.0,30.73,76.78,Break,-1.6329059391256981,Inland,0.0,0.0,0.0,2.2183002500852287,3.320596462773059,2.2183002500852287,0.00030456795634468844,0.0
chennai,2026-07-16,0.0,0.0,13.08,80.27,Break,-1.6329059391256981,East coast,0.0,0.0,0.0,0.3559975184504036,0.0,0.3559975184504036,0.00034073353237713274,0.0
dehradun,2026-07-16,0.0,18.236236572265625,30.32,78.03,Break,-1.6329059391256981,Hill / Himalayan orographic,0.0,0.0,0.0,2.702216569158166,5.978754893890004,2.702216569158166,0.0003102101892069509,0.0
delhi,2026-07-16,0.8,0.0,28.61,77.21,Break,-1.6329059391256981,Inland,0.8,0.3036017835140226,0.24782699584960952,3.2431322013430175,10.557904193137887,3.2431322013430175,0.00023307899377434692,0.0
gangtok,2026-07-16,17.1,35.16140365600586,27.33,88.61,Break,-1.6329059391256981,Hill / Himalayan orographic,17.1,20.537413559688886,19.585230049922565,26.11022702448482,38.09762284063962,26.11022702448482,0.0009227283850493626,0.0
guwahati,2026-07-16,23.4,0.9522051215171814,26.14,91.74,Break,-1.6329059391256981,Inland,23.4,32.88376582749208,23.199655945112216,3.102186275078156,10.26783500350764,3.102186275078156,0.0005878232092165051,0.0
hyderabad,2026-07-16,0.0,0.0,17.39,78.49,Break,-1.6329059391256981,Inland,0.0,0.0,0.0,0.5054214219492547,0.0,0.5054214219492547,0.00011738736601756553,0.0
jabalpur,2026-07-16,5.5,1.2264856100082397,23.18,79.95,Break,-1.6329059391256981,Inland,5.5,4.735579836368561,4.641948844405622,8.511894605577655,19.257982140551864,8.511894605577655,0.026306148058991483,0.0
jaipur,2026-07-16,0.0,0.0,26.91,75.79,Break,-1.6329059391256981,Inland,0.0,0.0,0.0,0.2793097260031095,0.0,0.2793097260031095,0.00014684697725910495,0.0
jodhpur,2026-07-16,0.0,0.0,26.24,73.02,Break,-1.6329059391256981,Inland,0.0,0.0,0.0,0.12150830184282076,0.0,0.12150830184282076,0.00014728141350849204,0.0
kochi,2026-07-16,2.6,0.0,9.93,76.27,Break,-1.6329059391256981,West-coast orographic,2.6,1.8367338061332703,2.4048205049471427,10.193422071605902,13.620958084685107,10.193422071605902,0.0009278830891093249,0.0
kolkata,2026-07-16,0.2,0.08599886298179626,22.57,88.36,Break,-1.6329059391256981,East coast,0.2,0.0,0.0,1.826500730467278,2.232123000612893,1.826500730467278,0.0004944500197891524,0.0
lucknow,2026-07-16,3.4,3.700467348098755,26.85,80.95,Break,-1.6329059391256981,Inland,3.4,2.6261111259460446,2.658175788587994,4.014648082559977,11.162338662252743,4.014648082559977,0.0003557997146020984,0.0
madurai,2026-07-16,0.1,0.0,9.93,78.12,Break,-1.6329059391256981,Inland,0.1,0.0,0.0,0.06697376090729598,0.0,0.06697376090729598,0.00029162155685517595,0.0
mangaluru,2026-07-16,1.1,0.8790194988250732,12.91,74.86,Break,-1.6329059391256981,West-coast orographic,1.1,0.6092910146713257,0.9716219687461857,6.242563533223882,10.728232225151107,6.242563533223882,0.00025665681498724096,0.0
mumbai,2026-07-16,7.7,6.202858924865723,19.08,72.88,Break,-1.6329059391256981,West-coast orographic,7.7,7.434615039825438,11.627286834716799,14.581012268621247,14.802877234201446,14.581012268621247,0.004939996497078774,0.0
nagpur,2026-07-16,0.1,0.7774882912635803,21.15,79.09,Break,-1.6329059391256981,Inland,0.1,0.0,0.0,1.4328493374636224,1.5559560868105038,1.4328493374636224,0.00012505190096005216,0.0
panaji,2026-07-16,3.1,0.9912660717964172,15.49,73.83,Break,-1.6329059391256981,West-coast orographic,3.1,2.3659185135364535,2.6328826891051405,6.900073750009774,11.300245992077498,6.900073750009774,0.0003201198396218734,0.0
patna,2026-07-16,3.9,16.907764434814453,25.59,85.14,Break,-1.6329059391256981,Inland,3.9,3.2045389644304914,2.9296582245435863,7.637099150980707,17.735895836525582,7.637099150980707,0.00022633697176720387,0.0
pune,2026-07-16,0.1,0.4508792459964752,18.52,73.86,Break,-1.6329059391256981,Inland,0.1,0.0,0.0,2.064163460665202,2.5670947689567685,2.064163460665202,0.00019333066178499643,0.0
raipur,2026-07-16,3.1,3.4623708724975586,21.25,81.63,Break,-1.6329059391256981,Inland,3.1,2.3659185135364535,2.423136439323425,4.110421153609286,11.202789162705105,4.110421153609286,0.0004982606387649968,0.0
ranchi,2026-07-16,12.0,3.8580567836761475,23.34,85.31,Break,-1.6329059391256981,Inland,12.0,13.136065734227506,17.15545679143883,4.267363996405253,11.414172411091151,4.267363996405253,0.002003265132020458,0.0
shillong,2026-07-16,17.5,7.307717323303223,25.58,91.89,Break,-1.6329059391256981,Hill / Himalayan orographic,17.5,20.97868587615384,21.181645763717942,9.853898462696934,13.59767592171394,9.853898462696934,0.0024492265364832355,0.0
shimla,2026-07-16,0.0,0.0,31.1,77.17,Break,-1.6329059391256981,Hill / Himalayan orographic,0.0,0.0,0.0,3.0742572031279476,6.659355500488538,3.0742572031279476,0.00013575007278416614,0.0
srinagar,2026-07-16,0.0,0.0,34.08,74.8,Break,-1.6329059391256981,Hill / Himalayan orographic,0.0,0.0,0.0,1.2014316729750345,1.1189426087872894,1.2014316729750345,0.00015751667779307282,0.0
surat,2026-07-16,1.9000000000000001,5.627997398376465,21.17,72.83,Break,-1.6329059391256981,West-coast orographic,1.9000000000000001,1.235011160373688,1.5544464071443151,1.516443586410561,1.5695080387299805,1.516443586410561,0.0005876386200605372,0.0
thiruvananthapuram,2026-07-16,0.1,0.0,8.52,76.94,Break,-1.6329059391256981,West-coast orographic,0.1,0.0,0.0,0.5632142294429799,0.0,0.5632142294429799,0.0004111618103511954,0.0
varanasi,2026-07-16,2.0,0.0,25.32,82.97,Break,-1.6329059391256981,Inland,2.0,1.3202722460031513,1.6676323477651032,1.8580204248394057,2.2621876941839183,1.8580204248394057,0.0004631390557805555,0.0
vijayawada,2026-07-16,0.0,0.0,16.51,80.65,Break,-1.6329059391256981,Inland,0.0,0.0,0.0,0.7855728877866179,0.0009856833428716907,0.7855728877866179,0.00030193765228818034,0.0
visakhapatnam,2026-07-16,0.0,0.0,17.69,83.22,Break,-1.6329059391256981,East coast,0.0,0.0,0.0,0.28040707073688637,0.0,0.28040707073688637,0.00037587628252737186,0.0
agartala,2026-07-17,0.7999999999999999,16.554645538330078,23.83,91.29,Break,-1.6063620884828727,Inland,0.7999999999999999,0.30360178351402256,0.15281234145164524,8.578964068592917,19.384357492529038,8.578964068592917,0.0005508535196686712,0.0
ahmedabad,2026-07-17,0.0,2.5055558681488037,23.02,72.57,Break,-1.6063620884828727,Inland,0.0,0.0,0.0,0.11334017180867995,0.0,0.11334017180867995,0.0004413008355308212,0.0
amritsar,2026-07-17,0.0,0.0,31.63,74.87,Break,-1.6063620884828727,Inland,0.0,0.0,0.0,2.0873135417334905,2.5835717837926544,2.0873135417334905,0.00014712687711964945,0.0
bengaluru,2026-07-17,0.0,0.08200204372406006,12.97,77.59,Break,-1.6063620884828727,Inland,0.0,0.0,0.0,0.06913376864332244,0.0,0.06913376864332244,0.00011738736601756553,0.0
bhopal,2026-07-17,0.0,1.0684638023376465,23.26,77.41,Break,-1.6063620884828727,Inland,0.0,0.0,0.0,0.4463988143538655,0.0,0.4463988143538655,0.00014139717185460441,0.0
bhubaneswar,2026-07-17,30.2,63.904518127441406,20.3,85.82,Break,-1.6063620884828727,East coast,30.2,39.8804609166513,41.66529167430173,25.79342278489692,37.92835949335512,25.79342278489692,0.04542154568323505,0.0
chandigarh,2026-07-17,0.0,0.0,30.73,76.78,Break,-1.6063620884828727,Inland,0.0,0.0,0.0,2.2183002500852287,3.320596462773059,2.2183002500852287,0.00030456795634468844,0.0
chennai,2026-07-17,0.0,0.0,13.08,80.27,Break,-1.6063620884828727,East coast,0.0,0.0,0.0,0.3559975184504036,0.0,0.3559975184504036,0.00034073353237713274,0.0
dehradun,2026-07-17,0.0,0.0,30.32,78.03,Break,-1.6063620884828727,Hill / Himalayan orographic,0.0,0.0,0.0,2.702216569158166,5.978754893890004,2.702216569158166,0.0003102101892069509,0.0
delhi,2026-07-17,0.0,0.10930411517620087,28.61,77.21,Break,-1.6063620884828727,Inland,0.0,0.0,0.0,1.600161399906269,1.5748718772731152,1.600161399906269,0.00022759280379954966,0.0
gangtok,2026-07-17,17.7,26.715269088745117,27.33,88.61,Break,-1.6063620884828727,Hill / Himalayan orographic,17.7,21.199322034386316,21.57795827944077,25.0832168583037,37.54890802972307,25.0832168583037,0.0005781987847600256,0.0
guwahati,2026-07-17,17.3,10.819794654846191,26.14,91.74,Break,-1.6063620884828727,Inland,17.3,20.758049717921363,19.02329168371123,6.151274738231131,14.45275125795361,6.151274738231131,0.000831442709931089,0.0
hyderabad,2026-07-17,0.2,0.19160199165344238,17.39,78.49,Break,-1.6063620884828727,Inland,0.2,0.0,0.0,0.8281440036032539,0.0032281818463952435,0.8281440036032539,0.00011738736601756553,0.0
jabalpur,2026-07-17,2.3000000000000003,3.2435684204101562,23.18,79.95,Break,-1.6063620884828727,Inland,2.3000000000000003,1.6131270211935045,1.9895876433823132,4.170952625613783,11.268150704883498,4.170952625613783,0.0004827596869313747,0.0
jaipur,2026-07-17,0.0,0.0,26.91,75.79,Break,-1.6063620884828727,Inland,0.0,0.0,0.0,0.2793097260031095,0.0,0.2793097260031095,0.00014684697725910495,0.0
jodhpur,2026-07-17,0.0,0.0,26.24,73.02,Break,-1.6063620884828727,Inland,0.0,0.0,0.0,0.12150830184282076,0.0,0.12150830184282076,0.00014728141350849204,0.0
kochi,2026-07-17,0.6000000000000001,7.620799541473389,9.93,76.27,Break,-1.6063620884828727,West-coast orographic,0.6000000000000001,0.136888691484929,0.10261062204837795,6.705084607553494,11.119955927506556,6.705084607553494,0.0009278830891093249,0.0
kolkata,2026-07-17,22.1,0.26036423444747925,22.57,88.36,Break,-1.6063620884828727,East coast,22.1,30.687052006339908,32.11092587862316,26.3252413158834,38.21250147586077,26.3252413158834,0.04123826768513983,0.0
lucknow,2026-07-17,0.0,0.2825244963169098,26.85,80.95,Break,-1.6063620884828727,Inland,0.0,0.0,0.0,1.154228062044642,0.6429546108647798,1.154228062044642,0.0003006765957287573,0.0
madurai,2026-07-17,0.0,0.0,9.93,78.12,Break,-1.6063620884828727,Inland,0.0,0.0,0.0,0.011717612362624627,0.0,0.011717612362624627,0.00029162155685517595,0.0
mangaluru,2026-07-17,7.3,138.4204864501953,12.91,74.86,Break,-1.6063620884828727,West-coast orographic,7.3,6.915445494651794,11.161321112892837,10.708503004613291,13.984549298875486,10.708503004613291,0.0008235124268052027,0.0
mumbai,2026-07-17,4.7,2.4893550872802734,19.08,72.88,Break,-1.6063620884828727,West-coast orographic,4.7,4.016378798484801,5.349811605897925,10.674729457111772,13.949362648137017,10.674729457111772,0.0007103172526056213,0.0
nagpur,2026-07-17,0.1,1.391861081123352,21.15,79.09,Break,-1.6063620884828727,Inland,0.1,0.0,0.0,1.4328493374636224,1.5559560868105038,1.4328493374636224,0.00012505190096005216,0.0
panaji,2026-07-17,8.8,7.531929969787598,15.49,73.83,Break,-1.6063620884828727,West-coast orographic,8.8,8.582843793233238,12.354405342308251,11.594619789850515,14.442166844210023,11.594619789850515,0.0007598899798952006,0.0
patna,2026-07-17,2.2,0.0,25.59,85.14,Break,-1.6063620884828727,Inland,2.2,1.5392541933059691,1.881672253713503,7.006543587314644,15.067234838107105,7.006543587314644,0.00022633697176720387,0.0
pune,2026-07-17,0.5,0.01565558649599552,18.52,73.86,Break,-1.6063620884828727,Inland,0.5,0.10984301358461378,0.0,2.5527008084175433,8.47475260109019,2.5527008084175433,0.00019216478922551172,0.0
raipur,2026-07-17,48.1,34.463951110839844,21.25,81.63,Break,-1.6063620884828727,Inland,48.1,68.11549429949477,27.42705098141168,21.360129208737163,34.04574386439194,21.360129208737163,0.01962172425347119,0.0
ranchi,2026-07-17,18.7,1.0367088317871094,23.34,85.31,Break,-1.6063620884828727,Inland,18.7,23.836336199562858,20.563179627904347,12.961920397315533,25.547542332067646,12.961920397315533,0.0027204709742643524,0.0
shillong,2026-07-17,7.1000000000000005,10.395167350769043,25.58,91.89,Break,-1.6063620884828727,Hill / Himalayan orographic,7.1000000000000005,6.71853813648224,10.890246317916064,13.475934603123894,14.676024510374848,13.475934603123894,0.001730944239719637,0.0
shimla,2026-07-17,0.1,0.0,31.1,77.17,Break,-1.6063620884828727,Hill / Himalayan orographic,0.1,0.0,0.0,4.7508011372600585,8.79527305268741,4.7508011372600585,0.00013575007278416614,0.0
srinagar,2026-07-17,0.4,0.0,34.08,74.8,Break,-1.6063620884828727,Hill / Himalayan orographic,0.4,0.053568517193198224,0.0,2.030756727611587,2.5338578006443924,2.030756727611587,0.0001416555479086258,0.0
surat,2026-07-17,1.8,2.0239381790161133,21.17,72.83,Break,-1.6063620884828727,West-coast orographic,1.8,1.110800877809524,1.4934966972163908,1.8853503694840155,2.347965793108315,1.8853503694840155,0.0005876386200605372,0.0
thiruvananthapuram,2026-07-17,0.0,0.0,8.52,76.94,Break,-1.6063620884828727,West-coast orographic,0.0,0.0,0.0,0.39339117805253343,0.0,0.39339117805253343,0.0004111618103511954,0.0
varanasi,2026-07-17,5.6,0.13674604892730713,25.32,82.97,Break,-1.6063620884828727,Inland,5.6,4.870447444915773,4.685646891780084,5.53827790799761,13.478935535966318,5.53827790799761,0.023430667766918104,0.0
vijayawada,2026-07-17,2.1,0.0,16.51,80.65,Break,-1.6063620884828727,Inland,2.1,1.405533331632615,1.7740553429428962,3.4388766278324656,10.919157116179928,3.4388766278324656,0.000360329875832722,0.0
visakhapatnam,2026-07-17,0.30000000000000004,0.0,17.69,83.22,Break,-1.6063620884828727,East coast,0.30000000000000004,0.030117802489548942,0.0,0.8601964059573021,0.0229845005509742,0.8601964059573021,0.0010923961072019659,0.0
agartala,2026-07-18,2.6999999999999997,17.854822158813477,23.83,91.29,Normal,-0.9600964845912642,Inland,2.6999999999999997,1.9466942369937894,1.9660118875007186,12.25683366574419,25.084597839452293,12.25683366574419,0.000775523943447194,0.0
ahmedabad,2026-07-18,0.0,0.8200328946113586,23.02,72.57,Normal,-0.9600964845912642,Inland,0.0,0.0,0.0,0.06702505239163845,0.0,0.06702505239163845,0.000385745220043576,0.0
amritsar,2026-07-18,0.0,0.0,31.63,74.87,Normal,-0.9600964845912642,Inland,0.0,0.0,0.0,1.35989222616454,0.2661730122300914,1.35989222616454,0.0001562744443841287,0.0
bengaluru,2026-07-18,0.1,2.544593095779419,12.97,77.59,Normal,-0.9600964845912642,Inland,0.1,0.0,0.0,1.210366436323578,0.13871684395803288,1.210366436323578,0.00012987957676451558,0.0
bhopal,2026-07-18,0.7999999999999999,1.364140510559082,23.26,77.41,Normal,-0.9600964845912642,Inland,0.7999999999999999,0.30360178351402256,0.4039406463503837,1.2911954881324013,0.21318411800453999,1.2911954881324013,0.00022884854496862023,0.0
bhubaneswar,2026-07-18,2.9,60.9964599609375,20.3,85.82,Normal,-0.9600964845912642,East coast,2.9,2.161920096874237,2.8106087307776155,8.615711542531752,15.549773527488465,8.615711542531752,0.0008084732618426835,0.0
chandigarh,2026-07-18,0.0,0.19210679829120636,30.73,76.78,Normal,-0.9600964845912642,Inland,0.0,0.0,0.0,1.7392145291974024,0.627822512927121,1.7392145291974024,0.0003235012059716901,0.0
chennai,2026-07-18,0.4,1.816536545753479,13.08,80.27,Normal,-0.9600964845912642,East coast,0.4,0.053568517193198224,0.14391723774656445,2.066194849568301,0.8942194434814086,2.066194849568301,0.0005893233010065157,0.0
dehradun,2026-07-18,0.0,62.543582916259766,30.32,78.03,Normal,-0.9600964845912642,Hill / Himalayan orographic,0.0,0.0,0.0,2.0432947073400607,0.5551085610543421,2.0432947073400607,0.00044587253582978716,0.0
delhi,2026-07-18,0.0,0.0,28.61,77.21,Normal,-0.9600964845912642,Inland,0.0,0.0,0.0,1.3142903929289729,0.2304634172814239,1.3142903929289729,0.00031103664895513366,0.0
gangtok,2026-07-18,8.2,14.920111656188965,27.33,88.61,Normal,-0.9600964845912642,Hill / Himalayan orographic,8.2,7.813310513496399,4.209326901373922,14.169880340873924,25.914088799246315,14.169880340873924,0.0013877488379914742,0.0
guwahati,2026-07-18,11.8,15.249063491821289,26.14,91.74,Normal,-0.9600964845912642,Inland,11.8,12.844581418920455,11.564989249353994,4.727147197401272,7.117248594287962,4.727147197401272,0.0005327429255107199,0.0
hyderabad,2026-07-18,0.30000000000000004,2.832547426223755,17.39,78.49,Normal,-0.9600964845912642,Inland,0.30000000000000004,0.030117802489548942,0.05490860715508461,2.4636468578848394,1.754565813967471,2.4636468578848394,0.00035817837509569405,0.0
jabalpur,2026-07-18,4.3,5.619006156921387,23.18,79.95,Normal,-0.9600964845912642,Inland,4.3,3.599497056802114,3.4214014244079594,5.3194922153117785,8.66047368831702,5.3194922153117785,0.0006309453029901141,0.0
jaipur,2026-07-18,0.0,0.0,26.91,75.79,Normal,-0.9600964845912642,Inland,0.0,0.0,0.0,0.47775427326257763,0.0,0.47775427326257763,0.00015597714455269725,0.0
jodhpur,2026-07-18,0.0,0.0,26.24,73.02,Normal,-0.9600964845912642,Inland,0.0,0.0,0.0,0.13228915970373906,0.0,0.13228915970373906,0.0001515316861203109,0.0
kochi,2026-07-18,1.7000000000000002,21.06696128845215,9.93,76.27,Normal,-0.9600964845912642,West-coast orographic,1.7000000000000002,1.0632430869340894,3.0407246494293227,12.018137059921255,13.40611229728655,12.018137059921255,0.0009122264353735502,0.0
kolkata,2026-07-18,4.6000000000000005,0.006301578599959612,22.57,88.36,Normal,-0.9600964845912642,East coast,4.6000000000000005,3.916624671618144,5.032077622973053,6.849950506438889,11.866578156260674,6.849950506438889,0.0009620787962792888,0.0
lucknow,2026-07-18,0.0,8.56371784210205,26.85,80.95,Normal,-0.9600964845912642,Inland,0.0,0.0,0.0,1.2627742426689188,0.18752528288973133,1.2627742426689188,0.0004136575924414064,0.0
madurai,2026-07-18,0.5,0.0,9.93,78.12,Normal,-0.9600964845912642,Inland,0.5,0.10984301358461378,0.17344485223293304,0.7836125131444371,0.0,0.7836125131444371,0.0004021463756357321,0.0
mangaluru,2026-07-18,3.2,48.75755310058594,12.91,74.86,Normal,-0.9600964845912642,West-coast orographic,3.2,2.464651501178742,5.841739630699157,15.171329880623661,19.677394921777033,15.171329880623661,0.0002523232506666058,0.0
mumbai,2026-07-18,5.0,3.8338193893432617,19.08,72.88,Normal,-0.9600964845912642,West-coast orographic,5.0,4.3064337158203125,9.598192319869996,10.057929895951654,11.471645985927282,10.057929895951654,0.0006049337960236894,0.0
nagpur,2026-07-18,23.0,8.919989585876465,21.15,79.09,Normal,-0.9600964845912642,Inland,23.0,32.21070990177461,27.069760410619992,2.519597359833108,1.8380124227992587,2.519597359833108,0.0018817409157091216,0.0
panaji,2026-07-18,11.3,5.037822246551514,15.49,73.83,Normal,-0.9600964845912642,West-coast orographic,11.3,12.189335641179776,19.208007604902157,19.242715946998526,24.79977295702697,19.242715946998526,0.0011628841060771114,0.0
patna,2026-07-18,1.0,0.0,25.59,85.14,Normal,-0.9600964845912642,Inland,1.0,0.5214263290166855,0.6057950556278229,2.2134370828542145,1.3685778309721046,2.2134370828542145,0.0003186926888590837,0.0
pune,2026-07-18,0.30000000000000004,0.12557192146778107,18.52,73.86,Normal,-0.9600964845912642,Inland,0.30000000000000004,0.030117802489548942,0.05490860715508461,2.7400926457946,2.1151861283240994,2.7400926457946,0.0005604781822533917,0.0
raipur,2026-07-18,39.7,10.247393608093262,21.25,81.63,Normal,-0.9600964845912642,Inland,39.7,51.61570662641892,41.15940041761118,25.840124224907633,44.17225942030728,25.840124224907633,0.041479861582229514,0.0
ranchi,2026-07-18,25.9,16.978116989135742,23.34,85.31,Normal,-0.9600964845912642,Inland,25.9,35.97021521969653,30.52820104532377,14.04729741070518,27.940486222539747,14.04729741070518,0.0027873880610385306,0.0
shillong,2026-07-18,2.2,12.30715560913086,25.58,91.89,Normal,-0.9600964845912642,Hill / Himalayan orographic,2.2,1.5392541933059691,0.39837895841244253,16.212086283596364,28.697359898734735,16.212086283596364,0.0011389528152220534,0.0
shimla,2026-07-18,0.2,0.4670123755931854,31.1,77.17,Normal,-0.9600964845912642,Hill / Himalayan orographic,0.2,0.0,0.0,3.788569901974978,1.486677632866453,3.788569901974978,0.00019513172372642493,0.0
srinagar,2026-07-18,0.0,0.0,34.08,74.8,Normal,-0.9600964845912642,Hill / Himalayan orographic,0.0,0.0,0.0,0.8243768511622448,0.001453682074523978,0.8243768511622448,0.000175971673137121,0.0
surat,2026-07-18,1.8,19.809831619262695,21.17,72.83,Normal,-0.9600964845912642,West-coast orographic,1.8,1.110800877809524,3.150370223522188,1.238247598532003,0.4527932639937088,1.238247598532003,0.0005004467866929,0.0
thiruvananthapuram,2026-07-18,0.0,1.0761061906814575,8.52,76.94,Normal,-0.9600964845912642,West-coast orographic,0.0,0.0,0.0,1.1775837422874658,0.38123449226217965,1.1775837422874658,0.00044319189269986494,0.0
varanasi,2026-07-18,4.7,45.985538482666016,25.32,82.97,Normal,-0.9600964845912642,Inland,4.7,4.016378798484801,3.8207193922996536,3.0518155751787774,2.6461169412288497,3.0518155751787774,0.000665415972721963,0.0
vijayawada,2026-07-18,0.3,0.04115859046578407,16.51,80.65,Normal,-0.9600964845912642,Inland,0.3,0.0,0.012719561792910082,3.239851029568791,3.3028035981658754,3.239851029568791,0.0003778593246858132,0.0
visakhapatnam,2026-07-18,0.0,0.24899090826511383,17.69,83.22,Normal,-0.9600964845912642,East coast,0.0,0.0,0.0,0.6519863377205909,0.0,0.6519863377205909,0.0005438594903002343,0.0
agartala,2026-07-19,2.8,22.484508514404297,23.83,91.29,Normal,-0.4945492939814996,Inland,2.8,2.056654667854309,2.0215293920704864,7.018478336146395,13.871209411192758,7.018478336146395,0.00052417447136033,0.0
ahmedabad,2026-07-19,0.1,0.7371389865875244,23.02,72.57,Normal,-0.4945492939814996,Inland,0.1,0.0,0.0,0.2449932708450149,0.0,0.2449932708450149,0.00019875126353352123,0.0
amritsar,2026-07-19,0.0,0.0,31.63,74.87,Normal,-0.4945492939814996,Inland,0.0,0.0,0.0,1.9720208035553812,0.8729164827759854,1.9720208035553812,0.00017150468163586966,0.0
bengaluru,2026-07-19,0.5,13.999746322631836,12.97,77.59,Normal,-0.4945492939814996,Inland,0.5,0.10984301358461378,0.17344485223293304,1.6260309357640395,0.5177388652725685,1.6260309357640395,0.0001924096829045096,0.0
bhopal,2026-07-19,1.7000000000000002,19.393815994262695,23.26,77.41,Normal,-0.4945492939814996,Inland,1.7000000000000002,1.0632430869340894,1.03393549323082,2.311797029356065,1.560094678602461,2.311797029356065,0.0002339112553678353,0.0
bhubaneswar,2026-07-19,2.2,0.7064967751502991,20.3,85.82,Normal,-0.4945492939814996,East coast,2.2,1.5392541933059691,2.0288266801834114,6.218302244656548,10.797140189220196,6.218302244656548,0.0006850697088094562,0.0
chandigarh,2026-07-19,0.0,18.058683395385742,30.73,76.78,Normal,-0.4945492939814996,Inland,0.0,0.0,0.0,2.36400939771983,1.647843241416985,2.36400939771983,0.0003721317171902842,0.0
chennai,2026-07-19,0.0,0.13431306183338165,13.08,80.27,Normal,-0.4945492939814996,East coast,0.0,0.0,0.0,1.8125258350017586,0.6591519832610091,1.8125258350017586,0.00044335160290213336,0.0
dehradun,2026-07-19,3.1,21.84603500366211,30.32,78.03,Normal,-0.4945492939814996,Hill / Himalayan orographic,3.1,2.3659185135364535,0.6909364491701127,12.326935964926994,20.577798216333644,12.326935964926994,0.0005821659900116776,0.0
delhi,2026-07-19,0.0,0.0,28.61,77.21,Normal,-0.4945492939814996,Inland,0.0,0.0,0.0,1.7539965123933996,0.6409796294697523,1.7539965123933996,0.00033726360333840265,0.0
gangtok,2026-07-19,12.3,24.946456909179688,27.33,88.61,Normal,-0.4945492939814996,Hill / Himalayan orographic,12.3,13.61497432072958,11.836778670227789,26.075148179369336,41.81459951964338,26.075148179369336,0.003440399584948377,0.0
guwahati,2026-07-19,28.8,2.609797477722168,26.14,91.74,Normal,-0.4945492939814996,Inland,28.8,38.19985738624451,33.436146618616874,4.229770788137573,5.7143097339955276,4.229770788137573,0.0011220706450515445,0.0
hyderabad,2026-07-19,1.3,1.2552416324615479,17.39,78.49,Normal,-0.4945492939814996,Inland,1.3,0.7644404840469359,0.7367889475822449,2.798674015268243,2.224661722825254,2.798674015268243,0.0001924096829045096,0.0
jabalpur,2026-07-19,8.8,22.454816818237305,23.18,79.95,Normal,-0.4945492939814996,Inland,8.8,8.582843793233238,7.53601991335551,7.111754502892313,14.119347282826048,7.111754502892313,0.002806074797618464,0.0
jaipur,2026-07-19,0.0,0.0,26.91,75.79,Normal,-0.4945492939814996,Inland,0.0,0.0,0.0,0.462314065611584,0.0,0.462314065611584,0.0001652614793317867,0.0
jodhpur,2026-07-19,0.0,0.0,26.24,73.02,Normal,-0.4945492939814996,Inland,0.0,0.0,0.0,0.12422443433799088,0.0,0.12422443433799088,0.00015143394893509093,0.0
kochi,2026-07-19,0.30000000000000004,19.4872989654541,9.93,76.27,Normal,-0.4945492939814996,West-coast orographic,0.30000000000000004,0.030117802489548942,0.0,10.989808686188079,12.579557473912613,10.989808686188079,0.009089435203518202,0.0
kolkata,2026-07-19,2.1,0.08266758918762207,22.57,88.36,Normal,-0.4945492939814996,East coast,2.1,1.405533331632615,1.8384626162285909,4.661700745877408,8.360530319128948,4.661700745877408,0.0007624335652813012,0.0
lucknow,2026-07-19,1.3,11.94206714630127,26.85,80.95,Normal,-0.4945492939814996,Inland,1.3,0.7644404840469359,0.7367889475822449,3.230661272877195,3.272024729239154,3.230661272877195,0.00039289393495327724,0.0
madurai,2026-07-19,0.0,0.0,9.93,78.12,Normal,-0.4945492939814996,Inland,0.0,0.0,0.0,0.27775147734881483,0.0,0.27775147734881483,0.0005921869399219698,0.0
mangaluru,2026-07-19,13.8,10.693305969238281,12.91,74.86,Normal,-0.4945492939814996,West-coast orographic,13.8,16.122554605657403,22.113507599226168,33.14950955408425,41.44428628619866,33.14950955408425,0.023490479452126768,0.0
mumbai,2026-07-19,10.1,34.62748336791992,19.08,72.88,Normal,-0.4945492939814996,West-coast orographic,10.1,10.46610482533773,18.487199253000338,18.046595994630973,23.86618432060918,18.046595994630973,0.003229238332815169,0.0
nagpur,2026-07-19,14.3,4.932419300079346,21.15,79.09,Normal,-0.4945492939814996,Inland,14.3,16.730585393038663,14.138822686979086,7.018986598431341,13.872998433602568,7.018986598431341,0.005016921055258149,0.0
panaji,2026-07-19,4.5,1.8322579860687256,15.49,73.83,Normal,-0.4945492939814996,West-coast orographic,4.5,3.816870544751485,8.184403351814522,9.880470593413742,11.263356002470562,9.880470593413742,0.00043012633454933265,0.0
patna,2026-07-19,13.5,33.75634765625,25.59,85.14,Normal,-0.4945492939814996,Inland,13.5,15.604110476175942,13.290798329482843,5.6098734707131825,9.646770252965363,5.6098734707131825,0.0017178344361870627,0.0
pune,2026-07-19,0.1,2.7181625366210938,18.52,73.86,Normal,-0.4945492939814996,Inland,0.1,0.0,0.0,2.279228362510582,1.4980698774252195,2.279228362510582,0.000199513539273961,0.0
raipur,2026-07-19,18.0,16.66946792602539,21.25,81.63,Normal,-0.4945492939814996,Inland,18.0,22.022653717196516,18.969447688433814,15.012680896569481,29.779384383507665,15.012680896569481,0.032834900017270144,0.0
ranchi,2026-07-19,27.8,7.98815393447876,23.34,85.31,Normal,-0.4945492939814996,Inland,27.8,37.500820503434575,32.36600023917376,14.25816418373215,28.276830350792387,14.25816418373215,0.0055300927385847475,0.0
shillong,2026-07-19,5.5,2.933468818664551,25.58,91.89,Normal,-0.4945492939814996,Hill / Himalayan orographic,5.5,4.735579836368561,2.0385494221453686,10.885496050040793,15.635432399808394,10.885496050040793,0.03748422551051547,0.0
shimla,2026-07-19,1.3,2.13338565826416,31.1,77.17,Normal,-0.4945492939814996,Hill / Himalayan orographic,1.3,0.7644404840469359,0.08796923235058784,6.001294295559812,4.061999453700657,6.001294295559812,0.00025479874954745696,0.0
srinagar,2026-07-19,0.0,1.8393710851669312,34.08,74.8,Normal,-0.4945492939814996,Hill / Himalayan orographic,0.0,0.0,0.0,0.9657653243719836,0.026214520636505773,0.9657653243719836,0.00021121128639324397,0.0
surat,2026-07-19,2.2,80.89764404296875,21.17,72.83,Normal,-0.4945492939814996,West-coast orographic,2.2,1.5392541933059691,3.7006611943244936,1.8284559907043025,1.0935230222990935,1.8284559907043025,0.00032232539581175397,0.0
thiruvananthapuram,2026-07-19,0.0,0.0,8.52,76.94,Normal,-0.4945492939814996,West-coast orographic,0.0,0.0,0.0,1.338605913234355,0.5863227841646388,1.338605913234355,0.000998710468682058,0.0
varanasi,2026-07-19,17.2,4.361003875732422,25.32,82.97,Normal,-0.4945492939814996,Inland,17.2,20.647731638805123,17.926512076945237,18.43687647644351,35.40967556945328,18.43687647644351,0.01876967724256918,0.0
vijayawada,2026-07-19,1.3,0.03086894564330578,16.51,80.65,Normal,-0.4945492939814996,Inland,1.3,0.7644404840469359,0.7367889475822449,4.955539408306878,7.611685362786411,4.955539408306878,0.0004208580622589358,0.0
visakhapatnam,2026-07-19,6.2,0.0,17.69,83.22,Normal,-0.4945492939814996,East coast,6.2,5.57424861907959,7.489346290859369,5.028719501425531,9.39190872463886,5.028719501425531,0.016288122198561655,0.0
agartala,2026-07-20,5.4,3.6143956184387207,23.83,91.29,Normal,-0.6830925122144682,Inland,5.4,4.600712227821349,4.361779390994501,6.734903200890888,12.899864067330133,6.734903200890888,0.03361107440263226,0.0
ahmedabad,2026-07-20,0.0,4.940622329711914,23.02,72.57,Normal,-0.6830925122144682,Inland,0.0,0.0,0.0,0.08751536714405192,0.0,0.08751536714405192,0.00019875126353352123,0.0
amritsar,2026-07-20,0.0,0.0,31.63,74.87,Normal,-0.6830925122144682,Inland,0.0,0.0,0.0,1.9309773558996037,0.8326351055271474,1.9309773558996037,0.00017977101382349572,0.0
bengaluru,2026-07-20,2.9,0.0,12.97,77.59,Normal,-0.6830925122144682,Inland,2.9,2.161920096874237,2.074618151471518,3.3134755811235426,3.530760982724683,3.3134755811235426,0.00019051207309200293,0.0
bhopal,2026-07-20,5.9,4.324378967285156,23.26,77.41,Normal,-0.6830925122144682,Inland,5.9,5.204688301086432,4.834203670289779,4.135213452547906,5.510589450002579,4.135213452547906,0.0025433184676847908,0.0
bhubaneswar,2026-07-20,5.0,1.2971197366714478,20.3,85.82,Normal,-0.6830925122144682,East coast,5.0,4.3064337158203125,5.1127634036740774,5.298387028265406,9.471782265111267,5.298387028265406,0.0006983205712335402,0.0
chandigarh,2026-07-20,4.2,2.4760022163391113,30.73,76.78,Normal,-0.6830925122144682,Inland,4.2,3.481877695719401,3.2634516167640695,7.73673347069611,15.859834192771768,7.73673347069611,0.00031939573980090997,0.0
chennai,2026-07-20,0.0,0.0,13.08,80.27,Normal,-0.6830925122144682,East coast,0.0,0.0,0.0,0.9569430435395149,0.031305498514303975,0.9569430435395149,0.00042861289016081695,0.0
dehradun,2026-07-20,24.6,19.190200805664062,30.32,78.03,Normal,-0.6830925122144682,Hill / Himalayan orographic,24.6,34.36526153575022,39.7071702356578,19.160885358817236,35.868467309316046,19.160885358817236,0.07566801448474929,0.0
delhi,2026-07-20,0.0,0.0,28.61,77.21,Normal,-0.6830925122144682,Inland,0.0,0.0,0.0,1.4590830218675666,0.3780002993954605,1.4590830218675666,0.00033726360333840265,0.0
gangtok,2026-07-20,46.1,36.53110122680664,27.33,88.61,Normal,-0.6830925122144682,Hill / Himalayan orographic,46.1,65.28660304452562,128.7796409514461,35.282753272405785,73.59532274572976,35.282753272405785,0.00655342431610085,0.0
guwahati,2026-07-20,31.3,24.065628051757812,26.14,91.74,Normal,-0.6830925122144682,Inland,31.3,41.79332309354997,36.111512567224665,6.192915141157614,11.280305880420281,6.192915141157614,0.00481600086270224,0.0
hyderabad,2026-07-20,0.6000000000000001,4.745110988616943,17.39,78.49,Normal,-0.6830925122144682,Inland,0.6000000000000001,0.136888691484929,0.20315355956554423,2.223601811194371,1.3887374460496549,2.223601811194371,0.00019051207309200293,0.0
jabalpur,2026-07-20,33.1,11.3387451171875,23.18,79.95,Normal,-0.6830925122144682,Inland,33.1,44.23006244541074,37.47165884472237,30.7905187317436,50.68735679184865,30.7905187317436,0.17083780928562856,0.0
jaipur,2026-07-20,0.30000000000000004,0.0,26.91,75.79,Normal,-0.6830925122144682,Inland,0.30000000000000004,0.030117802489548942,0.05490860715508461,1.136519871023817,0.1006167486237073,1.136519871023817,0.0005197889741910947,0.0
jodhpur,2026-07-20,0.0,0.0,26.24,73.02,Normal,-0.6830925122144682,Inland,0.0,0.0,0.0,0.12422443433799088,0.0,0.12422443433799088,0.00017348685360173794,0.0
kochi,2026-07-20,0.5,18.143314361572266,9.93,76.27,Normal,-0.6830925122144682,West-coast orographic,0.5,0.10984301358461378,0.3024269592761995,10.04315964908635,11.454309647785367,10.04315964908635,0.0018299005185720657,0.0
kolkata,2026-07-20,13.2,0.2247772365808487,22.57,88.36,Normal,-0.6830925122144682,East coast,13.2,15.008853518168129,24.509564078571003,13.488938234024374,28.39354109792389,13.488938234024374,0.04012549736162918,0.0
lucknow,2026-07-20,23.0,9.616244316101074,26.85,80.95,Normal,-0.6830925122144682,Inland,23.0,32.21070990177461,27.069760410619992,15.155580176660273,30.070216387850646,15.155580176660273,0.00640967958681172,0.0
madurai,2026-07-20,0.2,5.579873085021973,9.93,78.12,Normal,-0.6830925122144682,Inland,0.2,0.0,0.0,0.542831873792071,0.0,0.542831873792071,0.0005398236028805296,0.0
mangaluru,2026-07-20,4.5,66.74468994140625,12.91,74.86,Normal,-0.6830925122144682,West-coast orographic,4.5,3.816870544751485,8.184403351814522,15.46807183444694,19.80329281713751,15.46807183444694,0.0004855826770937084,0.0
mumbai,2026-07-20,16.0,109.23265838623047,19.08,72.88,Normal,-0.6830925122144682,West-coast orographic,16.0,19.25410301208497,23.64302388047519,74.31661798881744,95.79636688153084,64.0,0.05612961491507061,0.0
nagpur,2026-07-20,12.5,2.6506288051605225,21.15,79.09,Normal,-0.6830925122144682,Inland,12.5,13.934246711730962,12.151775099838064,3.8875022503961763,4.9377974780655265,3.8875022503961763,0.005810892059153256,0.0
panaji,2026-07-20,20.3,4.942143440246582,15.49,73.83,Normal,-0.6830925122144682,West-coast orographic,20.3,26.859920539855963,28.089697045458298,18.273884922738713,24.257756151866943,18.273884922738713,0.042365620183045634,0.0
patna,2026-07-20,0.6000000000000001,37.80424499511719,25.59,85.14,Normal,-0.6830925122144682,Inland,0.6000000000000001,0.136888691484929,0.20315355956554423,1.870572498035499,0.7415440908861664,1.870572498035499,0.0002477395095837282,0.0
pune,2026-07-20,0.0,1.2591179609298706,18.52,73.86,Normal,-0.6830925122144682,Inland,0.0,0.0,0.0,1.5215493906050088,0.43636106340807884,1.5215493906050088,0.00021074844703120212,0.0
raipur,2026-07-20,11.2,9.822288513183594,21.25,81.63,Normal,-0.6830925122144682,Inland,11.2,12.064145556858614,10.625481038743787,6.221272593595971,11.360521065544797,6.221272593595971,0.005266722849203239,0.0
ranchi,2026-07-20,34.6,18.123455047607422,23.34,85.31,Normal,-0.6830925122144682,Inland,34.6,45.61198005042677,38.30978192946983,26.932194856077743,45.609507803006665,26.932194856077743,0.03682233313807416,0.0
shillong,2026-07-20,8.6,40.142539978027344,25.58,91.89,Normal,-0.6830925122144682,Hill / Himalayan orographic,8.6,8.253772296905519,4.661301813401467,5.127486927394967,3.1548646828771147,5.127486927394967,0.005023244460148079,0.0
shimla,2026-07-20,7.0,5.076064109802246,31.1,77.17,Normal,-0.6830925122144682,Hill / Himalayan orographic,7.0,6.6200844573974615,3.281590483188629,6.5097858675892635,4.384520994645167,6.5097858675892635,0.0017996580444923933,0.0
srinagar,2026-07-20,0.39999999999999997,21.855127334594727,34.08,74.8,Normal,-0.6830925122144682,Hill / Himalayan orographic,0.39999999999999997,0.05356851719319821,0.0,1.857515978494506,0.42400253830200607,1.857515978494506,0.000200339969664066,0.0
surat,2026-07-20,4.2,14.820507049560547,21.17,72.83,Normal,-0.6830925122144682,West-coast orographic,4.2,3.481877695719401,7.8467607743340135,2.4870867397919967,1.6911671034034412,2.4870867397919967,0.0002684937791478356,0.0
thiruvananthapuram,2026-07-20,0.4,0.0,8.52,76.94,Normal,-0.6830925122144682,West-coast orographic,0.4,0.053568517193198224,0.11738357990980144,1.9026606062800888,1.1347169783032978,1.9026606062800888,0.0010653888550911444,0.0
varanasi,2026-07-20,110.1,102.94842529296875,25.32,82.97,Normal,-0.6830925122144682,Inland,110.1,120.32275005876446,108.37064400225597,61.69296333649281,92.90330148224001,70.0,0.6165788695407741,1.0
vijayawada,2026-07-20,0.7,0.0,16.51,80.65,Normal,-0.6830925122144682,Inland,0.7,0.24119203478097917,0.3142141503095627,3.557462765641657,4.141033249202744,3.557462765641657,0.0004115536451616237,0.0
visakhapatnam,2026-07-20,2.4,0.1810842752456665,17.69,83.22,Normal,-0.6830925122144682,East coast,2.4,1.6869998490810396,2.346053077481317,4.123710745238231,6.17426534603143,4.123710745238231,0.0006830007607052555,0.0
agartala,2026-07-22,8.4,5.634566307067871,23.83,91.29,Normal,-0.3414518851785011,Inland,8.4,8.287022869586945,7.29668067467575,7.324742778486294,14.928774166398165,7.324742778486294,0.0037689263100121307,0.0
ahmedabad,2026-07-22,0.4,2.5150575637817383,23.02,72.57,Normal,-0.3414518851785011,Inland,0.4,0.08217005930840969,0.13316086649894715,0.47244428478945094,0.0,0.47244428478945094,0.00013016924198945448,0.0
amritsar,2026-07-22,11.0,143.5140380859375,31.63,74.87,Normal,-0.3414518851785011,Inland,11.0,12.107410033543905,10.332402329530147,3.2801347228422646,3.6486136714858364,3.2801347228422646,0.0006860947620994103,0.0
bengaluru,2026-07-22,0.39999999999999997,0.0,12.97,77.59,Normal,-0.3414518851785011,Inland,0.39999999999999997,0.05472397968173025,0.07669123396277436,1.6264007542904677,0.6752750764575794,1.6264007542904677,0.0003029945009133325,0.0
bhopal,2026-07-22,24.7,71.7742691040039,23.26,77.41,Normal,-0.3414518851785011,Inland,24.7,35.206041251508424,29.04161208210796,14.828587787300185,29.55873558585288,14.828587787300185,0.004560138675244886,0.0
bhubaneswar,2026-07-22,58.4,23.426921844482422,20.3,85.82,Normal,-0.3414518851785011,East coast,58.4,83.30377262014369,179.68210347369666,33.67100970968073,58.475959479448434,33.67100970968073,0.11804968595900493,0.0
chandigarh,2026-07-22,8.5,3.5462844371795654,30.73,76.78,Normal,-0.3414518851785011,Inland,8.5,8.432673296928407,7.351510898625817,7.151964348393447,14.327658958423054,7.151964348393447,0.005842241793657368,0.0
chennai,2026-07-22,0.0,0.0,13.08,80.27,Normal,-0.3414518851785011,East coast,0.0,0.0,0.0,1.45700151210241,0.26416658090001166,1.45700151210241,0.00044444689261241663,0.0
dehradun,2026-07-22,14.6,2.3633739948272705,30.32,78.03,Normal,-0.3414518851785011,Hill / Himalayan orographic,14.6,17.975232166290272,19.64190780918986,29.101638830369847,52.88101498823838,29.101638830369847,0.04934826166842989,0.0
delhi,2026-07-22,17.6,4.378792762756348,28.61,77.21,Normal,-0.3414518851785011,Inland,17.6,22.6135951128873,18.26520670012514,17.57799694052412,35.96746380062648,17.57799694052412,0.009831687356674283,0.0
gangtok,2026-07-22,17.7,15.749579429626465,27.33,88.61,Normal,-0.3414518851785011,Hill / Himalayan orographic,17.7,22.767399862462824,27.287307115053142,27.265426226874638,47.033964129639806,27.265426226874638,0.004090412141965209,0.0
guwahati,2026-07-22,26.4,3.1240153312683105,26.14,91.74,Normal,-0.3414518851785011,Inland,26.4,36.897754130474794,31.38226683391863,7.9165331380198,16.644946238631857,7.9165331380198,0.0007395786360840848,0.0
hyderabad,2026-07-22,0.0,7.566659927368164,17.39,78.49,Normal,-0.3414518851785011,Inland,0.0,0.0,0.0,0.9169525639655749,0.02160109180212015,0.9169525639655749,0.00024977631032116384,0.0
jabalpur,2026-07-22,5.0,37.2626838684082,23.18,79.95,Normal,-0.3414518851785011,Inland,5.0,4.405009981175364,4.097320637702943,4.359359145735261,6.911073492902636,4.359359145735261,0.0004130142348608649,0.0
jaipur,2026-07-22,94.4,0.8931164741516113,26.91,75.79,Normal,-0.3414518851785011,Inland,94.4,108.61324589178886,90.77236076250469,48.8216381411121,70.26806257207585,48.8216381411121,0.22717953005441785,1.0
jodhpur,2026-07-22,1.8,0.26481160521507263,26.24,73.02,Normal,-0.3414518851785011,Inland,1.8,1.1071359717845919,1.0188885116577169,1.4639653628634182,0.5189787136072344,1.4639653628634182,0.0001170928155313464,0.0
kochi,2026-07-22,0.0,0.7672231197357178,9.93,76.27,Normal,-0.3414518851785011,West-coast orographic,0.0,0.0,0.0,6.697659568567846,5.569748347567248,6.697659568567846,0.006267315385452313,0.0
kolkata,2026-07-22,20.1,0.0553564615547657,22.57,88.36,Normal,-0.3414518851785011,East coast,20.1,27.279920213872753,46.34001101196062,28.911090015643218,46.80663297264314,28.911090015643218,0.18307871591749997,0.0
lucknow,2026-07-22,9.2,1.0370516777038574,26.85,80.95,Normal,-0.3414518851785011,Inland,9.2,9.37192617416382,7.899141104544151,10.977997214198234,21.321059273676262,10.977997214198234,0.004141700280475774,0.0
madurai,2026-07-22,0.0,0.0,9.93,78.12,Normal,-0.3414518851785011,Inland,0.0,0.0,0.0,0.32800286793563327,0.0,0.32800286793563327,0.0009127346954619865,0.0
mangaluru,2026-07-22,2.3000000000000003,15.445817947387695,12.91,74.86,Normal,-0.3414518851785011,West-coast orographic,2.3000000000000003,1.6867456674575805,4.455269351005554,21.015319067698115,26.24077339154031,21.015319067698115,0.0012468201913635557,0.0
mumbai,2026-07-22,29.0,71.19963836669922,19.08,72.88,Normal,-0.3414518851785011,West-coast orographic,29.0,39.52639700236519,38.55758766058015,93.5110308312058,105.6913280992523,64.0,0.1707490223630223,0.0
nagpur,2026-07-22,19.9,46.04319381713867,21.15,79.09,Normal,-0.3414518851785011,Inland,19.9,26.84660557833586,20.78801811260069,15.295834659019812,30.841268098303093,15.295834659019812,0.015116374878956647,0.0
panaji,2026-07-22,22.6,16.044713973999023,15.49,73.83,Normal,-0.3414518851785011,West-coast orographic,22.6,32.31601445151825,35.3975431866116,15.546867226507125,20.654685088409586,15.546867226507125,0.017895632036164472,0.0
patna,2026-07-22,0.4,4.322704315185547,25.59,85.14,Normal,-0.3414518851785011,Inland,0.4,0.08217005930840969,0.13316086649894715,1.6882279689855737,0.711860297031809,1.6882279689855737,0.000228024253156449,0.0
pune,2026-07-22,1.9000000000000001,37.61082458496094,18.52,73.86,Normal,-0.3414518851785011,Inland,1.9000000000000001,1.2263671684265143,1.1274236226081855,3.4256183175346044,4.299049299870893,3.4256183175346044,0.0001777763540965097,0.0
raipur,2026-07-22,32.8,28.132116317749023,21.25,81.63,Normal,-0.3414518851785011,Inland,32.8,43.774744984218835,36.63436554596404,21.230897779360113,38.92959289541857,21.230897779360113,0.0857339731193812,0.0
ranchi,2026-07-22,10.0,27.33039665222168,23.34,85.31,Normal,-0.3414518851785011,Inland,10.0,10.575762977600098,9.172412252426149,5.215915231431031,8.90294711330422,5.215915231431031,0.0018787186053040815,0.0
shillong,2026-07-22,36.6,9.37523365020752,25.58,91.89,Normal,-0.3414518851785011,Hill / Himalayan orographic,36.6,48.41160004433532,71.45963686039413,6.487917904126191,4.639459768470067,6.487917904126191,0.006495382836939928,0.0
shimla,2026-07-22,15.5,39.578853607177734,31.1,77.17,Normal,-0.3414518851785011,Hill / Himalayan orographic,15.5,19.148714523315395,22.989359352101484,19.24146055496931,34.211074234885366,19.24146055496931,0.011330967600076515,0.0
srinagar,2026-07-22,39.300000000000004,7.811014175415039,34.08,74.8,Normal,-0.3414518851785011,Hill / Himalayan orographic,39.300000000000004,53.58078241870144,76.99839337525054,28.05019172919293,49.64472318839003,28.05019172919293,0.03597265629988244,0.0
surat,2026-07-22,11.7,55.055519104003906,21.17,72.83,Normal,-0.3414518851785011,West-coast orographic,11.7,13.175671496391296,21.19394119323609,24.60014617283488,30.089116927787572,24.60014617283488,0.009838660757081832,0.0
thiruvananthapuram,2026-07-22,0.0,0.4874708652496338,8.52,76.94,Normal,-0.3414518851785011,West-coast orographic,0.0,0.0,0.0,1.481564222797137,0.8337889089012545,1.481564222797137,0.0015718624265369501,0.0
varanasi,2026-07-22,12.5,0.0,25.32,82.97,Normal,-0.3414518851785011,Inland,12.5,14.502135298592703,12.204590409596761,9.882087796318539,20.064075181195776,9.882087796318539,0.04888874881066456,0.0
vijayawada,2026-07-22,0.0,0.14588215947151184,16.51,80.65,Normal,-0.3414518851785011,Inland,0.0,0.0,0.0,1.0837254991571788,0.11998146603532299,1.0837254991571788,0.00036834408261369095,0.0
visakhapatnam,2026-07-22,1.6,0.0,17.69,83.22,Normal,-0.3414518851785011,East coast,1.6,1.017909049987793,1.558374965481644,4.195127846479079,6.283946205053674,4.195127846479079,0.0006284961595978067,0.0
agartala,2026-07-24,0.7,8.676493644714355,23.83,91.29,Active,1.9587119903789167,Inland,0.7,0.24144079834222798,0.007918475335463901,7.563547591645699,7.467999590950779,7.563547591645699,0.0002547778599134971,0.0
ahmedabad,2026-07-24,181.4,278.518310546875,23.02,72.57,Active,1.9587119903789167,Inland,181.4,169.77780629826472,151.6594368087745,115.19352887927332,136.7898984098851,115.19352887927332,0.8134222652338924,1.0
amritsar,2026-07-24,8.9,16.384695053100586,31.63,74.87,Active,1.9587119903789167,Inland,8.9,9.020015354156495,8.475890695896183,9.474496961722837,8.622590235151128,9.474496961722837,0.008387796858076703,0.0
bengaluru,2026-07-24,0.0,0.004983808379620314,12.97,77.59,Active,1.9587119903789167,Inland,0.0,0.0,0.0,0.2939796481669525,0.0,0.2939796481669525,0.0002979452258724899,0.0
bhopal,2026-07-24,0.7,0.41164785623550415,23.26,77.41,Active,1.9587119903789167,Inland,0.7,0.24144079834222798,0.007918475335463901,1.1020330252077541,0.07566187088902411,1.1020330252077541,0.0002880551842782358,0.0
bhubaneswar,2026-07-24,6.0,0.0,20.3,85.82,Active,1.9587119903789167,East coast,6.0,5.508756163915,4.689587748284429,5.469644605657771,3.8056983963114708,5.469644605657771,0.05270341043240357,0.0
chandigarh,2026-07-24,0.9,1.618947148323059,30.73,76.78,Active,1.9587119903789167,Inland,0.9,0.4346321082115173,0.08952286377549172,2.2914336844437435,1.0201668649687698,2.2914336844437435,0.0005137074661890238,0.0
chennai,2026-07-24,0.1,0.0,13.08,80.27,Active,1.9587119903789167,East coast,0.1,0.0,0.0,0.6856760230816636,0.0,0.6856760230816636,0.0003208251544899603,0.0
dehradun,2026-07-24,18.2,1.4169461727142334,30.32,78.03,Active,1.9587119903789167,Hill / Himalayan orographic,18.2,23.536423610340464,16.20145740047577,20.182020497543963,20.81422656186443,20.182020497543963,0.21563458467713176,0.0
delhi,2026-07-24,2.7,0.3077027499675751,28.61,77.21,Active,1.9587119903789167,Inland,2.7,1.9440167832374582,1.4801404057180183,6.229667269121195,6.216432463221628,6.229667269121195,0.0003952309649649539,0.0
gangtok,2026-07-24,11.3,12.077800750732422,27.33,88.61,Active,1.9587119903789167,Hill / Himalayan orographic,11.3,12.542212612152102,8.856581249000488,27.065030958081326,32.14516005823983,27.065030958081326,0.024355378587767918,0.0
guwahati,2026-07-24,18.5,27.715883255004883,26.14,91.74,Active,1.9587119903789167,Inland,18.5,23.997837859067047,22.838196005628635,8.680997136452635,8.17539595368821,8.680997136452635,0.03100539380312418,0.0
hyderabad,2026-07-24,0.0,0.0,17.39,78.49,Active,1.9587119903789167,Inland,0.0,0.0,0.0,0.3105896665110696,0.0,0.3105896665110696,0.0003146657590218203,0.0
jabalpur,2026-07-24,1.7,0.5215780735015869,23.18,79.95,Active,1.9587119903789167,Inland,1.7,1.0625225108861924,0.7634405685104528,1.7675018939673999,0.26370761568421913,1.7675018939673999,0.00040611486829965826,0.0
jaipur,2026-07-24,6.8,1.7925735712051392,26.91,75.79,Active,1.9587119903789167,Inland,6.8,6.622056023279824,7.902817519572184,4.556125802309551,3.8003205884278386,4.556125802309551,0.027132863699300007,0.0
jodhpur,2026-07-24,10.9,3.651127576828003,26.24,73.02,Active,1.9587119903789167,Inland,10.9,11.980110193888347,9.498304845890136,6.482424617171721,6.485551364829074,6.482424617171721,0.014396754574615101,0.0
kochi,2026-07-24,0.0,8.093374252319336,9.93,76.27,Active,1.9587119903789167,West-coast orographic,0.0,0.0,0.0,2.3842877011849453,0.664935662757451,2.3842877011849453,0.004442126273093292,0.0
kolkata,2026-07-24,15.6,0.6009526252746582,22.57,88.36,Active,1.9587119903789167,East coast,15.6,19.290070541513913,13.40652101925441,24.09403547581945,27.99731505840435,24.09403547581945,0.2701729418474103,0.0
lucknow,2026-07-24,11.899999999999999,37.7332649230957,26.85,80.95,Active,1.9587119903789167,Inland,11.899999999999999,13.520081048011777,9.83361461983352,29.952089576826946,35.34369287428477,29.952089576826946,0.11416120183647861,0.0
madurai,2026-07-24,0.1,0.0,9.93,78.12,Active,1.9587119903789167,Inland,0.1,0.0,0.0,0.3061763416289396,0.0,0.3061763416289396,0.0010258147691321485,0.0
mangaluru,2026-07-24,3.2,27.591787338256836,12.91,74.86,Active,1.9587119903789167,West-coast orographic,3.2,2.5465369129180906,1.3407532956865098,12.369126355231783,12.149819959317227,12.369126355231783,0.0005194962064056245,0.0
mumbai,2026-07-24,54.0,59.981178283691406,19.08,72.88,Active,1.9587119903789167,West-coast orographic,54.0,77.34768457932672,87.79039668544833,94.59212470559456,100.70968870311903,94.59212470559456,0.8275388771134627,0.0
nagpur,2026-07-24,2.1,2.708872079849243,21.15,79.09,Active,1.9587119903789167,Inland,2.1,1.4632751834392548,1.0503420770064644,2.697648569779856,1.6601942866196568,2.697648569779856,0.0003177258952561767,0.0
panaji,2026-07-24,18.7,5.052942752838135,15.49,73.83,Active,1.9587119903789167,West-coast orographic,18.7,24.35614171028137,18.029517050712325,9.37967023425493,8.547004904563162,9.37967023425493,0.028487465930920094,0.0
patna,2026-07-24,10.1,8.618450164794922,25.59,85.14,Active,1.9587119903789167,Inland,10.1,10.7547925491333,8.874046802176466,13.956285005906766,16.171763503655654,13.956285005906766,0.03484840859642557,0.0
pune,2026-07-24,1.4000000000000001,12.857799530029297,18.52,73.86,Active,1.9587119903789167,Inland,1.4000000000000001,0.8681620484590529,0.2567760661244391,1.7525271980477972,0.2533676849373542,1.7525271980477972,0.00036296299838080065,0.0
raipur,2026-07-24,0.7999999999999999,0.9458568692207336,21.25,81.63,Active,1.9587119903789167,Inland,0.7999999999999999,0.29135509550571376,0.060422588025148105,0.802272860073995,0.0,0.802272860073995,0.0004746320621003266,0.0
ranchi,2026-07-24,0.1,1.9707319736480713,23.34,85.31,Active,1.9587119903789167,Inland,0.1,0.0,0.0,0.8068505061242548,0.0,0.8068505061242548,0.0002648467876037157,0.0
shillong,2026-07-24,1.1,4.376039981842041,25.58,91.89,Active,1.9587119903789167,Hill / Himalayan orographic,1.1,0.6141898989677432,0.08186224574790052,5.799922892336039,4.193013966407653,5.799922892336039,0.0002687982867741979,0.0
shimla,2026-07-24,11.4,12.270715713500977,31.1,77.17,Active,1.9587119903789167,Hill / Himalayan orographic,11.4,12.695963981628418,8.94839285642047,12.637753810584968,12.315569578281949,12.637753810584968,0.006497506695022821,0.0
srinagar,2026-07-24,3.5,3.2691822052001953,34.08,74.8,Active,1.9587119903789167,Hill / Himalayan orographic,3.5,2.8074915242195124,1.5312113891986376,0.8154426930151822,0.0,0.8154426930151822,0.00019388547835223714,0.0
surat,2026-07-24,79.5,70.85050964355469,21.17,72.83,Active,1.9587119903789167,West-coast orographic,79.5,98.13793612102461,95.8138404221818,113.2529183062252,126.63334868148438,113.2529183062252,0.8068450105860424,1.0
thiruvananthapuram,2026-07-24,0.0,0.0,8.52,76.94,Active,1.9587119903789167,West-coast orographic,0.0,0.0,0.0,0.38907156429027245,0.0,0.38907156429027245,0.0011587749338088933,0.0
varanasi,2026-07-24,18.9,0.530157208442688,25.32,82.97,Active,1.9587119903789167,Inland,18.9,24.76513991355896,25.374385803860076,45.36925446584731,58.835146266787724,70.0,0.596538315381653,0.0
vijayawada,2026-07-24,1.7000000000000002,2.1602253913879395,16.51,80.65,Active,1.9587119903789167,Inland,1.7000000000000002,1.0625225108861924,0.763440568510453,1.4665889451438683,0.11904691260012362,1.4665889451438683,0.00042893470367242817,0.0
visakhapatnam,2026-07-24,0.0,1.0246397256851196,17.69,83.22,Active,1.9587119903789167,East coast,0.0,0.0,0.0,0.13315955532448798,0.0,0.13315955532448798,0.00036475532725596975,0.0
agartala,2026-07-26,0.6000000000000001,0.0,23.83,91.29,Active,1.0828309907947193,Inland,0.6000000000000001,0.18501394093036658,8.791273637358435e-18,6.94202659951915,6.839618273757572,6.94202659951915,0.0001865042445086117,0.0
ahmedabad,2026-07-26,5.6,16.711780548095703,23.02,72.57,Active,1.0828309907947193,Inland,5.6,5.028225002288827,6.449843726158139,2.111988257329964,0.7498111263469678,2.111988257329964,0.005919257696492249,0.0
amritsar,2026-07-26,0.6,9.947035789489746,31.63,74.87,Active,1.0828309907947193,Inland,0.6,0.13487331598997115,0.0,1.0205284231851846,0.05747315356191866,1.0205284231851846,0.00013822756177865565,0.0
bengaluru,2026-07-26,0.0,0.0,12.97,77.59,Active,1.0828309907947193,Inland,0.0,0.0,0.0,0.42961795428979027,0.0,0.42961795428979027,0.00021222279668040654,0.0
bhopal,2026-07-26,1.0,6.023745059967041,23.26,77.41,Active,1.0828309907947193,Inland,1.0,0.5206797599792482,0.09713444843888286,1.0141422792970087,0.05424234562607199,1.0141422792970087,0.00017606469076919304,0.0
bhubaneswar,2026-07-26,20.5,96.76815795898438,20.3,85.82,Active,1.0828309907947193,East coast,20.5,28.14654948494652,23.29968341003952,37.04438443402959,45.081502456304875,70.0,0.7108194781633577,0.0
chandigarh,2026-07-26,4.0,0.0,30.73,76.78,Active,1.0828309907947193,Inland,4.0,3.36293203830719,3.0680269813537624,3.6044503345367773,2.9054957837840614,3.6044503345367773,0.0004110137822342615,0.0
chennai,2026-07-26,0.0,0.0,13.08,80.27,Active,1.0828309907947193,East coast,0.0,0.0,0.0,0.5052032860198208,0.0,0.5052032860198208,0.0003463850133812549,0.0
dehradun,2026-07-26,12.7,11.392285346984863,30.32,78.03,Active,1.0828309907947193,Hill / Himalayan orographic,12.7,14.812428580692833,10.273931437188148,17.122508537388075,15.73433592235891,17.122508537388075,0.166518047466802,0.0
delhi,2026-07-26,7.5,0.0,28.61,77.21,Active,1.0828309907947193,Inland,7.5,7.442371185302734,8.071062119115373,7.890596192726739,7.773796060686629,7.890596192726739,0.12443561649231345,0.0
gangtok,2026-07-26,4.8,0.09450633823871613,27.33,88.61,Active,1.0828309907947193,Hill / Himalayan orographic,4.8,4.221775391116829,3.0056875355434074,9.47568473075228,8.580573791380067,9.47568473075228,0.00021487317725475309,0.0
guwahati,2026-07-26,3.0999999999999996,13.863521575927734,26.14,91.74,Active,1.0828309907947193,Inland,3.0999999999999996,2.4674125957489004,2.480541825294493,3.6103131553108265,2.9182086449551288,3.6103131553108265,0.00023147811644270926,0.0
hyderabad,2026-07-26,0.0,0.0,17.39,78.49,Active,1.0828309907947193,Inland,0.0,0.0,0.0,0.35578461065239014,0.0,0.35578461065239014,0.0002241337096634164,0.0
jabalpur,2026-07-26,2.9,0.0,23.18,79.95,Active,1.0828309907947193,Inland,2.9,2.1609581613540656,1.7353654813766473,2.823041353484271,1.772357723090645,2.823041353484271,0.0002879125143116268,0.0
jaipur,2026-07-26,0.2,0.0,26.91,75.79,Active,1.0828309907947193,Inland,0.2,0.0,0.0,0.6228099836437407,0.0,0.6228099836437407,0.0001723254475389018,0.0
jodhpur,2026-07-26,6.6,27.130956649780273,26.24,73.02,Active,1.0828309907947193,Inland,6.6,6.237753458023066,7.807719077844958,1.7438165556885352,0.2492849897656602,1.7438165556885352,0.0039097134824697425,0.0
kochi,2026-07-26,0.0,0.0,9.93,76.27,Active,1.0828309907947193,West-coast orographic,0.0,0.0,0.0,7.325346107152318,6.344402625611377,7.325346107152318,0.008915616580556548,0.0
kolkata,2026-07-26,1.5,0.06828895956277847,22.57,88.36,Active,1.0828309907947193,East coast,1.5,0.9430355492234228,0.262852346897125,1.7426969490095567,0.20198854196341517,1.7426969490095567,0.0002221315417111274,0.0
lucknow,2026-07-26,1.0,4.5050554275512695,26.85,80.95,Active,1.0828309907947193,Inland,1.0,0.5206797599792482,0.09713444843888286,1.3282427616420254,0.09096177129430322,1.3282427616420254,0.00037448138374901913,0.0
madurai,2026-07-26,0.39999999999999997,0.0,9.93,78.12,Active,1.0828309907947193,Inland,0.39999999999999997,0.05472397968173025,0.0,0.5171950044630218,0.0,0.5171950044630218,0.0009501740913748938,0.0
mangaluru,2026-07-26,9.2,63.036460876464844,12.91,74.86,Active,1.0828309907947193,West-coast orographic,9.2,9.37192617416382,7.785304020155278,34.15664340109113,43.78963332722736,34.15664340109113,0.0850066270712668,0.0
mumbai,2026-07-26,34.0,76.40757751464844,19.08,72.88,Active,1.0828309907947193,West-coast orographic,34.0,45.239015003202994,42.79813452336672,98.05843850329096,103.00294322589144,98.05843850329096,0.7617172389112673,0.0
nagpur,2026-07-26,3.2,0.0,21.15,79.09,Active,1.0828309907947193,Inland,3.2,2.5465369129180906,2.5312848929727116,2.633821159998998,1.6181549541941957,2.633821159998998,0.00021009579146746458,0.0
panaji,2026-07-26,26.3,8.048873901367188,15.49,73.83,Active,1.0828309907947193,West-coast orographic,26.3,36.80062334577747,31.709803960617272,6.457081252192163,5.819032545374877,6.457081252192163,0.02089648754284637,0.0
patna,2026-07-26,0.0,0.43669432401657104,25.59,85.14,Active,1.0828309907947193,Inland,0.0,0.0,0.0,0.7385617309526697,0.0,0.7385617309526697,0.00021323506018390312,0.0
pune,2026-07-26,3.1,3.9376180171966553,18.52,73.86,Active,1.0828309907947193,Inland,3.1,2.4674125957489013,2.4805418252944946,4.082190221652798,3.5847984465281764,4.082190221652798,0.0002883460698695264,0.0
raipur,2026-07-26,8.6,0.4238361716270447,21.25,81.63,Active,1.0828309907947193,Inland,8.6,8.578323724269866,8.330136410017554,6.458032089354297,6.466759916452032,6.458032089354297,0.193006800729345,0.0
ranchi,2026-07-26,23.0,0.10667836666107178,23.34,85.31,Active,1.0828309907947193,Inland,23.0,32.866495746754474,33.37183483438311,13.919529650492517,16.14691141709223,13.919529650492517,0.033376951713502016,0.0
shillong,2026-07-26,4.6,6.285186290740967,25.58,91.89,Active,1.0828309907947193,Hill / Himalayan orographic,4.6,4.037593793869019,2.8293321152779622,4.589764781973451,2.817497518328284,4.589764781973451,0.000257157962571162,0.0
shimla,2026-07-26,23.0,3.388411521911621,31.1,77.17,Active,1.0828309907947193,Hill / Himalayan orographic,23.0,32.866495746754474,27.907163375071995,6.710291476724761,5.966800610993885,6.710291476724761,0.012534934735724097,0.0
srinagar,2026-07-26,1.3,11.681357383728027,34.08,74.8,Active,1.0828309907947193,Hill / Himalayan orographic,1.3,0.7770603394508362,0.15330438889563114,0.337105350455761,0.0,0.337105350455761,0.00016302501392294593,0.0
surat,2026-07-26,16.5,0.045045871287584305,21.17,72.83,Active,1.0828309907947193,West-coast orographic,16.5,20.59645743409051,14.26306662489728,70.05410755685455,82.81745216937142,70.05410755685455,0.621482560057584,0.0
thiruvananthapuram,2026-07-26,0.0,0.0,8.52,76.94,Active,1.0828309907947193,West-coast orographic,0.0,0.0,0.0,1.9401797656180608,0.24974796936379293,1.9401797656180608,0.0016381238916890074,0.0
varanasi,2026-07-26,0.5,0.0,25.32,82.97,Active,1.0828309907947193,Inland,0.5,0.10960741445422173,0.0,1.0679850148969265,0.07345038531191739,1.0679850148969265,0.00033798579865712824,0.0
vijayawada,2026-07-26,0.0,0.0,16.51,80.65,Active,1.0828309907947193,Inland,0.0,0.0,0.0,0.2760953749704891,0.0,0.2760953749704891,0.000339354180775053,0.0
visakhapatnam,2026-07-26,2.9,0.0,17.69,83.22,Active,1.0828309907947193,East coast,2.9,2.1609581613540656,1.0592387294769288,3.09142877453034,1.1891253567678504,3.09142877453034,0.0004109084216943934,0.0
agartala,2026-07-28,2.4,2.266991376876831,23.83,91.29,Normal,-0.5772627696492812,Inland,2.4,1.7362619717915853,1.5904896974563594,6.763714868328405,13.593379421205485,6.763714868328405,0.00029687402821358536,0.0
ahmedabad,2026-07-28,9.4,4.120413303375244,23.02,72.57,Normal,-0.5772627696492812,Inland,9.4,9.483665409088136,8.078178827183084,2.0825294386835145,1.2081417918549944,2.0825294386835145,0.0009954974800596233,0.0
amritsar,2026-07-28,0.8999999999999999,0.0,31.63,74.87,Normal,-0.5772627696492812,Inland,0.8999999999999999,0.4346321082115172,0.43723373293876666,2.0415625521848337,1.1515158658480495,2.0415625521848337,0.00011522887773856915,0.0
bengaluru,2026-07-28,0.0,0.0,12.97,77.59,Normal,-0.5772627696492812,Inland,0.0,0.0,0.0,0.8518126512126871,0.0011841770075699742,0.8518126512126871,0.0002506126409170622,0.0
bhopal,2026-07-28,22.9,2.0098564624786377,23.26,77.41,Normal,-0.5772627696492812,Inland,22.9,32.728875422945414,26.387671142885075,5.644321726087609,9.977318955731981,5.644321726087609,0.0038843119516879117,0.0
bhubaneswar,2026-07-28,11.4,30.439067840576172,20.3,85.82,Normal,-0.5772627696492812,East coast,11.4,12.695963981628418,18.391465123667924,18.343127956896463,36.96993653034598,18.343127956896463,0.03307481181126073,0.0
chandigarh,2026-07-28,8.6,4.947662830352783,30.73,76.78,Normal,-0.5772627696492812,Inland,8.6,8.578323724269866,7.406341122575884,6.562978557120471,13.20925409881675,6.562978557120471,0.005842241793657368,0.0
chennai,2026-07-28,0.0,0.48351505398750305,13.08,80.27,Normal,-0.5772627696492812,East coast,0.0,0.0,0.0,1.2919798204728317,0.1500909742494705,1.2919798204728317,0.0004976610713077256,0.0
dehradun,2026-07-28,39.8,145.3776397705078,30.32,78.03,Normal,-0.5772627696492812,Hill / Himalayan orographic,39.8,54.56372206098932,78.02408902614985,17.875072160258227,33.18572393455295,17.875072160258227,0.16345206988690433,0.0
delhi,2026-07-28,0.0,2.1785311698913574,28.61,77.21,Normal,-0.5772627696492812,Inland,0.0,0.0,0.0,0.7378542263015311,0.0,0.7378542263015311,0.00019518368484840333,0.0
gangtok,2026-07-28,6.2,2.839913845062256,27.33,88.61,Normal,-0.5772627696492812,Hill / Himalayan orographic,6.2,5.773840045928956,2.848023589577591,14.605453077195708,24.901840184490464,14.605453077195708,0.009944112220296411,0.0
guwahati,2026-07-28,15.4,0.010812093503773212,26.14,91.74,Normal,-0.5772627696492812,Inland,15.4,19.018327594757046,15.0952808329241,3.7120405051269314,4.919429048737466,3.7120405051269314,0.0017329946766677584,0.0
hyderabad,2026-07-28,0.0,7.1227264404296875,17.39,78.49,Normal,-0.5772627696492812,Inland,0.0,0.0,0.0,0.9169525639655749,0.02160109180212015,0.9169525639655749,0.00022365505131688923,0.0
jabalpur,2026-07-28,9.4,30.99323272705078,23.18,79.95,Normal,-0.5772627696492812,Inland,9.4,9.483665409088136,8.078178827183084,4.70413747089233,7.594676831003856,4.70413747089233,0.00332965776290084,0.0
jaipur,2026-07-28,0.3,0.0,26.91,75.79,Normal,-0.5772627696492812,Inland,0.3,0.0,0.004263024171814322,1.1551978045543014,0.15540052788943645,1.1551978045543014,0.00012734085051874754,0.0
jodhpur,2026-07-28,0.1,4.677328586578369,26.24,73.02,Normal,-0.5772627696492812,Inland,0.1,0.0,0.0,0.2527702824991671,0.0,0.2527702824991671,0.0001120969327974254,0.0
kochi,2026-07-28,6.1,7.61208963394165,9.93,76.27,Normal,-0.5772627696492812,West-coast orographic,6.1,5.641298104921977,12.646928248405459,34.80803784149798,45.673576650409856,34.80803784149798,0.11677383177950543,0.0
kolkata,2026-07-28,11.9,0.18561390042304993,22.57,88.36,Normal,-0.5772627696492812,East coast,11.9,13.52008104801178,20.14563856687769,20.008879057447693,38.29268202978386,20.008879057447693,0.014335890086585326,0.0
lucknow,2026-07-28,1.1,0.7715654969215393,26.85,80.95,Normal,-0.5772627696492812,Inland,1.1,0.6141898989677432,0.6334167391061781,1.7162702293745125,0.7278515032796733,1.7162702293745125,0.0003674462612273232,0.0
madurai,2026-07-28,0.0,0.0,9.93,78.12,Normal,-0.5772627696492812,Inland,0.0,0.0,0.0,0.32800286793563327,0.0,0.32800286793563327,0.000778410463766507,0.0
mangaluru,2026-07-28,24.7,24.31466293334961,12.91,74.86,Normal,-0.5772627696492812,West-coast orographic,24.7,35.206041251508424,37.03822145290717,38.178301743624246,48.54888344187287,38.178301743624246,0.05150683836960735,0.0
mumbai,2026-07-28,8.200000000000001,37.486717224121094,19.08,72.88,Normal,-0.5772627696492812,West-coast orographic,8.200000000000001,8.041110374450684,17.12359268615062,19.917609002822253,25.53697190211477,19.917609002822253,0.04326947177087505,0.0
nagpur,2026-07-28,32.1,5.064596176147461,21.15,79.09,Normal,-0.5772627696492812,Inland,32.1,42.92058747314475,36.18459156178894,16.593237315970562,33.800640849595354,16.593237315970562,0.25903792712473644,0.0
panaji,2026-07-28,16.1,25.364084243774414,15.49,73.83,Normal,-0.5772627696492812,West-coast orographic,16.1,19.996850632506508,25.58010036312804,46.69691602973696,53.89508228769026,46.69691602973696,0.16458196266826275,0.0
patna,2026-07-28,0.5,6.536220073699951,25.59,85.14,Normal,-0.5772627696492812,Inland,0.5,0.10960741445422173,0.1700304108858108,1.7160403295096236,0.7277204020023581,1.7160403295096236,0.0002245881641603521,0.0
pune,2026-07-28,0.5,18.198732376098633,18.52,73.86,Normal,-0.5772627696492812,Inland,0.5,0.10960741445422173,0.1700304108858108,2.109566448206135,1.245513333398096,2.109566448206135,0.00017509731621276426,0.0
raipur,2026-07-28,10.9,31.189725875854492,21.25,81.63,Normal,-0.5772627696492812,Inland,10.9,11.980110193888347,10.20242469005768,5.051296613199987,8.57888623692009,5.051296613199987,0.009374655639489636,0.0
ranchi,2026-07-28,10.6,17.6809024810791,23.34,85.31,Normal,-0.5772627696492812,Inland,10.6,11.598210674921672,9.812491771640273,5.344604099083344,9.156278283741816,5.344604099083344,0.0018504543036293672,0.0
shillong,2026-07-28,9.5,0.4961687922477722,25.58,91.89,Normal,-0.5772627696492812,Hill / Himalayan orographic,9.5,9.539535026550295,6.960322075390608,10.737839468313014,16.415375292467516,10.737839468313014,0.003265202731186894,0.0
shimla,2026-07-28,11.4,16.37177085876465,31.1,77.17,Normal,-0.5772627696492812,Hill / Himalayan orographic,11.4,12.695963981628418,10.699546661376953,8.534053186933662,8.738379666525322,8.534053186933662,0.0013206868076915824,0.0
srinagar,2026-07-28,4.8,0.0,34.08,74.8,Normal,-0.5772627696492812,Hill / Himalayan orographic,4.8,4.221775391116829,1.7701983469387272,1.0440871652912715,0.06331349016470338,1.0440871652912715,0.00014631229357550088,0.0
surat,2026-07-28,21.1,4.453859806060791,21.17,72.83,Normal,-0.5772627696492812,West-coast orographic,21.1,29.442051928204066,32.10517962727815,69.07986720936522,78.88789170641735,64.0,0.04578816846872937,0.0
thiruvananthapuram,2026-07-28,0.6000000000000001,0.16249027848243713,8.52,76.94,Normal,-0.5772627696492812,West-coast orographic,0.6000000000000001,0.18501394093036658,0.584871232509613,2.6178653195721404,1.8232378232049697,2.6178653195721404,0.0013683485215306296,0.0
varanasi,2026-07-28,0.6,0.5145698189735413,25.32,82.97,Normal,-0.5772627696492812,Inland,0.6,0.13487331598997115,0.19255534112453454,1.0776517974900421,0.11749698638768671,1.0776517974900421,0.00042582701469399807,0.0
vijayawada,2026-07-28,0.6000000000000001,9.272000312805176,16.51,80.65,Normal,-0.5772627696492812,Inland,0.6000000000000001,0.18501394093036658,0.19255534112453457,2.047424440356579,1.1596183816661587,2.047424440356579,0.00043977906976788717,0.0
visakhapatnam,2026-07-28,3.5,1.418731927871704,17.69,83.22,Normal,-0.5772627696492812,East coast,3.5,2.8074915242195124,4.357744608381215,7.161944342091689,12.306996367932754,7.161944342091689,0.0006177444602552345,0.0
agartala,2026-07-29,5.0,0.21323412656784058,23.83,91.29,Normal,-0.8554941733705108,Inland,5.0,4.610225768089294,4.303475420098555,8.356477442190885,15.122559916000652,8.356477442190885,0.005442598319785106,0.0
ahmedabad,2026-07-29,0.9,0.11832021176815033,23.02,72.57,Normal,-0.8554941733705108,Inland,0.9,0.4874708652496338,0.5664798116683959,0.5988375202514243,0.0,0.5988375202514243,0.0004724366106968389,0.0
amritsar,2026-07-29,0.0,13.898476600646973,31.63,74.87,Normal,-0.8554941733705108,Inland,0.0,0.0,0.0,0.37074404197035593,0.0,0.37074404197035593,0.00014207263727539947,0.0
bengaluru,2026-07-29,0.0,0.02696552686393261,12.97,77.59,Normal,-0.8554941733705108,Inland,0.0,0.0,0.0,0.3644422693707905,0.0,0.3644422693707905,0.00010269090748615147,0.0
bhopal,2026-07-29,13.2,0.10104744136333466,23.26,77.41,Normal,-0.8554941733705108,Inland,13.2,15.827269890194852,13.57688637997731,1.7930903220386576,0.9050033142706244,1.7930903220386576,0.0032835945512706775,0.0
bhubaneswar,2026-07-29,0.30000000000000004,1.4992963075637817,20.3,85.82,Normal,-0.8554941733705108,East coast,0.30000000000000004,0.015063365828245948,0.07285242527723314,2.560535019089898,1.8832472920672712,2.560535019089898,0.0006145326772836388,0.0
chandigarh,2026-07-29,5.6000000000000005,32.272945404052734,30.73,76.78,Normal,-0.8554941733705108,Inland,5.6000000000000005,5.127256657282513,4.804398971557619,1.6667616338060016,0.7878741726971412,1.6667616338060016,0.008443243367829674,0.0
chennai,2026-07-29,1.2,0.0,13.08,80.27,Normal,-0.8554941733705108,East coast,1.2,0.70973061091191,0.49934875845909255,1.486438550481939,0.2605711574247396,1.486438550481939,0.00013446722294031246,0.0
dehradun,2026-07-29,23.9,12.827282905578613,30.32,78.03,Normal,-0.8554941733705108,Hill / Himalayan orographic,23.9,33.75316448756631,39.11342843185514,11.19144978042535,18.103040720862662,11.19144978042535,0.013595238471587785,0.0
delhi,2026-07-29,1.4,35.46541976928711,28.61,77.21,Normal,-0.8554941733705108,Inland,1.4,0.9490309953689573,0.8610451579093934,1.1817887662276565,0.20742283782794999,1.1817887662276565,0.00010953150651406625,0.0
gangtok,2026-07-29,5.7,2.8731746673583984,27.33,88.61,Normal,-0.8554941733705108,Hill / Himalayan orographic,5.7,5.230299105644228,2.7868676503499334,14.979720689104347,25.295633196234842,14.979720689104347,0.009156820490150708,0.0
guwahati,2026-07-29,24.2,4.55400276184082,26.14,91.74,Normal,-0.8554941733705108,Inland,24.2,34.1611643477849,28.610522209298786,2.674731598842457,2.2283637529996314,2.674731598842457,0.0016830737137518835,0.0
hyderabad,2026-07-29,5.9,27.29014778137207,17.39,78.49,Normal,-0.8554941733705108,Inland,5.9,5.486218393643701,5.0193384017944345,2.2531272142399184,1.6022035955696574,2.2531272142399184,0.0051716064595424905,0.0
jabalpur,2026-07-29,23.6,58.48445129394531,23.18,79.95,Normal,-0.8554941733705108,Inland,23.6,33.345164627347735,27.850851536968694,13.214814331391352,24.667859107356556,13.214814331391352,0.009335645155938292,0.0
jaipur,2026-07-29,27.1,0.04549391195178032,26.91,75.79,Normal,-0.8554941733705108,Inland,27.1,36.984118283484584,31.991909628115014,12.866411914147783,24.084999567338954,12.866411914147783,0.0066831258434610075,0.0
jodhpur,2026-07-29,0.0,0.0,26.24,73.02,Normal,-0.8554941733705108,Inland,0.0,0.0,0.0,0.03727342553213332,0.0,0.03727342553213332,8.508686243105691e-05,0.0
kochi,2026-07-29,13.1,47.3675422668457,9.93,76.27,Normal,-0.8554941733705108,West-coast orographic,13.1,15.652628053937642,23.220342545548895,7.0568183036663,5.712401784742854,7.0568183036663,0.003067774505685805,0.0
kolkata,2026-07-29,8.7,15.172005653381348,22.57,88.36,Normal,-0.8554941733705108,East coast,8.7,8.795480165481568,10.235034354491557,3.669041102437441,5.4789334103885885,3.669041102437441,0.02125433475523491,0.0
lucknow,2026-07-29,2.3,4.233942985534668,26.85,80.95,Normal,-0.8554941733705108,Inland,2.3,1.7930512189865107,1.7423989963531492,4.869173261679117,7.39676718897954,4.869173261679117,0.0003644831687290835,0.0
madurai,2026-07-29,0.0,0.0,9.93,78.12,Normal,-0.8554941733705108,Inland,0.0,0.0,0.0,0.26461654884453273,0.0,0.26461654884453273,0.00031406250048753536,0.0
mangaluru,2026-07-29,16.5,30.01420783996582,12.91,74.86,Normal,-0.8554941733705108,West-coast orographic,16.5,20.490876846313483,25.25949294098914,14.19807921335131,18.71190907142684,14.19807921335131,0.014060393320530874,0.0
mumbai,2026-07-29,2.6,14.771939277648926,19.08,72.88,Normal,-0.8554941733705108,West-coast orographic,2.6,1.9731848442554498,5.129981994628906,9.86579298830479,11.430006423169687,9.86579298830479,0.0022044881299933877,0.0
nagpur,2026-07-29,39.0,61.919071197509766,21.15,79.09,Normal,-0.8554941733705108,Inland,39.0,50.957266058735705,41.40824370443105,8.527902217214926,15.406663452731632,8.527902217214926,0.0032987880569154424,0.0
panaji,2026-07-29,18.1,5.7610344886779785,15.49,73.83,Normal,-0.8554941733705108,West-coast orographic,18.1,23.028177858988446,25.832447424251868,6.472239226032947,5.279409724191131,6.472239226032947,0.011385425218528701,0.0
patna,2026-07-29,0.0,0.0,25.59,85.14,Normal,-0.8554941733705108,Inland,0.0,0.0,0.0,0.7552184679111976,0.0,0.7552184679111976,8.403243381420508e-05,0.0
pune,2026-07-29,0.5,4.130845546722412,18.52,73.86,Normal,-0.8554941733705108,Inland,0.5,0.12376333706080915,0.1774463653564453,1.8660475911710832,1.0665371335837697,1.8660475911710832,0.00020168029510448076,0.0
raipur,2026-07-29,94.9,69.59420013427734,21.25,81.63,Normal,-0.8554941733705108,Inland,94.9,111.5660662292538,121.3088728774488,48.31395692306626,74.96990926747489,48.31395692306626,0.1805957620493408,1.0
ranchi,2026-07-29,11.7,12.165901184082031,23.34,85.31,Normal,-0.8554941733705108,Inland,11.7,13.354505691528324,11.65691605944966,4.684527982338574,7.0426198617186015,4.684527982338574,0.0009358428255809109,0.0
shillong,2026-07-29,18.0,39.74300003051758,25.58,91.89,Normal,-0.8554941733705108,Hill / Himalayan orographic,18.0,22.840933606889514,28.05516559469288,5.338203793978656,3.612383702727069,5.338203793978656,0.0013105920331621024,0.0
shimla,2026-07-29,15.4,4.185478210449219,31.1,77.17,Normal,-0.8554941733705108,Hill / Himalayan orographic,15.4,19.027945062815835,23.77614731924874,7.60330100940607,7.037234320781635,7.60330100940607,0.0038134375185010752,0.0
srinagar,2026-07-29,2.5,0.0,34.08,74.8,Normal,-0.8554941733705108,Hill / Himalayan orographic,2.5,1.913140302499137,0.8717550992965699,0.975592848299636,0.009001104223816237,0.975592848299636,0.0004982208969780138,0.0
surat,2026-07-29,1.4000000000000001,0.5841127634048462,21.17,72.83,Normal,-0.8554941733705108,West-coast orographic,1.4000000000000001,0.9490309953689575,2.637264387795094,2.232745067226917,1.4485823679706196,2.232745067226917,0.0014449119863448128,0.0
thiruvananthapuram,2026-07-29,5.2,3.4839272499084473,8.52,76.94,Normal,-0.8554941733705108,West-coast orographic,5.2,4.765698764324188,11.794738686077757,7.368672816590964,6.3431565423205765,7.368672816590964,0.01679371035006978,0.0
varanasi,2026-07-29,0.5,0.49093741178512573,25.32,82.97,Normal,-0.8554941733705108,Inland,0.5,0.12376333706080915,0.1774463653564453,0.623563571354982,0.0,0.623563571354982,0.00015299680423122103,0.0
vijayawada,2026-07-29,1.8,38.684906005859375,16.51,80.65,Normal,-0.8554941733705108,Inland,1.8,1.1833367013931273,1.2557067918777463,2.3964538510326507,1.830253394700269,2.3964538510326507,0.0001381276194123846,0.0
visakhapatnam,2026-07-29,6.7,1.1429026126861572,17.69,83.22,Normal,-0.8554941733705108,East coast,6.7,6.647820796966537,8.553086142540002,2.126719316358728,1.1982825705494815,2.126719316358728,0.004721137585101025,0.0
agartala,2026-07-30,4.2,12.568975448608398,23.83,91.29,Normal,0.49968339017673313,Inland,4.2,3.726928026676179,3.4220204734802246,6.225106218217945,10.237456465482076,6.225106218217945,0.0007270339749495138,0.0
ahmedabad,2026-07-30,0.7,0.4732808470726013,23.02,72.57,Normal,0.49968339017673313,Inland,0.7,0.25794434785842857,0.32967234969139114,1.370661592616537,0.4174794854763266,1.370661592616537,0.0006013030097379074,0.0
amritsar,2026-07-30,0.6,2.109015703201294,31.63,74.87,Normal,0.49968339017673313,Inland,0.6,0.16527245342731486,0.23054811954498303,2.5854588927223174,2.1411482813729457,2.5854588927223174,0.00041592463911960687,0.0
bengaluru,2026-07-30,0.0,0.05393105372786522,12.97,77.59,Normal,0.49968339017673313,Inland,0.0,0.0,0.0,0.6118624244147329,0.0,0.6118624244147329,0.00025692378956643236,0.0
bhopal,2026-07-30,31.2,25.056516647338867,23.26,77.41,Normal,0.49968339017673313,Inland,31.2,40.79090179486718,36.36186148918843,44.6846928718399,69.1496675881638,44.6846928718399,0.25295400376832466,0.0
bhubaneswar,2026-07-30,0.9,0.8850516080856323,20.3,85.82,Normal,0.49968339017673313,East coast,0.9,0.4874708652496338,0.291350325285378,1.863547246790866,0.7108015057231992,1.863547246790866,0.0002888862566878189,0.0
chandigarh,2026-07-30,6.8,14.940948486328125,30.73,76.78,Normal,0.49968339017673313,Inland,6.8,6.794921501874911,5.734903524206306,4.409026895940618,6.171638533166794,4.409026895940618,0.004361712733620588,0.0
chennai,2026-07-30,0.2,2.447571039199829,13.08,80.27,Normal,0.49968339017673313,East coast,0.2,0.0,0.04892453104257585,0.7381625424777908,0.005286400131132005,0.7381625424777908,0.0002589859712866937,0.0
dehradun,2026-07-30,19.6,19.880796432495117,30.32,78.03,Normal,0.49968339017673313,Hill / Himalayan orographic,19.6,25.933427335755574,35.27022384028283,19.963928195344444,36.55151300774821,19.963928195344444,0.14107156252384698,0.0
delhi,2026-07-30,1.9,0.1473202109336853,28.61,77.21,Normal,0.49968339017673313,Inland,1.9,1.3180577635765074,1.4107820034027094,2.7365693752714577,2.287813052428957,2.7365693752714577,0.00029852318198163156,0.0
gangtok,2026-07-30,9.7,7.228362560272217,27.33,88.61,Normal,0.49968339017673313,Hill / Himalayan orographic,9.7,10.042483654022215,7.835046768188476,12.045157632045948,19.974707217716187,12.045157632045948,0.0014940337930916291,0.0
guwahati,2026-07-30,19.5,19.046537399291992,26.14,91.74,Normal,0.49968339017673313,Inland,19.5,25.73545133973629,21.0055988538188,6.871016922643663,12.512097304225293,6.871016922643663,0.011622491221348187,0.0
hyderabad,2026-07-30,17.8,18.90630340576172,17.39,78.49,Normal,0.49968339017673313,Inland,17.8,22.46644510269165,18.676791184524003,4.140165529088896,5.493111151261314,4.140165529088896,0.011062157183400645,0.0
jabalpur,2026-07-30,12.9,5.265957832336426,23.18,79.95,Normal,0.49968339017673313,Inland,12.9,15.303344381423223,13.05354921685644,7.697218590061597,14.245730421933155,7.697218590061597,0.00351371380593114,0.0
jaipur,2026-07-30,0.2,1.6292121410369873,26.91,75.79,Normal,0.49968339017673313,Inland,0.2,0.0,0.0,0.7255098146284964,0.0,0.7255098146284964,0.0002462323695093991,0.0
jodhpur,2026-07-30,0.0,0.0,26.24,73.02,Normal,0.49968339017673313,Inland,0.0,0.0,0.0,0.1557109409624794,0.0,0.1557109409624794,0.00019064574034594514,0.0
kochi,2026-07-30,18.4,15.606725692749023,9.93,76.27,Normal,0.49968339017673313,West-coast orographic,18.4,23.589910615285238,25.939876389863628,7.310552958083887,6.114472506978427,7.310552958083887,0.005003109133709001,0.0
kolkata,2026-07-30,3.4,6.639922142028809,22.57,88.36,Normal,0.49968339017673313,East coast,3.4,2.8676902413368217,2.71830990304338,2.446444092218921,1.7391631882913297,2.446444092218921,0.0006260120887697081,0.0
lucknow,2026-07-30,1.2000000000000002,0.0,26.85,80.95,Normal,0.49968339017673313,Inland,1.2000000000000002,0.7097306109119101,0.7658025145530705,1.84289900005967,1.0331304627082047,1.84289900005967,0.00023469184135809046,0.0
madurai,2026-07-30,0.0,0.0,9.93,78.12,Normal,0.49968339017673313,Inland,0.0,0.0,0.0,0.5040241015292488,0.0,0.5040241015292488,0.0012843113631245634,0.0
mangaluru,2026-07-30,18.2,15.846416473388672,12.91,74.86,Normal,0.49968339017673313,West-coast orographic,18.2,23.215422111087374,25.868257079455788,11.618093171863627,14.845371449288345,11.618093171863627,0.005914473374143631,0.0
mumbai,2026-07-30,4.3,5.404217720031738,19.08,72.88,Normal,0.49968339017673313,West-coast orographic,4.3,3.8071799135208133,9.455609925169696,7.3613136450516805,6.314200431834287,7.3613136450516805,0.0020665355365835246,0.0
nagpur,2026-07-30,43.2,6.489500045776367,21.15,79.09,Normal,0.49968339017673313,Inland,43.2,58.57299955289369,45.64073955640602,17.278004099185427,33.542550429142594,17.278004099185427,0.05553620723735702,0.0
panaji,2026-07-30,7.5,0.4100857079029083,15.49,73.83,Normal,0.49968339017673313,West-coast orographic,7.5,7.540630488395688,15.949467593251994,11.65103133081409,14.890234221820826,11.65103133081409,0.0007756343000022551,0.0
patna,2026-07-30,0.0,0.028773581609129906,25.59,85.14,Normal,0.49968339017673313,Inland,0.0,0.0,0.0,0.803890106747518,0.002019778469210058,0.803890106747518,0.0001700672976122917,0.0
pune,2026-07-30,0.6000000000000001,0.15253929793834686,18.52,73.86,Normal,0.49968339017673313,Inland,0.6000000000000001,0.21775436177849802,0.28172117948532155,2.5269279433330647,2.0547439372107092,2.5269279433330647,0.0003835987883922339,0.0
raipur,2026-07-30,27.2,20.43379020690918,21.25,81.63,Normal,0.49968339017673313,Inland,27.2,37.050052942323276,32.10850919428109,19.455447638823127,37.134177077561255,19.455447638823127,0.12529702931958558,0.0
ranchi,2026-07-30,5.8,3.4979257583618164,23.34,85.31,Normal,0.49968339017673313,Inland,5.8,5.358258749643964,4.9476919250488285,5.009436125065073,7.557694501726575,5.009436125065073,0.0020845304494915636,0.0
shillong,2026-07-30,12.5,48.83835220336914,25.58,91.89,Normal,0.49968339017673313,Hill / Himalayan orographic,12.5,14.698465697765352,14.838314476013185,7.9293979523485625,7.726901177800449,7.9293979523485625,0.0009718481904558226,0.0
shimla,2026-07-30,7.8,1.0845037698745728,31.1,77.17,Normal,0.49968339017673313,Hill / Himalayan orographic,7.8,7.7500484561920135,4.727151320866178,8.206491571454348,8.35426232093006,8.206491571454348,0.004558737445782827,0.0
srinagar,2026-07-30,8.5,0.0,34.08,74.8,Normal,0.49968339017673313,Hill / Himalayan orographic,8.5,8.434385750293734,6.155896892547606,1.2766537082340945,0.2960378654462563,1.2766537082340945,0.0052665480434097665,0.0
surat,2026-07-30,1.7,1.3142536878585815,21.17,72.83,Normal,0.49968339017673313,West-coast orographic,1.7,1.1230174750089643,3.098329765796662,1.340895453357506,0.7597950748775716,1.340895453357506,0.003691540150281738,0.0
thiruvananthapuram,2026-07-30,6.6000000000000005,0.0,8.52,76.94,Normal,0.49968339017673313,West-coast orographic,6.6000000000000005,6.459885946909576,14.315819785150646,7.17637104696356,5.872985610374196,7.17637104696356,0.005114043247168352,0.0
varanasi,2026-07-30,0.0,0.964431881904602,25.32,82.97,Normal,0.49968339017673313,Inland,0.0,0.0,0.0,0.32483211243153765,0.0,0.32483211243153765,0.0003558947648386272,0.0
vijayawada,2026-07-30,2.1,5.611248016357422,16.51,80.65,Normal,0.49968339017673313,Inland,2.1,1.5615395706892015,1.5666632890701286,2.701684163940892,2.254275278372232,2.701684163940892,0.0003244624705903505,0.0
visakhapatnam,2026-07-30,0.0,0.0,17.69,83.22,Normal,0.49968339017673313,East coast,0.0,0.0,0.0,0.40575925241878286,0.0,0.40575925241878286,0.00031388453958987393,0.0
agartala,2026-07-31,5.1,5.8439202308654785,23.83,91.29,Normal,1.1314947127554498,Inland,5.1,4.687962266206741,4.330952257859079,6.080136923582072,9.740571694397207,6.080136923582072,0.003856518118348938,0.0
ahmedabad,2026-07-31,29.7,3.825618028640747,23.02,72.57,Normal,1.1314947127554498,Inland,29.7,39.18311789415809,34.796403612788936,72.50774324583284,113.76942386562894,72.50774324583284,0.386525506882622,0.0
amritsar,2026-07-31,7.9,0.45859295129776,31.63,74.87,Normal,1.1314947127554498,Inland,7.9,7.816706581115721,7.002897396087646,9.633655856323994,17.568593135935664,9.633655856323994,0.00950572360736968,0.0
bengaluru,2026-07-31,0.0,0.12858185172080994,12.97,77.59,Normal,1.1314947127554498,Inland,0.0,0.0,0.0,0.5488745724995391,0.0,0.5488745724995391,0.00025158728150719554,0.0
bhopal,2026-07-31,11.0,2.9298839569091797,23.26,77.41,Normal,1.1314947127554498,Inland,11.0,12.174018526077267,11.080065833690558,10.143760257073403,18.854343949620734,10.143760257073403,0.0026219723917431117,0.0
bhubaneswar,2026-07-31,0.1,1.432546854019165,20.3,85.82,Normal,1.1314947127554498,East coast,0.1,0.0,0.013523720204830171,1.0648930863025552,0.07612422287469521,1.0648930863025552,0.0002672173382135253,0.0
chandigarh,2026-07-31,5.0,2.5510916709899902,30.73,76.78,Normal,1.1314947127554498,Inland,5.0,4.610225768089294,4.303475420098555,5.373272947382157,8.429380292198575,5.373272947382157,0.004060609803502873,0.0
chennai,2026-07-31,0.30000000000000004,0.0,13.08,80.27,Normal,1.1314947127554498,East coast,0.30000000000000004,0.015063365828245948,0.07285242527723314,1.1912949896307576,0.08402368773008029,1.1912949896307576,0.0018725381599329388,0.0
dehradun,2026-07-31,35.7,4.408751964569092,30.32,78.03,Normal,1.1314947127554498,Hill / Himalayan orographic,35.7,46.28470522832529,60.198345490916005,15.794120526020679,25.74938741707345,15.794120526020679,0.07985832146760702,0.0
delhi,2026-07-31,1.4,0.6558246612548828,28.61,77.21,Normal,1.1314947127554498,Inland,1.4,0.9490309953689573,0.8610451579093934,1.708344199920731,0.8165047038605638,1.708344199920731,0.00029852318198163156,0.0
gangtok,2026-07-31,21.9,22.408920288085938,27.33,88.61,Normal,1.1314947127554498,Hill / Himalayan orographic,21.9,30.546684348519968,37.81160328656259,20.185281854398294,37.06173570594497,20.185281854398294,0.01617731868084577,0.0
guwahati,2026-07-31,19.9,1.7008763551712036,26.14,91.74,Normal,1.1314947127554498,Inland,19.9,26.53724087798828,21.834799672280575,5.823257358012021,9.389103199971224,5.823257358012021,0.013381270664328737,0.0
hyderabad,2026-07-31,0.2,6.882491588592529,17.39,78.49,Normal,1.1314947127554498,Inland,0.2,0.0,0.0,0.8106848676795881,0.0038206645739188158,0.8106848676795881,0.00029322350003550775,0.0
jabalpur,2026-07-31,7.4,10.718154907226562,23.18,79.95,Normal,1.1314947127554498,Inland,7.4,7.464528770446775,6.531649986267089,8.190114214595804,14.846844918940777,8.190114214595804,0.0050641928842734205,0.0
jaipur,2026-07-31,0.1,0.0,26.91,75.79,Normal,1.1314947127554498,Inland,0.1,0.0,0.0,0.7073838515844406,0.0,0.7073838515844406,0.0002411178770483125,0.0
jodhpur,2026-07-31,0.7,0.0,26.24,73.02,Normal,1.1314947127554498,Inland,0.7,0.25794434785842857,0.32967234969139114,0.44944105718681826,0.0,0.44944105718681826,0.00020202327992772077,0.0
kochi,2026-07-31,33.5,20.9724178314209,9.93,76.27,Normal,1.1314947127554498,West-coast orographic,33.5,43.48019547633458,50.84397139838268,14.701303692526992,19.25637833685585,14.701303692526992,0.02540803860888321,0.0
kolkata,2026-07-31,6.699999999999999,0.09235316514968872,22.57,88.36,Normal,1.1314947127554498,East coast,6.699999999999999,6.647820796966535,8.553086142539993,1.800726927439221,0.7065713431508821,1.800726927439221,0.003566131905466148,0.0
lucknow,2026-07-31,0.0,0.18634742498397827,26.85,80.95,Normal,1.1314947127554498,Inland,0.0,0.0,0.0,0.6233009930396411,0.0,0.6233009930396411,0.00021209407685949896,0.0
madurai,2026-07-31,0.0,0.0,9.93,78.12,Normal,1.1314947127554498,Inland,0.0,0.0,0.0,0.4606374967964072,0.0,0.4606374967964072,0.0012576620565603205,0.0
mangaluru,2026-07-31,27.8,7.751030445098877,12.91,74.86,Normal,1.1314947127554498,West-coast orographic,27.8,37.445660895355466,37.609113130057196,14.17624605586372,18.69127663402771,14.17624605586372,0.023176908897370563,0.0
mumbai,2026-07-31,63.6,7.279998302459717,19.08,72.88,Normal,1.1314947127554498,West-coast orographic,63.6,89.89594985325337,100.34284345602087,68.95826033277096,70.8947743986891,70.0,0.3168892352309654,0.0
nagpur,2026-07-31,15.1,42.5349235534668,21.15,79.09,Normal,1.1314947127554498,Inland,15.1,18.593155952758465,14.92692578895182,6.748448274302913,12.24547085818424,6.748448274302913,0.016096332400084158,0.0
panaji,2026-07-31,27.8,4.376277446746826,15.49,73.83,Normal,1.1314947127554498,West-coast orographic,27.8,37.445660895355466,37.609113130057196,7.178251174828839,5.875859881220304,7.178251174828839,0.008586613057018792,0.0
patna,2026-07-31,0.0,3.7468807697296143,25.59,85.14,Normal,1.1314947127554498,Inland,0.0,0.0,0.0,0.7129928830294651,0.0,0.7129928830294651,0.00016653456630629673,0.0
pune,2026-07-31,19.6,14.588709831237793,18.52,73.86,Normal,1.1314947127554498,Inland,19.6,25.933427335755574,21.212899058434246,14.969692440418711,29.0981785618408,14.969692440418711,0.10043359439427689,0.0
raipur,2026-07-31,1.4,7.115030765533447,21.25,81.63,Normal,1.1314947127554498,Inland,1.4,0.9490309953689573,0.8610451579093934,1.5624555400578028,0.6930974527205191,1.5624555400578028,0.0004331530610306058,0.0
ranchi,2026-07-31,3.7,3.072213649749756,23.34,85.31,Normal,1.1314947127554498,Inland,3.7,3.203511130015056,2.907809511214963,4.442362030140639,6.284643507065378,4.442362030140639,0.0005065955313838043,0.0
shillong,2026-07-31,9.7,5.495228290557861,25.58,91.89,Normal,1.1314947127554498,Hill / Himalayan orographic,9.7,10.042483654022215,7.835046768188476,8.458262046607521,8.875746865656588,8.458262046607521,0.0008618891547063312,0.0
shimla,2026-07-31,13.2,10.776049613952637,31.1,77.17,Normal,1.1314947127554498,Hill / Himalayan orographic,13.2,15.827269890194852,16.56799723073055,12.214846937967664,20.751402826157722,12.214846937967664,0.003601168176597448,0.0
srinagar,2026-07-31,20.4,21.20478057861328,34.08,74.8,Normal,1.1314947127554498,Hill / Himalayan orographic,20.4,27.55820750643332,36.06828241354821,8.438251503160458,8.842116546153084,8.438251503160458,0.06492717676054517,0.0
surat,2026-07-31,5.7,9.84756088256836,21.17,72.83,Normal,1.1314947127554498,West-coast orographic,5.7,5.230299105644228,12.211446489514525,5.045355916996697,4.0298019729705485,5.045355916996697,0.006274205117358297,0.0
thiruvananthapuram,2026-07-31,4.9,0.0,8.52,76.94,Normal,1.1314947127554498,West-coast orographic,4.9,4.504225962956746,11.050988597869873,8.46950950123973,9.217424951342064,8.46950950123973,0.005068292607436002,0.0
varanasi,2026-07-31,0.7,0.0,25.32,82.97,Normal,1.1314947127554498,Inland,0.7,0.25794434785842857,0.32967234969139114,1.146191089678964,0.17705785551238004,1.146191089678964,0.00037762046225129026,0.0
vijayawada,2026-07-31,0.8,2.6256351470947266,16.51,80.65,Normal,1.1314947127554498,Inland,0.8,0.31552354872226723,0.49134695529937744,1.4529470627373149,0.5061134601544204,1.4529470627373149,0.0003177235771287561,0.0
visakhapatnam,2026-07-31,0.30000000000000004,0.0,17.69,83.22,Normal,1.1314947127554498,East coast,0.30000000000000004,0.015063365828245948,0.07285242527723314,1.1033649734194113,0.08095722950796719,1.1033649734194113,0.0022686933909454423,0.0
agartala,2026-08-02,6.3,1.5971227884292603,23.83,91.29,Normal,1.2112062075615782,Inland,6.3,5.9665566945076,5.374692462921143,6.165963988956212,9.85365727472097,6.165963988956212,0.0030688821763473245,0.0
ahmedabad,2026-08-02,13.6,12.85551929473877,23.02,72.57,Normal,1.2112062075615782,Inland,13.6,16.50112434263802,13.94787133599791,8.731858483869066,15.744681669099492,8.731858483869066,0.0033710144681235034,0.0
amritsar,2026-08-02,5.0,0.0,31.63,74.87,Normal,1.2112062075615782,Inland,5.0,4.610225768089294,4.303475420098555,6.075003462482881,9.733807855683384,6.075003462482881,0.004580924022247737,0.0
bengaluru,2026-08-02,0.0,0.004983808379620314,12.97,77.59,Normal,1.2112062075615782,Inland,0.0,0.0,0.0,0.5488745724995391,0.0,0.5488745724995391,0.00025158728150719554,0.0
bhopal,2026-08-02,0.0,0.5213208794593811,23.26,77.41,Normal,1.2112062075615782,Inland,0.0,0.0,0.0,0.5940293760513763,0.0,0.5940293760513763,0.0003060266070172789,0.0
bhubaneswar,2026-08-02,2.1,0.0,20.3,85.82,Normal,1.2112062075615782,East coast,2.1,1.5615395706892015,1.215697993647377,3.2955320648160407,3.6329326823037,3.2955320648160407,0.00028288605103959593,0.0
chandigarh,2026-08-02,0.39999999999999997,0.19210679829120636,30.73,76.78,Normal,1.2112062075615782,Inland,0.39999999999999997,0.06684319704771036,0.12053047001361836,2.6760668639072214,2.2296474436049016,2.6760668639072214,0.00039795319318161083,0.0
chennai,2026-08-02,0.0,2.992884397506714,13.08,80.27,Normal,1.2112062075615782,East coast,0.0,0.0,0.0,0.33725137360908275,0.0,0.33725137360908275,0.00025360664096577283,0.0
dehradun,2026-08-02,18.6,1.7332888841629028,30.32,78.03,Normal,1.2112062075615782,Hill / Himalayan orographic,18.6,23.964399119483105,31.440037974744747,10.978110544571283,17.8517495550058,10.978110544571283,0.028747004163742755,0.0
delhi,2026-08-02,0.7000000000000001,4.243592739105225,28.61,77.21,Normal,1.2112062075615782,Inland,0.7000000000000001,0.2579443478584286,0.32967234969139125,1.6946600596128643,0.8075369965477539,1.6946600596128643,0.00029852318198163156,0.0
gangtok,2026-08-02,2.2,21.489160537719727,27.33,88.61,Normal,1.2112062075615782,Hill / Himalayan orographic,2.2,1.6496819317340852,0.6931266480022006,8.72916456024086,9.312730700938758,8.72916456024086,0.0016179686117895793,0.0
guwahati,2026-08-02,18.8,5.88047456741333,26.14,91.74,Normal,1.2112062075615782,Inland,18.8,24.349619367601317,19.722906796685557,4.516776769435378,6.540866124492843,4.516776769435378,0.00294491664235824,0.0
hyderabad,2026-08-02,0.0,1.5280841588974,17.39,78.49,Normal,1.2112062075615782,Inland,0.0,0.0,0.0,0.45014057219644843,0.0,0.45014057219644843,0.00029322350003550775,0.0
jabalpur,2026-08-02,2.4,0.0,23.18,79.95,Normal,1.2112062075615782,Inland,2.4,1.853095760742824,1.824031781296233,3.822490638052187,4.635318493549545,3.822490638052187,0.0007449515714259532,0.0
jaipur,2026-08-02,0.9,0.05374911054968834,26.91,75.79,Normal,1.2112062075615782,Inland,0.9,0.4874708652496338,0.5664798116683959,1.2953926729628855,0.3053076488335881,1.2953926729628855,0.00025467802293016004,0.0
jodhpur,2026-08-02,6.8999999999999995,0.0,26.24,73.02,Normal,1.2112062075615782,Inland,6.8999999999999995,6.942022206783286,5.881051405285466,1.9677857895609832,1.2168587703900182,1.9677857895609832,0.0008697011416305887,0.0
kochi,2026-08-02,15.7,52.1020393371582,9.93,76.27,Normal,1.2112062075615782,West-coast orographic,15.7,19.440510831854677,24.914227977980907,6.1425708079241685,5.094883333731778,6.1425708079241685,0.005739517728620648,0.0
kolkata,2026-08-02,0.7999999999999999,0.08456266671419144,22.57,88.36,Normal,1.2112062075615782,East coast,0.7999999999999999,0.3155235487222672,0.2583756406428451,1.3682608342655682,0.17668947084311945,1.3682608342655682,0.0003578939527296087,0.0
lucknow,2026-08-02,1.6,3.9535369873046875,26.85,80.95,Normal,1.2112062075615782,Inland,1.6,1.0626982486248016,1.076295070648194,1.9662027894084757,1.2144864486456617,1.9662027894084757,0.00022981700210059116,0.0
madurai,2026-08-02,5.4,0.0,9.93,78.12,Normal,1.2112062075615782,Inland,5.4,4.921171760559083,4.559329214096071,3.227788393547201,2.9807900672670105,3.227788393547201,0.005491597562608436,0.0
mangaluru,2026-08-02,48.2,44.703277587890625,12.91,74.86,Normal,1.2112062075615782,West-coast orographic,48.2,67.505527455858,65.86143969386613,19.730128395172795,26.652927444734225,19.730128395172795,0.10257777008245829,0.0
mumbai,2026-08-02,13.5,20.285459518432617,19.08,72.88,Normal,1.2112062075615782,West-coast orographic,13.5,16.351195398966485,23.48055058292469,10.509797434577356,12.54028237669367,10.509797434577356,0.0026586225965199795,0.0
nagpur,2026-08-02,0.9,7.1684346199035645,21.15,79.09,Normal,1.2112062075615782,Inland,0.9,0.4874708652496338,0.5664798116683959,1.4697982416993354,0.5292956992389627,1.4697982416993354,0.0003546943199251199,0.0
panaji,2026-08-02,32.0,3.3448843955993652,15.49,73.83,Normal,1.2112062075615782,West-coast orographic,32.0,41.64838654191203,48.692700129036616,15.078996762026714,19.489006908570843,15.078996762026714,0.03310771234648083,0.0
patna,2026-08-02,4.1,0.0,25.59,85.14,Normal,1.2112062075615782,Inland,4.1,3.646676139831544,3.338726284640957,4.61359391718005,6.867847246458683,4.61359391718005,0.0003569125064296276,0.0
pune,2026-08-02,1.7,2.075388193130493,18.52,73.86,Normal,1.2112062075615782,Inland,1.7,1.1230174750089643,1.1223463344573983,2.2583143345025385,1.609600987365892,2.2583143345025385,0.00037644593063700186,0.0
raipur,2026-08-02,3.2,0.05835670977830887,21.25,81.63,Normal,1.2112062075615782,Inland,3.2,2.6520979714393613,2.480929040908814,3.8257988435353667,4.645141640521315,3.8257988435353667,0.0010169895754744136,0.0
ranchi,2026-08-02,14.1,1.0168648958206177,23.34,85.31,Normal,1.2112062075615782,Inland,14.1,17.18423435018813,14.210402314071459,6.151653299945408,9.834801537727458,6.151653299945408,0.0024838825000351563,0.0
shillong,2026-08-02,24.8,14.671995162963867,25.58,91.89,Normal,1.2112062075615782,Hill / Himalayan orographic,24.8,34.977164068222066,39.62305534942241,4.276430527759172,2.7223277418371064,4.276430527759172,0.014209041000224675,0.0
shimla,2026-08-02,10.5,11.004727363586426,31.1,77.17,Normal,1.2112062075615782,Hill / Himalayan orographic,10.5,11.546491408348084,8.797219209671017,11.222119492482264,18.139166413674968,11.222119492482264,0.003205299989543095,0.0
srinagar,2026-08-02,10.4,8.540144920349121,34.08,74.8,Normal,1.2112062075615782,Hill / Himalayan orographic,10.4,11.420985984802249,8.605731830596918,0.8889444621397713,0.001146390388887438,0.8889444621397713,0.003434014956483969,0.0
surat,2026-08-02,2.1,59.27213668823242,21.17,72.83,Normal,1.2112062075615782,West-coast orographic,2.1,1.5615395706892015,4.0658620166778565,3.857141443458744,2.784818423411837,3.857141443458744,0.0036229286047510766,0.0
thiruvananthapuram,2026-08-02,3.8,2.7669005393981934,8.52,76.94,Normal,1.2112062075615782,West-coast orographic,3.8,3.3095262765884406,8.603147518660995,6.473316446317733,5.280038024035941,6.473316446317733,0.0031812398131035604,0.0
varanasi,2026-08-02,3.9999999999999996,2.1307270526885986,25.32,82.97,Normal,1.2112062075615782,Inland,3.9999999999999996,3.534292852083843,3.255432095801689,3.4805304555295806,3.583047741116871,3.4805304555295806,0.001061040463283125,0.0
vijayawada,2026-08-02,0.0,0.47697797417640686,16.51,80.65,Normal,1.2112062075615782,Inland,0.0,0.0,0.0,0.475482849174599,0.0,0.475482849174599,0.00029322350003550775,0.0
visakhapatnam,2026-08-02,0.3,0.0,17.69,83.22,Normal,1.2112062075615782,East coast,0.3,0.0,0.056302967220544835,1.1033649734194113,0.08095722950796719,1.1033649734194113,0.000307365275944718,0.0
agartala,2026-08-03,0.8,6.582067489624023,23.83,91.29,Normal,0.5633934908639454,Inland,0.8,0.31552354872226723,0.49134695529937744,7.225830079388842,13.616485004195889,7.225830079388842,0.0003620233362379425,0.0
ahmedabad,2026-08-03,9.8,0.43004047870635986,23.02,72.57,Normal,0.5633934908639454,Inland,9.8,10.186182448069253,8.863119176228846,6.687358557037762,12.112580968114,6.687358557037762,0.0025036977644297036,0.0
amritsar,2026-08-03,0.7000000000000001,0.0,31.63,74.87,Normal,0.5633934908639454,Inland,0.7000000000000001,0.2579443478584286,0.32967234969139125,2.167786950712595,1.4644838065008035,2.167786950712595,0.00041682569625649187,0.0
bengaluru,2026-08-03,0.0,0.5604337453842163,12.97,77.59,Normal,0.5633934908639454,Inland,0.0,0.0,0.0,0.6118624244147329,0.0,0.6118624244147329,0.00025692378956643236,0.0
bhopal,2026-08-03,1.8,0.0,23.26,77.41,Normal,0.5633934908639454,Inland,1.8,1.1833367013931273,1.2557067918777463,3.014915909351635,2.5863511917712776,3.014915909351635,0.0003386291122326668,0.0
bhubaneswar,2026-08-03,1.6,5.043123245239258,20.3,85.82,Normal,0.5633934908639454,East coast,1.6,1.0626982486248016,0.7492495799064635,2.426805613942844,1.708514657452665,2.426805613942844,0.0002888862566878189,0.0
chandigarh,2026-08-03,5.1,0.0,30.73,76.78,Normal,0.5633934908639454,Inland,5.1,4.687962266206741,4.330952257859079,5.043082661351387,7.622619364846342,5.043082661351387,0.005298995534849553,0.0
chennai,2026-08-03,0.1,1.1918485164642334,13.08,80.27,Normal,0.5633934908639454,East coast,0.1,0.0,0.013523720204830171,0.7069900279758669,0.0006275862952407657,0.7069900279758669,0.0002589859712866937,0.0
dehradun,2026-08-03,30.0,0.15243452787399292,30.32,78.03,Normal,0.5633934908639454,Hill / Himalayan orographic,30.0,39.504674674299906,45.361260059592794,16.69723632096245,26.389664603145903,16.69723632096245,0.19659886158359177,0.0
delhi,2026-08-03,2.6,0.4276849031448364,28.61,77.21,Normal,0.5633934908639454,Inland,2.6,1.9731848442554498,1.9865488765979666,3.722544727066306,4.367300589862094,3.722544727066306,0.0007677590848197656,0.0
gangtok,2026-08-03,8.7,35.09510040283203,27.33,88.61,Normal,0.5633934908639454,Hill / Himalayan orographic,8.7,8.795480165481568,6.535195496877033,13.603198882652212,24.238430695440893,13.603198882652212,0.0024756287574490485,0.0
guwahati,2026-08-03,18.9,2.703397512435913,26.14,91.74,Normal,0.5633934908639454,Inland,18.9,24.547595363620594,19.82751835790171,3.897076250936157,4.824457107439816,3.897076250936157,0.002554297572830156,0.0
hyderabad,2026-08-03,0.0,5.451162815093994,17.39,78.49,Normal,0.5633934908639454,Inland,0.0,0.0,0.0,0.5901878230573198,0.0,0.5901878230573198,0.00029944290433590593,0.0
jabalpur,2026-08-03,2.0,0.0,23.18,79.95,Normal,0.5633934908639454,Inland,2.0,1.473397209644318,1.4887226462364191,3.142910369711819,2.7489404160564415,3.142910369711819,0.000367067284564296,0.0
jaipur,2026-08-03,5.3999999999999995,4.538167953491211,26.91,75.79,Normal,0.5633934908639454,Inland,5.3999999999999995,4.921171760559082,4.559329214096069,2.3301186375953598,1.7120016520392962,2.3301186375953598,0.002051560805487405,0.0
jodhpur,2026-08-03,43.3,37.008182525634766,26.24,73.02,Normal,0.5633934908639454,Inland,43.3,58.75432654084982,45.78820496682555,41.086196881905366,63.3787685717713,41.086196881905366,0.1774640914821716,0.0
kochi,2026-08-03,5.5,73.42691802978516,9.93,76.27,Normal,0.5633934908639454,West-coast orographic,5.5,5.024214208920798,12.030686036330865,13.985993573317026,18.511487135490658,13.985993573317026,0.007021929245650467,0.0
kolkata,2026-08-03,5.7,18.680763244628906,22.57,88.36,Normal,0.5633934908639454,East coast,5.7,5.230299105644228,5.383157771047412,2.4322376259540657,1.7169920550036113,2.4322376259540657,0.004282465093449171,0.0
lucknow,2026-08-03,20.2,15.017473220825195,26.85,80.95,Normal,0.5633934908639454,Inland,20.2,27.149820855055303,22.45670028612691,23.84987816878377,41.245779513057855,23.84987816878377,0.27367281315583325,0.0
madurai,2026-08-03,0.0,0.0,9.93,78.12,Normal,0.5633934908639454,Inland,0.0,0.0,0.0,0.5040241015292488,0.0,0.5040241015292488,0.0012843113631245634,0.0
mangaluru,2026-08-03,14.5,24.591602325439453,12.91,74.86,Normal,0.5633934908639454,West-coast orographic,14.5,17.730722356228224,24.13178578727265,9.327185868959571,10.888302629595895,9.327185868959571,0.004036032364115891,0.0
mumbai,2026-08-03,12.5,67.50379180908203,19.08,72.88,Normal,0.5633934908639454,West-coast orographic,12.5,14.698465697765352,22.830030489485203,16.55534802376688,21.644952261389314,16.55534802376688,0.0026066148691009385,0.0
nagpur,2026-08-03,0.30000000000000004,0.1859816461801529,21.15,79.09,Normal,0.5633934908639454,Inland,0.30000000000000004,0.015063365828245948,0.08661972880363464,1.7018905168255483,0.8122753741558723,1.7018905168255483,0.0024669827900092186,0.0
panaji,2026-08-03,14.1,48.58510208129883,15.49,73.83,Normal,0.5633934908639454,West-coast orographic,14.1,17.18423435018813,23.870971723703235,4.497106999108912,3.4180215282105513,4.497106999108912,0.0004731692517907241,0.0
patna,2026-08-03,6.8,0.5296297669410706,25.59,85.14,Normal,0.5633934908639454,Inland,6.8,6.794921501874911,5.734903524206306,4.159846232681338,5.558149558365339,4.159846232681338,0.0014136127650043765,0.0
pune,2026-08-03,1.0,2.2074060440063477,18.52,73.86,Normal,0.5633934908639454,Inland,1.0,0.5880560529232025,0.6660383629798888,2.2132495520567828,1.5413692203349532,2.2132495520567828,0.00038442984189468747,0.0
raipur,2026-08-03,0.0,0.0,21.25,81.63,Normal,0.5633934908639454,Inland,0.0,0.0,0.0,0.6826372845178087,0.0,0.6826372845178087,0.0004082337026686383,0.0
ranchi,2026-08-03,21.8,17.07404899597168,23.34,85.31,Normal,0.5633934908639454,Inland,21.8,30.349874261248473,24.200391820494392,25.046058749881478,42.330705729014554,25.046058749881478,0.08919587836285474,0.0
shillong,2026-08-03,20.2,8.73275375366211,25.58,91.89,Normal,0.5633934908639454,Hill / Himalayan orographic,20.2,27.149820855055303,35.866847814744524,7.2420938811519,5.9717338913678075,7.2420938811519,0.010999202812704008,0.0
shimla,2026-08-03,9.9,15.284915924072266,31.1,77.17,Normal,0.5633934908639454,Hill / Himalayan orographic,9.9,10.32988124211629,7.964492347296768,9.414556326135592,12.948371394069692,9.414556326135592,0.003205299989543095,0.0
srinagar,2026-08-03,16.3,1.1497877836227417,34.08,74.8,Normal,0.5633934908639454,Hill / Himalayan orographic,16.3,20.228285342698783,25.28572675704956,4.596224447513285,3.121667026622939,4.596224447513285,0.011191091568657642,0.0
surat,2026-08-03,6.6000000000000005,3.317111015319824,21.17,72.83,Normal,0.5633934908639454,West-coast orographic,6.6000000000000005,6.459885946909576,14.315819785150646,5.806034897335071,4.847928740531889,5.806034897335071,0.005064529056762136,0.0
thiruvananthapuram,2026-08-03,0.30000000000000004,7.988387584686279,8.52,76.94,Normal,0.5633934908639454,West-coast orographic,0.30000000000000004,0.015063365828245948,0.0,1.4656204364718108,0.8389268134268215,1.4656204364718108,0.047182681160937184,0.0
varanasi,2026-08-03,6.2,2.5807559490203857,25.32,82.97,Normal,0.5633934908639454,Inland,6.2,5.849097142219546,5.280123268127442,3.540794545541128,3.8643458802947674,3.540794545541128,0.00640467161166792,0.0
vijayawada,2026-08-03,0.0,0.10289648175239563,16.51,80.65,Normal,0.5633934908639454,Inland,0.0,0.0,0.0,0.6191554428146079,0.0,0.6191554428146079,0.00029944290433590593,0.0
visakhapatnam,2026-08-03,0.1,1.235759973526001,17.69,83.22,Normal,0.5633934908639454,East coast,0.1,0.0,0.013523720204830171,0.7322741810980701,0.004332289021002587,0.7322741810980701,0.00031388453958987393,0.0
agartala,2026-08-04,2.9,4.964024066925049,23.83,91.29,Normal,-0.5559554225026342,Inland,2.9,2.2925778639316556,2.2265097141265873,6.731549082954687,12.208709652189548,6.731549082954687,0.000742710102426441,0.0
ahmedabad,2026-08-04,0.30000000000000004,0.0,23.02,72.57,Normal,-0.5559554225026342,Inland,0.30000000000000004,0.015063365828245948,0.08661972880363464,1.090128230487602,0.15371961494068492,1.090128230487602,0.003563820003382618,0.0
amritsar,2026-08-04,5.300000000000001,25.749046325683594,31.63,74.87,Normal,-0.5559554225026342,Inland,5.300000000000001,4.843435262441636,4.385905933380128,5.857503829425647,9.447230747200619,5.857503829425647,0.015254500698381204,0.0
bengaluru,2026-08-04,1.2,0.5240123867988586,12.97,77.59,Normal,-0.5559554225026342,Inland,1.2,0.70973061091191,0.7658025145530705,1.565396758000792,0.696413381580878,1.565396758000792,0.0004117411340059396,0.0
bhopal,2026-08-04,0.30000000000000004,0.1278897225856781,23.26,77.41,Normal,-0.5559554225026342,Inland,0.30000000000000004,0.015063365828245948,0.08661972880363464,1.8432320659157457,1.0336111235562133,1.8432320659157457,0.0019303390491210819,0.0
bhubaneswar,2026-08-04,2.6,2.3094799518585205,20.3,85.82,Normal,-0.5559554225026342,East coast,2.6,1.9731848442554498,1.7216270617965619,5.348558784687467,9.650027817474946,5.348558784687467,0.0005797774314555636,0.0
chandigarh,2026-08-04,3.8,20.75605583190918,30.73,76.78,Normal,-0.5559554225026342,Inland,3.8,3.3095262765884406,3.0554063435206236,5.325529180318246,8.305418123111432,5.325529180318246,0.0009686623422553422,0.0
chennai,2026-08-04,0.3,4.650376796722412,13.08,80.27,Normal,-0.5559554225026342,East coast,0.3,0.0,0.056302967220544835,1.3325767348740407,0.15740758684899472,1.3325767348740407,0.00032424549131684736,0.0
dehradun,2026-08-04,20.7,3.1987907886505127,30.32,78.03,Normal,-0.5559554225026342,Hill / Himalayan orographic,20.7,28.170787483500344,36.46259217514615,26.355160608205217,39.8535891057609,26.355160608205217,0.08308925713736269,0.0
delhi,2026-08-04,1.3,13.385640144348145,28.61,77.21,Normal,-0.5559554225026342,Inland,1.3,0.8199972087144852,0.7961926317214969,1.8444474893613825,1.0353651504353183,1.8444474893613825,0.000345056618176327,0.0
gangtok,2026-08-04,13.3,39.3648681640625,27.33,88.61,Normal,-0.5559554225026342,Hill / Himalayan orographic,13.3,16.001911726452064,16.77714546203613,14.514586692797934,25.11918954763364,14.514586692797934,0.0012673880493842223,0.0
guwahati,2026-08-04,40.2,29.729320526123047,26.14,91.74,Normal,-0.5559554225026342,Inland,40.2,53.13318991420942,42.11396711826535,2.815893286663567,2.3854438538055827,2.815893286663567,0.002443227112008001,0.0
hyderabad,2026-08-04,0.0,14.341001510620117,17.39,78.49,Normal,-0.5559554225026342,Inland,0.0,0.0,0.0,0.5313946843779251,0.0,0.5313946843779251,0.00033919759024194425,0.0
jabalpur,2026-08-04,7.1,0.0,23.18,79.95,Normal,-0.5559554225026342,Inland,7.1,7.236223616600037,6.1733471674437865,6.058400134521547,9.71193134190969,6.058400134521547,0.02084839312740297,0.0
jaipur,2026-08-04,12.8,7.296197891235352,26.91,75.79,Normal,-0.5559554225026342,Inland,12.8,15.128702545166012,12.879103495816151,5.4734074698771416,8.667341675505803,5.4734074698771416,0.003367932319962331,0.0
jodhpur,2026-08-04,6.0,0.11841338127851486,26.24,73.02,Normal,-0.5559554225026342,Inland,6.0,5.614178037643437,5.09098487854004,2.3795167765452376,1.797201724492069,2.3795167765452376,0.002045759909184189,0.0
kochi,2026-08-04,29.7,34.21192932128906,9.93,76.27,Normal,-0.5559554225026342,West-coast orographic,29.7,39.18311789415809,39.78961531499471,20.048404005320567,28.076556154294487,20.048404005320567,0.023765597059676888,0.0
kolkata,2026-08-04,0.7,0.434629887342453,22.57,88.36,Normal,-0.5559554225026342,East coast,0.7,0.25794434785842857,0.23267660021781905,1.516881259211465,0.2737201345047042,1.516881259211465,0.0010369280013463535,0.0
lucknow,2026-08-04,24.8,45.30247497558594,26.85,80.95,Normal,-0.5559554225026342,Inland,24.8,34.977164068222066,29.31011960629525,18.110761914777346,34.91615902459509,18.110761914777346,0.05064713914621248,0.0
madurai,2026-08-04,0.0,0.0,9.93,78.12,Normal,-0.5559554225026342,Inland,0.0,0.0,0.0,0.4272794353270903,0.0,0.4272794353270903,0.0007535570350058408,0.0
mangaluru,2026-08-04,16.8,131.23316955566406,12.91,74.86,Normal,-0.5559554225026342,West-coast orographic,16.8,20.946777213169984,25.3669219066009,13.491288625607345,18.131282928703094,13.491288625607345,0.023874161680370997,0.0
mumbai,2026-08-04,4.6,17.9776611328125,19.08,72.88,Normal,-0.5559554225026342,West-coast orographic,4.6,4.157294835249582,10.08679671148314,7.098042582812695,5.7532399137719095,7.098042582812695,0.008898625256353059,0.0
nagpur,2026-08-04,1.8,0.05490860715508461,21.15,79.09,Normal,-0.5559554225026342,Inland,1.8,1.1833367013931273,1.2557067918777463,2.6662899414786665,2.220248153680242,2.6662899414786665,0.0004888940989658359,0.0
panaji,2026-08-04,10.7,26.229251861572266,15.49,73.83,Normal,-0.5559554225026342,West-coast orographic,10.7,11.797502255439756,19.677682123417853,9.134646431898103,10.705390617034112,9.134646431898103,0.0034384252531757496,0.0
patna,2026-08-04,3.6,31.579904556274414,25.59,85.14,Normal,-0.5559554225026342,Inland,3.6,3.097495983441671,2.7602126789093018,4.340994975507069,5.94101263117601,4.340994975507069,0.0003502202519147542,0.0
pune,2026-08-04,0.9,8.733424186706543,18.52,73.86,Normal,-0.5559554225026342,Inland,0.9,0.4874708652496338,0.5664798116683959,2.1048698677276776,1.376827144578345,2.1048698677276776,0.0006397581600362107,0.0
raipur,2026-08-04,0.1,5.773788928985596,21.25,81.63,Normal,-0.5559554225026342,Inland,0.1,0.0,0.0,1.003215266613271,0.10533750804974212,1.003215266613271,0.0005528447695944244,0.0
ranchi,2026-08-04,11.600000000000001,4.532403945922852,23.34,85.31,Normal,-0.5559554225026342,Inland,11.600000000000001,13.145539493560797,11.574508884341219,6.429860674183334,11.410991801308114,6.429860674183334,0.0017685314975746096,0.0
shillong,2026-08-04,27.5,2.831110954284668,25.58,91.89,Normal,-0.5559554225026342,Hill / Himalayan orographic,27.5,37.247856918839375,40.955694807759095,5.178028550400442,3.5364690785499464,5.178028550400442,0.003516194755660766,0.0
shimla,2026-08-04,13.2,0.0,31.1,77.17,Normal,-0.5559554225026342,Hill / Himalayan orographic,13.2,15.827269890194852,16.56799723073055,15.131133709679876,25.353070119805736,15.131133709679876,0.005817725763355969,0.0
srinagar,2026-08-04,18.4,3.141040802001953,34.08,74.8,Normal,-0.5559554225026342,Hill / Himalayan orographic,18.4,23.589910615285238,29.668386432912033,3.9091862200685714,2.1846161697499906,3.9091862200685714,0.0176455806825705,0.0
surat,2026-08-04,2.5,0.0,21.17,72.83,Normal,-0.5559554225026342,West-coast orographic,2.5,1.913140302499137,5.082779913833461,10.413751577731045,12.439966213690909,10.413751577731045,0.009549883660393409,0.0
thiruvananthapuram,2026-08-04,5.7,0.540434718132019,8.52,76.94,Normal,-0.5559554225026342,West-coast orographic,5.7,5.230299105644228,12.211446489514525,6.063533364967203,5.057127277532735,6.063533364967203,0.007642356295249159,0.0
varanasi,2026-08-04,8.6,3.718073844909668,25.32,82.97,Normal,-0.5559554225026342,Inland,8.6,8.573620681762698,7.504435505867005,4.728047378188683,7.14984617971204,4.728047378188683,0.004811608984925026,0.0
vijayawada,2026-08-04,0.7,0.7224981784820557,16.51,80.65,Normal,-0.5559554225026342,Inland,0.7,0.25794434785842857,0.32967234969139114,1.5799431165227291,0.7128129449491738,1.5799431165227291,0.00046320251906863265,0.0
visakhapatnam,2026-08-04,0.5,2.387643575668335,17.69,83.22,Normal,-0.5559554225026342,East coast,0.5,0.12376333706080915,0.11011721193790436,1.379156295733193,0.18257682761163802,1.379156295733193,0.000456183078581815,0.0
agartala,2026-08-05,15.1,6.3924126625061035,23.83,91.29,Normal,-1.0771566523800435,Inland,15.1,17.865750190065366,15.10991246386093,5.230123490749411,7.397360686332055,5.230123490749411,0.0011416446653185666,0.0
ahmedabad,2026-08-05,0.30000000000000004,0.059160105884075165,23.02,72.57,Normal,-1.0771566523800435,Inland,0.30000000000000004,0.029973778426647217,0.05589266672730436,1.1035189352147003,0.18019295527172585,1.1035189352147003,0.0019753086748030622,0.0
amritsar,2026-08-05,3.8,9.950045585632324,31.63,74.87,Normal,-1.0771566523800435,Inland,3.8,3.2941995072364794,3.2392292040586486,2.104395378090838,1.4634724703465147,2.104395378090838,0.0016241810340316414,0.0
bengaluru,2026-08-05,2.0,0.7065317034721375,12.97,77.59,Normal,-1.0771566523800435,Inland,2.0,1.4109129452705387,1.619069045186043,2.63281774349547,2.051769906909211,2.63281774349547,0.0001429240005219864,0.0
bhopal,2026-08-05,4.0,0.0,23.26,77.41,Normal,-1.0771566523800435,Inland,4.0,3.4946164030171536,3.482008939385416,3.3167335103927895,3.115674552126363,3.3167335103927895,0.0006782488500417713,0.0
bhubaneswar,2026-08-05,0.9,1.4129935503005981,20.3,85.82,Normal,-1.0771566523800435,East coast,0.9,0.4412136077880856,0.24899823453832184,2.7960750714045255,1.769947453003015,2.7960750714045255,0.000534678374247336,0.0
chandigarh,2026-08-05,12.5,13.60411262512207,30.73,76.78,Normal,-1.0771566523800435,Inland,12.5,14.169657878875743,12.735638735299247,2.956891830574567,2.4800024374562666,2.956891830574567,0.001881105045883822,0.0
chennai,2026-08-05,0.1,20.905000686645508,13.08,80.27,Normal,-1.0771566523800435,East coast,0.1,0.0,0.006261826306581499,0.5672398170558062,0.0,0.5672398170558062,0.00014802474820790147,0.0
dehradun,2026-08-05,30.5,9.986714363098145,30.32,78.03,Normal,-1.0771566523800435,Hill / Himalayan orographic,30.5,40.71954668546164,47.52353952407167,15.310361909974398,22.930982643377952,15.310361909974398,0.06368986788108713,0.0
delhi,2026-08-05,9.6,7.571834087371826,28.61,77.21,Normal,-1.0771566523800435,Inland,9.6,9.676139343579608,8.877788433166842,4.024097383595847,4.731755077382295,4.024097383595847,0.0016294200968608912,0.0
gangtok,2026-08-05,11.2,27.630369186401367,27.33,88.61,Normal,-1.0771566523800435,Hill / Himalayan orographic,11.2,12.160569345732142,9.357220421362356,11.406786679818072,16.413246155269945,11.406786679818072,0.004143891547930571,0.0
guwahati,2026-08-05,16.7,41.8098258972168,26.14,91.74,Normal,-1.0771566523800435,Inland,16.7,20.232656172110556,17.749568281465592,3.991868204308065,4.681549436535548,3.991868204308065,0.0005623271749500767,0.0
hyderabad,2026-08-05,0.0,6.173302173614502,17.39,78.49,Normal,-1.0771566523800435,Inland,0.0,0.0,0.0,0.6054795237937685,0.0,0.6054795237937685,0.00011998279369702116,0.0
jabalpur,2026-08-05,14.4,0.0,23.18,79.95,Normal,-1.0771566523800435,Inland,14.4,16.826449536492667,14.610552022036394,6.910850341268527,11.937246415573194,6.910850341268527,0.0035258093244859693,0.0
jaipur,2026-08-05,6.1,2.722900629043579,26.91,75.79,Normal,-1.0771566523800435,Inland,6.1,5.532691522836685,5.20151720046997,1.998069913618322,1.2960025513550515,1.998069913618322,0.0013275659066806745,0.0
jodhpur,2026-08-05,0.0,0.0,26.24,73.02,Normal,-1.0771566523800435,Inland,0.0,0.0,0.0,0.13833960891858257,0.0,0.13833960891858257,0.0001043531989704455,0.0
kochi,2026-08-05,9.4,27.85881233215332,9.93,76.27,Normal,-1.0771566523800435,West-coast orographic,9.4,9.53967508792877,18.5224071255136,20.899675061857806,26.057196688483874,20.899675061857806,0.0013466919867985237,0.0
kolkata,2026-08-05,3.3,20.76678466796875,22.57,88.36,Normal,-1.0771566523800435,East coast,3.3,2.6932993052756906,1.9060254776169878,3.1348216378129847,2.8143187193277,3.1348216378129847,0.0035386836387454774,0.0
lucknow,2026-08-05,23.5,8.12354850769043,26.85,80.95,Normal,-1.0771566523800435,Inland,23.5,33.05974073970225,27.732525043434137,9.77445812168399,18.702450840317717,9.77445812168399,0.0017497488684676812,0.0
madurai,2026-08-05,3.2,0.0,9.93,78.12,Normal,-1.0771566523800435,Inland,3.2,2.607844978489285,2.5039139547742373,2.840258970625492,2.356110596906683,2.840258970625492,0.0005691076011226313,0.0
mangaluru,2026-08-05,16.400000000000002,37.59198760986328,12.91,74.86,Normal,-1.0771566523800435,West-coast orographic,16.400000000000002,19.77348122723656,23.492790995878334,21.054391211763768,26.15008510740468,21.054391211763768,0.009726651972296925,0.0
mumbai,2026-08-05,3.1,22.96489715576172,19.08,72.88,Normal,-1.0771566523800435,West-coast orographic,3.1,2.52239065170288,5.57747423494365,6.580348231729535,6.485208540236183,6.580348231729535,0.003750438974838241,0.0
nagpur,2026-08-05,13.700000000000001,0.32945165038108826,21.15,79.09,Normal,-1.0771566523800435,Inland,13.700000000000001,15.907814121246348,14.241908679288983,2.9637468030970395,2.487956140182538,2.9637468030970395,0.0012792924153978518,0.0
panaji,2026-08-05,10.2,25.871604919433594,15.49,73.83,Normal,-1.0771566523800435,West-coast orographic,10.2,10.929304994855617,19.117880475669722,10.450887138923903,12.605128169539661,10.450887138923903,0.0011354133642295075,0.0
patna,2026-08-05,9.2,0.8937332034111023,25.59,85.14,Normal,-1.0771566523800435,Inland,9.2,9.403210832277933,8.365727457712923,6.729597647354501,11.379964624576044,6.729597647354501,0.000858745590572187,0.0
pune,2026-08-05,0.2,0.9106149077415466,18.52,73.86,Normal,-1.0771566523800435,Inland,0.2,0.0,0.0,1.3438135645302232,0.44089768853379363,1.3438135645302232,0.00012591825422360225,0.0
raipur,2026-08-05,16.1,8.282816886901855,21.25,81.63,Normal,-1.0771566523800435,Inland,16.1,19.32237788046696,16.943716801414205,10.223822117907286,19.66185359145823,10.223822117907286,0.005075021583174134,0.0
ranchi,2026-08-05,19.7,12.141700744628906,23.34,85.31,Normal,-1.0771566523800435,Inland,19.7,25.218291706085203,20.929201919335302,9.31618046802678,17.757361860062776,9.31618046802678,0.001666245363513152,0.0
shillong,2026-08-05,16.4,46.78448486328125,25.58,91.89,Normal,-1.0771566523800435,Hill / Himalayan orographic,16.4,19.773481227236555,24.673702952067057,5.623197809006575,3.300091972731452,5.623197809006575,0.0034198172128931713,0.0
shimla,2026-08-05,13.8,6.2818922996521,31.1,77.17,Normal,-1.0771566523800435,Hill / Himalayan orographic,13.8,16.032152595520028,18.12115312576294,3.1131193404910484,1.3022276976938083,3.1131193404910484,0.0025263242151688896,0.0
srinagar,2026-08-05,8.2,0.0,34.08,74.8,Normal,-1.0771566523800435,Hill / Himalayan orographic,8.2,7.954895086849436,4.819247369766235,0.020746196537622007,0.0,0.020746196537622007,0.004669786767876012,0.0
surat,2026-08-05,1.2000000000000002,0.0,21.17,72.83,Normal,-1.0771566523800435,West-coast orographic,1.2000000000000002,0.6971240758895869,1.3730579853057867,1.6238671378194154,0.9861643831117359,1.6238671378194154,0.0032451426088358185,0.0
thiruvananthapuram,2026-08-05,0.0,3.9912712574005127,8.52,76.94,Normal,-1.0771566523800435,West-coast orographic,0.0,0.0,0.0,0.39993735948669523,0.0,0.39993735948669523,0.0010094617935254748,0.0
varanasi,2026-08-05,31.0,4.169410705566406,25.32,82.97,Normal,-1.0771566523800435,Inland,31.0,41.40130055681011,36.51392692963451,10.738595105526624,20.76814319724276,10.738595105526624,0.0076776352541205505,0.0
vijayawada,2026-08-05,6.8999999999999995,1.6175965070724487,16.51,80.65,Normal,-1.0771566523800435,Inland,6.8999999999999995,6.882511570453649,5.954027681530646,6.906860222828935,11.925071926848984,6.906860222828935,0.00262928883370307,0.0
visakhapatnam,2026-08-05,0.1,0.08564672619104385,17.69,83.22,Normal,-1.0771566523800435,East coast,0.1,0.0,0.006261826306581499,0.4749831342274467,0.0,0.4749831342274467,0.00014802474820790147,0.0
agartala,2026-08-06,140.6,18.677337646484375,23.83,91.29,Normal,-0.3460717477028588,Inland,140.6,142.9044611301129,183.27042465833617,46.050009649032496,79.83240204477804,46.050009649032496,0.20020557863189736,1.0
ahmedabad,2026-08-06,0.0,1.3015223741531372,23.02,72.57,Normal,-0.3460717477028588,Inland,0.0,0.0,0.0,0.25217689837524965,0.0,0.25217689837524965,0.0007711207225618074,0.0
amritsar,2026-08-06,2.7,4.642194747924805,31.63,74.87,Normal,-0.3460717477028588,Inland,2.7,2.1316526508331295,2.268051252365112,3.8092906167708853,4.330355688415147,3.8092906167708853,0.0027658957466899143,0.0
bengaluru,2026-08-06,0.4,1.198651671409607,12.97,77.59,Normal,-0.3460717477028588,Inland,0.4,0.08314205735921859,0.1525580734014511,1.227532624593863,0.322291969439116,1.227532624593863,0.00027252032852040424,0.0
bhopal,2026-08-06,7.9,2.1180050373077393,23.26,77.41,Normal,-0.3460717477028588,Inland,7.9,7.624005928039552,6.900731925964357,5.254847319537359,7.425274344028395,5.254847319537359,0.003243639183839674,0.0
bhubaneswar,2026-08-06,12.3,66.42642211914062,20.3,85.82,Normal,-0.3460717477028588,East coast,12.3,13.860549063001368,18.932893538079878,8.217479515643372,17.24073208846157,8.217479515643372,0.004190437357992562,0.0
chandigarh,2026-08-06,11.5,0.8384444117546082,30.73,76.78,Normal,-0.3460717477028588,Inland,11.5,12.602059552541014,11.878972822427743,18.277420705273354,36.58883254543715,18.277420705273354,0.0076460488374204705,0.0
chennai,2026-08-06,0.1,9.034147262573242,13.08,80.27,Normal,-0.3460717477028588,East coast,0.1,0.0,0.006261826306581499,0.4158968173149218,0.0,0.4158968173149218,0.0002391999845878996,0.0
dehradun,2026-08-06,18.8,56.29654312133789,30.32,78.03,Normal,-0.3460717477028588,Hill / Himalayan orographic,18.8,23.768158290854025,30.11572665328794,24.382477532769965,40.11394941988254,24.382477532769965,0.032788197840480454,0.0
delhi,2026-08-06,4.1,17.142946243286133,28.61,77.21,Normal,-0.3460717477028588,Inland,4.1,3.5948248509074903,3.6033988070487997,4.469378597490898,5.651683059171741,4.469378597490898,0.0007865606992953525,0.0
gangtok,2026-08-06,3.8000000000000003,10.712362289428711,27.33,88.61,Normal,-0.3460717477028588,Hill / Himalayan orographic,3.8000000000000003,3.2941995072364803,1.759220937586647,10.006315054372,9.341420129497083,10.006315054372,0.0004027917809093722,0.0
guwahati,2026-08-06,10.0,0.07568465173244476,26.14,91.74,Normal,-0.3460717477028588,Inland,10.0,10.671262893676769,9.550333595275887,5.622535447823996,8.312990419534835,5.622535447823996,0.0010053125661695405,0.0
hyderabad,2026-08-06,0.0,0.27262288331985474,17.39,78.49,Normal,-0.3460717477028588,Inland,0.0,0.0,0.0,0.5286427736798518,0.0,0.5286427736798518,0.0001938890526503948,0.0
jabalpur,2026-08-06,8.2,0.0,23.18,79.95,Normal,-0.3460717477028588,Inland,8.2,7.954895086849436,7.146405097007752,8.066715924301313,14.372293491544363,8.066715924301313,0.009573636326121071,0.0
jaipur,2026-08-06,5.1,0.669241726398468,26.91,75.79,Normal,-0.3460717477028588,Inland,5.1,4.553852791786194,4.373811874389647,2.2617975615139954,1.6451658736914196,2.2617975615139954,0.0012238461731286585,0.0
jodhpur,2026-08-06,0.0,0.0,26.24,73.02,Normal,-0.3460717477028588,Inland,0.0,0.0,0.0,0.1803823660920652,0.0,0.1803823660920652,0.00018562565762823147,0.0
kochi,2026-08-06,6.5,16.322378158569336,9.93,76.27,Normal,-0.3460717477028588,West-coast orographic,6.5,6.033752772808075,12.738236020216295,15.844507435968074,19.211880964207438,15.844507435968074,0.004791708607079767,0.0
kolkata,2026-08-06,59.300000000000004,14.709796905517578,22.57,88.36,Normal,-0.3460717477028588,East coast,59.300000000000004,84.49410295910448,187.16861877441409,12.774397223831889,24.002914303021715,12.774397223831889,0.14630003216817272,0.0
lucknow,2026-08-06,24.8,16.44564437866211,26.85,80.95,Normal,-0.3460717477028588,Inland,24.8,34.64991424773824,29.578090656889216,21.596399311868442,41.36281357469905,21.596399311868442,0.027556015143880116,0.0
madurai,2026-08-06,1.0,0.0,9.93,78.12,Normal,-0.3460717477028588,Inland,1.0,0.5198245108127595,0.6917472469806674,0.8758793696369745,0.04520359958195096,0.8758793696369745,0.0008670269252121223,0.0
mangaluru,2026-08-06,21.8,9.521035194396973,12.91,74.86,Normal,-0.3460717477028588,West-coast orographic,21.8,30.099169464111338,32.53083629861096,20.265001549798807,25.676151664406504,20.265001549798807,0.022635023820060916,0.0
mumbai,2026-08-06,3.3000000000000003,11.064493179321289,19.08,72.88,Normal,-0.3460717477028588,West-coast orographic,3.3000000000000003,2.693299305275691,6.198804731369015,6.203324245920184,5.608541245255801,6.203324245920184,0.003897352166273399,0.0
nagpur,2026-08-06,7.2,2.0581634044647217,21.15,79.09,Normal,-0.3460717477028588,Inland,7.2,7.111335935592654,6.400586318969726,5.341235218463327,7.522807871719741,5.341235218463327,0.004366435114479494,0.0
panaji,2026-08-06,12.4,11.120067596435547,15.49,73.83,Normal,-0.3460717477028588,West-coast orographic,12.4,14.015103470938556,20.536100049713177,10.160745548778646,12.340928296164938,10.160745548778646,0.0005929800188499368,0.0
patna,2026-08-06,10.0,43.561981201171875,25.59,85.14,Normal,-0.3460717477028588,Inland,10.0,10.671262893676769,9.550333595275887,5.523082742622524,8.019442789446229,5.523082742622524,0.0011625713749933019,0.0
pune,2026-08-06,0.7000000000000001,2.5156056880950928,18.52,73.86,Normal,-0.3460717477028588,Inland,0.7000000000000001,0.23283959954977052,0.37434103757143034,2.0734679587679996,1.412274640260187,2.0734679587679996,0.0003655839939024394,0.0
raipur,2026-08-06,3.8000000000000003,14.667418479919434,21.25,81.63,Normal,-0.3460717477028588,Inland,3.8000000000000003,3.2941995072364803,3.239229204058649,4.427255748383783,5.594863302841877,4.427255748383783,0.0032790101732022873,0.0
ranchi,2026-08-06,31.900000000000002,28.800933837890625,23.34,85.31,Normal,-0.3460717477028588,Inland,31.900000000000002,42.628457525237344,37.51270945307358,15.849083467502723,33.11603938978724,15.849083467502723,0.013117660967291384,0.0
shillong,2026-08-06,5.5,3.2366185188293457,25.58,91.89,Normal,-0.3460717477028588,Hill / Himalayan orographic,5.5,4.930337857560412,2.8318839260950037,7.950546357246394,6.229026694284048,7.950546357246394,0.0047098986914069245,0.0
shimla,2026-08-06,8.8,3.2817904949188232,31.1,77.17,Normal,-0.3460717477028588,Hill / Himalayan orographic,8.8,8.866126229763033,5.881551523208619,5.98027371810782,3.640396367062953,5.98027371810782,0.0025153791748460702,0.0
srinagar,2026-08-06,9.2,0.0,34.08,74.8,Normal,-0.3460717477028588,Hill / Himalayan orographic,9.2,9.403210832277933,6.566881160736084,0.18993658777451003,0.0,0.18993658777451003,0.002007948616086548,0.0
surat,2026-08-06,0.6000000000000001,0.9825173020362854,21.17,72.83,Normal,-0.3460717477028588,West-coast orographic,0.6000000000000001,0.18129904910922057,0.410859559476376,1.3996836810776625,0.7521134235155449,1.3996836810776625,0.007591738237203393,0.0
thiruvananthapuram,2026-08-06,0.0,0.8480826020240784,8.52,76.94,Normal,-0.3460717477028588,West-coast orographic,0.0,0.0,0.0,0.46577102583671826,0.0,0.46577102583671826,0.0021430411945833625,0.0
varanasi,2026-08-06,17.1,29.372610092163086,25.32,82.97,Normal,-0.3460717477028588,Inland,17.1,20.844889431942555,18.1958401408961,14.782147389751911,29.639428822707124,14.782147389751911,0.018961868945422646,0.0
vijayawada,2026-08-06,0.5,23.011781692504883,16.51,80.65,Normal,-0.3460717477028588,Inland,0.5,0.11050829611718652,0.18307801455259334,1.5798789865778375,0.7602229364080749,1.5798789865778375,0.0002639000813027565,0.0
visakhapatnam,2026-08-06,4.0,7.460301399230957,17.69,83.22,Normal,-0.3460717477028588,East coast,4.0,3.4946164030171536,2.769650238346021,1.6750924790010358,0.2923621424321509,1.6750924790010358,0.0005134473839047664,0.0
agartala,2026-08-07,17.900000000000002,8.734001159667969,23.83,91.29,Normal,-0.4567345787659994,Inland,17.900000000000002,22.302435651161588,19.086001376331335,11.386817781050866,22.109247184786454,11.386817781050866,0.004688866765184457,0.0
ahmedabad,2026-08-07,0.0,0.0,23.02,72.57,Normal,-0.4567345787659994,Inland,0.0,0.0,0.0,0.2894596450526465,0.0,0.2894596450526465,0.0007711207225618074,0.0
amritsar,2026-08-07,2.8,0.0,31.63,74.87,Normal,-0.4567345787659994,Inland,2.8,2.192378413677215,2.3110914015769954,3.6202222782137774,3.9219312221204943,3.6202222782137774,0.0027085908365199335,0.0
bengaluru,2026-08-07,0.0,0.832222044467926,12.97,77.59,Normal,-0.4567345787659994,Inland,0.0,0.0,0.0,0.516613543237422,0.0,0.516613543237422,0.00019684478485550722,0.0
bhopal,2026-08-07,16.9,4.716936111450195,23.26,77.41,Normal,-0.4567345787659994,Inland,16.9,20.53877280202655,17.972704211180844,3.8420474544128655,4.379018879598337,3.8420474544128655,0.01042821818022118,0.0
bhubaneswar,2026-08-07,12.200000000000001,38.530479431152344,20.3,85.82,Normal,-0.4567345787659994,East coast,12.200000000000001,13.705994655064183,18.678924216110133,8.155041742449816,17.207710409760956,8.155041742449816,0.004190437357992562,0.0
chandigarh,2026-08-07,3.8000000000000003,9.854317665100098,30.73,76.78,Normal,-0.4567345787659994,Inland,3.8000000000000003,3.2941995072364803,3.239229204058649,6.220374726450025,9.863323010274993,6.220374726450025,0.000878034380480198,0.0
chennai,2026-08-07,0.0,4.329886436462402,13.08,80.27,Normal,-0.4567345787659994,East coast,0.0,0.0,0.0,0.3080221594521891,0.0,0.3080221594521891,0.0002391999845878996,0.0
dehradun,2026-08-07,9.9,39.707664489746094,30.32,78.03,Normal,-0.4567345787659994,Hill / Himalayan orographic,9.9,10.362299086252856,7.685197129717061,8.907443194259029,7.822506839887344,8.907443194259029,0.010569868868106354,0.0
delhi,2026-08-07,7.8,12.335992813110352,28.61,77.21,Normal,-0.4567345787659994,Inland,7.8,7.5519818449020395,6.829282553536553,5.969266955714107,9.307584245790808,5.969266955714107,0.0030922896535849017,0.0
gangtok,2026-08-07,4.5,6.613124847412109,27.33,88.61,Normal,-0.4567345787659994,Hill / Himalayan orographic,4.5,3.9862670236825943,2.281705081330085,9.833543929420491,9.248199320047162,9.833543929420491,0.0011580944995083593,0.0
guwahati,2026-08-07,28.4,0.0,26.14,91.74,Normal,-0.4567345787659994,Inland,28.4,38.2240581120249,33.62855519525497,4.659687994333564,6.082185605702114,4.659687994333564,0.0021595022544017703,0.0
hyderabad,2026-08-07,0.0,1.2197048664093018,17.39,78.49,Normal,-0.4567345787659994,Inland,0.0,0.0,0.0,0.8073606622353099,0.007078501191329733,0.8073606622353099,0.0001938890526503948,0.0
jabalpur,2026-08-07,13.7,0.0,23.18,79.95,Normal,-0.4567345787659994,Inland,13.7,15.907814121246346,14.241908679288981,7.395752664081113,12.982111933971836,7.395752664081113,0.007847224048116006,0.0
jaipur,2026-08-07,11.7,16.732521057128906,26.91,75.79,Normal,-0.4567345787659994,Inland,11.7,12.925871199723957,12.065399540662758,1.8450127929010043,1.0868776907541893,1.8450127929010043,0.0018564558149212348,0.0
jodhpur,2026-08-07,0.0,0.0,26.24,73.02,Normal,-0.4567345787659994,Inland,0.0,0.0,0.0,0.2121125772852413,0.0,0.2121125772852413,0.00018562565762823147,0.0
kochi,2026-08-07,18.6,46.98706817626953,9.93,76.27,Normal,-0.4567345787659994,West-coast orographic,18.6,23.47288871927465,24.87759915358128,12.180381531687331,15.38055304713068,12.180381531687331,0.0026128727397193344,0.0
kolkata,2026-08-07,9.6,62.79454803466797,22.57,88.36,Normal,-0.4567345787659994,East coast,9.6,9.676139343579608,13.37044153787001,1.548390439161787,0.25860589990112653,1.548390439161787,0.01903426847452765,0.0
lucknow,2026-08-07,3.1,5.313032627105713,26.85,80.95,Normal,-0.4567345787659994,Inland,3.1,2.52239065170288,2.4505428273875,5.4849510842790785,7.892598120972687,5.4849510842790785,0.0005457398482942527,0.0
madurai,2026-08-07,4.1,0.0,9.93,78.12,Normal,-0.4567345787659994,Inland,4.1,3.5948248509074903,3.6033988070487997,3.375307134127784,3.291599713541107,3.375307134127784,0.0009739342794354855,0.0
mangaluru,2026-08-07,26.5,19.013248443603516,12.91,74.86,Normal,-0.4567345787659994,West-coast orographic,26.5,36.62483681059,36.76868418663551,14.082212403365418,17.50087132074735,14.082212403365418,0.029319511845145595,0.0
mumbai,2026-08-07,3.0,12.704427719116211,19.08,72.88,Normal,-0.4567345787659994,West-coast orographic,3.0,2.313829939365386,5.398020677460955,8.007965714168188,8.953249075628076,8.007965714168188,0.003897352166273399,0.0
nagpur,2026-08-07,13.6,1.8678677082061768,21.15,79.09,Normal,-0.4567345787659994,Inland,13.6,15.783475646972667,14.189245344610779,2.651390417456328,2.067470250072335,2.651390417456328,0.002232564840056886,0.0
panaji,2026-08-07,18.0,18.145944595336914,15.49,73.83,Normal,-0.4567345787659994,West-coast orographic,18.0,22.491463055557087,24.536801070611347,10.411430142943793,12.569199044947515,10.411430142943793,0.00576616879172489,0.0
patna,2026-08-07,6.1,5.28521728515625,25.59,85.14,Normal,-0.4567345787659994,Inland,6.1,5.532691522836685,5.20151720046997,6.592052520884707,10.898112677388575,6.592052520884707,0.0006900628433520052,0.0
pune,2026-08-07,0.4,1.6930946111679077,18.52,73.86,Normal,-0.4567345787659994,Inland,0.4,0.08314205735921859,0.1525580734014511,2.4285300256584175,1.8533676462079143,2.4285300256584175,0.0003655839939024394,0.0
raipur,2026-08-07,12.0,7.545095443725586,21.25,81.63,Normal,-0.4567345787659994,Inland,12.0,13.396885839189807,12.32347742421426,5.877468919635627,9.033855663077858,5.877468919635627,0.008943141322286444,0.0
ranchi,2026-08-07,27.900000000000002,22.79222869873047,23.34,85.31,Normal,-0.4567345787659994,Inland,27.900000000000002,37.80321040112098,33.073676015566605,15.452668910806908,31.98826401027649,15.452668910806908,0.014071254340355794,0.0
shillong,2026-08-07,7.0,1.419750690460205,25.58,91.89,Normal,-0.4567345787659994,Hill / Himalayan orographic,7.0,6.958786358833318,4.092626933603357,7.420905056894461,4.7649954964198225,7.420905056894461,0.0027114454819212887,0.0
shimla,2026-08-07,9.4,19.83441734313965,31.1,77.17,Normal,-0.4567345787659994,Hill / Himalayan orographic,9.4,9.53967508792877,6.783984762886155,6.259050858009964,3.995079221981393,6.259050858009964,0.0024474125213686734,0.0
srinagar,2026-08-07,12.2,0.33677971363067627,34.08,74.8,Normal,-0.4567345787659994,Hill / Himalayan orographic,12.2,13.70599465506418,13.178360494782654,0.2205000619236662,0.0,0.2205000619236662,0.0023023840944369905,0.0
surat,2026-08-07,0.30000000000000004,0.0,21.17,72.83,Normal,-0.4567345787659994,West-coast orographic,0.30000000000000004,0.029973778426647217,0.0,2.386733953108024,1.4185948102365997,2.386733953108024,0.024895514416863194,0.0
thiruvananthapuram,2026-08-07,0.6000000000000001,8.48222541809082,8.52,76.94,Normal,-0.4567345787659994,West-coast orographic,0.6000000000000001,0.18129904910922057,0.410859559476376,0.8216589448054147,0.0,0.8216589448054147,0.0034816758050058827,0.0
varanasi,2026-08-07,11.200000000000001,1.630948781967163,25.32,82.97,Normal,-0.4567345787659994,Inland,11.200000000000001,12.160569345732144,11.59933274507522,5.753534420431416,8.681228116072246,5.753534420431416,0.003050412134441022,0.0
vijayawada,2026-08-07,0.2,19.731534957885742,16.51,80.65,Normal,-0.4567345787659994,Inland,0.2,0.0,0.0,1.504387881000961,0.6711736389439442,1.504387881000961,0.0001938890526503948,0.0
visakhapatnam,2026-08-07,1.3,37.95341491699219,17.69,83.22,Normal,-0.4567345787659994,East coast,1.3,0.7803065007925034,0.3889563811547828,0.9512146364008559,0.07410970731549957,0.9512146364008559,0.00030069395346670624,0.0
agartala,2026-08-08,10.6,1.6884865760803223,23.83,91.29,Normal,0.032939000347319634,Inland,10.6,11.445389197213315,10.442048133066464,6.877936868638401,11.836822153116724,6.877936868638401,0.0018400276872699427,0.0
ahmedabad,2026-08-08,0.1,0.0,23.02,72.57,Normal,0.032939000347319634,Inland,0.1,0.0,0.0,0.4604254368466936,0.0,0.4604254368466936,0.0005015757929290399,0.0
amritsar,2026-08-08,0.0,16.402421951293945,31.63,74.87,Normal,0.032939000347319634,Inland,0.0,0.0,0.0,0.7597556722257705,0.0,0.7597556722257705,0.0006647958652748317,0.0
bengaluru,2026-08-08,0.30000000000000004,3.4221057891845703,12.97,77.59,Normal,0.032939000347319634,Inland,0.30000000000000004,0.029973778426647217,0.05589266672730436,1.1800746500308767,0.2641672170076895,1.1800746500308767,0.0025464876697000177,0.0
bhopal,2026-08-08,1.0,7.969186305999756,23.26,77.41,Normal,0.032939000347319634,Inland,1.0,0.5198245108127595,0.6917472469806674,0.9954150823556345,0.12015474288149784,0.9954150823556345,0.000682803040415836,0.0
bhubaneswar,2026-08-08,12.0,26.121591567993164,20.3,85.82,Normal,0.032939000347319634,East coast,12.0,13.396885839189807,18.09936708333334,10.835464363380574,20.071969643503643,10.835464363380574,0.006220187235629743,0.0
chandigarh,2026-08-08,9.4,23.445274353027344,30.73,76.78,Normal,0.032939000347319634,Inland,9.4,9.53967508792877,8.621757945439883,5.1605667944338,7.318829896133869,5.1605667944338,0.006440406028268026,0.0
chennai,2026-08-08,0.7,0.0,13.08,80.27,Normal,0.032939000347319634,East coast,0.7,0.23283959954977046,0.19576396048069,1.0149481695498732,0.08287590847704356,1.0149481695498732,0.00045651266163324007,0.0
dehradun,2026-08-08,1.9,0.03967833146452904,30.32,78.03,Normal,0.032939000347319634,Hill / Himalayan orographic,1.9,1.2820362739436262,0.6762048093477884,2.733215749116646,1.1082288336191162,2.733215749116646,0.0010968627094280349,0.0
delhi,2026-08-08,44.7,88.9138412475586,28.61,77.21,Normal,0.032939000347319634,Inland,44.7,63.51461406761109,50.49219834795565,17.653613226350977,35.69671825852957,17.653613226350977,0.022866895004116188,0.0
gangtok,2026-08-08,5.6,16.966636657714844,27.33,88.61,Normal,0.032939000347319634,Hill / Himalayan orographic,5.6,5.030920897693167,2.8635263674882436,7.19126401287194,4.610614610164195,7.19126401287194,0.0020756050725260853,0.0
guwahati,2026-08-08,15.8,4.473991870880127,26.14,91.74,Normal,0.032939000347319634,Inland,15.8,18.88741772990616,16.39357550014822,4.273464382052974,5.172334815320898,4.273464382052974,0.0011539993080181402,0.0
hyderabad,2026-08-08,3.2,15.429394721984863,17.39,78.49,Normal,0.032939000347319634,Inland,3.2,2.607844978489285,2.5039139547742373,3.487568620418627,3.622316697013413,3.487568620418627,0.0004126229286936884,0.0
jabalpur,2026-08-08,15.100000000000001,10.573562622070312,23.18,79.95,Normal,0.032939000347319634,Inland,15.100000000000001,17.86575019006537,15.109912463860933,12.700339633146168,25.58332089944328,12.700339633146168,0.009121082430674363,0.0
jaipur,2026-08-08,8.6,16.959524154663086,26.91,75.79,Normal,0.032939000347319634,Inland,8.6,8.545288337707518,7.489022212028502,1.6663237552406631,0.8216386414347728,1.6663237552406631,0.0017529115012259427,0.0
jodhpur,2026-08-08,0.0,0.0,26.24,73.02,Normal,0.032939000347319634,Inland,0.0,0.0,0.0,0.16835917242465331,0.0,0.16835917242465331,0.00017682185787710743,0.0
kochi,2026-08-08,23.2,3.6946113109588623,9.93,76.27,Normal,0.032939000347319634,West-coast orographic,23.2,32.582638421058654,34.1246449153931,13.963255033332645,17.31659268287948,13.963255033332645,0.004834172739624189,0.0
kolkata,2026-08-08,5.3,5.3773512840271,22.57,88.36,Normal,0.032939000347319634,East coast,5.3,4.741122584548046,4.597878717396357,3.559173749347122,4.993118539624155,3.559173749347122,0.010899253138666288,0.0
lucknow,2026-08-08,5.5,0.40375271439552307,26.85,80.95,Normal,0.032939000347319634,Inland,5.5,4.930337857560412,4.758101634979248,7.057993258620717,12.307839508799454,7.057993258620717,0.002186609304173044,0.0
madurai,2026-08-08,0.4,0.0,9.93,78.12,Normal,0.032939000347319634,Inland,0.4,0.08314205735921859,0.1525580734014511,0.9476289482883918,0.09983559723689409,0.9476289482883918,0.001224624364157501,0.0
mangaluru,2026-08-08,30.8,4.1346211433410645,12.91,74.86,Normal,0.032939000347319634,West-coast orographic,30.8,41.12859900827072,43.21254171347889,18.670412365651277,23.918190444207724,18.670412365651277,0.06004513951503844,0.0
mumbai,2026-08-08,3.4000000000000004,3.3896636962890625,19.08,72.88,Normal,0.032939000347319634,West-coast orographic,3.4000000000000004,2.7761828901589523,6.452657802104946,5.548355214242051,5.034088565469182,5.548355214242051,0.0044115141479324025,0.0
nagpur,2026-08-08,7.4,6.367768287658691,21.15,79.09,Normal,0.032939000347319634,Inland,7.4,7.263885512351991,6.543485063825335,3.9772672124128423,4.652065895617569,3.9772672124128423,0.004698866915021521,0.0
panaji,2026-08-08,11.9,2.271005630493164,15.49,73.83,Normal,0.032939000347319634,West-coast orographic,11.9,13.24233143125262,20.048892228439826,8.822717610291948,10.411938580153382,8.822717610291948,0.0008033585862598462,0.0
patna,2026-08-08,1.1,6.889183044433594,25.59,85.14,Normal,0.032939000347319634,Inland,1.1,0.6208107817173005,0.7507336723804487,1.366887642501514,0.4649414964050354,1.366887642501514,0.00018546363709827336,0.0
pune,2026-08-08,0.0,0.8777425289154053,18.52,73.86,Normal,0.032939000347319634,Inland,0.0,0.0,0.0,0.7584382528060615,0.0,0.7584382528060615,0.00025489817681079,0.0
raipur,2026-08-08,37.6,8.78198528289795,21.25,81.63,Normal,0.032939000347319634,Inland,37.6,50.75234640951106,42.25294501695902,11.331351450880527,21.994493228507935,11.331351450880527,0.017992548549305546,0.0
ranchi,2026-08-08,17.0,5.672752380371094,23.34,85.31,Normal,0.032939000347319634,Inland,17.0,20.691831116984552,18.08427217603847,13.958699292436824,27.85032690351742,13.958699292436824,0.0114299890839412,0.0
shillong,2026-08-08,7.1,1.8356934785842896,25.58,91.89,Normal,0.032939000347319634,Hill / Himalayan orographic,7.1,7.035061147212986,4.11994488509974,5.2888877737501385,2.84478411146432,5.2888877737501385,0.002996683565564742,0.0
shimla,2026-08-08,1.1,3.618272304534912,31.1,77.17,Normal,0.032939000347319634,Hill / Himalayan orographic,1.1,0.6208107817173005,0.37051731944084176,1.388281468858534,0.3984488636763908,1.388281468858534,0.00031373069127176343,0.0
srinagar,2026-08-08,7.0,0.0,34.08,74.8,Normal,0.032939000347319634,Hill / Himalayan orographic,7.0,6.958786358833318,4.092626933603357,0.039694652570808175,0.0,0.039694652570808175,0.0012026018579428242,0.0
surat,2026-08-08,0.6000000000000001,0.0,21.17,72.83,Normal,0.032939000347319634,West-coast orographic,0.6000000000000001,0.18129904910922057,0.410859559476376,1.0840749466356543,0.40904060524973046,1.0840749466356543,0.005468924748883867,0.0
thiruvananthapuram,2026-08-08,0.6,3.899397850036621,8.52,76.94,Normal,0.032939000347319634,West-coast orographic,0.6,0.13599798679351832,0.41085955947637587,0.37772782509668634,0.0,0.37772782509668634,0.007286137904705542,0.0
varanasi,2026-08-08,13.1,2.6051552295684814,25.32,82.97,Normal,0.032939000347319634,Inland,13.1,15.126626911163342,13.624505452058177,10.005827032415812,19.185604591797723,10.005827032415812,0.004001653580827177,0.0
vijayawada,2026-08-08,3.0,0.2928495705127716,16.51,80.65,Normal,0.032939000347319634,Inland,3.0,2.313829939365386,2.397171700000762,3.656906221843249,4.014060185306954,3.656906221843249,0.0005696856424318276,0.0
visakhapatnam,2026-08-08,2.8000000000000003,0.3425869047641754,17.69,83.22,Normal,0.032939000347319634,East coast,2.8000000000000003,2.1923784136772153,1.5582423976586783,2.471916539839872,1.4477784854492233,2.471916539839872,0.0006691595574780476,0.0
agartala,2026-08-09,0.30000000000000004,6.584148406982422,23.83,91.29,Normal,-0.0842722961885882,Inland,0.30000000000000004,0.029973778426647217,0.05589266672730436,5.110095721512466,7.230438080430085,5.110095721512466,0.0024381208797150237,0.0
ahmedabad,2026-08-09,0.0,0.0,23.02,72.57,Normal,-0.0842722961885882,Inland,0.0,0.0,0.0,0.18021386305440618,0.0,0.18021386305440618,0.0005015757929290399,0.0
amritsar,2026-08-09,3.4,1.9651329517364502,31.63,74.87,Normal,-0.0842722961885882,Inland,3.4,2.7761828901589523,2.6487864762901228,3.5800233033742694,3.8239675177920804,3.5800233033742694,0.002015279859011053,0.0
bengaluru,2026-08-09,0.1,6.300722122192383,12.97,77.59,Normal,-0.0842722961885882,Inland,0.1,0.0,0.0,0.7259643229337066,0.0,0.7259643229337066,0.0002594531474685494,0.0
bhopal,2026-08-09,11.5,23.902023315429688,23.26,77.41,Normal,-0.0842722961885882,Inland,11.5,12.602059552541014,11.878972822427743,7.070362539545083,12.332585358825483,7.070362539545083,0.0024993581578991535,0.0
bhubaneswar,2026-08-09,6.1,0.5887473225593567,20.3,85.82,Normal,-0.0842722961885882,East coast,6.1,5.532691522836685,6.529315093288103,2.882354468304379,1.8281906440591271,2.882354468304379,0.004385471321712557,0.0
chandigarh,2026-08-09,5.6,0.08233148604631424,30.73,76.78,Normal,-0.0842722961885882,Inland,5.6,5.030920897693167,4.819685401916503,6.1039650226309545,9.64861927077415,6.1039650226309545,0.005488610907451597,0.0
chennai,2026-08-09,0.0,6.126308441162109,13.08,80.27,Normal,-0.0842722961885882,East coast,0.0,0.0,0.0,0.2775583353758454,0.0,0.2775583353758454,0.0003287043547875047,0.0
dehradun,2026-08-09,11.1,1.4429492950439453,30.32,78.03,Normal,-0.0842722961885882,Hill / Himalayan orographic,11.1,12.043337526146262,9.191121482484077,14.513425259195804,21.90095177773302,14.513425259195804,0.01694762214235887,0.0
delhi,2026-08-09,0.30000000000000004,3.1452903747558594,28.61,77.21,Normal,-0.0842722961885882,Inland,0.30000000000000004,0.029973778426647217,0.05589266672730436,1.4163427226715648,0.514013421025898,1.4163427226715648,0.002848809689851823,0.0
gangtok,2026-08-09,8.6,27.19021224975586,27.33,88.61,Normal,-0.0842722961885882,Hill / Himalayan orographic,8.6,8.545288337707518,5.581083923975626,6.671138972787191,4.199338569929401,6.671138972787191,0.0022089341438714253,0.0
guwahati,2026-08-09,53.0,37.738582611083984,26.14,91.74,Normal,-0.0842722961885882,Inland,53.0,75.86325756638571,60.924843320181466,1.6928694274510316,0.855589610398868,1.6928694274510316,0.0016576487456578623,0.0
hyderabad,2026-08-09,2.8,5.13616943359375,17.39,78.49,Normal,-0.0842722961885882,Inland,2.8,2.192378413677215,2.3110914015769954,3.3936749932536006,3.346886914455229,3.3936749932536006,0.00042217603192887525,0.0
jabalpur,2026-08-09,55.8,15.694038391113281,23.18,79.95,Normal,-0.0842722961885882,Inland,55.8,79.69918885203849,64.94276373310528,8.39316865205937,15.340808812183583,8.39316865205937,0.011755918928837528,0.0
jaipur,2026-08-09,15.1,2.0111196041107178,26.91,75.79,Normal,-0.0842722961885882,Inland,15.1,17.865750190065366,15.10991246386093,4.579737656374087,5.83944395084087,4.579737656374087,0.006102657544289462,0.0
jodhpur,2026-08-09,1.8,0.0,26.24,73.02,Normal,-0.0842722961885882,Inland,1.8,1.2024000297638144,1.322699483633041,2.852071722363463,2.3668311369578885,2.852071722363463,0.0002286068266796875,0.0
kochi,2026-08-09,5.9,5.530582904815674,9.93,76.27,Normal,-0.0842722961885882,West-coast orographic,5.9,5.332288492918016,11.73375990967866,19.36182537529982,24.926259981700873,19.36182537529982,0.007340644894724446,0.0
kolkata,2026-08-09,3.6,0.0,22.57,88.36,Normal,-0.0842722961885882,East coast,3.6,2.9407440328598025,2.3122503701141626,3.3453447460668877,3.3449271769138464,3.3453447460668877,0.002060489623289035,0.0
lucknow,2026-08-09,0.9,0.0,26.85,80.95,Normal,-0.0842722961885882,Inland,0.9,0.4412136077880856,0.6211191606521607,1.2353989530950868,0.32948240020949815,1.2353989530950868,0.00032526000386445234,0.0
madurai,2026-08-09,0.0,1.550919532775879,9.93,78.12,Normal,-0.0842722961885882,Inland,0.0,0.0,0.0,0.291234324087015,0.0,0.291234324087015,0.0009252856995919513,0.0
mangaluru,2026-08-09,30.2,5.090218544006348,12.91,74.86,Normal,-0.0842722961885882,West-coast orographic,30.2,40.310494362652555,41.273168692187014,15.05584977960487,18.82828081184958,15.05584977960487,0.018974420297777152,0.0
mumbai,2026-08-09,2.2,5.309131622314453,19.08,72.88,Normal,-0.0842722961885882,West-coast orographic,2.2,1.5787833273410798,3.7782623767852783,8.669931671759668,9.744613636056402,8.669931671759668,0.024343494422705624,0.0
nagpur,2026-08-09,22.9,0.2295629382133484,21.15,79.09,Normal,-0.0842722961885882,Inland,22.9,32.0504665017128,26.723798753540752,7.429658511696724,13.045498021463397,7.429658511696724,0.013248374510256032,0.0
panaji,2026-08-09,9.6,18.587724685668945,15.49,73.83,Normal,-0.0842722961885882,West-coast orographic,9.6,9.676139343579608,18.65094255853206,8.53113727414771,9.609671288690029,8.53113727414771,0.0006477828216340051,0.0
patna,2026-08-09,0.0,8.602081298828125,25.59,85.14,Normal,-0.0842722961885882,Inland,0.0,0.0,0.0,0.4679738839116654,0.0,0.4679738839116654,0.00015047996902570386,0.0
pune,2026-08-09,0.6000000000000001,0.06643358618021011,18.52,73.86,Normal,-0.0842722961885882,Inland,0.6000000000000001,0.18129904910922057,0.29737799048423774,2.0163175995605704,1.318886917691225,2.0163175995605704,0.00037153529897928283,0.0
raipur,2026-08-09,14.200000000000001,31.65035057067871,21.25,81.63,Normal,-0.0842722961885882,Inland,14.200000000000001,16.529506492614754,14.50522535267999,8.61915068346738,15.973086975092617,8.61915068346738,0.007703116062712062,0.0
ranchi,2026-08-09,1.9000000000000001,9.208728790283203,23.34,85.31,Normal,-0.0842722961885882,Inland,1.9000000000000001,1.2820362739436266,1.5357761859893804,2.88923205301907,2.401498000649569,2.88923205301907,0.00035938357790050513,0.0
shillong,2026-08-09,19.3,13.089370727539062,25.58,91.89,Normal,-0.0842722961885882,Hill / Himalayan orographic,19.3,24.50633221980246,32.29852042107833,5.571571200410314,3.2509955532510895,5.571571200410314,0.004939480151963838,0.0
shimla,2026-08-09,5.9,0.0,31.1,77.17,Normal,-0.0842722961885882,Hill / Himalayan orographic,5.9,5.332288492918016,3.0537782189131657,5.435104371150373,2.8832308260869985,5.435104371150373,0.0017692055864342218,0.0
srinagar,2026-08-09,0.0,4.8343095779418945,34.08,74.8,Normal,-0.0842722961885882,Hill / Himalayan orographic,0.0,0.0,0.0,0.2577900135365838,0.0,0.2577900135365838,0.00021641081750066132,0.0
surat,2026-08-09,0.8,0.0,21.17,72.83,Normal,-0.0842722961885882,West-coast orographic,0.8,0.36797297596931455,0.7779374808073046,1.4222418427470236,0.7845185340916065,1.4222418427470236,0.0055948868213536755,0.0
thiruvananthapuram,2026-08-09,0.1,5.842487335205078,8.52,76.94,Normal,-0.0842722961885882,West-coast orographic,0.1,0.0,0.0,0.28937136841997785,0.0,0.28937136841997785,0.0042781778318199525,0.0
varanasi,2026-08-09,2.0999999999999996,0.0,25.32,82.97,Normal,-0.0842722961885882,Inland,2.0999999999999996,1.4948481363058088,1.7023619043827052,2.214913240121282,1.600068905163034,2.214913240121282,0.0005840091696868929,0.0
vijayawada,2026-08-09,3.3000000000000003,2.7604706287384033,16.51,80.65,Normal,-0.0842722961885882,Inland,3.3000000000000003,2.693299305275691,2.5669599259612865,3.48380227954984,3.614102016012478,3.48380227954984,0.0005828729629867099,0.0
visakhapatnam,2026-08-09,0.0,2.045750141143799,17.69,83.22,Normal,-0.0842722961885882,East coast,0.0,0.0,0.0,0.1488875810102327,0.0,0.1488875810102327,0.00026960063666140317,0.0
agartala,2026-08-10,8.1,13.345795631408691,23.83,91.29,Normal,-0.3469139984150288,Inland,8.1,7.844598700579475,7.064514039993287,5.818700585986923,8.864410000774877,5.818700585986923,0.0016136848533677486,0.0
ahmedabad,2026-08-10,0.0,0.0,23.02,72.57,Normal,-0.3469139984150288,Inland,0.0,0.0,0.0,0.2651956971034089,0.0,0.2651956971034089,0.0007711207225618074,0.0
amritsar,2026-08-10,6.0,0.0,31.63,74.87,Normal,-0.3469139984150288,Inland,6.0,5.43249000787735,5.102976951599121,7.368378389136294,12.928792653692284,7.368378389136294,0.014601555529170815,0.0
bengaluru,2026-08-10,0.6,6.590522289276123,12.97,77.59,Normal,-0.3469139984150288,Inland,0.6,0.13599798679351832,0.23216701850295068,1.1917429209969121,0.283349008681891,1.1917429209969121,0.00027252032852040424,0.0
bhopal,2026-08-10,32.0,127.75780487060547,23.26,77.41,Normal,-0.3469139984150288,Inland,32.0,42.76480829950704,37.61776229865798,10.167178749968256,19.538106089272357,10.167178749968256,0.04350662146731384,0.0
bhubaneswar,2026-08-10,10.6,4.615006923675537,20.3,85.82,Normal,-0.3469139984150288,East coast,10.6,11.445389197213315,14.544652883978452,4.770664766887072,9.641296995079973,4.770664766887072,0.003065556270293256,0.0
chandigarh,2026-08-10,5.4,1.174841046333313,30.73,76.78,Normal,-0.3469139984150288,Inland,5.4,4.834757480928974,4.696517868041992,7.818526540858752,13.772476541469068,7.818526540858752,0.005693627965994379,0.0
chennai,2026-08-10,0.0,3.159008502960205,13.08,80.27,Normal,-0.3469139984150288,East coast,0.0,0.0,0.0,0.14032453817894597,0.0,0.14032453817894597,0.0002391999845878996,0.0
dehradun,2026-08-10,18.1,35.03795623779297,30.32,78.03,Normal,-0.3469139984150288,Hill / Himalayan orographic,18.1,22.680490459952594,27.994213972825282,19.47825815052579,35.20980523269163,19.47825815052579,0.027440989552135604,0.0
delhi,2026-08-10,0.0,0.6937794089317322,28.61,77.21,Normal,-0.3469139984150288,Inland,0.0,0.0,0.0,0.48566920795212437,0.0,0.48566920795212437,0.00024824719321452435,0.0
gangtok,2026-08-10,31.3,26.000228881835938,27.33,88.61,Normal,-0.3469139984150288,Hill / Himalayan orographic,31.3,41.81035287961919,48.551355662763825,16.203951724757847,24.517830641667274,16.203951724757847,0.005723036153131076,0.0
guwahati,2026-08-10,10.2,0.021624187007546425,26.14,91.74,Normal,-0.3469139984150288,Inland,10.2,10.929304994855617,9.802468202133813,5.225975941573901,7.3926780269852,5.225975941573901,0.0010053125661695405,0.0
hyderabad,2026-08-10,1.1,0.0,17.39,78.49,Normal,-0.3469139984150288,Inland,1.1,0.6208107817173005,0.7507336723804487,1.4300831763920232,0.5424748984472036,1.4300831763920232,0.00027868304392961104,0.0
jabalpur,2026-08-10,14.5,37.39672088623047,23.18,79.95,Normal,-0.3469139984150288,Inland,14.5,16.974921058431622,14.663215356714595,12.256618997601802,24.27601053210713,12.256618997601802,0.01719860227718361,0.0
jaipur,2026-08-10,10.200000000000001,2.7426137924194336,26.91,75.79,Normal,-0.3469139984150288,Inland,10.200000000000001,10.929304994855618,9.802468202133817,1.9487209333374476,1.2341141482644742,1.9487209333374476,0.0017300996780406895,0.0
jodhpur,2026-08-10,2.8,3.2614283561706543,26.24,73.02,Normal,-0.3469139984150288,Inland,2.8,2.192378413677215,2.3110914015769954,5.036615471720002,7.093573776800143,5.036615471720002,0.0003637777979260432,0.0
kochi,2026-08-10,0.0,8.190994262695312,9.93,76.27,Normal,-0.3469139984150288,West-coast orographic,0.0,0.0,0.0,2.3777920264000834,1.4106363858571713,2.3777920264000834,0.003108461589804192,0.0
kolkata,2026-08-10,7.3,30.70726776123047,22.57,88.36,Normal,-0.3469139984150288,East coast,7.3,7.187610723972322,9.484509887368805,2.4305763146675106,1.423101784095229,2.4305763146675106,0.02148129018048299,0.0
lucknow,2026-08-10,1.9000000000000001,1.5336291790008545,26.85,80.95,Normal,-0.3469139984150288,Inland,1.9000000000000001,1.2820362739436266,1.5357761859893804,3.237496502504412,2.912887128013904,3.237496502504412,0.00034154764805013974,0.0
madurai,2026-08-10,3.2,5.896009922027588,9.93,78.12,Normal,-0.3469139984150288,Inland,3.2,2.607844978489285,2.5039139547742373,2.7409125327933883,2.261998846833668,2.7409125327933883,0.0011357336896875908,0.0
mangaluru,2026-08-10,3.2,28.6671199798584,12.91,74.86,Normal,-0.3469139984150288,West-coast orographic,3.2,2.607844978489285,5.941879516240034,15.956920094017157,19.266558063208073,15.956920094017157,0.006905072092500236,0.0
mumbai,2026-08-10,2.7,5.131096839904785,19.08,72.88,Normal,-0.3469139984150288,West-coast orographic,2.7,2.1316526508331295,4.989625597000122,8.525270870858035,9.603967699466494,8.525270870858035,0.003897352166273399,0.0
nagpur,2026-08-10,19.2,5.236384868621826,21.15,79.09,Normal,-0.3469139984150288,Inland,19.2,24.35869743401277,20.192248424646774,11.1313016894024,21.580611482380327,11.1313016894024,0.012703363282265604,0.0
panaji,2026-08-10,2.0,8.49305534362793,15.49,73.83,Normal,-0.3469139984150288,West-coast orographic,2.0,1.4109129452705387,3.5710166104634595,6.905225119504739,6.938225590738957,6.905225119504739,0.0012420219373431654,0.0
patna,2026-08-10,0.7,0.0,25.59,85.14,Normal,-0.3469139984150288,Inland,0.7,0.23283959954977046,0.3743410375714302,1.431223609823319,0.5453576534089775,1.431223609823319,0.00020409157889686935,0.0
pune,2026-08-10,0.2,0.08409744501113892,18.52,73.86,Normal,-0.3469139984150288,Inland,0.2,0.0,0.0,1.6348017798244951,0.7983093390373293,1.6348017798244951,0.00022763633725933117,0.0
raipur,2026-08-10,2.8,0.25024083256721497,21.25,81.63,Normal,-0.3469139984150288,Inland,2.8,2.192378413677215,2.3110914015769954,3.922106718569831,4.540681224702952,3.922106718569831,0.0032790101732022873,0.0
ranchi,2026-08-10,2.8,5.427093982696533,23.34,85.31,Normal,-0.3469139984150288,Inland,2.8,2.192378413677215,2.3110914015769954,4.619512131096335,5.960205439306482,4.619512131096335,0.0006580515056710936,0.0
shillong,2026-08-10,10.9,11.406596183776855,25.58,91.89,Normal,-0.3469139984150288,Hill / Himalayan orographic,10.9,11.808873886974501,8.770456180663771,9.093845771217392,8.003018048066238,9.093845771217392,0.0015459978977724255,0.0
shimla,2026-08-10,8.9,35.91802978515625,31.1,77.17,Normal,-0.3469139984150288,Hill / Himalayan orographic,8.9,9.02241038799286,6.052883932590485,5.935766274809336,3.5772448660839933,5.935766274809336,0.0024474125213686734,0.0
srinagar,2026-08-10,0.0,0.0,34.08,74.8,Normal,-0.3469139984150288,Hill / Himalayan orographic,0.0,0.0,0.0,0.5116202953849853,0.0,0.5116202953849853,0.0002040084724565572,0.0
surat,2026-08-10,0.7000000000000001,0.0,21.17,72.83,Normal,-0.3469139984150288,West-coast orographic,0.7000000000000001,0.23283959954977052,0.5936548632383348,1.4301329201320174,0.7925866697972151,1.4301329201320174,0.007591738237203393,0.0
thiruvananthapuram,2026-08-10,0.0,0.4874708652496338,8.52,76.94,Normal,-0.3469139984150288,West-coast orographic,0.0,0.0,0.0,0.4834053288738082,0.0,0.4834053288738082,0.0021430411945833625,0.0
varanasi,2026-08-10,0.5,0.05331912636756897,25.32,82.97,Normal,-0.3469139984150288,Inland,0.5,0.11050829611718652,0.18307801455259334,0.9452681565670423,0.09665137748081155,0.9452681565670423,0.0005807098957537392,0.0
vijayawada,2026-08-10,0.0,0.24733172357082367,16.51,80.65,Normal,-0.3469139984150288,Inland,0.0,0.0,0.0,0.5709433119602827,0.0,0.5709433119602827,0.0001938890526503948,0.0
visakhapatnam,2026-08-10,1.3,15.827441215515137,17.69,83.22,Normal,-0.3469139984150288,East coast,1.3,0.7803065007925034,0.3889563811547828,0.7606420406797038,0.01666602641701478,0.7606420406797038,0.00030069395346670624,0.0
agartala,2026-08-11,0.7,17.623720169067383,23.83,91.29,Normal,-0.11939330026535687,Inland,0.7,0.23283959954977046,0.3743410375714302,5.110095721512466,7.230438080430085,5.110095721512466,0.00032496319602733797,0.0
ahmedabad,2026-08-11,4.5,11.125557899475098,23.02,72.57,Normal,-0.11939330026535687,Inland,4.5,3.9862670236825943,3.950838570581937,4.295724198392115,5.237529937584,4.295724198392115,0.006492626844525207,0.0
amritsar,2026-08-11,4.9,41.16079330444336,31.63,74.87,Normal,-0.11939330026535687,Inland,4.9,4.373099824587506,4.293140300182587,4.822203682325309,6.57166802714493,4.822203682325309,0.007427755096343274,0.0
bengaluru,2026-08-11,2.2,7.384006977081299,12.97,77.59,Normal,-0.11939330026535687,Inland,2.2,1.5787833273410798,1.9177200651168824,3.0206506700819498,2.554599784686688,3.0206506700819498,0.000912377394860459,0.0
bhopal,2026-08-11,21.7,11.007206916809082,23.26,77.41,Normal,-0.11939330026535687,Inland,21.7,29.851929610325744,24.778591639200872,13.312831131701234,26.751820480661085,13.312831131701234,0.010462524588287054,0.0
bhubaneswar,2026-08-11,20.7,15.74067211151123,20.3,85.82,Normal,-0.11939330026535687,East coast,20.7,27.37953107246986,40.38398330880161,38.309079895488495,51.84525450743938,38.309079895488495,0.17249406808799994,0.0
chandigarh,2026-08-11,20.1,0.0,30.73,76.78,Normal,-0.11939330026535687,Inland,20.1,26.051671535491945,21.868573820203647,18.161324901003166,36.42280259366681,18.161324901003166,0.023872862677471293,0.0
chennai,2026-08-11,0.0,5.069178104400635,13.08,80.27,Normal,-0.11939330026535687,East coast,0.0,0.0,0.0,0.26332282586054023,0.0,0.26332282586054023,0.00024462258485694245,0.0
dehradun,2026-08-11,20.2,4.674481391906738,30.32,78.03,Normal,-0.11939330026535687,Hill / Himalayan orographic,20.2,26.260016492843626,35.62274023031968,20.651038463550456,36.22659527062083,20.651038463550456,0.12672100072860812,0.0
delhi,2026-08-11,10.0,5.4590606689453125,28.61,77.21,Normal,-0.11939330026535687,Inland,10.0,10.671262893676769,9.550333595275887,5.19159827854857,7.353865012774514,5.19159827854857,0.002137082889064877,0.0
gangtok,2026-08-11,4.0,0.6311799883842468,27.33,88.61,Normal,-0.11939330026535687,Hill / Himalayan orographic,4.0,3.4946164030171536,1.8327151387711318,6.669773522332363,4.198860355374931,6.669773522332363,0.00034269479719444636,0.0
guwahati,2026-08-11,10.7,0.0,26.14,91.74,Normal,-0.11939330026535687,Inland,10.7,11.574410247802739,10.684762606509898,5.556800280109371,8.12820907156751,5.556800280109371,0.000660061110263013,0.0
hyderabad,2026-08-11,0.0,0.1629127413034439,17.39,78.49,Normal,-0.11939330026535687,Inland,0.0,0.0,0.0,0.37471977907765375,0.0,0.37471977907765375,0.0001702940416596533,0.0
jabalpur,2026-08-11,2.0,4.482188701629639,23.18,79.95,Normal,-0.11939330026535687,Inland,2.0,1.4109129452705387,1.619069045186043,2.529437354798325,1.9643776669817226,2.529437354798325,0.0007533890785772937,0.0
jaipur,2026-08-11,7.300000000000001,6.694965839385986,26.91,75.79,Normal,-0.11939330026535687,Inland,7.300000000000001,7.187610723972323,6.47203569139753,1.747669526715832,0.9290599574077352,1.747669526715832,0.0010739139360597498,0.0
jodhpur,2026-08-11,0.0,0.427619993686676,26.24,73.02,Normal,-0.11939330026535687,Inland,0.0,0.0,0.0,0.16835917242465331,0.0,0.16835917242465331,0.00012369909655866732,0.0
kochi,2026-08-11,0.2,0.24106146395206451,9.93,76.27,Normal,-0.11939330026535687,West-coast orographic,0.2,0.0,0.0,6.568529580051242,6.451667306879945,6.568529580051242,0.0032982476361312707,0.0
kolkata,2026-08-11,6.3,0.9246187806129456,22.57,88.36,Normal,-0.11939330026535687,East coast,6.3,5.766512949466705,7.00769861182058,3.3204863745198905,3.2679553500646517,3.3204863745198905,0.008869212242700602,0.0
lucknow,2026-08-11,2.7,0.5281980037689209,26.85,80.95,Normal,-0.11939330026535687,Inland,2.7,2.1316526508331295,2.268051252365112,3.8705769261482366,4.436627968988583,3.8705769261482366,0.0003654884030822854,0.0
madurai,2026-08-11,0.30000000000000004,4.893215179443359,9.93,78.12,Normal,-0.11939330026535687,Inland,0.30000000000000004,0.029973778426647217,0.05589266672730436,0.6739582793533092,0.0,0.6739582793533092,0.005368587944199955,0.0
mangaluru,2026-08-11,2.2,12.496877670288086,12.91,74.86,Normal,-0.11939330026535687,West-coast orographic,2.2,1.5787833273410798,3.7782623767852783,16.3198097576825,19.548624178935285,16.3198097576825,0.01650409011460824,0.0
mumbai,2026-08-11,3.9000000000000004,19.37565803527832,19.08,72.88,Normal,-0.11939330026535687,West-coast orographic,3.9000000000000004,3.3944079551268174,7.37612299469282,6.410810378153759,6.036335310812102,6.410810378153759,0.0031614368597454715,0.0
nagpur,2026-08-11,7.6000000000000005,3.383594512939453,21.15,79.09,Normal,-0.11939330026535687,Inland,7.6000000000000005,7.407933678627016,6.686383808680944,4.102413668905975,4.842957485428606,4.102413668905975,0.0017453932578840878,0.0
panaji,2026-08-11,4.7,11.012643814086914,15.49,73.83,Normal,-0.11939330026535687,West-coast orographic,4.7,4.183904568552972,8.793492136001586,8.611750625550634,9.688047325868375,8.611750625550634,0.0012651639326910586,0.0
patna,2026-08-11,5.1000000000000005,0.4603773057460785,25.59,85.14,Normal,-0.11939330026535687,Inland,5.1000000000000005,4.553852791786195,4.373811874389648,5.234017762225446,7.401757390495112,5.234017762225446,0.0008649518083954351,0.0
pune,2026-08-11,0.6000000000000001,2.0212435722351074,18.52,73.86,Normal,-0.11939330026535687,Inland,0.6000000000000001,0.18129904910922057,0.29737799048423774,2.0163175995605704,1.318886917691225,2.0163175995605704,0.00025992979878516426,0.0
raipur,2026-08-11,5.3,4.205831050872803,21.25,81.63,Normal,-0.11939330026535687,Inland,5.3,4.741122584548046,4.58894920349121,5.331998683297375,7.512379653536631,5.331998683297375,0.009835066353644614,0.0
ranchi,2026-08-11,12.7,3.1081347465515137,23.34,85.31,Normal,-0.11939330026535687,Inland,12.7,14.488647556304942,12.90050325973324,8.970126548062492,16.955087063811796,8.970126548062492,0.001316172347665167,0.0
shillong,2026-08-11,18.7,0.004676908254623413,25.58,91.89,Normal,-0.11939330026535687,Hill / Himalayan orographic,18.7,23.620523505064334,29.729140734497673,5.070803177297429,2.7628972680676895,5.070803177297429,0.0023145652630447524,0.0
shimla,2026-08-11,13.6,27.855451583862305,31.1,77.17,Normal,-0.11939330026535687,Hill / Himalayan orographic,13.6,15.783475646972667,17.717807403282833,6.871798276333016,4.273130454255745,6.871798276333016,0.0023309352960489233,0.0
srinagar,2026-08-11,0.0,0.0,34.08,74.8,Normal,-0.11939330026535687,Hill / Himalayan orographic,0.0,0.0,0.0,0.2577900135365838,0.0,0.2577900135365838,0.00015139610784214666,0.0
surat,2026-08-11,4.8,2.7690110206604004,21.17,72.83,Normal,-0.11939330026535687,West-coast orographic,4.8,4.28272334098816,9.065369496345518,7.025236264477739,7.050856334315282,7.025236264477739,0.009391309209150584,0.0
thiruvananthapuram,2026-08-11,0.0,0.0,8.52,76.94,Normal,-0.11939330026535687,West-coast orographic,0.0,0.0,0.0,0.4560273552159005,0.0,0.4560273552159005,0.0022740182892145764,0.0
varanasi,2026-08-11,7.300000000000001,0.8101488947868347,25.32,82.97,Normal,-0.11939330026535687,Inland,7.300000000000001,7.187610723972323,6.47203569139753,4.578530068465272,5.835777526222068,4.578530068465272,0.003309291627039741,0.0
vijayawada,2026-08-11,0.5,9.6129732131958,16.51,80.65,Normal,-0.11939330026535687,Inland,0.5,0.11050829611718652,0.18307801455259334,1.3041587936168788,0.396419751258234,1.3041587936168788,0.0002589398708536793,0.0
visakhapatnam,2026-08-11,0.8999999999999999,6.696264743804932,17.69,83.22,Normal,-0.11939330026535687,East coast,0.8999999999999999,0.4412136077880855,0.24899823453832182,0.6329790922266377,0.0,0.6329790922266377,0.0003233389508444874,0.0
agartala,2026-08-12,6.9,26.202281951904297,23.83,91.29,Normal,-0.25719536710517815,Inland,6.9,6.830422545671461,6.083476264660176,6.290792812402666,10.013982985028239,6.290792812402666,0.0022942371128781744,0.0
ahmedabad,2026-08-12,17.900000000000002,10.87057113647461,23.02,72.57,Normal,-0.25719536710517815,Inland,17.900000000000002,21.886628570556645,18.941636088444643,52.88412184816206,83.91305158975854,52.88412184816206,0.12493652823635455,0.0
amritsar,2026-08-12,0.1,0.0,31.63,74.87,Normal,-0.25719536710517815,Inland,0.1,0.0,0.0,2.3474763937133405,1.7107916798552307,2.3474763937133405,0.0005104463321769103,0.0
bengaluru,2026-08-12,0.7,2.619718074798584,12.97,77.59,Normal,-0.25719536710517815,Inland,0.7,0.2437354326248169,0.31296958446502693,1.8139317437575404,0.8047536662655709,1.8139317437575404,0.0004891425313338461,0.0
bhopal,2026-08-12,96.8,19.589969635009766,23.26,77.41,Normal,-0.25719536710517815,Inland,96.8,111.58147909114805,102.23701573553812,60.39804394562502,94.19002122303175,70.0,0.5992775732292802,1.0
bhubaneswar,2026-08-12,14.1,0.0,20.3,85.82,Normal,-0.25719536710517815,East coast,14.1,16.82707312784922,28.224862551061467,19.44909607211162,31.207122715079024,19.44909607211162,0.12281484810695985,0.0
chandigarh,2026-08-12,1.9,4.565218925476074,30.73,76.78,Normal,-0.25719536710517815,Inland,1.9,1.3163333845138552,1.448362007141111,4.324288717217028,5.485911374515185,4.324288717217028,0.0004275639224793122,0.0
chennai,2026-08-12,0.0,3.308555841445923,13.08,80.27,Normal,-0.25719536710517815,East coast,0.0,0.0,0.0,1.293565981397729,0.13009309975256675,1.293565981397729,0.00040422652230476356,0.0
dehradun,2026-08-12,9.0,11.51441764831543,30.32,78.03,Normal,-0.25719536710517815,Hill / Himalayan orographic,9.0,9.287667302154308,5.736744102750506,12.768557719840269,21.481044622723278,12.768557719840269,0.008728294952890913,0.0
delhi,2026-08-12,7.7,1.4490466117858887,28.61,77.21,Normal,-0.25719536710517815,Inland,7.7,7.5387210806210865,6.904246076306697,8.294798999051036,17.264218447269148,8.294798999051036,0.005989987441175128,0.0
gangtok,2026-08-12,1.7,0.3509427607059479,27.33,88.61,Normal,-0.25719536710517815,Hill / Himalayan orographic,1.7,1.125886797904968,0.6079165619153242,9.703681171473281,9.195846952123395,9.703681171473281,0.00011903305287686835,0.0
guwahati,2026-08-12,4.800000000000001,0.7882580161094666,26.14,91.74,Normal,-0.25719536710517815,Inland,4.800000000000001,4.308299469947816,4.284049297925587,5.944568747197607,9.285106902716088,5.944568747197607,0.0005672656379183139,0.0
hyderabad,2026-08-12,0.2,0.0,17.39,78.49,Normal,-0.25719536710517815,Inland,0.2,0.0,0.0,1.651817903603342,0.6366151689826549,1.651817903603342,0.0002553210981180756,0.0
jabalpur,2026-08-12,0.9,2.7583210468292236,23.18,79.95,Normal,-0.25719536710517815,Inland,0.9,0.44968158602714536,0.5192711353302002,2.3921864129313053,1.7631057327277746,2.3921864129313053,0.0005397298596040065,0.0
jaipur,2026-08-12,35.2,38.23963165283203,26.91,75.79,Normal,-0.25719536710517815,Inland,35.2,48.967053367691435,39.47424267286754,16.984186826286717,32.628467275017265,16.984186826286717,0.0914550816771015,0.0
jodhpur,2026-08-12,6.1,0.678439199924469,26.24,73.02,Normal,-0.25719536710517815,Inland,6.1,5.682002286911011,5.399607741279441,4.485849186017735,5.701029746393273,4.485849186017735,0.0006552294567278684,0.0
kochi,2026-08-12,0.5,4.240187168121338,9.93,76.27,Normal,-0.25719536710517815,West-coast orographic,0.5,0.11011721193790436,0.3202242371439933,14.55575451553411,16.428505750842948,14.55575451553411,0.03670703273616754,0.0
kolkata,2026-08-12,16.1,20.597370147705078,22.57,88.36,Normal,-0.25719536710517815,East coast,16.1,19.239877573733295,30.4542875605604,19.363336653874054,31.085266504503004,19.363336653874054,0.10833936812613487,0.0
lucknow,2026-08-12,0.9,0.0,26.85,80.95,Normal,-0.25719536710517815,Inland,0.9,0.44968158602714536,0.5192711353302002,2.7985335637036974,2.3474656641528937,2.7985335637036974,0.00013871747026879117,0.0
madurai,2026-08-12,3.5,2.2357101440429688,9.93,78.12,Normal,-0.25719536710517815,Inland,3.5,2.8511492141087853,2.615072417259216,2.2570156293518635,1.5669936247032,2.2570156293518635,0.0023962156272844507,0.0
mangaluru,2026-08-12,11.9,19.50881576538086,12.91,74.86,Normal,-0.25719536710517815,West-coast orographic,11.9,13.143478173128084,19.55925500242334,32.606154584720734,38.524644440780605,32.606154584720734,0.06298510118994032,0.0
mumbai,2026-08-12,9.9,38.7183723449707,19.08,72.88,Normal,-0.25719536710517815,West-coast orographic,9.9,10.28706281684857,18.11647693183774,12.951645992617594,15.124668896046026,12.951645992617594,0.022070860900075935,0.0
nagpur,2026-08-12,4.5,1.1964354515075684,21.15,79.09,Normal,-0.25719536710517815,Inland,4.5,3.989478235244751,4.1133609819412245,5.738952671451605,8.569141676696969,5.738952671451605,0.00547586964494964,0.0
panaji,2026-08-12,11.3,6.536317348480225,15.49,73.83,Normal,-0.25719536710517815,West-coast orographic,11.3,12.316299013852626,18.87209902752887,17.685506402854706,19.311375845997475,17.685506402854706,0.011922587935865045,0.0
patna,2026-08-12,0.0,0.0,25.59,85.14,Normal,-0.25719536710517815,Inland,0.0,0.0,0.0,1.2288172453031552,0.16385570069364794,1.2288172453031552,8.739985800704521e-05,0.0
pune,2026-08-12,1.4,5.36860466003418,18.52,73.86,Normal,-0.25719536710517815,Inland,1.4,0.9114223176240894,0.8459893155097972,2.312035144516217,1.669322778324937,2.312035144516217,0.0010153061229910942,0.0
raipur,2026-08-12,6.7,0.0,21.25,81.63,Normal,-0.25719536710517815,Inland,6.7,6.438834278583527,5.840730098120292,5.785725655228495,8.732007492416441,5.785725655228495,0.017894037798024114,0.0
ranchi,2026-08-12,5.8999999999999995,15.23169231414795,23.34,85.31,Normal,-0.25719536710517815,Inland,5.8999999999999995,5.493623309135438,5.246707725524903,8.302885515311642,17.29101912330713,8.302885515311642,0.0036168043328525497,0.0
shillong,2026-08-12,7.0,0.36098548769950867,25.58,91.89,Normal,-0.25719536710517815,Hill / Himalayan orographic,7.0,6.961128871440888,3.9330063778540976,5.452139628935787,2.9927263991115187,5.452139628935787,0.0022278637116239994,0.0
shimla,2026-08-12,7.5,7.685213088989258,31.1,77.17,Normal,-0.25719536710517815,Hill / Himalayan orographic,7.5,7.412249257564548,4.215586516857147,6.883965656757342,4.247841627415395,6.883965656757342,0.0015289362935350644,0.0
srinagar,2026-08-12,0.0,13.280312538146973,34.08,74.8,Normal,-0.25719536710517815,Hill / Himalayan orographic,0.0,0.0,0.0,0.30379861602274594,0.0,0.30379861602274594,0.0002571132233222732,0.0
surat,2026-08-12,8.9,1.0364934206008911,21.17,72.83,Normal,-0.25719536710517815,West-coast orographic,8.9,9.10086894475691,16.56821663434447,9.878402513587165,9.892170901275342,9.878402513587165,0.018441682140106674,0.0
thiruvananthapuram,2026-08-12,0.0,2.6404669284820557,8.52,76.94,Normal,-0.25719536710517815,West-coast orographic,0.0,0.0,0.0,1.3708421343462232,0.5561835809556244,1.3708421343462232,0.0025331616453950693,0.0
varanasi,2026-08-12,6.2,0.032558586448431015,25.32,82.97,Normal,-0.25719536710517815,Inland,6.2,5.781192296981813,5.47605774915671,6.870854168417982,12.15785537209629,6.870854168417982,0.003398787367051184,0.0
vijayawada,2026-08-12,0.0,5.582498550415039,16.51,80.65,Normal,-0.25719536710517815,Inland,0.0,0.0,0.0,0.9664529923037184,0.03142475113813663,0.9664529923037184,0.00031312549654480336,0.0
visakhapatnam,2026-08-12,0.1,0.0,17.69,83.22,Normal,-0.25719536710517815,East coast,0.1,0.0,0.014104421287775046,2.07915163528533,0.8274432683578823,2.07915163528533,0.00042137377424285863,0.0
agartala,2026-08-13,3.1,0.0,23.83,91.29,Normal,-0.6500393471935383,Inland,3.1,2.459769265651703,2.3997286629676817,6.952401978456,12.397608801004758,6.952401978456,0.0006089282321535048,0.0
ahmedabad,2026-08-13,10.4,1.416992425918579,23.02,72.57,Normal,-0.6500393471935383,Inland,10.4,11.07115547815959,9.74304703815637,3.9937741178585786,5.004348409550665,3.9937741178585786,0.0041151430081084696,0.0
amritsar,2026-08-13,0.0,0.0,31.63,74.87,Normal,-0.6500393471935383,Inland,0.0,0.0,0.0,1.3804759044670878,0.32866222552486696,1.3804759044670878,0.00045958654681865774,0.0
bengaluru,2026-08-13,0.2,0.10911142081022263,12.97,77.59,Normal,-0.6500393471935383,Inland,0.2,0.0,0.0,1.5620923784229745,0.5105601253623395,1.5620923784229745,0.00020902459397414868,0.0
bhopal,2026-08-13,3.7,8.019837379455566,23.26,77.41,Normal,-0.6500393471935383,Inland,3.7,3.014609827995304,2.8896975231170656,4.189434300920141,5.275344317085984,4.189434300920141,0.0008376269145102286,0.0
bhubaneswar,2026-08-13,1.0,0.7064967751502991,20.3,85.82,Normal,-0.6500393471935383,East coast,1.0,0.5257562547922133,0.4142539758705399,4.867219213247826,9.369782826193763,4.867219213247826,0.0006734023352114386,0.0
chandigarh,2026-08-13,0.0,0.0,30.73,76.78,Normal,-0.6500393471935383,Inland,0.0,0.0,0.0,1.1779652680357673,0.137524512855318,1.1779652680357673,0.00020420014220825673,0.0
chennai,2026-08-13,0.6,0.0,13.08,80.27,Normal,-0.6500393471935383,East coast,0.6,0.134699360281229,0.2246903099119663,3.2778448162922875,2.7453807143781552,3.2778448162922875,0.0008324847785834836,0.0
dehradun,2026-08-13,0.0,0.0,30.32,78.03,Normal,-0.6500393471935383,Hill / Himalayan orographic,0.0,0.0,0.0,2.1011813227380243,1.0047542547338133,2.1011813227380243,0.00019187807594733225,0.0
delhi,2026-08-13,0.0,0.17344485223293304,28.61,77.21,Normal,-0.6500393471935383,Inland,0.0,0.0,0.0,1.1469085222930162,0.12386737503932924,1.1469085222930162,0.0001706895050428518,0.0
gangtok,2026-08-13,4.6000000000000005,8.97567081451416,27.33,88.61,Normal,-0.6500393471935383,Hill / Himalayan orographic,4.6000000000000005,4.0957519801457725,2.3302083880339217,7.996526282269012,5.482247934071535,7.996526282269012,0.0013197801069615963,0.0
guwahati,2026-08-13,16.2,0.0,26.14,91.74,Normal,-0.6500393471935383,Inland,16.2,19.36542339543896,16.754131011168184,3.69978549666296,4.32197638720531,3.69978549666296,0.0013915890031164283,0.0
hyderabad,2026-08-13,0.1,2.5579659938812256,17.39,78.49,Normal,-0.6500393471935383,Inland,0.1,0.0,0.0,1.844761598361718,0.8295165064685144,1.844761598361718,0.00020902459397414868,0.0
jabalpur,2026-08-13,3.4000000000000004,0.1738593727350235,23.18,79.95,Normal,-0.6500393471935383,Inland,3.4000000000000004,2.7694189071655266,2.574630479812622,4.328174315822911,5.491978502958279,4.328174315822911,0.001855872709267684,0.0
jaipur,2026-08-13,2.6,11.468567848205566,26.91,75.79,Normal,-0.6500393471935383,Inland,2.6,1.9756497669220006,2.080690276587607,2.017473562035866,1.085494829364907,2.017473562035866,0.00048629143264275097,0.0
jodhpur,2026-08-13,18.1,3.677473783493042,26.24,73.02,Normal,-0.6500393471935383,Inland,18.1,22.248741462790154,19.163919739651323,3.7129414855314105,4.35093075755772,3.7129414855314105,0.007648273697932584,0.0
kochi,2026-08-13,0.2,17.97468376159668,9.93,76.27,Normal,-0.6500393471935383,West-coast orographic,0.2,0.0,0.0,11.418253568370822,12.81345919935024,11.418253568370822,0.006019371329866497,0.0
kolkata,2026-08-13,12.9,26.329910278320312,22.57,88.36,Normal,-0.6500393471935383,East coast,12.9,14.687024992282298,27.037627590496037,8.001234263172224,17.81048008212978,8.001234263172224,0.0459606160190016,0.0
lucknow,2026-08-13,0.0,0.0,26.85,80.95,Normal,-0.6500393471935383,Inland,0.0,0.0,0.0,1.2146064360904463,0.15482809899769379,1.2146064360904463,0.00010306107917954651,0.0
madurai,2026-08-13,0.1,0.03635745123028755,9.93,78.12,Normal,-0.6500393471935383,Inland,0.1,0.0,0.0,0.5445359209720877,0.0,0.5445359209720877,0.0004396911053478141,0.0
mangaluru,2026-08-13,3.7,13.34754467010498,12.91,74.86,Normal,-0.6500393471935383,West-coast orographic,3.7,3.014609827995304,6.42193398860349,26.51049018652344,31.850960870121593,26.51049018652344,0.0201519944353278,0.0
mumbai,2026-08-13,2.5,29.04407501220703,19.08,72.88,Normal,-0.6500393471935383,West-coast orographic,2.5,1.882934489250185,4.023372732136584,7.405309591261676,6.873203559325964,7.405309591261676,0.0046492942836522935,0.0
nagpur,2026-08-13,1.4000000000000001,0.3082573115825653,21.15,79.09,Normal,-0.6500393471935383,Inland,1.4000000000000001,0.9114223176240921,0.8459893155097974,2.5765292438579652,2.0545611196801636,2.5765292438579652,0.00036822169790505185,0.0
panaji,2026-08-13,14.9,15.590609550476074,15.49,73.83,Normal,-0.6500393471935383,West-coast orographic,14.9,17.797996530152922,21.96009178119498,17.600690479044925,19.227412037919336,17.600690479044925,0.03764931733464489,0.0
patna,2026-08-13,0.1,0.0,25.59,85.14,Normal,-0.6500393471935383,Inland,0.1,0.0,0.0,1.9668437169366002,0.9877650195625616,1.9668437169366002,9.537821941465221e-05,0.0
pune,2026-08-13,0.30000000000000004,3.363767385482788,18.52,73.86,Normal,-0.6500393471935383,Inland,0.30000000000000004,0.02854654649272567,0.05490860715508461,2.2789975106103117,1.6306662857273486,2.2789975106103117,0.0016741298753016165,0.0
raipur,2026-08-13,6.0,0.10172068327665329,21.25,81.63,Normal,-0.6500393471935383,Inland,6.0,5.587812798023225,5.323157733402173,8.071647460825142,16.524640130645455,8.071647460825142,0.02555391915232431,0.0
ranchi,2026-08-13,6.2,2.465749740600586,23.34,85.31,Normal,-0.6500393471935383,Inland,6.2,5.781192296981813,5.47605774915671,6.88936577811434,12.21228015551166,6.88936577811434,0.005020755341024797,0.0
shillong,2026-08-13,5.9,0.0,25.58,91.89,Normal,-0.6500393471935383,Hill / Himalayan orographic,5.9,5.493623309135438,3.0466714572906493,6.656208545219771,4.175661134105846,6.656208545219771,0.002996062772867231,0.0
shimla,2026-08-13,6.5,0.0,31.1,77.17,Normal,-0.6500393471935383,Hill / Himalayan orographic,6.5,6.078762327194216,3.562425060092278,7.035045256551051,4.366009049820601,7.035045256551051,0.0019533226219709517,0.0
srinagar,2026-08-13,13.5,2.6281137466430664,34.08,74.8,Normal,-0.6500393471935383,Hill / Himalayan orographic,13.5,15.902159256527243,16.958857362231527,0.1774448869507259,0.0,0.1774448869507259,0.011405293651247563,0.0
surat,2026-08-13,5.9,0.0,21.17,72.83,Normal,-0.6500393471935383,West-coast orographic,5.9,5.493623309135438,10.835412015158033,8.276511040116192,8.139996263936094,8.276511040116192,0.016700743296277968,0.0
thiruvananthapuram,2026-08-13,0.0,0.0,8.52,76.94,Normal,-0.6500393471935383,West-coast orographic,0.0,0.0,0.0,1.6355231241638157,0.8518100894514226,1.6355231241638157,0.001335285664954207,0.0
varanasi,2026-08-13,0.1,0.0,25.32,82.97,Normal,-0.6500393471935383,Inland,0.1,0.0,0.0,1.6398235066368747,0.6201783708863289,1.6398235066368747,0.0001882389670297375,0.0
vijayawada,2026-08-13,0.7,0.6092725396156311,16.51,80.65,Normal,-0.6500393471935383,Inland,0.7,0.2437354326248169,0.31296958446502693,2.822007318521974,2.399479506553009,2.822007318521974,0.000581738328921182,0.0
visakhapatnam,2026-08-13,0.2,1.8475223779678345,17.69,83.22,Normal,-0.6500393471935383,East coast,0.2,0.0,0.07250214844942095,2.715593996131417,1.6520222825636814,2.715593996131417,0.0004094666016381602,0.0
agartala,2026-08-14,3.0,27.641605377197266,23.83,91.29,Normal,-0.14411791036104665,Inland,3.0,2.3635696935653687,2.30571072101593,7.415839377723409,14.051653126249844,7.415839377723409,0.00043281463439388113,0.0
ahmedabad,2026-08-14,0.5,0.3073637783527374,23.02,72.57,Normal,-0.14411791036104665,Inland,0.5,0.11011721193790436,0.18531634882092482,0.5138583397077034,0.0,0.5138583397077034,0.0012357400422188716,0.0
amritsar,2026-08-14,0.0,0.0,31.63,74.87,Normal,-0.14411791036104665,Inland,0.0,0.0,0.0,1.383393496986331,0.33211166286694027,1.383393496986331,0.0005104463321769103,0.0
bengaluru,2026-08-14,2.8,1.2342623472213745,12.97,77.59,Normal,-0.14411791036104665,Inland,2.8,2.119130579630537,2.168705606460571,3.7090682095845113,4.342276589886425,3.7090682095845113,0.0008698230361843763,0.0
bhopal,2026-08-14,4.0,0.04085490107536316,23.26,77.41,Normal,-0.14411791036104665,Inland,4.0,3.484602621987409,3.419517679214478,4.377856372152751,5.569554044758668,4.377856372152751,0.0006529312436004383,0.0
bhubaneswar,2026-08-14,10.0,5.159884452819824,20.3,85.82,Normal,-0.14411791036104665,East coast,10.0,10.49820755004882,18.014840948989715,11.593503996661818,21.471347857890095,11.593503996661818,0.018392736001216648,0.0
chandigarh,2026-08-14,1.8,17.73921012878418,30.73,76.78,Normal,-0.14411791036104665,Inland,1.8,1.193322956562042,1.2642686462402346,4.324288717217028,5.485911374515185,4.324288717217028,0.0004275639224793122,0.0
chennai,2026-08-14,0.0,0.6327558755874634,13.08,80.27,Normal,-0.14411791036104665,East coast,0.0,0.0,0.0,1.3441154071507744,0.13828547989094123,1.3441154071507744,0.00040422652230476356,0.0
dehradun,2026-08-14,14.7,25.50151252746582,30.32,78.03,Normal,-0.14411791036104665,Hill / Himalayan orographic,14.7,17.557443523663572,20.176078222956843,14.310355868041142,24.61003473598724,14.310355868041142,0.040422623599831974,0.0
delhi,2026-08-14,0.0,0.0,28.61,77.21,Normal,-0.14411791036104665,Inland,0.0,0.0,0.0,1.267555532865619,0.19073865271802584,1.267555532865619,0.00016205174200583945,0.0
gangtok,2026-08-14,6.6,19.28830337524414,27.33,88.61,Normal,-0.14411791036104665,Hill / Himalayan orographic,6.6,6.177952337265017,3.61894792235577,7.5579315974902705,4.828366651775772,7.5579315974902705,0.0013533624982560333,0.0
guwahati,2026-08-14,27.400000000000002,0.4870663285255432,26.14,91.74,Normal,-0.14411791036104665,Inland,27.400000000000002,37.78803615133357,32.20799847073025,4.394714066527683,5.595876320269139,4.394714066527683,0.005010138392955045,0.0
hyderabad,2026-08-14,0.0,2.668848752975464,17.39,78.49,Normal,-0.14411791036104665,Inland,0.0,0.0,0.0,0.9370721844954703,0.016131775671819216,0.9370721844954703,0.00025318098871079665,0.0
jabalpur,2026-08-14,18.4,3.139671802520752,23.18,79.95,Normal,-0.14411791036104665,Inland,18.4,22.79191080114041,19.420650729845516,16.370508367111825,31.45175044336764,16.370508367111825,0.04332703323021548,0.0
jaipur,2026-08-14,3.1,9.995428085327148,26.91,75.79,Normal,-0.14411791036104665,Inland,3.1,2.459769265651703,2.3997286629676817,2.0540003067754515,1.1568044469829584,2.0540003067754515,0.0003693955872288245,0.0
jodhpur,2026-08-14,0.0,0.0,26.24,73.02,Normal,-0.14411791036104665,Inland,0.0,0.0,0.0,0.1465414671130315,0.0,0.1465414671130315,0.00012123542674090455,0.0
kochi,2026-08-14,0.5,11.776250839233398,9.93,76.27,Normal,-0.14411791036104665,West-coast orographic,0.5,0.11011721193790436,0.3202242371439933,14.724180174480612,16.95476922656874,14.724180174480612,0.04342453586365099,0.0
kolkata,2026-08-14,13.7,1.007007360458374,22.57,88.36,Normal,-0.14411791036104665,East coast,13.7,16.340159530639653,27.787491891339073,10.916947336275426,20.934543911410344,10.916947336275426,0.04463009441156152,0.0
lucknow,2026-08-14,0.1,20.569372177124023,26.85,80.95,Normal,-0.14411791036104665,Inland,0.1,0.0,0.0,2.0833390737518696,1.2140812798731926,2.0833390737518696,9.444010939854317e-05,0.0
madurai,2026-08-14,1.1,0.39993196725845337,9.93,78.12,Normal,-0.14411791036104665,Inland,1.1,0.637369079589844,0.7021407485008238,0.6943635457113879,0.0,0.6943635457113879,0.0012251550833556448,0.0
mangaluru,2026-08-14,9.2,23.924882888793945,12.91,74.86,Normal,-0.14411791036104665,West-coast orographic,9.2,9.404342304025498,17.033227659897168,28.7997086554199,35.415667896068854,28.7997086554199,0.03496918068144525,0.0
mumbai,2026-08-14,2.3000000000000003,50.61211395263672,19.08,72.88,Normal,-0.14411791036104665,West-coast orographic,2.3000000000000003,1.7191965258121493,3.6542173767089845,6.512137695369444,5.895791104072753,6.512137695369444,0.020080820604883216,0.0
nagpur,2026-08-14,14.9,1.011949896812439,21.15,79.09,Normal,-0.14411791036104665,Inland,14.9,17.797996530152922,15.250265920752355,9.674491661951883,19.516050527080854,9.674491661951883,0.011400369492047105,0.0
panaji,2026-08-14,11.4,15.452317237854004,15.49,73.83,Normal,-0.14411791036104665,West-coast orographic,11.4,12.451071499048705,18.916700274079712,16.532885383207375,18.71532502938171,16.532885383207375,0.011823809041326218,0.0
patna,2026-08-14,0.7000000000000001,7.887031555175781,25.59,85.14,Normal,-0.14411791036104665,Inland,0.7000000000000001,0.24373543262481695,0.4031474244594574,2.686441364339696,2.197138852754598,2.686441364339696,0.00011229512028569537,0.0
pune,2026-08-14,0.0,2.949800491333008,18.52,73.86,Normal,-0.14411791036104665,Inland,0.0,0.0,0.0,0.903235010649404,0.00400515876454369,0.903235010649404,0.0005256576278356232,0.0
raipur,2026-08-14,53.0,2.7074975967407227,21.25,81.63,Normal,-0.14411791036104665,Inland,53.0,75.83244909709431,60.88806301856576,12.604175702094917,23.55686772168586,12.604175702094917,0.0287599568611984,0.0
ranchi,2026-08-14,31.9,42.9742431640625,23.34,85.31,Normal,-0.14411791036104665,Inland,31.9,43.31818474038126,36.90637585677895,17.914034550229616,34.049618413944316,17.914034550229616,0.03632988324444573,0.0
shillong,2026-08-14,5.9,0.0,25.58,91.89,Normal,-0.14411791036104665,Hill / Himalayan orographic,5.9,5.493623309135438,3.0466714572906493,7.711042217024704,5.201892974657513,7.711042217024704,0.0022278637116239994,0.0
shimla,2026-08-14,6.4,0.0,31.1,77.17,Normal,-0.14411791036104665,Hill / Himalayan orographic,6.4,5.979572317123416,3.4953334219050856,7.3152411599163125,4.595351292873328,7.3152411599163125,0.001420609053043624,0.0
srinagar,2026-08-14,17.5,0.0,34.08,74.8,Normal,-0.14411791036104665,Hill / Himalayan orographic,17.5,21.25546988169352,25.207762184428812,8.399463516838214,6.509730254107103,8.399463516838214,0.00964072699370459,0.0
surat,2026-08-14,2.9,17.092050552368164,21.17,72.83,Normal,-0.14411791036104665,West-coast orographic,2.9,2.1908709859848057,4.908017501831056,4.801851676683518,4.233909029393882,4.801851676683518,0.014110822712054646,0.0
thiruvananthapuram,2026-08-14,0.0,0.0,8.52,76.94,Normal,-0.14411791036104665,West-coast orographic,0.0,0.0,0.0,1.422865282885607,0.5904176587615377,1.422865282885607,0.0030163209122617417,0.0
varanasi,2026-08-14,10.3,0.06511717289686203,25.32,82.97,Normal,-0.14411791036104665,Inland,10.3,10.927918496131898,9.662754268116405,7.453143641394428,14.13330580955605,7.453143641394428,0.006325435101485221,0.0
vijayawada,2026-08-14,0.2,0.5934751629829407,16.51,80.65,Normal,-0.14411791036104665,Inland,0.2,0.0,0.0,1.8299711618120806,0.817636683436173,1.8299711618120806,0.00031312549654480336,0.0
visakhapatnam,2026-08-14,0.8,2.1623244285583496,17.69,83.22,Normal,-0.14411791036104665,East coast,0.8,0.38479273438453676,0.32736815512180334,2.719378427338677,1.654811223921078,2.719378427338677,0.0007812139409571002,0.0
agartala,2026-08-15,1.8,0.23402836918830872,23.83,91.29,Normal,-0.10483577875319558,Inland,1.8,1.193322956562042,1.2642686462402346,7.884728634369035,15.85945300022868,7.884728634369035,0.0001994970186111284,0.0
ahmedabad,2026-08-15,0.2,1.4126358032226562,23.02,72.57,Normal,-0.10483577875319558,Inland,0.2,0.0,0.0,0.3883533509803408,0.0,0.3883533509803408,0.0005122537748947971,0.0
amritsar,2026-08-15,0.0,0.0,31.63,74.87,Normal,-0.10483577875319558,Inland,0.0,0.0,0.0,1.383393496986331,0.33211166286694027,1.383393496986331,0.0005262508164377317,0.0
bengaluru,2026-08-15,1.0,0.6788901686668396,12.97,77.59,Normal,-0.10483577875319558,Inland,1.0,0.5257562547922133,0.6280989265441893,1.9688222805148228,0.9915806055609793,1.9688222805148228,0.0005000618265103642,0.0
bhopal,2026-08-15,61.9,1.1519485712051392,23.26,77.41,Normal,-0.10483577875319558,Inland,61.9,86.3306778251154,69.34733354309661,19.215765065747476,35.97016808071607,19.215765065747476,0.060529397502624864,0.0
bhubaneswar,2026-08-15,14.8,4.855646133422852,20.3,85.82,Normal,-0.10483577875319558,East coast,14.8,17.679171922965967,29.005161304386093,27.691391207850884,38.29289294856943,27.691391207850884,0.15171386400464107,0.0
chandigarh,2026-08-15,11.9,8.424674034118652,30.73,76.78,Normal,-0.10483577875319558,Inland,11.9,13.143478173128084,12.087381462612043,21.9025430849124,40.53534474573019,21.9025430849124,0.03124267365411343,0.0
chennai,2026-08-15,0.0,7.505511283874512,13.08,80.27,Normal,-0.10483577875319558,East coast,0.0,0.0,0.0,1.3441154071507744,0.13828547989094123,1.3441154071507744,0.00041674359074491665,0.0
dehradun,2026-08-15,16.1,7.688271999359131,30.32,78.03,Normal,-0.10483577875319558,Hill / Himalayan orographic,16.1,19.239877573733295,23.13493677813656,18.572271496884696,35.08431429531492,18.572271496884696,0.05379702264366808,0.0
delhi,2026-08-15,0.5,16.525070190429688,28.61,77.21,Normal,-0.10483577875319558,Inland,0.5,0.11011721193790436,0.18531634882092482,3.231077009711943,3.44558740226379,3.231077009711943,0.0003149734933607838,0.0
gangtok,2026-08-15,9.700000000000001,4.592381000518799,27.33,88.61,Normal,-0.10483577875319558,Hill / Himalayan orographic,9.700000000000001,9.86477335044807,6.861320147514346,13.456266225987267,22.615090709127777,13.456266225987267,0.0027983676293051912,0.0
guwahati,2026-08-15,7.1,0.0,26.14,91.74,Normal,-0.10483577875319558,Inland,7.1,7.091835197210314,6.386600437164306,5.601709649156742,8.158098648896129,5.601709649156742,0.0008653398253920929,0.0
hyderabad,2026-08-15,0.0,0.621498703956604,17.39,78.49,Normal,-0.10483577875319558,Inland,0.0,0.0,0.0,0.9370721844954703,0.016131775671819216,0.9370721844954703,0.000261022080991484,0.0
jabalpur,2026-08-15,21.8,7.480215549468994,23.18,79.95,Normal,-0.10483577875319558,Inland,21.8,30.271040597020708,23.820583635710143,21.24763306853819,39.3708066337856,21.24763306853819,0.060707115304509805,0.0
jaipur,2026-08-15,3.2,1.8152670860290527,26.91,75.79,Normal,-0.10483577875319558,Inland,3.2,2.555968837738037,2.4937466049194335,2.308473311204059,1.6651551680336727,2.308473311204059,0.0003808345099504194,0.0
jodhpur,2026-08-15,0.0,0.0,26.24,73.02,Normal,-0.10483577875319558,Inland,0.0,0.0,0.0,0.1465414671130315,0.0,0.1465414671130315,0.00012123542674090455,0.0
kochi,2026-08-15,5.0,27.070491790771484,9.93,76.27,Normal,-0.10483577875319558,West-coast orographic,5.0,4.508003242810568,8.953450059890747,25.76782262571889,30.826234169452285,25.76782262571889,0.16538989345967245,0.0
kolkata,2026-08-15,1.9000000000000001,0.07201383262872696,22.57,88.36,Normal,-0.10483577875319558,East coast,1.9000000000000001,1.3163333845138554,1.3202944993972765,4.448175388859577,9.309790453899684,4.448175388859577,0.000581428485379287,0.0
lucknow,2026-08-15,1.7999999999999998,0.29480817914009094,26.85,80.95,Normal,-0.10483577875319558,Inland,1.7999999999999998,1.1933229565620418,1.2642686462402342,4.389544477503127,5.587804318039544,4.389544477503127,0.00014301409965332616,0.0
madurai,2026-08-15,1.3,2.9663493633270264,9.93,78.12,Normal,-0.10483577875319558,Inland,1.3,0.7211544430255893,0.7617027902603154,0.9152189173560291,0.007346156567950868,0.9152189173560291,0.0013207822448514834,0.0
mangaluru,2026-08-15,30.4,13.284749984741211,12.91,74.86,Normal,-0.10483577875319558,West-coast orographic,30.4,40.45409468197121,47.35403963830335,18.215472773009353,19.637954871777037,18.215472773009353,0.0420032184374491,0.0
mumbai,2026-08-15,2.7,32.545772552490234,19.08,72.88,Normal,-0.10483577875319558,West-coast orographic,2.7,2.047390173276269,4.461754713058472,6.406092928994552,5.831262059978151,6.406092928994552,0.013186196178643835,0.0
nagpur,2026-08-15,31.2,0.2130969911813736,21.15,79.09,Normal,-0.10483577875319558,Inland,31.2,41.98160937978991,36.19513891561339,14.377991998446142,27.001780705065908,14.377991998446142,0.030098784458692938,0.0
panaji,2026-08-15,19.6,7.454983234405518,15.49,73.83,Normal,-0.10483577875319558,West-coast orographic,19.6,24.902942477561858,25.972406256136917,12.87695690331667,15.04924990611906,12.87695690331667,0.01709713203353272,0.0
patna,2026-08-15,0.0,0.0,25.59,85.14,Normal,-0.10483577875319558,Inland,0.0,0.0,0.0,1.2288172453031552,0.16385570069364794,1.2288172453031552,8.739985800704521e-05,0.0
pune,2026-08-15,0.4,3.807133436203003,18.52,73.86,Normal,-0.10483577875319558,Inland,0.4,0.08277350887656212,0.1237080929428339,2.32152971768357,1.6804321361683698,2.32152971768357,0.0010068022105908959,0.0
raipur,2026-08-15,10.1,0.21942156553268433,21.25,81.63,Normal,-0.10483577875319558,Inland,10.1,10.64144453207651,9.502168728036475,8.160205686653335,16.818143568273094,8.160205686653335,0.009406263820117288,0.0
ranchi,2026-08-15,10.0,26.250200271606445,23.34,85.31,Normal,-0.10483577875319558,Inland,10.0,10.49820755004882,9.42187595799651,7.846689912457779,15.664105286953419,7.846689912457779,0.0024000823889207736,0.0
shillong,2026-08-15,4.3,0.0,25.58,91.89,Normal,-0.10483577875319558,Hill / Himalayan orographic,4.3,3.8114029748225735,2.1698930516598387,6.339026364653846,3.9844324579683317,6.339026364653846,0.0004093734524874397,0.0
shimla,2026-08-15,8.4,9.198480606079102,31.1,77.17,Normal,-0.10483577875319558,Hill / Himalayan orographic,8.4,8.228417729597826,4.766431209798802,7.842832508733898,5.331315476231022,7.842832508733898,0.001690390001087919,0.0
srinagar,2026-08-15,11.200000000000001,2.8067610263824463,34.08,74.8,Normal,-0.10483577875319558,Hill / Himalayan orographic,11.200000000000001,12.18103420042219,9.343452863693242,2.9623556345546285,1.4387829458269494,2.9623556345546285,0.007056162359598183,0.0
surat,2026-08-15,0.7000000000000001,5.108799934387207,21.17,72.83,Normal,-0.10483577875319558,West-coast orographic,0.7000000000000001,0.24373543262481695,0.7726433259248734,1.5102470493257134,0.6907962570420177,1.5102470493257134,0.015321005652937598,0.0
thiruvananthapuram,2026-08-15,0.2,0.7822265028953552,8.52,76.94,Normal,-0.10483577875319558,West-coast orographic,0.2,0.0,0.0,1.8979858084849315,1.0195583106522765,1.8979858084849315,0.003251299023972149,0.0
varanasi,2026-08-15,1.5,0.13674604892730713,25.32,82.97,Normal,-0.10483577875319558,Inland,1.5,0.9849364784359931,0.9467088401317623,2.692631239017894,2.204345917030495,2.692631239017894,0.0002642312679225462,0.0
vijayawada,2026-08-15,1.9000000000000001,0.0,16.51,80.65,Normal,-0.10483577875319558,Inland,1.9000000000000001,1.3163333845138554,1.4483620071411114,3.833182446862461,4.622640443815025,3.833182446862461,0.0006184230264419621,0.0
visakhapatnam,2026-08-15,2.7,1.2129971981048584,17.69,83.22,Normal,-0.10483577875319558,East coast,2.7,2.047390173276269,1.9056628131866458,4.511960607256896,9.318922259086259,4.511960607256896,0.0016834191256912677,0.0
agartala,2026-08-16,5.4,7.44252872467041,23.83,91.29,Normal,-0.12387731575119927,Inland,5.4,4.85090582728386,4.930433006286621,7.771504995344063,15.27799342795827,7.771504995344063,0.008573443597993934,0.0
ahmedabad,2026-08-16,0.0,2.0443570613861084,23.02,72.57,Normal,-0.12387731575119927,Inland,0.0,0.0,0.0,0.09690722805830349,0.0,0.09690722805830349,0.0008443372636010104,0.0
amritsar,2026-08-16,0.3,32.938602447509766,31.63,74.87,Normal,-0.12387731575119927,Inland,0.3,0.0,0.0,2.4395694270799737,1.8334269429772603,2.4395694270799737,0.0005423181910939404,0.0
bengaluru,2026-08-16,0.0,0.0,12.97,77.59,Normal,-0.12387731575119927,Inland,0.0,0.0,0.0,0.6886964209674646,0.0,0.6886964209674646,0.00044140893794939796,0.0
bhopal,2026-08-16,37.9,5.515663146972656,23.26,77.41,Normal,-0.12387731575119927,Inland,37.9,53.283963257011315,41.555771296709544,19.600043832104724,36.537126024681356,19.600043832104724,0.12951563147148326,0.0
bhubaneswar,2026-08-16,57.3,38.18549728393555,20.3,85.82,Normal,-0.12387731575119927,East coast,57.3,80.90462702186855,169.58217743786696,15.51665316150804,27.282057524008426,15.51665316150804,0.1128071243871546,0.0
chandigarh,2026-08-16,7.7,1.745483636856079,30.73,76.78,Normal,-0.12387731575119927,Inland,7.7,7.5387210806210865,6.904246076306697,8.450513765686907,17.59084976739669,8.450513765686907,0.007841843026622039,0.0
chennai,2026-08-16,0.0,0.0,13.08,80.27,Normal,-0.12387731575119927,East coast,0.0,0.0,0.0,1.103652723882478,0.10302862809150219,1.103652723882478,0.0005819996531240586,0.0
dehradun,2026-08-16,27.4,1.358982801437378,30.32,78.03,Normal,-0.12387731575119927,Hill / Himalayan orographic,27.4,37.78803615133357,40.41894749356672,16.183418204073543,29.17565487051646,16.183418204073543,0.11918156264088874,0.0
delhi,2026-08-16,0.8,0.0,28.61,77.21,Normal,-0.12387731575119927,Inland,0.8,0.38479273438453676,0.45717883437871937,3.049598967480317,2.7446327112339763,3.049598967480317,0.0005018670775083084,0.0
gangtok,2026-08-16,12.7,0.4829109311103821,27.33,88.61,Normal,-0.12387731575119927,Hill / Himalayan orographic,12.7,14.374969378160047,14.435354533329814,12.832873375023427,21.534656450695493,12.832873375023427,0.0036424337436069655,0.0
guwahati,2026-08-16,5.3,12.549600601196289,26.14,91.74,Normal,-0.12387731575119927,Inland,5.3,4.769888927936554,4.790149692385482,6.734960044631671,11.766536905074059,6.734960044631671,0.0025294000622549263,0.0
hyderabad,2026-08-16,0.1,0.0,17.39,78.49,Normal,-0.12387731575119927,Inland,0.1,0.0,0.0,1.631944182288924,0.6087087189830468,1.631944182288924,0.00044140893794939796,0.0
jabalpur,2026-08-16,22.0,41.28001403808594,23.18,79.95,Normal,-0.12387731575119927,Inland,22.0,30.76295581228403,23.99556619402389,18.34457968374292,34.68483691949669,18.34457968374292,0.11428256252882459,0.0
jaipur,2026-08-16,0.39999999999999997,0.029739072546362877,26.91,75.79,Normal,-0.12387731575119927,Inland,0.39999999999999997,0.054251934289932274,0.09615188971161806,1.655921033374955,0.6419474103497189,1.655921033374955,0.0003790491786986633,0.0
jodhpur,2026-08-16,0.0,0.0,26.24,73.02,Normal,-0.12387731575119927,Inland,0.0,0.0,0.0,0.1465414671130315,0.0,0.1465414671130315,0.00016177016525555706,0.0
kochi,2026-08-16,1.9,4.217899799346924,9.93,76.27,Normal,-0.12387731575119927,West-coast orographic,1.9,1.3163333845138552,3.0603029947856384,19.722638632691563,20.27121167083326,19.722638632691563,0.07760680860456391,0.0
kolkata,2026-08-16,2.0,0.014625048264861107,22.57,88.36,Normal,-0.12387731575119927,East coast,2.0,1.3976263064146046,1.3741412138938895,3.6983674628151633,4.487296733246926,3.6983674628151633,0.0009765251917493943,0.0
lucknow,2026-08-16,10.3,12.964993476867676,26.85,80.95,Normal,-0.12387731575119927,Inland,10.3,10.927918496131898,9.662754268116405,9.954605495623321,19.770606406273945,9.954605495623321,0.008766397603948841,0.0
madurai,2026-08-16,0.0,0.0,9.93,78.12,Normal,-0.12387731575119927,Inland,0.0,0.0,0.0,0.3325929026624648,0.0,0.3325929026624648,0.001115014342201147,0.0
mangaluru,2026-08-16,12.6,14.28348445892334,12.91,74.86,Normal,-0.12387731575119927,West-coast orographic,12.6,14.218941571098922,19.934562293862527,29.73862017458176,36.85656050538669,29.73862017458176,0.05512563954457771,0.0
mumbai,2026-08-16,2.3000000000000003,29.594661712646484,19.08,72.88,Normal,-0.12387731575119927,West-coast orographic,2.3000000000000003,1.7191965258121493,3.6542173767089845,5.577116153096697,5.102685624371694,5.577116153096697,0.026773843146311347,0.0
nagpur,2026-08-16,8.8,0.3143283724784851,21.15,79.09,Normal,-0.12387731575119927,Inland,8.8,8.914070587359511,7.836402002970377,7.149482254799067,13.058113092017598,7.149482254799067,0.011154616249137005,0.0
panaji,2026-08-16,5.8,24.034034729003906,15.49,73.83,Normal,-0.12387731575119927,West-coast orographic,5.8,5.39943382024765,10.7249853515625,8.952679141133643,9.54370319976288,8.952679141133643,0.010469033844861815,0.0
patna,2026-08-16,0.0,0.0,25.59,85.14,Normal,-0.12387731575119927,Inland,0.0,0.0,0.0,1.2288172453031552,0.16385570069364794,1.2288172453031552,0.00011864447092023924,0.0
pune,2026-08-16,0.2,1.716382622718811,18.52,73.86,Normal,-0.12387731575119927,Inland,0.2,0.0,0.0,1.7411430470276223,0.7420276109954813,1.7411430470276223,0.0007008575394556508,0.0
raipur,2026-08-16,16.6,0.8164643049240112,21.25,81.63,Normal,-0.12387731575119927,Inland,16.6,19.867606682261624,17.191751190026622,15.749628419988998,30.26122489486546,15.749628419988998,0.034855443201558124,0.0
ranchi,2026-08-16,9.8,0.9844702482223511,23.34,85.31,Normal,-0.12387731575119927,Inland,9.8,10.07591808364832,9.19674830959049,7.562416347372894,14.372485162724832,7.562416347372894,0.003096446614175362,0.0
shillong,2026-08-16,4.2,3.209214210510254,25.58,91.89,Normal,-0.12387731575119927,Hill / Himalayan orographic,4.2,3.722365344611485,2.1167643819388395,6.083783722388578,3.815679480917464,6.083783722388578,0.0005114780060442006,0.0
shimla,2026-08-16,13.6,0.24575068056583405,31.1,77.17,Normal,-0.12387731575119927,Hill / Himalayan orographic,13.6,16.121159393583447,17.299283636385145,10.50770768604963,11.532747604575585,10.50770768604963,0.010092880249709833,0.0
srinagar,2026-08-16,7.9,0.0,34.08,74.8,Normal,-0.12387731575119927,Hill / Himalayan orographic,7.9,7.69535974121094,4.308910038471224,0.22383287079803707,0.0,0.22383287079803707,0.0018833723183258346,0.0
surat,2026-08-16,1.6,2.628507375717163,21.17,72.83,Normal,-0.12387731575119927,West-coast orographic,1.6,1.0584506392478943,2.3295588065810136,2.016632085660064,1.1954549319029717,2.016632085660064,0.020340216253388593,0.0
thiruvananthapuram,2026-08-16,0.0,0.0,8.52,76.94,Normal,-0.12387731575119927,West-coast orographic,0.0,0.0,0.0,1.422865282885607,0.5904176587615377,1.422865282885607,0.004337871165307782,0.0
varanasi,2026-08-16,0.7,0.0,25.32,82.97,Normal,-0.12387731575119927,Inland,0.7,0.2437354326248169,0.31296958446502693,2.2519303576716285,1.5521145279554878,2.2519303576716285,0.0006266177481299511,0.0
vijayawada,2026-08-16,0.1,4.90669059753418,16.51,80.65,Normal,-0.12387731575119927,Inland,0.1,0.0,0.0,1.7503284755656805,0.7514452003903749,1.7503284755656805,0.0005792295352330027,0.0
visakhapatnam,2026-08-16,0.7,0.29492807388305664,17.69,83.22,Normal,-0.12387731575119927,East coast,0.7,0.2437354326248169,0.2720792949199677,2.372347444375684,1.3300810606024094,2.372347444375684,0.001005774919846671,0.0
agartala,2026-08-17,7.9,4.08932638168335,23.83,91.29,Normal,-0.3303553426652603,Inland,7.9,7.69535974121094,7.04861187384188,7.133820247608422,12.987499156308882,7.133820247608422,0.002649359392236985,0.0
ahmedabad,2026-08-17,0.0,1.6868160963058472,23.02,72.57,Normal,-0.3303553426652603,Inland,0.0,0.0,0.0,0.15641361155722877,0.0,0.15641361155722877,0.0007623965940671078,0.0
amritsar,2026-08-17,3.8,0.0,31.63,74.87,Normal,-0.3303553426652603,Inland,3.8,3.188226544857027,3.0663042418162023,8.07270654815342,16.528150202902328,8.07270654815342,0.0017937576547750775,0.0
bengaluru,2026-08-17,0.0,0.0,12.97,77.59,Normal,-0.3303553426652603,Inland,0.0,0.0,0.0,0.6966374514834976,0.0,0.6966374514834976,0.00044513940786012756,0.0
bhopal,2026-08-17,3.6,2.4935054779052734,23.26,77.41,Normal,-0.3303553426652603,Inland,3.6,2.932879521052045,2.7523849701881407,4.490639894178206,5.706357619313289,4.490639894178206,0.0015459855285429784,0.0
bhubaneswar,2026-08-17,16.2,21.015409469604492,20.3,85.82,Normal,-0.3303553426652603,East coast,16.2,19.36542339543896,30.565758811035344,28.007917195512892,38.32987288301294,28.007917195512892,0.16987120103530637,0.0
chandigarh,2026-08-17,1.0,2.6877870559692383,30.73,76.78,Normal,-0.3303553426652603,Inland,1.0,0.5257562547922133,0.6280989265441893,3.408490681902665,3.776011907921578,3.408490681902665,0.0007023072113979791,0.0
chennai,2026-08-17,0.0,0.0,13.08,80.27,Normal,-0.3303553426652603,East coast,0.0,0.0,0.0,1.1136992896125428,0.10772066641722283,1.1136992896125428,0.0005819996531240586,0.0
dehradun,2026-08-17,23.099999999999998,7.539374828338623,30.32,78.03,Normal,-0.3303553426652603,Hill / Himalayan orographic,23.099999999999998,32.43900976282865,38.2017043993155,14.46366325789742,24.765995353456326,14.46366325789742,0.06389756864980373,0.0
delhi,2026-08-17,0.2,0.0,28.61,77.21,Normal,-0.3303553426652603,Inland,0.2,0.0,0.0,2.7314744095428285,2.2495722327810967,2.7314744095428285,0.00026622811251974084,0.0
gangtok,2026-08-17,1.3,12.412959098815918,27.33,88.61,Normal,-0.3303553426652603,Hill / Himalayan orographic,1.3,0.7211544430255893,0.4044026577472689,10.237095319533218,9.821104602534744,10.237095319533218,0.00012076509174655741,0.0
guwahati,2026-08-17,23.9,6.814702033996582,26.14,91.74,Normal,-0.3303553426652603,Inland,23.9,33.60862431891783,27.122111898144816,6.063488775255186,9.51974909488775,6.063488775255186,0.003086270976318097,0.0
hyderabad,2026-08-17,0.1,1.1851054430007935,17.39,78.49,Normal,-0.3303553426652603,Inland,0.1,0.0,0.0,1.6441559701936295,0.6264849838248553,1.6441559701936295,0.00044513940786012756,0.0
jabalpur,2026-08-17,37.9,30.11050796508789,23.18,79.95,Normal,-0.3303553426652603,Inland,37.9,53.283963257011315,41.555771296709544,18.52637730463752,34.9530578423888,18.52637730463752,0.14872521986199164,0.0
jaipur,2026-08-17,0.7000000000000001,0.0,26.91,75.79,Normal,-0.3303553426652603,Inland,0.7000000000000001,0.24373543262481695,0.4031474244594574,1.6434657069699623,0.6254801922275708,1.6434657069699623,0.0003790491786986633,0.0
jodhpur,2026-08-17,0.0,0.0,26.24,73.02,Normal,-0.3303553426652603,Inland,0.0,0.0,0.0,0.21808871911548458,0.0,0.21808871911548458,0.00016177016525555706,0.0
kochi,2026-08-17,1.0,4.739563941955566,9.93,76.27,Normal,-0.3303553426652603,West-coast orographic,1.0,0.5257562547922133,1.0684585714340211,14.71608859550303,16.919292205889146,14.71608859550303,0.06596617198432836,0.0
kolkata,2026-08-17,18.1,0.2631261348724365,22.57,88.36,Normal,-0.3303553426652603,East coast,18.1,22.248741462790154,35.87292242632223,23.624395902397076,37.81774327479823,23.624395902397076,0.20776925116934755,0.0
lucknow,2026-08-17,24.7,26.211671829223633,26.85,80.95,Normal,-0.3303553426652603,Inland,24.7,34.67605216208632,28.71485396075367,24.645959226861308,44.88992491029794,24.645959226861308,0.08015414620159242,0.0
madurai,2026-08-17,0.0,0.0,9.93,78.12,Normal,-0.3303553426652603,Inland,0.0,0.0,0.0,0.33811832559943833,0.0,0.33811832559943833,0.0009361235396724973,0.0
mangaluru,2026-08-17,8.7,17.811967849731445,12.91,74.86,Normal,-0.3303553426652603,West-coast orographic,8.7,8.72727222996211,16.159769966034656,28.76033945251249,35.35525028232538,28.76033945251249,0.033545933175098054,0.0
mumbai,2026-08-17,3.3000000000000003,8.709590911865234,19.08,72.88,Normal,-0.3303553426652603,West-coast orographic,3.3000000000000003,2.662693872451782,5.759103469848633,5.2012843477253154,4.900896537939636,5.2012843477253154,0.015938291637875922,0.0
nagpur,2026-08-17,13.100000000000001,2.4842135906219482,21.15,79.09,Normal,-0.3303553426652603,Inland,13.100000000000001,15.026158708302425,13.56144354820251,6.726132291445167,11.741608701192462,6.726132291445167,0.023365066817635973,0.0
panaji,2026-08-17,8.8,4.37644100189209,15.49,73.83,Normal,-0.3303553426652603,West-coast orographic,8.8,8.914070587359511,16.38715549264635,11.580052711636526,12.938942032163887,11.580052711636526,0.0056881155291410995,0.0
patna,2026-08-17,0.1,0.0,25.59,85.14,Normal,-0.3303553426652603,Inland,0.1,0.0,0.0,2.0629944722856246,1.1743633755953082,2.0629944722856246,0.00011864447092023924,0.0
pune,2026-08-17,0.4,0.6223893165588379,18.52,73.86,Normal,-0.3303553426652603,Inland,0.4,0.08277350887656212,0.1237080929428339,2.322680335390697,1.681778444593631,2.322680335390697,0.0017413128561783247,0.0
raipur,2026-08-17,26.4,4.3329758644104,21.25,81.63,Normal,-0.3303553426652603,Inland,26.4,36.847346724941836,30.939665883382162,19.92633515379481,37.02132084111087,19.92633515379481,0.0966930451076569,0.0
ranchi,2026-08-17,6.8,0.0,23.34,85.31,Normal,-0.3303553426652603,Inland,6.8,6.699716219902034,5.931914178408109,5.936926447966317,9.258496043246154,5.936926447966317,0.006289812407240203,0.0
shillong,2026-08-17,11.0,49.798805236816406,25.58,91.89,Normal,-0.3303553426652603,Hill / Himalayan orographic,11.0,11.90656594768645,9.119277874104027,8.214816514950595,5.894679235258667,8.214816514950595,0.0017519913934455377,0.0
shimla,2026-08-17,3.6,2.203291177749634,31.1,77.17,Normal,-0.3303553426652603,Hill / Himalayan orographic,3.6,2.932879521052045,1.7035630239759174,6.572631675691047,4.127624709995301,6.572631675691047,0.0004004336655747601,0.0
srinagar,2026-08-17,11.8,3.261789321899414,34.08,74.8,Normal,-0.3303553426652603,Hill / Himalayan orographic,11.8,12.990345046249837,11.091198095569853,3.06214970134743,1.4690120743993735,3.06214970134743,0.006955843576553633,0.0
surat,2026-08-17,2.5,4.964797019958496,21.17,72.83,Normal,-0.3303553426652603,West-coast orographic,2.5,1.882934489250185,4.023372732136584,5.216780759872778,4.913664987047127,5.216780759872778,0.016951811168971737,0.0
thiruvananthapuram,2026-08-17,0.0,5.270567893981934,8.52,76.94,Normal,-0.3303553426652603,West-coast orographic,0.0,0.0,0.0,1.4342695116972808,0.5981648714277842,1.4342695116972808,0.0036437974778780677,0.0
varanasi,2026-08-17,10.5,9.572466850280762,25.32,82.97,Normal,-0.3303553426652603,Inland,10.5,11.214392460187282,9.823339808196332,8.093926677981958,16.598478859482054,8.093926677981958,0.010985152321653749,0.0
vijayawada,2026-08-17,0.1,2.3376715183258057,16.51,80.65,Normal,-0.3303553426652603,Inland,0.1,0.0,0.0,1.7629746313850683,0.7638244161252872,1.7629746313850683,0.0005792295352330027,0.0
visakhapatnam,2026-08-17,0.0,0.0,17.69,83.22,Normal,-0.3303553426652603,East coast,0.0,0.0,0.0,1.0857401617528608,0.09466294072308101,1.0857401617528608,0.0004216025309426726,0.0
agartala,2026-08-18,10.5,5.563830852508545,23.83,91.29,Normal,-0.2874776739830508,Inland,10.5,11.214392460187282,9.823339808196332,7.383910228582052,13.98176565370602,7.383910228582052,0.0049719806470095666,0.0
ahmedabad,2026-08-18,0.1,2.4884471893310547,23.02,72.57,Normal,-0.2874776739830508,Inland,0.1,0.0,0.0,0.3359752234671001,0.0,0.3359752234671001,0.0007623965940671078,0.0
amritsar,2026-08-18,5.1,0.0,31.63,74.87,Normal,-0.2874776739830508,Inland,5.1,4.607855129241943,4.541885736218327,8.608057425190694,17.906541167860738,8.608057425190694,0.006649282617373304,0.0
bengaluru,2026-08-18,0.0,0.8152695894241333,12.97,77.59,Normal,-0.2874776739830508,Inland,0.0,0.0,0.0,0.6526504821725405,0.0,0.6526504821725405,0.00044513940786012756,0.0
bhopal,2026-08-18,9.9,0.23180198669433594,23.26,77.41,Normal,-0.2874776739830508,Inland,9.9,10.28706281684857,9.341583187956546,7.387716274280826,13.990096439881874,7.387716274280826,0.004402138798021673,0.0
bhubaneswar,2026-08-18,15.6,0.0,20.3,85.82,Normal,-0.2874776739830508,East coast,15.6,18.626181743142546,29.896931308185664,27.012750513339387,38.21360692033808,27.012750513339387,0.16987120103530637,0.0
chandigarh,2026-08-18,11.1,28.387378692626953,30.73,76.78,Normal,-0.2874776739830508,Inland,11.1,12.04380007405432,11.117736053910383,22.991417929166087,42.471543954121294,22.991417929166087,0.04396759209568039,0.0
chennai,2026-08-18,0.2,3.3519814014434814,13.08,80.27,Normal,-0.2874776739830508,East coast,0.2,0.0,0.07250214844942095,1.8425047342763048,0.42794091663843237,1.8425047342763048,0.0005819996531240586,0.0
dehradun,2026-08-18,21.1,97.28555297851562,30.32,78.03,Normal,-0.2874776739830508,Hill / Himalayan orographic,21.1,28.549337343599067,36.11757046981799,18.081982496632282,34.22034440136428,18.081982496632282,0.05867103815828212,0.0
delhi,2026-08-18,0.8,0.0,28.61,77.21,Normal,-0.2874776739830508,Inland,0.8,0.38479273438453676,0.45717883437871937,3.333095520398963,3.635592014340498,3.333095520398963,0.0005018670775083084,0.0
gangtok,2026-08-18,6.5,16.469547271728516,27.33,88.61,Normal,-0.2874776739830508,Hill / Himalayan orographic,6.5,6.078762327194216,3.562425060092278,9.576365668176956,9.127971716601005,9.576365668176956,0.0013341322708328108,0.0
guwahati,2026-08-18,18.5,0.4870663285255432,26.14,91.74,Normal,-0.2874776739830508,Inland,18.5,22.97296724725717,19.506227726576913,4.722449922395849,6.0707075929247205,4.722449922395849,0.001654539563789724,0.0
hyderabad,2026-08-18,0.0,0.5168641805648804,17.39,78.49,Normal,-0.2874776739830508,Inland,0.0,0.0,0.0,0.8949451317877447,0.0016940203565649348,0.8949451317877447,0.00044513940786012756,0.0
jabalpur,2026-08-18,2.5,0.09091190993785858,23.18,79.95,Normal,-0.2874776739830508,Inland,2.5,1.882934489250185,2.0366826116511247,4.425685241472504,5.634119836591455,4.425685241472504,0.0038514837206326583,0.0
jaipur,2026-08-18,0.30000000000000004,0.0,26.91,75.79,Normal,-0.2874776739830508,Inland,0.30000000000000004,0.02854654649272567,0.05490860715508461,1.655921033374955,0.6419474103497189,1.655921033374955,0.0009820044036699777,0.0
jodhpur,2026-08-18,0.0,0.0,26.24,73.02,Normal,-0.2874776739830508,Inland,0.0,0.0,0.0,0.19379317358292433,0.0,0.19379317358292433,0.00016177016525555706,0.0
kochi,2026-08-18,0.6000000000000001,0.0,9.93,76.27,Normal,-0.2874776739830508,West-coast orographic,0.6000000000000001,0.1814146965742112,0.5841203480958939,14.55575451553411,16.428505750842948,14.55575451553411,0.06596617198432836,0.0
kolkata,2026-08-18,12.0,77.25830841064453,22.57,88.36,Normal,-0.2874776739830508,East coast,12.0,13.296611300006331,22.48464712936604,11.968980317188421,21.916738062956526,11.968980317188421,0.028421559069553726,0.0
lucknow,2026-08-18,10.8,25.925628662109375,26.85,80.95,Normal,-0.2874776739830508,Inland,10.8,11.632097694950712,10.420318628355485,14.741004292878669,28.042018383956872,14.741004292878669,0.008236265683739318,0.0
madurai,2026-08-18,2.4,27.720523834228516,9.93,78.12,Normal,-0.2874776739830508,Inland,2.4,1.7902192115783693,1.9481832925359983,1.8723464460465362,0.8548666180026864,1.8723464460465362,0.005361883034823168,0.0
mangaluru,2026-08-18,6.6,12.810969352722168,12.91,74.86,Normal,-0.2874776739830508,West-coast orographic,6.6,6.177952337265017,12.234390697479244,25.090479329690933,29.482455000749038,25.090479329690933,0.08578547579752238,0.0
mumbai,2026-08-18,1.9000000000000001,21.11768913269043,19.08,72.88,Normal,-0.2874776739830508,West-coast orographic,1.9000000000000001,1.3163333845138554,3.060302994785639,6.109501324372,5.629415015193929,6.109501324372,0.01635360519390327,0.0
nagpur,2026-08-18,12.8,0.00850233156234026,21.15,79.09,Normal,-0.2874776739830508,Inland,12.8,14.530997185221175,13.11961248397827,8.17295651672046,16.860402911460113,8.17295651672046,0.023365066817635973,0.0
panaji,2026-08-18,10.5,3.405196189880371,15.49,73.83,Normal,-0.2874776739830508,West-coast orographic,10.5,11.214392460187282,18.513562678227665,12.671517762181452,14.619066134726904,12.671517762181452,0.006660508071290984,0.0
patna,2026-08-18,12.4,17.339662551879883,25.59,85.14,Normal,-0.2874776739830508,Inland,12.4,13.90914380751932,12.614293590147806,11.11379766009065,21.28334499653525,11.11379766009065,0.008844231135559493,0.0
pune,2026-08-18,0.0,0.9159383773803711,18.52,73.86,Normal,-0.2874776739830508,Inland,0.0,0.0,0.0,0.9183370127904161,0.008215451552644117,0.9183370127904161,0.000706779131360376,0.0
raipur,2026-08-18,16.5,92.50932312011719,21.25,81.63,Normal,-0.2874776739830508,Inland,16.5,19.742060860555956,17.08234614531201,15.749628419988998,30.26122489486546,15.749628419988998,0.03396537165037342,0.0
ranchi,2026-08-18,27.9,60.53693389892578,23.34,85.31,Normal,-0.2874776739830508,Inland,27.9,38.156119506783966,32.842164764404295,16.864372332405797,32.3987252504808,16.864372332405797,0.06588630054004345,0.0
shillong,2026-08-18,10.4,14.812483787536621,25.58,91.89,Normal,-0.2874776739830508,Hill / Himalayan orographic,10.4,11.07115547815959,8.244954680933535,7.367122703500275,4.63224195518994,7.367122703500275,0.0015579860218254552,0.0
shimla,2026-08-18,5.6000000000000005,9.509275436401367,31.1,77.17,Normal,-0.2874776739830508,Hill / Himalayan orographic,5.6000000000000005,5.118583528995515,2.910703730241689,9.248892883575483,8.536892236085677,9.248892883575483,0.0068676132155997055,0.0
srinagar,2026-08-18,10.8,0.0,34.08,74.8,Normal,-0.2874776739830508,Hill / Himalayan orographic,10.8,11.632097694950712,8.859357692138278,4.287873813016994,2.1809741798450784,4.287873813016994,0.0038675619803925,0.0
surat,2026-08-18,1.0,0.6633139252662659,21.17,72.83,Normal,-0.2874776739830508,West-coast orographic,1.0,0.5257562547922133,1.0684585714340211,1.2701615130250208,0.4651350543517015,1.2701615130250208,0.01840109747266483,0.0
thiruvananthapuram,2026-08-18,0.0,1.4242479801177979,8.52,76.94,Normal,-0.2874776739830508,West-coast orographic,0.0,0.0,0.0,1.3708421343462232,0.5561835809556244,1.3708421343462232,0.0036437974778780677,0.0
varanasi,2026-08-18,14.8,0.20186322927474976,25.32,82.97,Normal,-0.2874776739830508,Inland,14.8,17.679171922965967,15.127260957850094,14.503170678656804,27.36048916135258,14.503170678656804,0.06854999209428686,0.0
vijayawada,2026-08-18,0.7,0.0,16.51,80.65,Normal,-0.2874776739830508,Inland,0.7,0.2437354326248169,0.31296958446502693,2.342413301813264,1.7048674851894243,2.342413301813264,0.0014273317752006686,0.0
visakhapatnam,2026-08-18,0.0,0.0,17.69,83.22,Normal,-0.2874776739830508,East coast,0.0,0.0,0.0,1.030647938431456,0.08655305134999178,1.030647938431456,0.0004216025309426726,0.0
agartala,2026-08-19,1.7,0.6930461525917053,23.83,91.29,Normal,-0.09313713206837919,Inland,1.7,0.9970277833938601,0.9401497621863473,5.489450213284344,8.650537287365529,5.489450213284344,6.950327648673355e-05,0.0
ahmedabad,2026-08-19,0.0,0.0,23.02,72.57,Normal,-0.09313713206837919,Inland,0.0,0.0,0.0,0.07389247572876106,0.0,0.07389247572876106,0.00017740478896036718,0.0
amritsar,2026-08-19,0.0,0.0,31.63,74.87,Normal,-0.09313713206837919,Inland,0.0,0.0,0.0,0.5740235488596244,0.0,0.5740235488596244,0.0001310473619171861,0.0
bengaluru,2026-08-19,2.6,0.0,12.97,77.59,Normal,-0.09313713206837919,Inland,2.6,1.7902192115783693,1.766516319115955,3.698171134029024,4.849201657783418,3.698171134029024,0.00012542193174900197,0.0
bhopal,2026-08-19,1.0,0.0,23.26,77.41,Normal,-0.09313713206837919,Inland,1.0,0.46484177827835077,0.5201506912708282,1.4785996213537373,0.44093221218661294,1.4785996213537373,5.6081910805819167e-05,0.0
bhubaneswar,2026-08-19,0.7,0.028124909847974777,20.3,85.82,Normal,-0.09313713206837919,East coast,0.7,0.19160199165344238,0.3441918367147446,1.6511355064753952,0.7033278197674402,1.6511355064753952,0.0001026344836272878,0.0
chandigarh,2026-08-19,3.8000000000000003,43.586830139160156,30.73,76.78,Normal,-0.09313713206837919,Inland,3.8000000000000003,3.1418482208251954,2.943028869628909,5.054461350952606,7.659074315246458,5.054461350952606,0.0001850043620600201,0.0
chennai,2026-08-19,0.0,0.05624496936798096,13.08,80.27,Normal,-0.09313713206837919,East coast,0.0,0.0,0.0,0.7998818254456845,0.0011942064709562937,0.7998818254456845,0.00012864407059737216,0.0
dehradun,2026-08-19,18.6,16.879060745239258,30.32,78.03,Normal,-0.09313713206837919,Hill / Himalayan orographic,18.6,23.679115886688226,28.085376124988883,5.891052052066646,4.40548727255006,5.891052052066646,0.003786383358400047,0.0
delhi,2026-08-19,2.1,0.7805018424987793,28.61,77.21,Normal,-0.09313713206837919,Inland,2.1,1.391552005062495,1.488942687125278,2.776097387602547,2.513908204051222,2.776097387602547,7.038364900020977e-05,0.0
gangtok,2026-08-19,7.4,20.252931594848633,27.33,88.61,Normal,-0.09313713206837919,Hill / Himalayan orographic,7.4,7.274737291708583,4.48322968267259,9.130511629358226,9.196610426586458,9.130511629358226,0.0004378714540525828,0.0
guwahati,2026-08-19,8.5,5.454639434814453,26.14,91.74,Normal,-0.09313713206837919,Inland,8.5,8.017564754486084,7.356924389600754,2.915574854062447,2.6907262179590377,2.915574854062447,8.137117434516217e-05,0.0
hyderabad,2026-08-19,0.8999999999999999,7.887574195861816,17.39,78.49,Normal,-0.09313713206837919,Inland,0.8999999999999999,0.3936737626791,0.40120719671249394,1.4967141049083803,0.4533905178430714,1.4967141049083803,6.503069144032945e-05,0.0
jabalpur,2026-08-19,13.700000000000001,19.42840576171875,23.18,79.95,Normal,-0.09313713206837919,Inland,13.700000000000001,16.14249571005504,13.571204851127346,6.72481219697553,12.399855532175376,6.72481219697553,0.00029445655970906963,0.0
jaipur,2026-08-19,1.7000000000000002,0.0,26.91,75.79,Normal,-0.09313713206837919,Inland,1.7000000000000002,0.9970277833938602,0.9401497621863474,2.2666587851311846,1.611746083749342,2.2666587851311846,4.242963332621036e-05,0.0
jodhpur,2026-08-19,0.0,0.0,26.24,73.02,Normal,-0.09313713206837919,Inland,0.0,0.0,0.0,0.09588563450027135,0.0,0.09588563450027135,4.471571634079056e-05,0.0
kochi,2026-08-19,0.0,11.587024688720703,9.93,76.27,Normal,-0.09313713206837919,West-coast orographic,0.0,0.0,0.0,1.0825387313601795,0.5845712293755753,1.0825387313601795,0.0001200545561750914,0.0
kolkata,2026-08-19,1.9,38.63767623901367,22.57,88.36,Normal,-0.09313713206837919,East coast,1.9,1.1931787276268004,1.3615194609824672,1.7441734436868552,0.7168505720710681,1.7441734436868552,0.00025617873033590327,0.0
lucknow,2026-08-19,8.9,8.972674369812012,26.85,80.95,Normal,-0.09313713206837919,Inland,8.9,8.673454635620116,7.7124120772512335,7.640391979118303,14.320831582152746,7.640391979118303,0.00011991657738245395,0.0
madurai,2026-08-19,0.0,0.05725160613656044,9.93,78.12,Normal,-0.09313713206837919,Inland,0.0,0.0,0.0,0.42807780574148485,0.0,0.42807780574148485,7.235173313089391e-05,0.0
mangaluru,2026-08-19,1.0,37.640281677246094,12.91,74.86,Normal,-0.09313713206837919,West-coast orographic,1.0,0.46484177827835077,1.048635687828064,2.8448782710733225,1.76834839320098,2.8448782710733225,0.00011712565770803899,0.0
mumbai,2026-08-19,1.7000000000000002,3.8157150745391846,19.08,72.88,Normal,-0.09313713206837919,West-coast orographic,1.7000000000000002,0.9970277833938602,2.7317958545684813,6.005062265536513,5.089417780368792,6.005062265536513,0.0001581508891644655,0.0
nagpur,2026-08-19,5.8999999999999995,0.19221262633800507,21.15,79.09,Normal,-0.09313713206837919,Inland,5.8999999999999995,5.332507466346985,5.102249134767838,3.166090625943752,3.563249900209388,3.166090625943752,0.00012091957044455292,0.0
panaji,2026-08-19,14.100000000000001,11.683978080749512,15.49,73.83,Normal,-0.09313713206837919,West-coast orographic,14.100000000000001,16.782614972474146,20.211178658587503,11.03687959360953,12.674360311714127,11.03687959360953,0.0005701734626035986,0.0
patna,2026-08-19,9.9,4.659769058227539,25.59,85.14,Normal,-0.09313713206837919,Inland,9.9,10.05212306218193,8.707114316339363,5.796440615469859,9.631333148262687,5.796440615469859,9.267479267619817e-05,0.0
pune,2026-08-19,0.5,0.7711904048919678,18.52,73.86,Normal,-0.09313713206837919,Inland,0.5,0.08415954880416394,0.10650438353419302,2.2826292432858772,1.6318276899607485,2.2826292432858772,6.320770175402061e-05,0.0
raipur,2026-08-19,50.6,6.4309868812561035,21.25,81.63,Normal,-0.09313713206837919,Inland,50.6,69.98165317858053,45.178273988236775,12.953982316619722,25.579540695612767,12.953982316619722,0.0035312325011614305,0.0
ranchi,2026-08-19,48.7,42.10535430908203,23.34,85.31,Normal,-0.09313713206837919,Inland,48.7,67.48061025989176,44.25867113849772,19.142666787539614,36.55631591047352,19.142666787539614,0.0038233167885418965,0.0
shillong,2026-08-19,2.5,7.605155944824219,25.58,91.89,Normal,-0.09313713206837919,Hill / Himalayan orographic,2.5,1.7369322490692138,0.7792064319986873,4.6680468070006835,2.997818462878538,4.6680468070006835,0.00018741537371635473,0.0
shimla,2026-08-19,7.9,15.903433799743652,31.1,77.17,Normal,-0.09313713206837919,Hill / Himalayan orographic,7.9,7.62546971321106,4.690265393454181,4.867456561544882,3.156838573555552,4.867456561544882,0.00030203834596791927,0.0
srinagar,2026-08-19,8.2,0.0,34.08,74.8,Normal,-0.09313713206837919,Hill / Himalayan orographic,8.2,7.821517233848572,4.791413273811342,0.41405289401460815,0.0,0.41405289401460815,0.000357905231212804,0.0
surat,2026-08-19,1.1,0.0,21.17,72.83,Normal,-0.09313713206837919,West-coast orographic,1.1,0.5299198597669601,1.0886990833282473,0.7817845642854124,0.0038923928285126363,0.7817845642854124,0.00033905271438463853,0.0
thiruvananthapuram,2026-08-19,0.0,0.0,8.52,76.94,Normal,-0.09313713206837919,West-coast orographic,0.0,0.0,0.0,0.3255087030317833,0.0,0.3255087030317833,0.0001200545561750914,0.0
varanasi,2026-08-19,17.3,27.130874633789062,25.32,82.97,Normal,-0.09313713206837919,Inland,17.3,21.104846692757576,17.6616192876789,4.647099112352854,7.027417635009528,4.647099112352854,0.0005060110462637222,0.0
vijayawada,2026-08-19,0.1,4.302905559539795,16.51,80.65,Normal,-0.09313713206837919,Inland,0.1,0.0,0.0,1.0266179691819808,0.06842301727040473,1.0266179691819808,0.00014947544967688564,0.0
visakhapatnam,2026-08-19,0.0,0.0,17.69,83.22,Normal,-0.09313713206837919,East coast,0.0,0.0,0.0,0.6660377810233916,0.0,0.6660377810233916,0.0002994297401473508,0.0
agartala,2026-08-20,0.0,9.997726440429688,23.83,91.29,Normal,0.8450963088396591,Inland,0.0,0.0,0.0,2.506446439162262,2.1608515368065646,2.506446439162262,8.746163640906429e-05,0.0
ahmedabad,2026-08-20,0.0,0.0,23.02,72.57,Normal,0.8450963088396591,Inland,0.0,0.0,0.0,0.0208551121986156,0.0,0.0208551121986156,0.00036450342518017553,0.0
amritsar,2026-08-20,0.1,0.0,31.63,74.87,Normal,0.8450963088396591,Inland,0.1,0.0,0.0,0.22354725794788,0.0,0.22354725794788,0.0001694908653709463,0.0
bengaluru,2026-08-20,0.0,9.94897747039795,12.97,77.59,Normal,0.8450963088396591,Inland,0.0,0.0,0.0,0.3398717765322965,0.0,0.3398717765322965,0.0001226774209794737,0.0
bhopal,2026-08-20,9.2,1.1297460794448853,23.26,77.41,Normal,0.8450963088396591,Inland,9.2,9.067467901229856,7.968959232540054,5.290862284305082,8.14150585352366,5.290862284305082,0.000638664381366908,0.0
bhubaneswar,2026-08-20,11.6,0.0,20.3,85.82,Normal,0.8450963088396591,East coast,11.6,12.661959774411942,20.516026448205444,13.285695675222316,26.460927034495956,13.285695675222316,0.006411992831124618,0.0
chandigarh,2026-08-20,0.4,9.472845077514648,30.73,76.78,Normal,0.8450963088396591,Inland,0.4,0.05846615597605707,0.07022652305662708,0.6892008482288206,0.0,0.6892008482288206,0.00014981368355784818,0.0
chennai,2026-08-20,0.0,0.04477102309465408,13.08,80.27,Normal,0.8450963088396591,East coast,0.0,0.0,0.0,0.4876302181874921,0.0,0.4876302181874921,0.00019344480787777238,0.0
dehradun,2026-08-20,18.4,40.3106803894043,30.32,78.03,Normal,0.8450963088396591,Hill / Himalayan orographic,18.4,23.242880005836476,27.626617697070454,4.363460830981977,2.7613400483202373,4.363460830981977,0.0067388316412448,0.0
delhi,2026-08-20,1.2000000000000002,0.5203345417976379,28.61,77.21,Normal,0.8450963088396591,Inland,1.2000000000000002,0.6436802577972416,0.6284863770008088,0.8542511805144332,0.0,0.8542511805144332,0.00013982606262832493,0.0
gangtok,2026-08-20,5.6000000000000005,0.8815869688987732,27.33,88.61,Normal,0.8450963088396591,Hill / Himalayan orographic,5.6000000000000005,5.052715511322022,2.79997838703932,6.834594990388709,4.893357721909941,6.834594990388709,0.0003609896964489029,0.0
guwahati,2026-08-20,15.0,1.0444945096969604,26.14,91.74,Normal,0.8450963088396591,Inland,15.0,18.04621287401218,14.824162698272795,4.1892995600853515,6.055939610344104,4.1892995600853515,0.0014022635792688787,0.0
hyderabad,2026-08-20,0.6000000000000001,3.6395139694213867,17.39,78.49,Normal,0.8450963088396591,Inland,0.6000000000000001,0.13735415667295453,0.15783813416957904,1.1359585064923887,0.12565164646992427,1.1359585064923887,0.000113447465522882,0.0
jabalpur,2026-08-20,23.5,51.796470642089844,23.18,79.95,Normal,0.8450963088396591,Inland,23.5,32.22841289520268,24.826944578602266,10.04316092568556,19.426084667292145,10.04316092568556,0.10503056418484007,0.0
jaipur,2026-08-20,0.2,0.0,26.91,75.79,Normal,0.8450963088396591,Inland,0.2,0.0,0.0,0.6077153331848539,0.0,0.6077153331848539,7.383538503142688e-05,0.0
jodhpur,2026-08-20,0.0,0.0,26.24,73.02,Normal,0.8450963088396591,Inland,0.0,0.0,0.0,0.08466053583713574,0.0,0.08466053583713574,7.419688446164783e-05,0.0
kochi,2026-08-20,1.0,1.1583919525146484,9.93,76.27,Normal,0.8450963088396591,West-coast orographic,1.0,0.46484177827835077,1.048635687828064,4.342486717980994,3.297954249989209,4.342486717980994,0.0002140859867550112,0.0
kolkata,2026-08-20,0.0,0.0,22.57,88.36,Normal,0.8450963088396591,East coast,0.0,0.0,0.0,0.6911465417298469,0.0,0.6911465417298469,0.00040303090075702205,0.0
lucknow,2026-08-20,6.3999999999999995,15.023032188415527,26.85,80.95,Normal,0.8450963088396591,Inland,6.3999999999999995,6.00491335868836,5.500855230093002,4.1720028882607725,6.003249234566937,4.1720028882607725,0.00028585221880662425,0.0
madurai,2026-08-20,1.3,2.0579030513763428,9.93,78.12,Normal,0.8450963088396591,Inland,1.3,0.729606751203537,0.7077997779846191,1.3411316758645067,0.2857681553450234,1.3411316758645067,0.0001262184950770174,0.0
mangaluru,2026-08-20,4.3,34.65928268432617,12.91,74.86,Normal,0.8450963088396591,West-coast orographic,4.3,3.7001164801915483,7.098344719005081,18.27653852452001,19.40505161121065,18.27653852452001,0.002936872417482677,0.0
mumbai,2026-08-20,3.3000000000000003,5.365706443786621,19.08,72.88,Normal,0.8450963088396591,West-coast orographic,3.3000000000000003,2.552823495864868,5.606785987218222,10.231572321137428,11.712508792859548,10.231572321137428,0.003462051383687942,0.0
nagpur,2026-08-20,10.0,0.1305345892906189,21.15,79.09,Normal,0.8450963088396591,Inland,10.0,10.340840545678363,8.838399696350109,5.860939691874188,9.815526424676145,5.860939691874188,0.0015772760867097844,0.0
panaji,2026-08-20,6.3,12.255050659179688,15.49,73.83,Normal,0.8450963088396591,West-coast orographic,6.3,5.8894814920425445,11.574155187606813,11.12734043631717,12.803731826394694,11.12734043631717,0.003799730810679293,0.0
patna,2026-08-20,0.0,1.3240745067596436,25.59,85.14,Normal,0.8450963088396591,Inland,0.0,0.0,0.0,0.779929365133341,0.0,0.779929365133341,4.618713974840524e-05,0.0
pune,2026-08-20,0.9,1.195016860961914,18.52,73.86,Normal,0.8450963088396591,Inland,0.9,0.3936737626791001,0.45075527280569083,1.647348953068307,0.6805736941790245,1.647348953068307,0.00014262338011513087,0.0
raipur,2026-08-20,6.3,0.5713059306144714,21.25,81.63,Normal,0.8450963088396591,Inland,6.3,5.8894814920425445,5.419894530773163,3.1489107766477513,3.5046372258684526,3.1489107766477513,0.0006472194469598908,0.0
ranchi,2026-08-20,0.8,2.892223596572876,23.34,85.31,Normal,0.8450963088396591,Inland,0.8,0.30780257105827336,0.30778373897075656,1.6823677227698373,0.7204146873324061,1.6823677227698373,5.590152008525153e-05,0.0
shillong,2026-08-20,6.9,0.6905284523963928,25.58,91.89,Normal,0.8450963088396591,Hill / Himalayan orographic,6.9,6.74722357749939,4.169686508122777,4.214798933501381,2.6553214540396617,4.214798933501381,0.0006091748153799437,0.0
shimla,2026-08-20,6.5,2.785794973373413,31.1,77.17,Normal,0.8450963088396591,Hill / Himalayan orographic,6.5,6.120345225334177,3.6272438343365985,2.1466910624721165,0.60628213216449,2.1466910624721165,0.00045526004899676083,0.0
srinagar,2026-08-20,16.5,1.7334004640579224,34.08,74.8,Normal,0.8450963088396591,Hill / Himalayan orographic,16.5,19.816265930043294,25.095214239524232,2.432226943519193,0.8487429747215947,2.432226943519193,0.0028173513319667957,0.0
surat,2026-08-20,0.9,0.0,21.17,72.83,Normal,0.8450963088396591,West-coast orographic,0.9,0.3936737626791001,0.8657927808568282,0.968125657161066,0.16397685915146232,0.968125657161066,0.0008210465494605527,0.0
thiruvananthapuram,2026-08-20,0.0,0.0,8.52,76.94,Normal,0.8450963088396591,West-coast orographic,0.0,0.0,0.0,0.5888263312869922,0.0,0.5888263312869922,0.0002140859867550112,0.0
varanasi,2026-08-20,6.7,0.8626322150230408,25.32,82.97,Normal,0.8450963088396591,Inland,6.7,6.406259253819792,5.704101667404175,2.2456368873188675,1.585693192989078,2.2456368873188675,0.00024645139340876354,0.0
vijayawada,2026-08-20,0.0,0.1774463653564453,16.51,80.65,Normal,0.8450963088396591,Inland,0.0,0.0,0.0,0.4327863635811227,0.0,0.4327863635811227,0.00026074680130858146,0.0
visakhapatnam,2026-08-20,0.0,0.0,17.69,83.22,Normal,0.8450963088396591,East coast,0.0,0.0,0.0,0.4025364960436776,0.0,0.4025364960436776,0.0004284390926736995,0.0
agartala,2026-08-21,0.9,1.090172529220581,23.83,91.29,Normal,-0.29626349761469334,Inland,0.9,0.3936737626791001,0.45075527280569083,4.926220664649436,7.419249106188196,4.926220664649436,6.950327648673355e-05,0.0
ahmedabad,2026-08-21,0.1,0.11832021176815033,23.02,72.57,Normal,-0.29626349761469334,Inland,0.1,0.0,0.0,0.13063900357030556,0.0,0.13063900357030556,0.00017740478896036718,0.0
amritsar,2026-08-21,0.0,1.1259387731552124,31.63,74.87,Normal,-0.29626349761469334,Inland,0.0,0.0,0.0,0.776415260483225,0.0,0.776415260483225,0.0001310473619171861,0.0
bengaluru,2026-08-21,0.0,7.96744441986084,12.97,77.59,Normal,-0.29626349761469334,Inland,0.0,0.0,0.0,0.6357369585019511,0.0,0.6357369585019511,6.717137267312108e-05,0.0
bhopal,2026-08-21,10.4,0.0,23.26,77.41,Normal,-0.29626349761469334,Inland,10.4,10.965734998158045,9.384935397225615,6.119032091122762,10.568504042210513,6.119032091122762,0.00023064564556831246,0.0
bhubaneswar,2026-08-21,0.30000000000000004,1.134439468383789,20.3,85.82,Normal,-0.29626349761469334,East coast,0.30000000000000004,0.011076646335422997,0.09821530058979985,2.0773596635695353,1.1997230164180672,2.0773596635695353,0.0001026344836272878,0.0
chandigarh,2026-08-21,2.3,0.0,30.73,76.78,Normal,-0.29626349761469334,Inland,2.3,1.6303583240509028,1.6329895246691168,6.033903399612177,10.309467637557468,6.033903399612177,0.0001850043620600201,0.0
chennai,2026-08-21,0.0,0.0,13.08,80.27,Normal,-0.29626349761469334,East coast,0.0,0.0,0.0,0.8432498396646545,0.007922180824126941,0.8432498396646545,0.00012864407059737216,0.0
dehradun,2026-08-21,16.2,27.5179443359375,30.32,78.03,Normal,-0.29626349761469334,Hill / Himalayan orographic,16.2,19.476233446045228,24.914712476842542,9.66452242308929,10.543521629760635,9.66452242308929,0.0036600732427310018,0.0
delhi,2026-08-21,0.0,3.279123544692993,28.61,77.21,Normal,-0.29626349761469334,Inland,0.0,0.0,0.0,0.7167426769121968,0.0,0.7167426769121968,7.038364900020977e-05,0.0
gangtok,2026-08-21,2.9000000000000004,35.929874420166016,27.33,88.61,Normal,-0.29626349761469334,Hill / Himalayan orographic,2.9000000000000004,2.13709385275841,0.9810796188603483,8.709978352503677,8.159836420061303,8.709978352503677,0.00012697338069665934,0.0
guwahati,2026-08-21,5.0,11.571256637573242,26.14,91.74,Normal,-0.29626349761469334,Inland,5.0,4.433952093124394,4.323876571655274,2.3403635558591964,1.7044240875564534,2.3403635558591964,9.4354688212146e-05,0.0
hyderabad,2026-08-21,0.30000000000000004,0.15332891047000885,17.39,78.49,Normal,-0.29626349761469334,Inland,0.30000000000000004,0.011076646335422997,0.032558586448431015,1.9036889393763632,0.9749555269053195,1.9036889393763632,6.503069144032945e-05,0.0
jabalpur,2026-08-21,9.9,11.800731658935547,23.18,79.95,Normal,-0.29626349761469334,Inland,9.9,10.05212306218193,8.707114316339363,5.816606443950504,9.688921725130937,5.816606443950504,0.00018364408997790098,0.0
jaipur,2026-08-21,0.4,0.04229104146361351,26.91,75.79,Normal,-0.29626349761469334,Inland,0.4,0.05846615597605707,0.07022652305662708,1.351205576088421,0.2931660141944527,1.351205576088421,4.242963332621036e-05,0.0
jodhpur,2026-08-21,0.0,0.0,26.24,73.02,Normal,-0.29626349761469334,Inland,0.0,0.0,0.0,0.10335572389708413,0.0,0.10335572389708413,4.471571634079056e-05,0.0
kochi,2026-08-21,3.2,0.20088456571102142,9.93,76.27,Normal,-0.29626349761469334,West-coast orographic,3.2,2.474156770706176,5.511437101364137,16.389818473181425,18.328145229198704,16.389818473181425,0.00047138365611636813,0.0
kolkata,2026-08-21,0.9,0.003924792632460594,22.57,88.36,Normal,-0.29626349761469334,East coast,0.9,0.3936737626791001,0.6036270260810853,1.7481064091279022,0.717489107924289,1.7481064091279022,0.00025617873033590327,0.0
lucknow,2026-08-21,1.2000000000000002,0.0,26.85,80.95,Normal,-0.29626349761469334,Inland,1.2000000000000002,0.6436802577972416,0.6284863770008088,1.7870018055093755,0.8324702343041184,1.7870018055093755,4.107741299873265e-05,0.0
madurai,2026-08-21,0.30000000000000004,3.360325574874878,9.93,78.12,Normal,-0.29626349761469334,Inland,0.30000000000000004,0.011076646335422997,0.032558586448431015,1.3365779769174508,0.2824241057411626,1.3365779769174508,7.235173313089391e-05,0.0
mangaluru,2026-08-21,3.1,0.32751092314720154,12.91,74.86,Normal,-0.29626349761469334,West-coast orographic,3.1,2.363227099180223,5.129313087463379,15.739861281681929,18.087442433105913,15.739861281681929,0.00046925927541494647,0.0
mumbai,2026-08-21,3.4000000000000004,0.584871232509613,19.08,72.88,Normal,-0.29626349761469334,West-coast orographic,3.4000000000000004,2.63149022102356,5.702134873072307,9.69646035743863,10.622778142641309,9.69646035743863,0.0005438337314446904,0.0
nagpur,2026-08-21,0.9,0.08239541202783585,21.15,79.09,Normal,-0.29626349761469334,Inland,0.9,0.3936737626791001,0.45075527280569083,1.3872706900323635,0.3432257972192973,1.3872706900323635,5.775736704751399e-05,0.0
panaji,2026-08-21,4.9,12.685476303100586,15.49,73.83,Normal,-0.29626349761469334,West-coast orographic,4.9,4.344295349121097,8.148025781614288,9.452168669810318,9.9100446052858,9.452168669810318,0.000626813895459448,0.0
patna,2026-08-21,0.0,0.0,25.59,85.14,Normal,-0.29626349761469334,Inland,0.0,0.0,0.0,0.9480399528325596,0.030412672459438236,0.9480399528325596,3.670329607567442e-05,0.0
pune,2026-08-21,0.0,1.793426513671875,18.52,73.86,Normal,-0.29626349761469334,Inland,0.0,0.0,0.0,1.028909991596455,0.06971109434288002,1.028909991596455,6.320770175402061e-05,0.0
raipur,2026-08-21,0.2,2.3086674213409424,21.25,81.63,Normal,-0.29626349761469334,Inland,0.2,0.0,0.0,0.9370025036392877,0.02457742589948398,0.9370025036392877,5.067034307502609e-05,0.0
ranchi,2026-08-21,0.2,0.0,23.34,85.31,Normal,-0.29626349761469334,Inland,0.2,0.0,0.0,1.5960285718532812,0.6031576593047567,1.5960285718532812,4.424136648852717e-05,0.0
shillong,2026-08-21,12.4,8.155705451965332,25.58,91.89,Normal,-0.29626349761469334,Hill / Himalayan orographic,12.4,13.889605038960779,13.352066104783932,5.888008532881901,4.402156248190192,5.888008532881901,0.0008798522096862235,0.0
shimla,2026-08-21,7.3999999999999995,4.018665790557861,31.1,77.17,Normal,-0.29626349761469334,Hill / Himalayan orographic,7.3999999999999995,7.274737291708582,4.48322968267259,6.033086299007479,4.484619541855501,6.033086299007479,0.0005013923868443491,0.0
srinagar,2026-08-21,11.4,0.0,34.08,74.8,Normal,-0.29626349761469334,Hill / Himalayan orographic,11.4,12.36304967946017,11.67766510156485,2.491900419815496,1.0918935479008742,2.491900419815496,0.0007418592341666945,0.0
surat,2026-08-21,1.2000000000000002,0.0,21.17,72.83,Normal,-0.29626349761469334,West-coast orographic,1.2000000000000002,0.6436802577972416,1.1287624788284307,0.7519687353860329,0.0,0.7519687353860329,0.00033905271438463853,0.0
thiruvananthapuram,2026-08-21,0.0,0.0,8.52,76.94,Normal,-0.29626349761469334,West-coast orographic,0.0,0.0,0.0,0.4193504362002173,0.0,0.4193504362002173,0.0001200545561750914,0.0
varanasi,2026-08-21,4.2,0.10971397906541824,25.32,82.97,Normal,-0.29626349761469334,Inland,4.2,3.570129098097484,3.5992254567146333,2.389831971772438,1.8327325052881844,2.389831971772438,5.142267918669732e-05,0.0
vijayawada,2026-08-21,0.0,1.659623146057129,16.51,80.65,Normal,-0.29626349761469334,Inland,0.0,0.0,0.0,0.7748222320989431,0.0,0.7748222320989431,0.00014947544967688564,0.0
visakhapatnam,2026-08-21,0.1,0.0,17.69,83.22,Normal,-0.29626349761469334,East coast,0.1,0.0,0.04103416778147222,1.0590709690014855,0.083883422535011,1.0590709690014855,0.0002994297401473508,0.0
agartala,2026-08-22,0.1,36.232147216796875,23.83,91.29,Normal,-0.7057528251088658,Inland,0.1,0.0,0.0,2.875452663091401,2.6377685862717635,2.875452663091401,6.725867628818517e-05,0.0
ahmedabad,2026-08-22,0.0,1.0648819208145142,23.02,72.57,Normal,-0.7057528251088658,Inland,0.0,0.0,0.0,0.008807094183157444,0.0,0.008807094183157444,0.0001663478059296263,0.0
amritsar,2026-08-22,0.30000000000000004,22.94359588623047,31.63,74.87,Normal,-0.7057528251088658,Inland,0.30000000000000004,0.011076646335422997,0.032558586448431015,1.4641959808582654,0.43211478570204187,1.4641959808582654,9.233994352679058e-05,0.0
bengaluru,2026-08-22,0.2,0.6483606100082397,12.97,77.59,Normal,-0.7057528251088658,Inland,0.2,0.0,0.0,0.9350925684529876,0.023567686916278786,0.9350925684529876,6.49623712674964e-05,0.0
bhopal,2026-08-22,10.9,0.8030700087547302,23.26,77.41,Normal,-0.7057528251088658,Inland,10.9,11.573493011547965,10.103355764408034,4.392002669095817,6.512202068437067,4.392002669095817,0.00024338545428308073,0.0
bhubaneswar,2026-08-22,3.7,2.970174789428711,20.3,85.82,Normal,-0.7057528251088658,East coast,3.7,2.9886711072921748,3.9536246318523207,2.6919425522025966,2.627381837662632,2.6919425522025966,0.0003000711871914788,0.0
chandigarh,2026-08-22,4.1,0.0,30.73,76.78,Normal,-0.7057528251088658,Inland,4.1,3.4401417160034184,3.4042805814743065,4.82712848717872,7.305264284566016,4.82712848717872,0.00013691440813045028,0.0
chennai,2026-08-22,0.0,3.1848647594451904,13.08,80.27,Normal,-0.7057528251088658,East coast,0.0,0.0,0.0,0.971909892054162,0.05078633109443263,0.971909892054162,0.00012033355401762952,0.0
dehradun,2026-08-22,17.2,0.0,30.32,78.03,Normal,-0.7057528251088658,Hill / Himalayan orographic,17.2,20.938981558652838,25.55074541074736,9.99782350651008,11.421232596029174,9.99782350651008,0.004055341386372705,0.0
delhi,2026-08-22,1.4000000000000001,9.455474853515625,28.61,77.21,Normal,-0.7057528251088658,Inland,1.4000000000000001,0.8253319668769834,0.7727876687049869,2.167787268889501,1.4902704127673283,2.167787268889501,6.483211075769499e-05,0.0
gangtok,2026-08-22,8.2,0.042641911655664444,27.33,88.61,Normal,-0.7057528251088658,Hill / Himalayan orographic,8.2,7.821517233848572,4.791413273811342,10.7613286212141,13.932233092965177,10.7613286212141,0.0006021286217281498,0.0
guwahati,2026-08-22,18.4,2.6561195850372314,26.14,91.74,Normal,-0.7057528251088658,Inland,18.4,23.242880005836476,18.74089862182223,3.272608577911266,3.8956071392188365,3.272608577911266,0.00023854410692298908,0.0
hyderabad,2026-08-22,0.1,0.2953509986400604,17.39,78.49,Normal,-0.7057528251088658,Inland,0.1,0.0,0.0,1.0152627107356818,0.06204155783774716,1.0152627107356818,6.359456594753317e-05,0.0
jabalpur,2026-08-22,5.6000000000000005,73.61593627929688,23.18,79.95,Normal,-0.7057528251088658,Inland,5.6000000000000005,5.052715511322022,4.863651604806229,3.3429080660334165,4.079237035567813,3.3429080660334165,0.00014269043848813266,0.0
jaipur,2026-08-22,2.1,0.0,26.91,75.79,Normal,-0.7057528251088658,Inland,2.1,1.391552005062495,1.488942687125278,2.235293588613793,1.5730150792228847,2.235293588613793,3.926313669568535e-05,0.0
jodhpur,2026-08-22,0.0,0.0,26.24,73.02,Normal,-0.7057528251088658,Inland,0.0,0.0,0.0,0.08005060711239594,0.0,0.08005060711239594,4.128083704511991e-05,0.0
kochi,2026-08-22,0.2,11.315098762512207,9.93,76.27,Normal,-0.7057528251088658,West-coast orographic,0.2,0.0,0.0,3.518517211404701,2.524060588140688,3.518517211404701,0.00012965274321518195,0.0
kolkata,2026-08-22,0.30000000000000004,0.005965556018054485,22.57,88.36,Normal,-0.7057528251088658,East coast,0.30000000000000004,0.011076646335422997,0.09821530058979985,2.3953279717262923,1.7075824905289505,2.3953279717262923,0.00025512742454779076,0.0
lucknow,2026-08-22,4.3,33.69319534301758,26.85,80.95,Normal,-0.7057528251088658,Inland,4.3,3.7001164801915483,3.7941703319549585,4.186507660085256,6.047434722141956,4.186507660085256,6.210302794937251e-05,0.0
madurai,2026-08-22,0.0,0.0,9.93,78.12,Normal,-0.7057528251088658,Inland,0.0,0.0,0.0,0.3034065126285221,0.0,0.3034065126285221,6.55488347829101e-05,0.0
mangaluru,2026-08-22,3.5,9.933241844177246,12.91,74.86,Normal,-0.7057528251088658,West-coast orographic,3.5,2.7334921073913567,5.797483758926392,19.163682584694893,19.567546455271327,19.163682584694893,0.0011162319465509694,0.0
mumbai,2026-08-22,2.7,2.904527425765991,19.08,72.88,Normal,-0.7057528251088658,West-coast orographic,2.7,1.9060547447204597,4.633356094360352,11.1919571820515,12.896273216849258,11.1919571820515,0.0007117829882257532,0.0
nagpur,2026-08-22,5.4,3.1534650325775146,21.15,79.09,Normal,-0.7057528251088658,Inland,5.4,4.824683316548667,4.694006679904079,3.1029546235718923,3.3160500720323656,3.1029546235718923,0.00025377577298547145,0.0
panaji,2026-08-22,8.7,20.74782943725586,15.49,73.83,Normal,-0.7057528251088658,West-coast orographic,8.7,8.367266171773274,15.54774085878186,15.091326100798762,17.972735893777656,15.091326100798762,0.0008091558001131692,0.0
patna,2026-08-22,0.0,0.0,25.59,85.14,Normal,-0.7057528251088658,Inland,0.0,0.0,0.0,0.8028348914502061,0.0,0.8028348914502061,3.434351605300869e-05,0.0
pune,2026-08-22,0.1,0.6902825236320496,18.52,73.86,Normal,-0.7057528251088658,Inland,0.1,0.0,0.0,1.3313026163820512,0.278550097486833,1.3313026163820512,5.4626979975107005e-05,0.0
raipur,2026-08-22,22.599999999999998,0.6901991963386536,21.25,81.63,Normal,-0.7057528251088658,Inland,22.599999999999998,31.18938972473146,24.026955418695955,5.876441265688112,9.859795053461658,5.876441265688112,0.0013979467619976466,0.0
ranchi,2026-08-22,3.1,0.1587800532579422,23.34,85.31,Normal,-0.7057528251088658,Inland,3.1,2.363227099180223,2.278320927619934,3.873375997311284,5.223357087705182,3.873375997311284,6.566108780409506e-05,0.0
shillong,2026-08-22,21.5,8.333904266357422,25.58,91.89,Normal,-0.7057528251088658,Hill / Himalayan orographic,21.5,29.28742525614282,36.68369337462157,9.303944781726033,9.338219102019115,9.303944781726033,0.0032590503173680245,0.0
shimla,2026-08-22,10.9,4.2001824378967285,31.1,77.17,Normal,-0.7057528251088658,Hill / Himalayan orographic,10.9,11.573493011547965,9.481024931750252,7.994432837162225,6.799436262606343,7.994432837162225,0.00034309280074811194,0.0
srinagar,2026-08-22,12.5,0.08753356337547302,34.08,74.8,Normal,-0.7057528251088658,Hill / Himalayan orographic,12.5,14.045461063385012,13.947502865922566,1.1165597325972398,0.015546065181851932,1.1165597325972398,0.001583184804195206,0.0
surat,2026-08-22,1.2000000000000002,5.841127872467041,21.17,72.83,Normal,-0.7057528251088658,West-coast orographic,1.2000000000000002,0.6436802577972416,1.1287624788284307,0.7917817509305304,0.007561382697131596,0.7917817509305304,0.0003622898837560787,0.0
thiruvananthapuram,2026-08-22,0.0,0.0,8.52,76.94,Normal,-0.7057528251088658,West-coast orographic,0.0,0.0,0.0,0.5004315880904012,0.0,0.5004315880904012,0.00012965274321518195,0.0
varanasi,2026-08-22,8.7,0.0,25.32,82.97,Normal,-0.7057528251088658,Inland,8.7,8.367266171773274,7.518352958779585,3.9515959476562275,5.475654760653207,3.9515959476562275,0.000123280103632346,0.0
vijayawada,2026-08-22,0.0,0.1774463653564453,16.51,80.65,Normal,-0.7057528251088658,Inland,0.0,0.0,0.0,0.6276580340258088,0.0,0.6276580340258088,0.0001354219475781742,0.0
visakhapatnam,2026-08-22,8.7,1.2874823808670044,17.69,83.22,Normal,-0.7057528251088658,East coast,8.7,8.367266171773274,14.764175539591664,5.3021791322004646,9.565227245970723,5.3021791322004646,0.0035789133215999285,0.0
agartala,2026-08-23,2.1,19.81180191040039,23.83,91.29,Normal,-1.4302750101994133,Inland,2.1,1.391552005062495,1.488942687125278,11.793492082785543,23.193234317634275,11.793492082785543,6.229149069365176e-05,0.0
ahmedabad,2026-08-23,0.0,0.0,23.02,72.57,Normal,-1.4302750101994133,Inland,0.0,0.0,0.0,0.0,0.0,0.0,0.00015037438668136417,0.0
amritsar,2026-08-23,2.3000000000000003,0.0,31.63,74.87,Normal,-1.4302750101994133,Inland,2.3000000000000003,1.6303583240509034,1.632989524669117,1.7998980579366617,0.8519330616617963,1.7998980579366617,0.00038728857922433376,0.0
bengaluru,2026-08-23,0.0,0.6653746962547302,12.97,77.59,Normal,-1.4302750101994133,Inland,0.0,0.0,0.0,0.17054208991196462,0.0,0.17054208991196462,5.833569642471002e-05,0.0
bhopal,2026-08-23,23.0,2.000093460083008,23.26,77.41,Normal,-1.4302750101994133,Inland,23.0,31.651177800496445,24.340989654583822,2.4770591907970476,2.0826276870145533,2.4770591907970476,0.0016841515142876672,0.0
bhubaneswar,2026-08-23,36.6,0.22499927878379822,20.3,85.82,Normal,-1.4302750101994133,East coast,36.6,48.597126534149446,66.31568108545135,27.567012900056163,38.13262538233566,27.567012900056163,0.014913143031858448,0.0
chandigarh,2026-08-23,0.0,10.183340072631836,30.73,76.78,Normal,-1.4302750101994133,Inland,0.0,0.0,0.0,0.1289358035597225,0.0,0.1289358035597225,6.370044549878953e-05,0.0
chennai,2026-08-23,0.0,0.09842869639396667,13.08,80.27,Normal,-1.4302750101994133,East coast,0.0,0.0,0.0,0.8972944967974504,0.017691978690549236,0.8972944967974504,0.00010805919168752835,0.0
dehradun,2026-08-23,16.8,4.823648452758789,30.32,78.03,Normal,-1.4302750101994133,Hill / Himalayan orographic,16.8,20.275521022233903,25.26519432239705,8.551132347766732,7.783530126479491,8.551132347766732,0.002688533441595366,0.0
delhi,2026-08-23,0.8,3.3160207271575928,28.61,77.21,Normal,-1.4302750101994133,Inland,0.8,0.30780257105827336,0.30778373897075656,0.805368780829682,0.0,0.805368780829682,6.370044549878953e-05,0.0
gangtok,2026-08-23,19.4,39.862178802490234,27.33,88.61,Normal,-1.4302750101994133,Hill / Himalayan orographic,19.4,24.934442867279042,32.734909668600025,9.745307069389943,10.742750267777174,9.745307069389943,0.0007200480179941685,0.0
guwahati,2026-08-23,22.3,5.578455924987793,26.14,91.74,Normal,-1.4302750101994133,Inland,22.3,30.843048667907723,23.792283253620088,2.891515919008983,2.658970618613308,2.891515919008983,0.0004585371527595963,0.0
hyderabad,2026-08-23,0.1,12.693389892578125,17.39,78.49,Normal,-1.4302750101994133,Inland,0.1,0.0,0.0,0.4454260539590536,0.0,0.4454260539590536,5.7107410079678494e-05,0.0
jabalpur,2026-08-23,2.6,28.045974731445312,23.18,79.95,Normal,-1.4302750101994133,Inland,2.6,1.7902192115783693,1.766516319115955,2.626084899995789,2.3470835505503875,2.626084899995789,0.00011579586260997946,0.0
jaipur,2026-08-23,3.0,0.0,26.91,75.79,Normal,-1.4302750101994133,Inland,3.0,2.2522974276542693,2.1964335918426516,1.5194486542362104,0.48235971419890983,1.5194486542362104,7.164914173290501e-05,0.0
jodhpur,2026-08-23,0.0,0.0,26.24,73.02,Normal,-1.4302750101994133,Inland,0.0,0.0,0.0,0.002498839463626707,0.0,0.002498839463626707,4.056025013710767e-05,0.0
kochi,2026-08-23,0.8,25.406570434570312,9.93,76.27,Normal,-1.4302750101994133,West-coast orographic,0.8,0.30780257105827336,0.8174397361278539,2.585077400660099,1.4174461622032433,2.585077400660099,0.00011642790795744934,0.0
kolkata,2026-08-23,1.2,0.01514071598649025,22.57,88.36,Normal,-1.4302750101994133,East coast,1.2,0.6436802577972414,0.8593703639507292,3.3303659518302102,4.539349731581196,3.3303659518302102,0.00023063097762557463,0.0
lucknow,2026-08-23,2.2,4.36065673828125,26.85,80.95,Normal,-1.4302750101994133,Inland,2.2,1.471287844181062,1.6004108083248134,3.5064030423803625,4.378512136041251,3.5064030423803625,0.0003528427071424037,0.0
madurai,2026-08-23,0.0,0.0,9.93,78.12,Normal,-1.4302750101994133,Inland,0.0,0.0,0.0,0.08205696676118163,0.0,0.08205696676118163,5.886233955216327e-05,0.0
mangaluru,2026-08-23,3.5,9.577320098876953,12.91,74.86,Normal,-1.4302750101994133,West-coast orographic,3.5,2.7334921073913567,5.797483758926392,10.637532873178118,12.1411511686688,10.637532873178118,0.0010290302920215057,0.0
mumbai,2026-08-23,2.2,19.558271408081055,19.08,72.88,Normal,-1.4302750101994133,West-coast orographic,2.2,1.471287844181062,3.385099239349365,5.9300590785031755,5.066806477390345,5.9300590785031755,0.0039009718249330833,0.0
nagpur,2026-08-23,8.9,2.3063361644744873,21.15,79.09,Normal,-1.4302750101994133,Inland,8.9,8.673454635620116,7.7124120772512335,2.8780742965109267,2.6412289032108482,2.8780742965109267,0.00016722343738509676,0.0
panaji,2026-08-23,9.1,5.2348246574401855,15.49,73.83,Normal,-1.4302750101994133,West-coast orographic,9.1,8.93613014602661,15.771173472366934,11.227000560996514,12.946460872958266,11.227000560996514,0.0006560014904334851,0.0
patna,2026-08-23,0.0,0.517924427986145,25.59,85.14,Normal,-1.4302750101994133,Inland,0.0,0.0,0.0,1.2917497770138189,0.24909834119286622,1.2917497770138189,3.374402102079198e-05,0.0
pune,2026-08-23,0.0,1.836872935295105,18.52,73.86,Normal,-1.4302750101994133,Inland,0.0,0.0,0.0,0.40696799036737824,0.0,0.40696799036737824,4.93809366827699e-05,0.0
raipur,2026-08-23,22.2,5.125238418579102,21.25,81.63,Normal,-1.4302750101994133,Inland,22.2,30.727601648966477,23.714059198594796,2.769389021789031,2.5065828371687005,2.769389021789031,0.0005692895841467667,0.0
ranchi,2026-08-23,8.1,2.3046457767486572,23.34,85.31,Normal,-1.4302750101994133,Inland,8.1,7.756168060302734,7.105893175391479,3.9069566342085476,5.315010897525009,3.9069566342085476,0.00022042718995264612,0.0
shillong,2026-08-23,7.800000000000001,1.934126377105713,25.58,91.89,Normal,-1.4302750101994133,Hill / Himalayan orographic,7.800000000000001,7.555323228910565,4.653819752133582,12.290450028421876,19.686742115917216,12.290450028421876,0.001472099732384154,0.0
shimla,2026-08-23,2.5,4.200124740600586,31.1,77.17,Normal,-1.4302750101994133,Hill / Himalayan orographic,2.5,1.7369322490692138,0.7792064319986873,3.343572769759235,1.5415356142804009,3.343572769759235,0.00021677465776318488,0.0
srinagar,2026-08-23,0.5,9.12344741821289,34.08,74.8,Normal,-1.4302750101994133,Hill / Himalayan orographic,0.5,0.08415954880416394,0.0,0.3704876972839117,0.0,0.3704876972839117,7.163214429778385e-05,0.0
surat,2026-08-23,0.8,3.7011165618896484,21.17,72.83,Normal,-1.4302750101994133,West-coast orographic,0.8,0.30780257105827336,0.8174397361278539,0.201502957225832,0.0,0.201502957225832,0.00032750744135656826,0.0
thiruvananthapuram,2026-08-23,0.0,1.832369327545166,8.52,76.94,Normal,-1.4302750101994133,West-coast orographic,0.0,0.0,0.0,0.17084574945553024,0.0,0.17084574945553024,0.00011642790795744934,0.0
varanasi,2026-08-23,2.8,0.0,25.32,82.97,Normal,-1.4302750101994133,Inland,2.8,2.0218902778625494,2.0106269788742064,1.844014105622832,0.9016861691893595,1.844014105622832,8.205063980324004e-05,0.0
vijayawada,2026-08-23,0.0,2.190359592437744,16.51,80.65,Normal,-1.4302750101994133,Inland,0.0,0.0,0.0,0.4935216382442391,0.0,0.4935216382442391,0.0001216087136809613,0.0
visakhapatnam,2026-08-23,17.9,7.464624404907227,17.69,83.22,Normal,-1.4302750101994133,East coast,17.9,22.152290303707115,35.08799199999477,34.867678569644276,47.584976268338316,34.867678569644276,0.05576866456901129,0.0
agartala,2026-08-24,0.30000000000000004,31.685178756713867,23.83,91.29,Normal,-1.0333728393420452,Inland,0.30000000000000004,0.011076646335422997,0.032558586448431015,7.0367675187844805,13.045820459142877,7.0367675187844805,6.229149069365176e-05,0.0
ahmedabad,2026-08-24,0.0,0.11832021176815033,23.02,72.57,Normal,-1.0333728393420452,Inland,0.0,0.0,0.0,0.0011854441135288978,0.0,0.0011854441135288978,0.00015037438668136417,0.0
amritsar,2026-08-24,1.7,0.0,31.63,74.87,Normal,-1.0333728393420452,Inland,1.7,0.9970277833938601,0.9401497621863473,1.7773988562971736,0.8179776099005991,1.7773988562971736,9.072816380286319e-05,0.0
bengaluru,2026-08-24,0.0,11.966999053955078,12.97,77.59,Normal,-1.0333728393420452,Inland,0.0,0.0,0.0,0.4456284020036359,0.0,0.4456284020036359,5.833569642471002e-05,0.0
bhopal,2026-08-24,19.5,16.49012565612793,23.26,77.41,Normal,-1.0333728393420452,Inland,19.5,25.091358739852897,20.1577593797688,2.825038638193402,2.5712266727369824,2.825038638193402,0.0006062334831646072,0.0
bhubaneswar,2026-08-24,6.9,37.373497009277344,20.3,85.82,Normal,-1.0333728393420452,East coast,6.9,6.74722357749939,9.889918995810467,3.084993746155607,4.152229647115479,3.084993746155607,0.001049339757469113,0.0
chandigarh,2026-08-24,1.3,2.2728188037872314,30.73,76.78,Normal,-1.0333728393420452,Inland,1.3,0.729606751203537,0.7077997779846191,2.2508465352958678,1.592078826007858,2.2508465352958678,6.370044549878953e-05,0.0
chennai,2026-08-24,0.2,11.478473663330078,13.08,80.27,Normal,-1.0333728393420452,East coast,0.2,0.0,0.07838589102029801,1.5029236456179491,0.46039850580417024,1.5029236456179491,0.00010805919168752835,0.0
dehradun,2026-08-24,19.4,3.5340020656585693,30.32,78.03,Normal,-1.0333728393420452,Hill / Himalayan orographic,19.4,24.934442867279042,32.734909668600025,7.320182517589938,5.920962365462145,7.320182517589938,0.002592634419981386,0.0
delhi,2026-08-24,0.3,0.17344485223293304,28.61,77.21,Normal,-1.0333728393420452,Inland,0.3,0.0,0.0,0.8513798471769366,0.0,0.8513798471769366,6.370044549878953e-05,0.0
gangtok,2026-08-24,11.4,0.21811328828334808,27.33,88.61,Normal,-1.0333728393420452,Hill / Himalayan orographic,11.4,12.36304967946017,11.67766510156485,19.30899599572215,33.70199918338691,19.30899599572215,0.0017435792415462575,0.0
guwahati,2026-08-24,32.3,12.472637176513672,26.14,91.74,Normal,-1.0333728393420452,Inland,32.3,42.50516188138888,35.82800407667469,12.136916109070361,23.73031293465578,12.136916109070361,0.0010626717175370557,0.0
hyderabad,2026-08-24,2.8,11.065743446350098,17.39,78.49,Normal,-1.0333728393420452,Inland,2.8,2.0218902778625494,2.0106269788742064,2.771232270807736,2.508595618775013,2.771232270807736,0.00016051292349539566,0.0
jabalpur,2026-08-24,9.5,0.0,23.18,79.95,Normal,-1.0333728393420452,Inland,9.5,9.412270646105148,8.212945834222095,4.3159978370062,6.3751098566715365,4.3159978370062,0.0001814878419575408,0.0
jaipur,2026-08-24,6.6,0.0,26.91,75.79,Normal,-1.0333728393420452,Inland,6.6,6.235777091979992,5.642958798408508,1.650891203041663,0.6855600054189009,1.650891203041663,0.00014926309897622404,0.0
jodhpur,2026-08-24,0.0,0.0,26.24,73.02,Normal,-1.0333728393420452,Inland,0.0,0.0,0.0,0.04995954496285401,0.0,0.04995954496285401,4.056025013710767e-05,0.0
kochi,2026-08-24,0.0,34.097232818603516,9.93,76.27,Normal,-1.0333728393420452,West-coast orographic,0.0,0.0,0.0,1.6849184875645986,1.0342463257698,1.6849184875645986,0.00011642790795744934,0.0
kolkata,2026-08-24,6.0,0.11518840491771698,22.57,88.36,Normal,-1.0333728393420452,East coast,6.0,5.445635511498699,6.966395514697739,4.416294476385605,7.224372210192479,4.416294476385605,0.0026844035060243844,0.0
lucknow,2026-08-24,8.4,2.052156925201416,26.85,80.95,Normal,-1.0333728393420452,Inland,8.4,7.952215580940247,7.2925253796577465,5.532210064181326,8.768142360607992,5.532210064181326,0.0001985530372082455,0.0
madurai,2026-08-24,0.0,0.0,9.93,78.12,Normal,-1.0333728393420452,Inland,0.0,0.0,0.0,0.2927269831450896,0.0,0.2927269831450896,5.886233955216327e-05,0.0
mangaluru,2026-08-24,19.1,22.807086944580078,12.91,74.86,Normal,-1.0333728393420452,West-coast orographic,19.1,24.46369524955749,25.96756146153207,16.4213413144317,18.347239141820527,16.4213413144317,0.007004046415778507,0.0
mumbai,2026-08-24,3.1,1.6257685422897339,19.08,72.88,Normal,-1.0333728393420452,West-coast orographic,3.1,2.363227099180223,5.129313087463379,7.4527356796510515,6.819769796695567,7.4527356796510515,0.0006604184575620129,0.0
nagpur,2026-08-24,39.2,4.311720848083496,21.15,79.09,Normal,-1.0333728393420452,Inland,39.2,51.850215370472874,39.888779065363444,14.999799203947068,30.2262610380187,14.999799203947068,0.0029558121752411588,0.0
panaji,2026-08-24,9.2,19.884065628051758,15.49,73.83,Normal,-1.0333728393420452,West-coast orographic,9.2,9.067467901229856,15.857114458802847,12.122832746493838,14.275373394354954,12.122832746493838,0.0005925065037812501,0.0
patna,2026-08-24,0.30000000000000004,0.0,25.59,85.14,Normal,-1.0333728393420452,Inland,0.30000000000000004,0.011076646335422997,0.032558586448431015,2.024535441807601,1.2101956839201111,2.024535441807601,3.374402102079198e-05,0.0
pune,2026-08-24,0.4,0.5526770353317261,18.52,73.86,Normal,-1.0333728393420452,Inland,0.4,0.05846615597605707,0.07022652305662708,1.9509225589585641,1.1066130176234226,1.9509225589585641,4.93809366827699e-05,0.0
raipur,2026-08-24,20.6,20.628786087036133,21.25,81.63,Normal,-1.0333728393420452,Inland,20.6,27.15616686587165,22.462474318190147,5.446561409419864,8.53257754676878,5.446561409419864,0.0005817796545672401,0.0
ranchi,2026-08-24,4.6,20.44133186340332,23.34,85.31,Normal,-1.0333728393420452,Inland,4.6,4.053355861504872,4.033563319444657,4.119030450702841,5.841880754603431,4.119030450702841,0.00020480261407268926,0.0
shillong,2026-08-24,9.1,9.218661308288574,25.58,91.89,Normal,-1.0333728393420452,Hill / Himalayan orographic,9.1,8.93613014602661,6.529847573846337,14.251574721751634,22.932600600896187,14.251574721751634,0.0007780538200217629,0.0
shimla,2026-08-24,3.1,1.4656593799591064,31.1,77.17,Normal,-1.0333728393420452,Hill / Himalayan orographic,3.1,2.363227099180223,1.0943031668663026,5.656616496700257,4.104431878527314,5.656616496700257,0.00021677465776318488,0.0
srinagar,2026-08-24,5.4,0.0,34.08,74.8,Normal,-1.0333728393420452,Hill / Himalayan orographic,5.4,4.824683316548667,2.5968867478292497,0.5646644013289407,0.0,0.5646644013289407,0.0006717429403465402,0.0
surat,2026-08-24,0.5,0.5841127634048462,21.17,72.83,Normal,-1.0333728393420452,West-coast orographic,0.5,0.08415954880416394,0.3202242371439933,0.3354144081449366,0.0,0.3354144081449366,0.00032750744135656826,0.0
thiruvananthapuram,2026-08-24,0.0,10.84518051147461,8.52,76.94,Normal,-1.0333728393420452,West-coast orographic,0.0,0.0,0.0,0.4703957688701428,0.0,0.4703957688701428,0.00011642790795744934,0.0
varanasi,2026-08-24,12.3,1.2412725687026978,25.32,82.97,Normal,-1.0333728393420452,Inland,12.3,13.733749014536544,11.940004612604772,3.5235777615085526,4.4112285296677785,3.5235777615085526,0.00047645166451881966,0.0
vijayawada,2026-08-24,1.8,9.328572273254395,16.51,80.65,Normal,-1.0333728393420452,Inland,1.8,1.0584506392478945,1.1374645042419453,2.287104092394205,1.6374544638941246,2.287104092394205,0.0001216087136809613,0.0
visakhapatnam,2026-08-24,0.0,1.6866148710250854,17.69,83.22,Normal,-1.0333728393420452,East coast,0.0,0.0,0.0,0.890203614309789,0.016414194617692703,0.890203614309789,0.0002268057194864556,0.0
agartala,2026-08-25,0.2,2.1385304927825928,23.83,91.29,Normal,-0.07633188962923886,Inland,0.2,0.0,0.0,3.8527177458046986,5.183026487206223,3.8527177458046986,6.950327648673355e-05,0.0
ahmedabad,2026-08-25,0.0,0.0,23.02,72.57,Normal,-0.07633188962923886,Inland,0.0,0.0,0.0,0.07389247572876106,0.0,0.07389247572876106,0.00017740478896036718,0.0
amritsar,2026-08-25,0.0,0.0,31.63,74.87,Normal,-0.07633188962923886,Inland,0.0,0.0,0.0,0.6207523881448699,0.0,0.6207523881448699,0.0001310473619171861,0.0
bengaluru,2026-08-25,0.4,4.936269283294678,12.97,77.59,Normal,-0.07633188962923886,Inland,0.4,0.05846615597605707,0.07022652305662708,1.4074820231702692,0.38755407033657985,1.4074820231702692,6.717137267312108e-05,0.0
bhopal,2026-08-25,16.3,17.480998992919922,23.26,77.41,Normal,-0.07633188962923886,Inland,16.3,19.58957760737792,16.651612833374468,6.438953725999866,11.667753991721264,6.438953725999866,0.0008726123406170771,0.0
bhubaneswar,2026-08-25,19.4,9.592655181884766,20.3,85.82,Normal,-0.07633188962923886,East coast,19.4,24.934442867279042,37.981908551315584,28.428763876564826,38.911552302527085,28.428763876564826,0.0246060481258737,0.0
chandigarh,2026-08-25,0.0,0.0,30.73,76.78,Normal,-0.07633188962923886,Inland,0.0,0.0,0.0,1.0013290214531518,0.05421106473851696,1.0013290214531518,8.869944783850116e-05,0.0
chennai,2026-08-25,0.5,17.022735595703125,13.08,80.27,Normal,-0.07633188962923886,East coast,0.5,0.08415954880416394,0.17066589772701243,1.3073133216363324,0.17713391206832133,1.3073133216363324,0.00012864407059737216,0.0
dehradun,2026-08-25,0.6,3.584918260574341,30.32,78.03,Normal,-0.07633188962923886,Hill / Himalayan orographic,0.6,0.11061666086316108,0.0,3.865271546779692,2.3333918569100662,3.865271546779692,0.00010008763595537058,0.0
delhi,2026-08-25,0.1,29.08436393737793,28.61,77.21,Normal,-0.07633188962923886,Inland,0.1,0.0,0.0,0.9705651674557231,0.04057060827934849,0.9705651674557231,7.038364900020977e-05,0.0
gangtok,2026-08-25,15.7,2.5516715049743652,27.33,88.61,Normal,-0.07633188962923886,Hill / Himalayan orographic,15.7,18.909512639381784,23.921112192490526,11.467170536712635,17.59612149702379,11.467170536712635,0.0005119568579493652,0.0
guwahati,2026-08-25,13.4,1.933517336845398,26.14,91.74,Normal,-0.07633188962923886,Inland,13.4,15.549504248301195,13.29050452660935,3.42151677166325,4.2266936225574145,3.42151677166325,0.0001265379692946752,0.0
hyderabad,2026-08-25,0.1,9.029736518859863,17.39,78.49,Normal,-0.07633188962923886,Inland,0.1,0.0,0.0,0.9526673711829421,0.032805197873198536,0.9526673711829421,6.503069144032945e-05,0.0
jabalpur,2026-08-25,19.1,20.49763298034668,23.18,79.95,Normal,-0.07633188962923886,Inland,19.1,24.46369524955749,19.509416309225152,5.863178233827138,9.821919142210858,5.863178233827138,0.0008610309528873368,0.0
jaipur,2026-08-25,0.3,15.749846458435059,26.91,75.79,Normal,-0.07633188962923886,Inland,0.3,0.0,0.0,0.714409858199396,0.0,0.714409858199396,4.242963332621036e-05,0.0
jodhpur,2026-08-25,0.0,0.0,26.24,73.02,Normal,-0.07633188962923886,Inland,0.0,0.0,0.0,0.09588563450027135,0.0,0.09588563450027135,4.471571634079056e-05,0.0
kochi,2026-08-25,0.30000000000000004,70.8659896850586,9.93,76.27,Normal,-0.07633188962923886,West-coast orographic,0.30000000000000004,0.011076646335422997,0.0,2.9488919645485803,1.8844718257345108,2.9488919645485803,0.0001200545561750914,0.0
kolkata,2026-08-25,1.4000000000000001,14.0752534866333,22.57,88.36,Normal,-0.07633188962923886,East coast,1.4000000000000001,0.8253319668769834,1.141768524646759,1.819914360475627,0.8840865694513563,1.819914360475627,0.00025617873033590327,0.0
lucknow,2026-08-25,3.3,2.617912769317627,26.85,80.95,Normal,-0.07633188962923886,Inland,3.3,2.5528234958648675,2.454495415687561,4.171377844245026,6.001345180168438,4.171377844245026,5.426398635525797e-05,0.0
madurai,2026-08-25,1.8,0.0,9.93,78.12,Normal,-0.07633188962923886,Inland,1.8,1.0584506392478945,1.1374645042419453,2.0522197238879087,1.2423888984528522,2.0522197238879087,7.235173313089391e-05,0.0
mangaluru,2026-08-25,30.2,42.088836669921875,12.91,74.86,Normal,-0.07633188962923886,West-coast orographic,30.2,39.10752045089567,46.33085942481708,10.242341038624556,11.723879180018837,10.242341038624556,0.008061593654181435,0.0
mumbai,2026-08-25,2.6,1.956844687461853,19.08,72.88,Normal,-0.07633188962923886,West-coast orographic,2.6,1.7902192115783693,4.351380381584167,8.643746662125068,8.249661405906133,8.643746662125068,0.0005438337314446904,0.0
nagpur,2026-08-25,10.1,2.057448387145996,21.15,79.09,Normal,-0.07633188962923886,Inland,10.1,10.629558029174797,8.975033621568985,5.192486513706554,7.934158686073906,5.192486513706554,0.00017088595121304669,0.0
panaji,2026-08-25,7.4,5.047617435455322,15.49,73.83,Normal,-0.07633188962923886,West-coast orographic,7.4,7.274737291708583,13.580580679481468,7.115509613806801,6.368846482341104,7.115509613806801,0.0007133454974049377,0.0
patna,2026-08-25,0.30000000000000004,14.262490272521973,25.59,85.14,Normal,-0.07633188962923886,Inland,0.30000000000000004,0.011076646335422997,0.032558586448431015,2.076751017046232,1.2819571200138453,2.076751017046232,3.670329607567442e-05,0.0
pune,2026-08-25,0.2,1.2809172868728638,18.52,73.86,Normal,-0.07633188962923886,Inland,0.2,0.0,0.0,1.3755885344755323,0.3176040443844691,1.3755885344755323,6.320770175402061e-05,0.0
raipur,2026-08-25,5.9,63.66008377075195,21.25,81.63,Normal,-0.07633188962923886,Inland,5.9,5.332507466346986,5.102249134767839,3.1187798290584645,3.4004634767754074,3.1187798290584645,8.318670824871347e-05,0.0
ranchi,2026-08-25,10.1,12.20818042755127,23.34,85.31,Normal,-0.07633188962923886,Inland,10.1,10.629558029174797,8.975033621568985,5.942941081188928,10.049701941758796,5.942941081188928,0.00011045534419154809,0.0
shillong,2026-08-25,1.4000000000000001,17.977556228637695,25.58,91.89,Normal,-0.07633188962923886,Hill / Himalayan orographic,1.4000000000000001,0.8253319668769834,0.34860641916592916,3.566029368653397,1.8452615539793809,3.566029368653397,0.00014516931203802712,0.0
shimla,2026-08-25,1.7000000000000002,0.0,31.1,77.17,Normal,-0.07633188962923886,Hill / Himalayan orographic,1.7000000000000002,0.9970277833938602,0.4229320765568308,3.5954138640054083,1.8808189754020495,3.5954138640054083,7.925393533282115e-05,0.0
srinagar,2026-08-25,0.7,0.0,34.08,74.8,Normal,-0.07633188962923886,Hill / Himalayan orographic,0.7,0.19160199165344238,0.008778897340400682,0.7357118550666861,0.0,0.7357118550666861,8.269711297731412e-05,0.0
surat,2026-08-25,0.4,0.0,21.17,72.83,Normal,-0.07633188962923886,West-coast orographic,0.4,0.05846615597605707,0.12001954860985281,0.5548597570424733,0.0,0.5548597570424733,0.00033905271438463853,0.0
thiruvananthapuram,2026-08-25,0.0,3.173044443130493,8.52,76.94,Normal,-0.07633188962923886,West-coast orographic,0.0,0.0,0.0,0.270415073950351,0.0,0.270415073950351,0.0001200545561750914,0.0
varanasi,2026-08-25,19.4,81.4900894165039,25.32,82.97,Normal,-0.07633188962923886,Inland,19.4,24.934442867279042,19.947398972214405,4.233561299646789,6.190772930516667,4.233561299646789,0.0005472981453660488,0.0
vijayawada,2026-08-25,0.5,0.15835613012313843,16.51,80.65,Normal,-0.07633188962923886,Inland,0.5,0.08415954880416394,0.10650438353419302,1.3445307716566548,0.28826431178166423,1.3445307716566548,0.00014947544967688564,0.0
visakhapatnam,2026-08-25,0.1,0.22467496991157532,17.69,83.22,Normal,-0.07633188962923886,East coast,0.1,0.0,0.04103416778147222,0.9280617464260565,0.02823181822288312,0.9280617464260565,0.0002994297401473508,0.0
agartala,2026-08-26,4.6,0.6207079887390137,23.83,91.29,Normal,0.9543344840296754,Inland,4.6,3.83244597196579,3.5930684602260587,5.169534076875997,8.121769526859383,5.169534076875997,0.0017968172359276297,0.0
ahmedabad,2026-08-26,0.0,0.0,23.02,72.57,Normal,0.9543344840296754,Inland,0.0,0.0,0.0,0.03173211138266562,0.0,0.03173211138266562,0.00031848037200088913,0.0
amritsar,2026-08-26,0.0,0.0,31.63,74.87,Normal,0.9543344840296754,Inland,0.0,0.0,0.0,0.3020016297528582,0.0,0.3020016297528582,0.00013007807145996847,0.0
bengaluru,2026-08-26,0.4,0.32272782921791077,12.97,77.59,Normal,0.9543344840296754,Inland,0.4,0.051883545517921514,0.06416203230619436,1.2520716422652405,0.21433565993069126,1.2520716422652405,0.00012998762673856843,0.0
bhopal,2026-08-26,23.400000000000002,0.73932284116745,23.26,77.41,Normal,0.9543344840296754,Inland,23.400000000000002,33.410011197044795,26.756831768861005,20.158938458748196,35.195839482298176,20.158938458748196,0.06191355836331437,0.0
bhubaneswar,2026-08-26,6.7,5.078830242156982,20.3,85.82,Normal,0.9543344840296754,East coast,6.7,6.184152555465703,9.410337980403456,0.7167444098274545,0.0034673338460977634,0.7167444098274545,0.004087832198072879,0.0
chandigarh,2026-08-26,0.0,34.755462646484375,30.73,76.78,Normal,0.9543344840296754,Inland,0.0,0.0,0.0,0.31481127254672175,0.0,0.31481127254672175,0.0001188572566377909,0.0
chennai,2026-08-26,3.8000000000000003,3.335669755935669,13.08,80.27,Normal,0.9543344840296754,East coast,3.8000000000000003,2.8981259433428446,4.606620821039726,3.253700696304207,3.7995595687405506,3.253700696304207,0.001353471762815967,0.0
dehradun,2026-08-26,2.3000000000000003,2.27978253364563,30.32,78.03,Normal,0.9543344840296754,Hill / Himalayan orographic,2.3000000000000003,1.5448063988976082,0.41312280317484296,2.867136158472184,1.487836396797542,2.867136158472184,0.0004225518976009751,0.0
delhi,2026-08-26,0.0,9.559788703918457,28.61,77.21,Normal,0.9543344840296754,Inland,0.0,0.0,0.0,0.24672236498390246,0.0,0.24672236498390246,9.996737567159167e-05,0.0
gangtok,2026-08-26,27.2,15.741864204406738,27.33,88.61,Normal,0.9543344840296754,Hill / Himalayan orographic,27.2,37.54860662409353,42.27635949266479,12.077304189287513,17.23374621032053,12.077304189287513,0.0069468956344635934,0.0
guwahati,2026-08-26,22.4,0.5690782070159912,26.14,91.74,Normal,0.9543344840296754,Inland,22.4,31.58943620954243,25.834850575957812,6.804052358807449,12.674210451098656,6.804052358807449,0.0038740463510983725,0.0
hyderabad,2026-08-26,0.1,1.9705606698989868,17.39,78.49,Normal,0.9543344840296754,Inland,0.1,0.0,0.0,0.8906271888347485,0.0,0.8906271888347485,0.00013777752010928274,0.0
jabalpur,2026-08-26,4.1,4.978047847747803,23.18,79.95,Normal,0.9543344840296754,Inland,4.1,3.243907457590102,2.9347902846336362,3.9950418281478712,5.669605493916359,3.9950418281478712,0.001819343332093701,0.0
jaipur,2026-08-26,0.5,0.4967760145664215,26.91,75.79,Normal,0.9543344840296754,Inland,0.5,0.07290436983108506,0.12571098953485477,0.7351634383673445,0.0,0.7351634383673445,7.472896796378417e-05,0.0
jodhpur,2026-08-26,0.0,0.0,26.24,73.02,Normal,0.9543344840296754,Inland,0.0,0.0,0.0,0.049739989506377195,0.0,0.049739989506377195,8.114985205870586e-05,0.0
kochi,2026-08-26,0.8,22.788419723510742,9.93,76.27,Normal,0.9543344840296754,West-coast orographic,0.8,0.2632517403364182,0.7524915838241578,1.642564542312283,1.0074149634370901,1.642564542312283,0.00026270565471333705,0.0
kolkata,2026-08-26,3.0,28.59681510925293,22.57,88.36,Normal,0.9543344840296754,East coast,3.0,2.1361315846443176,3.006687611341475,2.1104276392687766,1.4443977302216073,2.1104276392687766,0.002441285659937651,0.0
lucknow,2026-08-26,8.0,3.2158846855163574,26.85,80.95,Normal,0.9543344840296754,Inland,8.0,7.492655490239461,6.852680217082314,4.771331074167062,7.450176529213968,4.771331074167062,0.0013516404160009315,0.0
madurai,2026-08-26,0.0,0.0,9.93,78.12,Normal,0.9543344840296754,Inland,0.0,0.0,0.0,0.3923558399020183,0.0,0.3923558399020183,0.00019010406010444415,0.0
mangaluru,2026-08-26,15.9,12.06113052368164,12.91,74.86,Normal,0.9543344840296754,West-coast orographic,15.9,19.446341648407156,23.164686412195998,13.164271147335329,15.5345050746982,13.164271147335329,0.01691529777968318,0.0
mumbai,2026-08-26,2.9000000000000004,0.0,19.08,72.88,Normal,0.9543344840296754,West-coast orographic,2.9000000000000004,2.0249235153198244,4.960183979034424,4.594964443655257,3.8997441422888346,4.594964443655257,0.0016643415379728101,0.0
nagpur,2026-08-26,8.4,3.8687584400177,21.15,79.09,Normal,0.9543344840296754,Inland,8.4,7.797538764476776,7.158592166900634,2.628468718829411,2.281420956315956,2.628468718829411,0.0034933517421356017,0.0
panaji,2026-08-26,4.7,9.85906982421875,15.49,73.83,Normal,0.9543344840296754,West-coast orographic,4.7,3.9198514413833623,8.20074836931496,7.5998576495597865,7.487652412142505,7.5998576495597865,0.0025924530050916517,0.0
patna,2026-08-26,0.2,0.39855000376701355,25.59,85.14,Normal,0.9543344840296754,Inland,0.2,0.0,0.0,1.0560294159577532,0.06709732065645507,1.0560294159577532,8.097740455977878e-05,0.0
pune,2026-08-26,0.4,2.0962791442871094,18.52,73.86,Normal,0.9543344840296754,Inland,0.4,0.051883545517921514,0.06416203230619436,0.9930527217263292,0.041420118878196265,0.9930527217263292,0.00013829620501303126,0.0
raipur,2026-08-26,2.6,2.4686670303344727,21.25,81.63,Normal,0.9543344840296754,Inland,2.6,1.7374083399772646,1.6625800546846905,2.8402167243251264,2.684388480307195,2.8402167243251264,0.0016530805829303677,0.0
ranchi,2026-08-26,12.9,0.519561767578125,23.34,85.31,Normal,0.9543344840296754,Inland,12.9,14.944954595798318,12.922585335876965,7.436415349342949,14.295461235630246,7.436415349342949,0.0024413305599840828,0.0
shillong,2026-08-26,1.8,0.6469734311103821,25.58,91.89,Normal,0.9543344840296754,Hill / Himalayan orographic,1.8,1.0590126514434814,0.26035410962852784,4.571325229733344,2.6044519392298024,4.571325229733344,0.00015184416011606333,0.0
shimla,2026-08-26,0.0,9.294727325439453,31.1,77.17,Normal,0.9543344840296754,Hill / Himalayan orographic,0.0,0.0,0.0,0.1562345386396591,0.0,0.1562345386396591,7.977963387446316e-05,0.0
srinagar,2026-08-26,0.0,0.0,34.08,74.8,Normal,0.9543344840296754,Hill / Himalayan orographic,0.0,0.0,0.0,0.04406301807518836,0.0,0.04406301807518836,9.714296417172659e-05,0.0
surat,2026-08-26,0.0,0.0,21.17,72.83,Normal,0.9543344840296754,West-coast orographic,0.0,0.0,0.0,0.11286954371969941,0.0,0.11286954371969941,0.00037981455421267675,0.0
thiruvananthapuram,2026-08-26,0.0,24.151639938354492,8.52,76.94,Normal,0.9543344840296754,West-coast orographic,0.0,0.0,0.0,0.41681962994155,0.0,0.41681962994155,0.00020481145505360192,0.0
varanasi,2026-08-26,26.2,102.40943145751953,25.32,82.97,Normal,0.9543344840296754,Inland,26.2,36.61417357373595,29.810358920839903,15.898762039782707,29.55719085692187,15.898762039782707,0.053385356190619425,0.0
vijayawada,2026-08-26,0.30000000000000004,0.0,16.51,80.65,Normal,0.9543344840296754,Inland,0.30000000000000004,0.00425116578117013,0.03077092375606299,1.258822025466555,0.21957929656864872,1.258822025466555,0.00017041919153312613,0.0
visakhapatnam,2026-08-26,0.0,0.0,17.69,83.22,Normal,0.9543344840296754,East coast,0.0,0.0,0.0,0.22649556138102872,0.0,0.22649556138102872,0.00016064460043448437,0.0
agartala,2026-08-27,5.2,1.3148386478424072,23.83,91.29,Normal,0.7630868889778635,Inland,5.2,4.442211147655134,4.32998904364448,5.771595993788171,9.81018176151282,5.771595993788171,0.006628129073706437,0.0
ahmedabad,2026-08-27,0.0,0.0,23.02,72.57,Normal,0.7630868889778635,Inland,0.0,0.0,0.0,0.06884896258448303,0.0,0.06884896258448303,0.00031848037200088913,0.0
amritsar,2026-08-27,0.0,0.0,31.63,74.87,Normal,0.7630868889778635,Inland,0.0,0.0,0.0,0.36507410696953574,0.0,0.36507410696953574,0.00013007807145996847,0.0
bengaluru,2026-08-27,0.0,1.9042186737060547,12.97,77.59,Normal,0.7630868889778635,Inland,0.0,0.0,0.0,0.5744229742062537,0.0,0.5744229742062537,0.00012998762673856843,0.0
bhopal,2026-08-27,20.0,6.412747383117676,23.26,77.41,Normal,0.7630868889778635,Inland,20.0,26.73812853136232,23.732929542574002,5.784762111236838,9.831660458725148,5.784762111236838,0.010023918667606336,0.0
bhubaneswar,2026-08-27,0.6,0.0,20.3,85.82,Normal,0.7630868889778635,East coast,0.6,0.10018161982297875,0.26528541445732123,0.7403131828609563,0.0053426301567482525,0.7403131828609563,0.00012886560880162682,0.0
chandigarh,2026-08-27,0.0,0.15664547681808472,30.73,76.78,Normal,0.7630868889778635,Inland,0.0,0.0,0.0,0.3791447726770017,0.0,0.3791447726770017,0.0001188572566377909,0.0
chennai,2026-08-27,0.0,0.0,13.08,80.27,Normal,0.7630868889778635,East coast,0.0,0.0,0.0,0.38060733879507713,0.0,0.38060733879507713,0.00014998835202996723,0.0
dehradun,2026-08-27,6.1,3.2528088092803955,30.32,78.03,Normal,0.7630868889778635,Hill / Himalayan orographic,6.1,5.353445358276368,2.599350433096741,3.545581943513017,1.8071971329764782,3.545581943513017,0.002025528568395149,0.0
delhi,2026-08-27,0.0,0.0,28.61,77.21,Normal,0.7630868889778635,Inland,0.0,0.0,0.0,0.3040181715696867,0.0,0.3040181715696867,9.996737567159167e-05,0.0
gangtok,2026-08-27,10.3,1.7424663305282593,27.33,88.61,Normal,0.7630868889778635,Hill / Himalayan orographic,10.3,10.677483464227386,7.509092683245858,7.128482472521104,4.9238167099086825,7.128482472521104,0.0005449350569626187,0.0
guwahati,2026-08-27,5.9,48.89206314086914,26.14,91.74,Normal,0.7630868889778635,Inland,5.9,5.096611941655479,4.716297607421874,2.7389956437631264,2.5255126599095905,2.7389956437631264,0.0004805555376188078,0.0
hyderabad,2026-08-27,0.6000000000000001,0.0,17.39,78.49,Normal,0.7630868889778635,Inland,0.6000000000000001,0.12490495517849934,0.15358470633625987,1.333448457719813,0.2929212726726096,1.333448457719813,0.00013777752010928274,0.0
jabalpur,2026-08-27,12.3,5.796722412109375,23.18,79.95,Normal,0.7630868889778635,Inland,12.3,13.715830453469938,12.053429809123664,9.891718996789871,20.295686316596516,9.891718996789871,0.035354325347218746,0.0
jaipur,2026-08-27,0.0,3.104715347290039,26.91,75.79,Normal,0.7630868889778635,Inland,0.0,0.0,0.0,0.2503318510889015,0.0,0.2503318510889015,7.472896796378417e-05,0.0
jodhpur,2026-08-27,0.0,0.0,26.24,73.02,Normal,0.7630868889778635,Inland,0.0,0.0,0.0,0.09442124677015257,0.0,0.09442124677015257,8.114985205870586e-05,0.0
kochi,2026-08-27,1.8,19.003454208374023,9.93,76.27,Normal,0.7630868889778635,West-coast orographic,1.8,1.0590126514434814,3.08166694164276,5.32699038405309,4.575584752223569,5.32699038405309,0.00026270565471333705,0.0
kolkata,2026-08-27,8.4,9.448921203613281,22.57,88.36,Normal,0.7630868889778635,East coast,8.4,7.797538764476776,11.231271674984773,3.3243224458072143,4.206722352956078,3.3243224458072143,0.012669843259971569,0.0
lucknow,2026-08-27,20.3,7.503305435180664,26.85,80.95,Normal,0.7630868889778635,Inland,20.3,27.318579340022453,24.070398627353153,9.5859885765869,19.71292871119419,9.5859885765869,0.006642167986802454,0.0
madurai,2026-08-27,0.1,0.0,9.93,78.12,Normal,0.7630868889778635,Inland,0.1,0.0,0.0,0.90818083962664,0.0011894633739098948,0.90818083962664,0.00019010406010444415,0.0
mangaluru,2026-08-27,10.4,23.139583587646484,12.91,74.86,Normal,0.7630868889778635,West-coast orographic,10.4,10.810059663745296,18.054923892893076,11.582117074194267,12.816752873986506,11.582117074194267,0.003015305014988471,0.0
mumbai,2026-08-27,1.3,2.9927258491516113,19.08,72.88,Normal,0.7630868889778635,West-coast orographic,1.3,0.6684334588050843,1.3803997373580934,1.733768862103517,1.0886022283863577,1.733768862103517,0.0001996743198672792,0.0
nagpur,2026-08-27,5.3,0.2054474800825119,21.15,79.09,Normal,0.7630868889778635,Inland,5.3,4.520017672452055,4.432723956789281,3.5357195875527982,4.775168656105284,3.5357195875527982,0.012263818998242583,0.0
panaji,2026-08-27,5.9,2.5637054443359375,15.49,73.83,Normal,0.7630868889778635,West-coast orographic,5.9,5.096611941655479,11.516975393602923,8.223341996942578,8.25994151520044,8.223341996942578,0.0015977773057954663,0.0
patna,2026-08-27,5.5,13.34038257598877,25.59,85.14,Normal,0.7630868889778635,Inland,5.5,4.675630722045899,4.57162661743164,4.1506139685500125,6.134534757061119,4.1506139685500125,0.002512942914754766,0.0
pune,2026-08-27,0.2,0.5097268223762512,18.52,73.86,Normal,0.7630868889778635,Inland,0.2,0.0,0.0,1.023687363626728,0.05415295039905238,1.023687363626728,0.00013829620501303126,0.0
raipur,2026-08-27,2.4,0.0,21.25,81.63,Normal,0.7630868889778635,Inland,2.4,1.6323736786842347,1.5883777398812147,2.9554000659787114,3.0144551222558995,2.9554000659787114,0.0016530805829303677,0.0
ranchi,2026-08-27,20.9,3.6844542026519775,23.34,85.31,Normal,0.7630868889778635,Inland,20.9,28.572786583300413,24.574527755525914,21.088957463582418,35.97024984676154,21.088957463582418,0.04663174924217882,0.0
shillong,2026-08-27,8.8,0.591625452041626,25.58,91.89,Normal,0.7630868889778635,Hill / Himalayan orographic,8.8,8.35071144104004,4.831537976264954,3.5656017235316924,1.8155080069186793,3.5656017235316924,0.0008848506589030643,0.0
shimla,2026-08-27,0.0,6.670103549957275,31.1,77.17,Normal,0.7630868889778635,Hill / Himalayan orographic,0.0,0.0,0.0,0.2024388292298403,0.0,0.2024388292298403,7.977963387446316e-05,0.0
srinagar,2026-08-27,0.0,0.0,34.08,74.8,Normal,0.7630868889778635,Hill / Himalayan orographic,0.0,0.0,0.0,0.07000194505155133,0.0,0.07000194505155133,9.714296417172659e-05,0.0
surat,2026-08-27,0.8,0.0,21.17,72.83,Normal,0.7630868889778635,West-coast orographic,0.8,0.2632517403364182,0.7524915838241578,0.6756266059448208,0.0,0.6756266059448208,0.00037981455421267675,0.0
thiruvananthapuram,2026-08-27,3.9,6.141473293304443,8.52,76.94,Normal,0.7630868889778635,West-coast orographic,3.9,3.0089125331242874,7.024319145509174,4.994129337418586,4.297058964539069,4.994129337418586,0.0029269630716907886,0.0
varanasi,2026-08-27,19.8,3.5789220333099365,25.32,82.97,Normal,0.7630868889778635,Inland,19.8,26.351161325588905,23.392352114611832,5.847489335524156,9.933991237915746,5.847489335524156,0.01109434268882996,0.0
vijayawada,2026-08-27,0.0,0.14588215947151184,16.51,80.65,Normal,0.7630868889778635,Inland,0.0,0.0,0.0,0.5477270686781629,0.0,0.5477270686781629,0.00017041919153312613,0.0
visakhapatnam,2026-08-27,1.6,0.25694018602371216,17.69,83.22,Normal,0.7630868889778635,East coast,1.6,0.8873517918586733,1.2874823808670044,2.02032541058688,1.2697969707005128,2.02032541058688,0.00016064460043448437,0.0
agartala,2026-08-28,0.0,33.02699279785156,23.83,91.29,Normal,-0.05935241516261784,Inland,0.0,0.0,0.0,2.5821683824301696,2.2131610492527996,2.5821683824301696,0.00022095861257915114,0.0
ahmedabad,2026-08-28,0.0,0.0,23.02,72.57,Normal,-0.05935241516261784,Inland,0.0,0.0,0.0,0.074287658389349,0.0,0.074287658389349,0.00034729095475368523,0.0
amritsar,2026-08-28,0.0,0.0,31.63,74.87,Normal,-0.05935241516261784,Inland,0.0,0.0,0.0,1.220311589122335,0.18966473780419843,1.220311589122335,0.00015278042414826684,0.0
bengaluru,2026-08-28,0.0,1.0938857793807983,12.97,77.59,Normal,-0.05935241516261784,Inland,0.0,0.0,0.0,0.5606120358372932,0.0,0.5606120358372932,0.00011910959190687429,0.0
bhopal,2026-08-28,5.7,3.3176331520080566,23.26,77.41,Normal,-0.05935241516261784,Inland,5.7,4.870673729578655,4.643962112426757,3.0173416814759304,3.2806131288375897,3.0173416814759304,0.0019896892883950338,0.0
bhubaneswar,2026-08-28,15.8,9.346771240234375,20.3,85.82,Normal,-0.05935241516261784,East coast,15.8,19.309213180786276,31.77656624026415,12.57678180933981,22.643503268345324,12.57678180933981,0.0434013107373502,0.0
chandigarh,2026-08-28,0.0,0.0,30.73,76.78,Normal,-0.05935241516261784,Inland,0.0,0.0,0.0,1.420803119111663,0.3803029947023964,1.420803119111663,0.00014706596885208047,0.0
chennai,2026-08-28,0.0,0.0,13.08,80.27,Normal,-0.05935241516261784,East coast,0.0,0.0,0.0,0.48730868452803144,0.0,0.48730868452803144,0.00012677352401914215,0.0
dehradun,2026-08-28,8.3,3.559511661529541,30.32,78.03,Normal,-0.05935241516261784,Hill / Himalayan orographic,8.3,7.702144728899003,4.4286725198006165,5.602827445864424,3.18321258294855,5.602827445864424,0.0024783328527588208,0.0
delhi,2026-08-28,0.0,6.813577651977539,28.61,77.21,Normal,-0.05935241516261784,Inland,0.0,0.0,0.0,0.826274820652108,0.0,0.826274820652108,0.00014706596885208047,0.0
gangtok,2026-08-28,11.5,4.308094024658203,27.33,88.61,Normal,-0.05935241516261784,Hill / Himalayan orographic,11.5,12.46927068710327,9.807046216375687,11.437202670092228,16.213212532236668,11.437202670092228,0.0008091996309841189,0.0
guwahati,2026-08-28,8.0,19.62301254272461,26.14,91.74,Normal,-0.05935241516261784,Inland,8.0,7.492655490239461,6.852680217082314,1.9782598919579757,1.0351130038365643,1.9782598919579757,0.0005238073754376944,0.0
hyderabad,2026-08-28,0.4,0.0,17.39,78.49,Normal,-0.05935241516261784,Inland,0.4,0.051883545517921514,0.06416203230619436,1.38603543730294,0.3404930122512996,1.38603543730294,0.00013778800360647302,0.0
jabalpur,2026-08-28,9.0,7.038862705230713,23.18,79.95,Normal,-0.05935241516261784,Inland,9.0,8.660989112854004,7.6601781520843515,5.494660862129429,9.224820569724438,5.494660862129429,0.002400015893384298,0.0
jaipur,2026-08-28,0.0,0.0,26.91,75.79,Normal,-0.05935241516261784,Inland,0.0,0.0,0.0,0.2503318510889015,0.0,0.2503318510889015,8.96370452771747e-05,0.0
jodhpur,2026-08-28,0.0,0.0,26.24,73.02,Normal,-0.05935241516261784,Inland,0.0,0.0,0.0,0.11187636126598087,0.0,0.11187636126598087,9.73387408279379e-05,0.0
kochi,2026-08-28,1.9,2.5196518898010254,9.93,76.27,Normal,-0.05935241516261784,West-coast orographic,1.9,1.1749436902999875,3.2777787542343133,2.926783014251789,2.190859857609434,2.926783014251789,0.00021857773946327898,0.0
kolkata,2026-08-28,1.9000000000000001,2.2702059745788574,22.57,88.36,Normal,-0.05935241516261784,East coast,1.9000000000000001,1.1749436902999877,1.4161496579647084,1.669045807460165,0.7132740510835707,1.669045807460165,0.00031887766985713343,0.0
lucknow,2026-08-28,45.6,32.001121520996094,26.85,80.95,Normal,-0.05935241516261784,Inland,45.6,63.607324435626666,50.54311372211943,20.270490313191832,35.288726737082456,20.270490313191832,0.02190174707257071,0.0
madurai,2026-08-28,0.2,1.0339463949203491,9.93,78.12,Normal,-0.05935241516261784,Inland,0.2,0.0,0.0,1.126225471620464,0.12098533383864259,1.126225471620464,0.00018093614675227868,0.0
mangaluru,2026-08-28,1.1,13.090587615966797,12.91,74.86,Normal,-0.05935241516261784,West-coast orographic,1.1,0.5403193739056589,1.0784786999225622,0.8480530811821635,0.135287985107092,0.8480530811821635,0.00022537441864530833,0.0
mumbai,2026-08-28,2.8000000000000003,7.155419826507568,19.08,72.88,Normal,-0.05935241516261784,West-coast orographic,2.8000000000000003,1.907424592971802,4.877932670593261,4.252782950960715,3.5849451041188662,4.252782950960715,0.0012050785661545551,0.0
nagpur,2026-08-28,1.7,2.526498794555664,21.15,79.09,Normal,-0.05935241516261784,Inland,1.7,0.9394948029518129,0.8973734718003722,1.660200965834612,0.6351512330774793,1.660200965834612,0.0001299912132712967,0.0
panaji,2026-08-28,7.3,2.098292350769043,15.49,73.83,Normal,-0.05935241516261784,West-coast orographic,7.3,6.922778454780578,13.222856374556018,4.742509279641884,4.045405900292379,4.742509279641884,0.0009760594490952185,0.0
patna,2026-08-28,0.4,0.0,25.59,85.14,Normal,-0.05935241516261784,Inland,0.4,0.051883545517921514,0.06416203230619436,1.3009110475875791,0.25890777367664386,1.3009110475875791,9.538661107836655e-05,0.0
pune,2026-08-28,0.0,2.2084455490112305,18.52,73.86,Normal,-0.05935241516261784,Inland,0.0,0.0,0.0,0.4869180064462323,0.0,0.4869180064462323,0.00014241071117823218,0.0
raipur,2026-08-28,2.7,0.0,21.25,81.63,Normal,-0.05935241516261784,Inland,2.7,1.7899256706237794,1.7336292354265934,3.1140612058054193,3.6843620016734437,3.1140612058054193,0.0011352918748127072,0.0
ranchi,2026-08-28,22.4,14.542256355285645,23.34,85.31,Normal,-0.05935241516261784,Inland,22.4,31.58943620954243,25.834850575957812,17.30865912675306,32.36640274399072,17.30865912675306,0.014110975499498737,0.0
shillong,2026-08-28,7.4,1.6693367958068848,25.58,91.89,Normal,-0.05935241516261784,Hill / Himalayan orographic,7.4,7.036673997879027,3.563165926933288,3.5379716663333696,1.8040378547902913,3.5379716663333696,0.00221227722440101,0.0
shimla,2026-08-28,0.1,0.3761357069015503,31.1,77.17,Normal,-0.05935241516261784,Hill / Himalayan orographic,0.1,0.0,0.0,1.3888902212181677,0.29554287864161893,1.3888902212181677,0.00011141082716687554,0.0
srinagar,2026-08-28,0.0,0.0,34.08,74.8,Normal,-0.05935241516261784,Hill / Himalayan orographic,0.0,0.0,0.0,0.2775639429211173,0.0,0.2775639429211173,0.00011409785235254715,0.0
surat,2026-08-28,0.5,0.0,21.17,72.83,Normal,-0.05935241516261784,West-coast orographic,0.5,0.07290436983108506,0.1678702159225942,0.33027194870894555,0.0,0.33027194870894555,0.00037607450028014,0.0
thiruvananthapuram,2026-08-28,0.30000000000000004,0.2437354326248169,8.52,76.94,Normal,-0.05935241516261784,West-coast orographic,0.30000000000000004,0.00425116578117013,0.0,0.669616546900407,0.0,0.669616546900407,0.00017040664560425043,0.0
varanasi,2026-08-28,23.2,4.384837627410889,25.32,82.97,Normal,-0.05935241516261784,Inland,23.2,33.04589619954432,26.55948192352674,15.372785214281178,28.602613655800067,15.372785214281178,0.018536072770157196,0.0
vijayawada,2026-08-28,1.1,0.4161451458930969,16.51,80.65,Normal,-0.05935241516261784,Inland,1.1,0.5403193739056589,0.6140910869836811,1.374027415529961,0.32967617843686076,1.374027415529961,0.0001666889497621588,0.0
visakhapatnam,2026-08-28,0.2,0.4123378396034241,17.69,83.22,Normal,-0.05935241516261784,East coast,0.2,0.0,0.0743954479694366,0.8574687707781676,0.048202032834496596,0.8574687707781676,0.00015258953865994872,0.0
agartala,2026-08-29,1.6,19.067970275878906,23.83,91.29,Normal,-0.2182182474793326,Inland,1.6,0.8873517918586733,0.8724366568404134,4.15108403089534,6.135939544186115,4.15108403089534,0.00017476096920587177,0.0
ahmedabad,2026-08-29,0.0,0.0,23.02,72.57,Normal,-0.2182182474793326,Inland,0.0,0.0,0.0,0.058903605175130394,0.0,0.058903605175130394,0.00028875885081505314,0.0
amritsar,2026-08-29,0.0,0.0,31.63,74.87,Normal,-0.2182182474793326,Inland,0.0,0.0,0.0,0.9210657268526506,0.0030973653761643774,0.9210657268526506,0.000132337775605415,0.0
bengaluru,2026-08-29,0.0,0.04983808472752571,12.97,77.59,Normal,-0.2182182474793326,Inland,0.0,0.0,0.0,0.545119275846123,0.0,0.545119275846123,0.00010317177418475034,0.0
bhopal,2026-08-29,6.7,8.326434135437012,23.26,77.41,Normal,-0.2182182474793326,Inland,6.7,6.184152555465703,5.496390056610105,2.514217324377022,2.1058377586714765,2.514217324377022,0.0010823796781250434,0.0
bhubaneswar,2026-08-29,4.6000000000000005,0.0,20.3,85.82,Normal,-0.2182182474793326,East coast,4.6000000000000005,3.832445971965791,4.964839677341648,2.82266047074036,3.1286426333371726,2.82266047074036,0.0006480908045648331,0.0
chandigarh,2026-08-29,0.0,3.8421356678009033,30.73,76.78,Normal,-0.2182182474793326,Inland,0.0,0.0,0.0,1.4535490630692927,0.4270511378061666,1.4535490630692927,0.00012738784049132453,0.0
chennai,2026-08-29,0.0,0.36041948199272156,13.08,80.27,Normal,-0.2182182474793326,East coast,0.0,0.0,0.0,0.47287162421066264,0.0,0.47287162421066264,0.00010445819903314201,0.0
dehradun,2026-08-29,0.0,12.929414749145508,30.32,78.03,Normal,-0.2182182474793326,Hill / Himalayan orographic,0.0,0.0,0.0,1.562706545090697,0.36297411972844096,1.562706545090697,0.00012046861860194423,0.0
delhi,2026-08-29,0.0,0.08672242611646652,28.61,77.21,Normal,-0.2182182474793326,Inland,0.0,0.0,0.0,0.8074428427504559,0.0,0.8074428427504559,0.00012738784049132453,0.0
gangtok,2026-08-29,24.8,0.021933922544121742,27.33,88.61,Normal,-0.2182182474793326,Hill / Himalayan orographic,24.8,35.21790190585944,39.87941434862347,16.763066031447796,26.297164671433716,16.763066031447796,0.0037615673666427153,0.0
guwahati,2026-08-29,11.7,7.695541858673096,26.14,91.74,Normal,-0.2182182474793326,Inland,11.7,12.774086341857908,11.481383542889194,3.690056734224368,5.172861386366082,3.690056734224368,0.0003110586037038483,0.0
hyderabad,2026-08-29,0.0,0.0,17.39,78.49,Normal,-0.2182182474793326,Inland,0.0,0.0,0.0,0.549695829412799,0.0,0.549695829412799,0.00011935116307695827,0.0
jabalpur,2026-08-29,1.9,17.85411834716797,23.18,79.95,Normal,-0.2182182474793326,Inland,1.9,1.1749436902999875,1.065168471336365,2.5210419774541046,2.121255498592453,2.5210419774541046,0.0002145309778155904,0.0
jaipur,2026-08-29,0.0,0.0,26.91,75.79,Normal,-0.2182182474793326,Inland,0.0,0.0,0.0,0.24001511411986282,0.0,0.24001511411986282,7.764258420018088e-05,0.0
jodhpur,2026-08-29,0.0,0.0,26.24,73.02,Normal,-0.2182182474793326,Inland,0.0,0.0,0.0,0.10501544874663372,0.0,0.10501544874663372,8.431379176672357e-05,0.0
kochi,2026-08-29,0.30000000000000004,6.381253242492676,9.93,76.27,Normal,-0.2182182474793326,West-coast orographic,0.30000000000000004,0.00425116578117013,0.0,1.2071085357604667,0.7070220379704342,1.2071085357604667,0.00018933280689425615,0.0
kolkata,2026-08-29,8.0,0.031805168837308884,22.57,88.36,Normal,-0.2182182474793326,East coast,8.0,7.492655490239461,10.487187360127766,3.330161902264868,4.240389167589472,3.330161902264868,0.0021497164780402553,0.0
lucknow,2026-08-29,1.8,6.167220592498779,26.85,80.95,Normal,-0.2182182474793326,Inland,1.8,1.0590126514434814,0.9223102867603311,2.961199639179898,3.0354224246623307,2.961199639179898,8.559212873328471e-05,0.0
madurai,2026-08-29,0.2,0.0,9.93,78.12,Normal,-0.2182182474793326,Inland,0.2,0.0,0.0,1.104221286299591,0.11100013225538378,1.104221286299591,0.00015672673736491594,0.0
mangaluru,2026-08-29,0.30000000000000004,15.130542755126953,12.91,74.86,Normal,-0.2182182474793326,West-coast orographic,0.30000000000000004,0.00425116578117013,0.0,1.106934182131449,0.5905497102753714,1.106934182131449,0.00019522029187953686,0.0
mumbai,2026-08-29,4.0,2.7999048233032227,19.08,72.88,Normal,-0.2182182474793326,West-coast orographic,4.0,3.1196991229057307,7.198091968042508,7.003618001111787,5.858067178828737,7.003618001111787,0.0008427743217177772,0.0
nagpur,2026-08-29,10.6,15.375107765197754,21.15,79.09,Normal,-0.2182182474793326,Inland,10.6,11.075212062781114,9.77573629841208,3.286262718031719,4.271213485798009,3.286262718031719,0.0005699488512969671,0.0
panaji,2026-08-29,2.7,1.0587252378463745,15.49,73.83,Normal,-0.2182182474793326,West-coast orographic,2.7,1.7899256706237794,4.7956813621520995,5.673349081033286,4.83007122033711,5.673349081033286,0.00025899143273557006,0.0
patna,2026-08-29,4.9,0.0,25.59,85.14,Normal,-0.2182182474793326,Inland,4.9,4.094662380218507,3.8436783170700073,4.306580583602793,6.573706345104194,4.306580583602793,0.0002465718985803462,0.0
pune,2026-08-29,0.0,0.37309741973876953,18.52,73.86,Normal,-0.2182182474793326,Inland,0.0,0.0,0.0,0.525106668802578,0.0,0.525106668802578,0.0001233554016580467,0.0
raipur,2026-08-29,3.7,1.8130730390548706,21.25,81.63,Normal,-0.2182182474793326,Inland,3.7,2.7873393535614013,2.603935265541078,3.0773997831169644,3.5565518737642745,3.0773997831169644,0.0004898451803438598,0.0
ranchi,2026-08-29,25.8,22.284072875976562,23.34,85.31,Normal,-0.2182182474793326,Inland,25.8,36.21523881148551,29.23258564447104,18.2643660752028,33.61826259148492,18.2643660752028,0.015832402706264494,0.0
shillong,2026-08-29,9.3,23.641450881958008,25.58,91.89,Normal,-0.2182182474793326,Hill / Himalayan orographic,9.3,9.048245220184329,5.296808215956881,3.8668116609380636,2.219025863509249,3.8668116609380636,0.00027166215334463304,0.0
shimla,2026-08-29,0.0,0.0,31.1,77.17,Normal,-0.2182182474793326,Hill / Himalayan orographic,0.0,0.0,0.0,0.7360954570403938,0.0,0.7360954570403938,9.650306642559577e-05,0.0
srinagar,2026-08-29,0.0,0.0,34.08,74.8,Normal,-0.2182182474793326,Hill / Himalayan orographic,0.0,0.0,0.0,0.2562138727651634,0.0,0.2562138727651634,9.88305792528866e-05,0.0
surat,2026-08-29,1.3,0.0,21.17,72.83,Normal,-0.2182182474793326,West-coast orographic,1.3,0.6684334588050843,1.3803997373580934,1.0727461658296025,0.5578581606925582,1.0727461658296025,0.000350708476442481,0.0
thiruvananthapuram,2026-08-29,0.0,0.0,8.52,76.94,Normal,-0.2182182474793326,West-coast orographic,0.0,0.0,0.0,0.3777937829389604,0.0,0.3777937829389604,0.00014760588437837216,0.0
varanasi,2026-08-29,4.8,0.07814060896635056,25.32,82.97,Normal,-0.2182182474793326,Inland,4.8,4.007256910800934,3.760141698122024,3.3408608833573723,4.369311374240387,3.3408608833573723,0.0006720870475214394,0.0
vijayawada,2026-08-29,0.0,0.0,16.51,80.65,Normal,-0.2182182474793326,Inland,0.0,0.0,0.0,0.6340066512071789,0.0,0.6340066512071789,0.00013734847225337836,0.0
visakhapatnam,2026-08-29,0.0,0.0,17.69,83.22,Normal,-0.2182182474793326,East coast,0.0,0.0,0.0,0.4123230991040507,0.0,0.4123230991040507,0.0001257305179820816,0.0
agartala,2026-08-30,5.4,0.7643027305603027,23.83,91.29,Normal,-0.4916957692229178,Inland,5.4,4.597824197248977,4.535458869934082,7.471067281250965,14.353279808616847,7.471067281250965,0.005496138010077961,0.0
ahmedabad,2026-08-30,0.0,0.0,23.02,72.57,Normal,-0.4916957692229178,Inland,0.0,0.0,0.0,0.06445990282042656,0.0,0.06445990282042656,0.0005054498597911179,0.0
amritsar,2026-08-30,0.0,0.0,31.63,74.87,Normal,-0.4916957692229178,Inland,0.0,0.0,0.0,0.3580736565159795,0.0,0.3580736565159795,0.00017723235334768457,0.0
bengaluru,2026-08-30,0.0,1.4049116373062134,12.97,77.59,Normal,-0.4916957692229178,Inland,0.0,0.0,0.0,0.5755713016089953,0.0,0.5755713016089953,0.00011499074884255762,0.0
bhopal,2026-08-30,0.0,0.0,23.26,77.41,Normal,-0.4916957692229178,Inland,0.0,0.0,0.0,0.48785618008563036,0.0,0.48785618008563036,0.0002939211236777617,0.0
bhubaneswar,2026-08-30,19.6,21.30535125732422,20.3,85.82,Normal,-0.4916957692229178,East coast,19.6,25.964194119815485,41.296904171214294,16.554762080982393,28.10018436093492,16.554762080982393,0.06565223462111403,0.0
chandigarh,2026-08-30,0.0,4.308681011199951,30.73,76.78,Normal,-0.4916957692229178,Inland,0.0,0.0,0.0,0.5977905516527683,0.0,0.5977905516527683,0.0001411154642749292,0.0
chennai,2026-08-30,0.0,1.7317699193954468,13.08,80.27,Normal,-0.4916957692229178,East coast,0.0,0.0,0.0,0.9424248631715411,0.07016912461272574,0.9424248631715411,0.00012842269192530573,0.0
dehradun,2026-08-30,0.0,40.25271224975586,30.32,78.03,Normal,-0.4916957692229178,Hill / Himalayan orographic,0.0,0.0,0.0,1.0992962734431366,0.062182994130935365,1.0992962734431366,0.00014606946191398859,0.0
delhi,2026-08-30,0.0,0.0,28.61,77.21,Normal,-0.4916957692229178,Inland,0.0,0.0,0.0,0.5772366368520696,0.0,0.5772366368520696,0.0001411154642749292,0.0
gangtok,2026-08-30,32.7,25.227869033813477,27.33,88.61,Normal,-0.4916957692229178,Hill / Himalayan orographic,32.7,44.54490149437223,53.79639129777581,17.142263654122928,26.708155204173494,17.142263654122928,0.008125691777280291,0.0
guwahati,2026-08-30,23.7,1.4740197658538818,26.14,91.74,Normal,-0.4916957692229178,Inland,23.7,33.9561836932955,27.052856536862393,4.121211973487972,6.046666531658775,4.121211973487972,0.0037935492530635855,0.0
hyderabad,2026-08-30,0.0,2.4241769313812256,17.39,78.49,Normal,-0.4916957692229178,Inland,0.0,0.0,0.0,0.6268130490145465,0.0,0.6268130490145465,0.00011890569790936085,0.0
jabalpur,2026-08-30,19.599999999999998,3.067249059677124,23.18,79.95,Normal,-0.4916957692229178,Inland,19.599999999999998,25.964194119815478,23.051774686649654,3.691206292550225,5.1751757151753255,3.691206292550225,0.03371885179931305,0.0
jaipur,2026-08-30,0.0,0.0,26.91,75.79,Normal,-0.4916957692229178,Inland,0.0,0.0,0.0,0.26036077500007737,0.0,0.26036077500007737,0.00010728891772477789,0.0
jodhpur,2026-08-30,0.0,0.0,26.24,73.02,Normal,-0.4916957692229178,Inland,0.0,0.0,0.0,0.11239240904558585,0.0,0.11239240904558585,0.00012138262856782326,0.0
kochi,2026-08-30,0.30000000000000004,6.746711254119873,9.93,76.27,Normal,-0.4916957692229178,West-coast orographic,0.30000000000000004,0.00425116578117013,0.0,1.856620175998825,1.1369885533357937,1.856620175998825,0.00021381124841702472,0.0
kolkata,2026-08-30,4.300000000000001,0.14101359248161316,22.57,88.36,Normal,-0.4916957692229178,East coast,4.300000000000001,3.493757362365723,4.895164223968005,5.217097831336567,8.032629861620679,5.217097831336567,0.008322615317490413,0.0
lucknow,2026-08-30,0.0,12.554156303405762,26.85,80.95,Normal,-0.4916957692229178,Inland,0.0,0.0,0.0,0.8289615552112779,0.0,0.8289615552112779,0.00011375661415091103,0.0
madurai,2026-08-30,0.0,0.0,9.93,78.12,Normal,-0.4916957692229178,Inland,0.0,0.0,0.0,0.5014230016752852,0.0,0.5014230016752852,0.0001746796976028574,0.0
mangaluru,2026-08-30,0.9,8.897563934326172,12.91,74.86,Normal,-0.4916957692229178,West-coast orographic,0.9,0.32715512156486504,0.7796361023187638,1.79358745328827,1.112162430547073,1.79358745328827,0.00026667725289826385,0.0
mumbai,2026-08-30,3.8000000000000003,1.1733794212341309,19.08,72.88,Normal,-0.4916957692229178,West-coast orographic,3.8000000000000003,2.8981259433428446,6.85054632297584,8.682506742127973,8.502236428458838,8.682506742127973,0.0012798176285088126,0.0
nagpur,2026-08-30,8.3,19.516746520996094,21.15,79.09,Normal,-0.4916957692229178,Inland,8.3,7.702144728899003,7.082114179446054,2.8034270742827836,2.6276756956426546,2.8034270742827836,0.001358350244456658,0.0
panaji,2026-08-30,6.5,45.401763916015625,15.49,73.83,Normal,-0.4916957692229178,West-coast orographic,6.5,5.658479337692266,12.403867686589559,7.853922621329506,7.724912323202413,7.853922621329506,0.0008978449818249275,0.0
patna,2026-08-30,4.2,36.037288665771484,25.59,85.14,Normal,-0.4916957692229178,Inland,4.2,3.3681157922744744,3.12099802017212,4.04239247291332,5.811113480650508,4.04239247291332,0.00017661419085806973,0.0
pune,2026-08-30,0.0,3.755521535873413,18.52,73.86,Normal,-0.4916957692229178,Inland,0.0,0.0,0.0,0.5964903777872997,0.0,0.5964903777872997,0.00014119108924897755,0.0
raipur,2026-08-30,53.2,8.113716125488281,21.25,81.63,Normal,-0.4916957692229178,Inland,53.2,75.80071971213187,59.29396930036429,12.561910028435287,24.73228451492567,12.561910028435287,0.07110710403821671,0.0
ranchi,2026-08-30,28.3,5.957583904266357,23.34,85.31,Normal,-0.4916957692229178,Inland,28.3,38.328272445991665,32.843668621776445,12.489628545899247,24.645057934914416,12.489628545899247,0.02953566364483997,0.0
shillong,2026-08-30,21.6,9.922536849975586,25.58,91.89,Normal,-0.4916957692229178,Hill / Himalayan orographic,21.6,30.069467965098664,37.75028336907599,9.467424859421415,8.590796951003748,9.467424859421415,0.009228585131784033,0.0
shimla,2026-08-30,0.0,0.0,31.1,77.17,Normal,-0.4916957692229178,Hill / Himalayan orographic,0.0,0.0,0.0,0.3998946290382058,0.0,0.3998946290382058,0.000135781465407298,0.0
srinagar,2026-08-30,0.2,0.0,34.08,74.8,Normal,-0.4916957692229178,Hill / Himalayan orographic,0.2,0.0,0.0,0.4589528468956177,0.0,0.4589528468956177,0.00013997431296817068,0.0
surat,2026-08-30,0.7000000000000001,0.0,21.17,72.83,Normal,-0.4916957692229178,West-coast orographic,0.7000000000000001,0.2159184217453007,0.6337014633417131,0.5550979470538462,0.0,0.5550979470538462,0.000523734297114462,0.0
thiruvananthapuram,2026-08-30,0.0,0.0,8.52,76.94,Normal,-0.4916957692229178,West-coast orographic,0.0,0.0,0.0,0.5318035547771905,0.0,0.5318035547771905,0.00016497870932465024,0.0
varanasi,2026-08-30,19.4,4.582237720489502,25.32,82.97,Normal,-0.4916957692229178,Inland,19.4,25.577226914042058,22.711197258687484,2.1566282522346323,1.3165474974392644,2.1566282522346323,0.005537459270835573,0.0
vijayawada,2026-08-30,0.0,0.0,16.51,80.65,Normal,-0.4916957692229178,Inland,0.0,0.0,0.0,0.7166398847333323,0.0,0.7166398847333323,0.00013683584328968415,0.0
visakhapatnam,2026-08-30,6.7,0.0734114870429039,17.69,83.22,Normal,-0.4916957692229178,East coast,6.7,6.184152555465703,9.410337980403456,4.039623547952266,5.1978027503194255,4.039623547952266,0.001991975240859664,0.0
agartala,2026-08-31,0.8,0.825480043888092,23.83,91.29,Normal,-0.8058062678777715,Inland,0.8,0.2632517403364182,0.3572922068834305,3.8567435852063086,5.503320215609854,3.8567435852063086,0.00017702550134364488,0.0
ahmedabad,2026-08-31,0.0,0.0,23.02,72.57,Normal,-0.8058062678777715,Inland,0.0,0.0,0.0,0.03518549156099157,0.0,0.03518549156099157,0.0004079995999686898,0.0
amritsar,2026-08-31,0.0,0.0,31.63,74.87,Normal,-0.8058062678777715,Inland,0.0,0.0,0.0,0.28770664318302913,0.0,0.28770664318302913,0.00015372520551651058,0.0
bengaluru,2026-08-31,0.0,0.4458889961242676,12.97,77.59,Normal,-0.8058062678777715,Inland,0.0,0.0,0.0,0.4480430622162675,0.0,0.4480430622162675,9.518565206816919e-05,0.0
bhopal,2026-08-31,0.5,0.0,23.26,77.41,Normal,-0.8058062678777715,Inland,0.5,0.07290436983108506,0.12571098953485477,1.0672344391340474,0.07858520139314448,1.0672344391340474,0.0002173125074338415,0.0
bhubaneswar,2026-08-31,2.2,31.884510040283203,20.3,85.82,Normal,-0.8058062678777715,East coast,2.2,1.4551926317955721,1.9410080015659332,4.120593575252274,5.5872835255793625,4.120593575252274,0.0029475402697306747,0.0
chandigarh,2026-08-31,0.0,5.680872440338135,30.73,76.78,Normal,-0.8058062678777715,Inland,0.0,0.0,0.0,0.328705011953488,0.0,0.328705011953488,0.00013265494848139852,0.0
chennai,2026-08-31,0.0,3.864454984664917,13.08,80.27,Normal,-0.8058062678777715,East coast,0.0,0.0,0.0,0.6228100039324579,0.0,0.6228100039324579,0.00010617736031464568,0.0
dehradun,2026-08-31,0.9,33.18067932128906,30.32,78.03,Normal,-0.8058062678777715,Hill / Himalayan orographic,0.9,0.32715512156486504,0.0,1.5815025378203613,0.3679318723393725,1.5815025378203613,0.00015340867813142594,0.0
delhi,2026-08-31,0.0,0.0,28.61,77.21,Normal,-0.8058062678777715,Inland,0.0,0.0,0.0,0.3493804865588796,0.0,0.3493804865588796,0.00013265494848139852,0.0
gangtok,2026-08-31,13.3,39.98589324951172,27.33,88.61,Normal,-0.8058062678777715,Hill / Himalayan orographic,13.3,15.729487070486776,15.01131272315979,7.8621825135337335,6.578786578753361,7.8621825135337335,0.001080275864323841,0.0
guwahati,2026-08-31,87.4,19.905742645263672,26.14,91.74,Normal,-0.8058062678777715,Inland,87.4,107.11615229030667,92.28555926796741,32.03503385871675,51.49311316380515,32.03503385871675,0.07749360789081972,1.0
hyderabad,2026-08-31,0.0,4.9231767654418945,17.39,78.49,Normal,-0.8058062678777715,Inland,0.0,0.0,0.0,0.4738761594621563,0.0,0.4738761594621563,9.95620576224596e-05,0.0
jabalpur,2026-08-31,3.0,0.0,23.18,79.95,Normal,-0.8058062678777715,Inland,3.0,2.1361315846443176,2.1264015674591055,2.9701408464063017,3.067747733662002,2.9701408464063017,0.0009868106019600153,0.0
jaipur,2026-08-31,0.0,0.0,26.91,75.79,Normal,-0.8058062678777715,Inland,0.0,0.0,0.0,0.17720027514394418,0.0,0.17720027514394418,0.00010134737639505335,0.0
jodhpur,2026-08-31,0.0,0.0,26.24,73.02,Normal,-0.8058062678777715,Inland,0.0,0.0,0.0,0.060489338420426,0.0,0.060489338420426,0.00010812613037914733,0.0
kochi,2026-08-31,0.0,1.761573076248169,9.93,76.27,Normal,-0.8058062678777715,West-coast orographic,0.0,0.0,0.0,0.7312980907921945,0.0,0.7312980907921945,0.00015943931603086341,0.0
kolkata,2026-08-31,9.6,0.03983389958739281,22.57,88.36,Normal,-0.8058062678777715,East coast,9.6,9.351743164062501,14.759050102431537,6.240892203656046,9.585144663919069,6.240892203656046,0.0034887576039311172,0.0
lucknow,2026-08-31,0.4,0.14740408957004547,26.85,80.95,Normal,-0.8058062678777715,Inland,0.4,0.051883545517921514,0.06416203230619436,1.6696810100930253,0.6528007836804613,1.6696810100930253,0.00010500514997809829,0.0
madurai,2026-08-31,0.0,0.0,9.93,78.12,Normal,-0.8058062678777715,Inland,0.0,0.0,0.0,0.38292372837268,0.0,0.38292372837268,0.00014626404153011036,0.0
mangaluru,2026-08-31,1.3,26.213871002197266,12.91,74.86,Normal,-0.8058062678777715,West-coast orographic,1.3,0.6684334588050843,1.3803997373580934,1.6912523188391166,1.0602375901580658,1.6912523188391166,0.00018408545520888823,0.0
mumbai,2026-08-31,4.4,1.4065918922424316,19.08,72.88,Normal,-0.8058062678777715,West-coast orographic,4.4,3.6193989324569706,7.671734219085087,7.489649165656638,7.174188545085386,7.489649165656638,0.0019542677274997458,0.0
nagpur,2026-08-31,1.5,0.08586661517620087,21.15,79.09,Normal,-0.8058062678777715,Inland,1.5,0.8352087807655335,0.8410199749958308,1.4139015109890107,0.3704502518838857,1.4139015109890107,0.0001140276008057333,0.0
panaji,2026-08-31,7.2,1.058176040649414,15.49,73.83,Normal,-0.8058062678777715,West-coast orographic,7.2,6.808882911682129,13.147283331399324,7.7243768295169275,7.603935303704045,7.7243768295169275,0.0026067051483399917,0.0
patna,2026-08-31,10.1,0.0,25.59,85.14,Normal,-0.8058062678777715,Inland,10.1,10.234392185211181,9.096953055858611,3.6206445259778697,5.010694786582085,3.6206445259778697,0.0005768686547917037,0.0
pune,2026-08-31,0.0,0.012376896105706692,18.52,73.86,Normal,-0.8058062678777715,Inland,0.0,0.0,0.0,0.4665216861484948,0.0,0.4665216861484948,0.00011209014143649403,0.0
raipur,2026-08-31,42.5,11.961616516113281,21.25,81.63,Normal,-0.8058062678777715,Inland,42.5,59.15755414605088,46.97368578888797,14.742011108830164,27.6516200994116,14.742011108830164,0.042807666337314594,0.0
ranchi,2026-08-31,15.5,13.972370147705078,23.34,85.31,Normal,-0.8058062678777715,Inland,15.5,18.89782777792363,15.979818024947262,4.503344079312475,7.121700275667489,4.503344079312475,0.00200313135628984,0.0
shillong,2026-08-31,23.3,8.757678031921387,25.58,91.89,Normal,-0.8058062678777715,Hill / Himalayan orographic,23.3,33.22795369829456,39.325650316768105,8.722615550648898,7.807076108614863,8.722615550648898,0.005517131302740592,0.0
shimla,2026-08-31,0.30000000000000004,39.373775482177734,31.1,77.17,Normal,-0.8058062678777715,Hill / Himalayan orographic,0.30000000000000004,0.00425116578117013,0.0,1.3196205419909919,0.26604307096286306,1.3196205419909919,0.00013157782386778933,0.0
srinagar,2026-08-31,2.3000000000000003,0.21258683502674103,34.08,74.8,Normal,-0.8058062678777715,Hill / Himalayan orographic,2.3000000000000003,1.5448063988976082,0.41312280317484296,0.74793512351038,0.0,0.74793512351038,0.00024015339641274394,0.0
surat,2026-08-31,0.7000000000000001,0.0,21.17,72.83,Normal,-0.8058062678777715,West-coast orographic,0.7000000000000001,0.2159184217453007,0.6337014633417131,0.33630073931949855,0.0,0.33630073931949855,0.00040037077338482714,0.0
thiruvananthapuram,2026-08-31,0.0,0.4874708652496338,8.52,76.94,Normal,-0.8058062678777715,West-coast orographic,0.0,0.0,0.0,0.4028146417923722,0.0,0.4028146417923722,0.00013656525763934037,0.0
varanasi,2026-08-31,8.8,2.8907933235168457,25.32,82.97,Normal,-0.8058062678777715,Inland,8.8,8.35071144104004,7.504477817535401,2.945480993089209,2.978594517750886,2.945480993089209,0.0017132036692806326,0.0
vijayawada,2026-08-31,0.0,1.8097623586654663,16.51,80.65,Normal,-0.8058062678777715,Inland,0.0,0.0,0.0,0.5730272677389403,0.0,0.5730272677389403,0.00011288154372139036,0.0
visakhapatnam,2026-08-31,0.5,0.0,17.69,83.22,Normal,-0.8058062678777715,East coast,0.5,0.07290436983108506,0.18857544230090253,1.3879371181901767,0.2967234434298198,1.3879371181901767,0.00013534989575303522,0.0
agartala,2026-09-02,1.3,13.19789981842041,23.83,91.29,Normal,-0.18542220900289985,Inland,1.3,0.7707936763763431,0.8094863295555117,5.953641338518971,9.487484826474613,5.953641338518971,0.0002806164393984213,0.0
ahmedabad,2026-09-02,0.0,0.23664042353630066,23.02,72.57,Normal,-0.18542220900289985,Inland,0.0,0.0,0.0,0.026980389646132377,0.0,0.026980389646132377,0.00033395214615911437,0.0
amritsar,2026-09-02,0.0,0.0,31.63,74.87,Normal,-0.18542220900289985,Inland,0.0,0.0,0.0,0.5954209968731455,0.0,0.5954209968731455,0.00036634013544474856,0.0
bengaluru,2026-09-02,0.0,0.0,12.97,77.59,Normal,-0.18542220900289985,Inland,0.0,0.0,0.0,0.44135720373517623,0.0,0.44135720373517623,0.0003230692346980402,0.0
bhopal,2026-09-02,0.1,0.0,23.26,77.41,Normal,-0.18542220900289985,Inland,0.1,0.0,0.0,0.7560271928510237,0.0,0.7560271928510237,0.0001965892599640758,0.0
bhubaneswar,2026-09-02,5.3,0.0,20.3,85.82,Normal,-0.18542220900289985,East coast,5.3,4.6092774868011475,5.099093794822693,1.586741891560233,0.2568884218003642,1.586741891560233,0.003944653974779775,0.0
chandigarh,2026-09-02,1.0,1.4270790815353394,30.73,76.78,Normal,-0.18542220900289985,Inland,1.0,0.5180492579936982,0.678439199924469,0.7107457754256894,0.0,0.7107457754256894,0.00015980143432100535,0.0
chennai,2026-09-02,0.0,0.0,13.08,80.27,Normal,-0.18542220900289985,East coast,0.0,0.0,0.0,0.24322454154159864,0.0,0.24322454154159864,0.00039984554354731384,0.0
dehradun,2026-09-02,26.5,6.9432053565979,30.32,78.03,Normal,-0.18542220900289985,Hill / Himalayan orographic,26.5,37.0807930452278,40.62560434852178,5.266645392876393,3.2377718173699233,5.266645392876393,0.0877150405279292,0.0
delhi,2026-09-02,2.6,2.7367453575134277,28.61,77.21,Normal,-0.18542220900289985,Inland,2.6,1.8803910613060002,1.9317054966427647,1.9043312376345332,0.7909245891347885,1.9043312376345332,0.0002975236119305609,0.0
gangtok,2026-09-02,27.2,26.57552719116211,27.33,88.61,Normal,-0.18542220900289985,Hill / Himalayan orographic,27.2,37.73379669189453,40.94474665413204,5.272487569272332,3.2388890745866457,5.272487569272332,0.0046425343519589084,0.0
guwahati,2026-09-02,3.7,14.19855785369873,26.14,91.74,Normal,-0.18542220900289985,Inland,3.7,3.017921086152395,2.710697078704835,5.335549993972365,7.760991367073117,5.335549993972365,0.00011614904071558242,0.0
hyderabad,2026-09-02,0.0,4.398191452026367,17.39,78.49,Normal,-0.18542220900289985,Inland,0.0,0.0,0.0,0.3722796641254586,0.0,0.3722796641254586,0.0003050667639743076,0.0
jabalpur,2026-09-02,75.3,11.338301658630371,23.18,79.95,Normal,-0.18542220900289985,Inland,75.3,102.21970369752746,84.01647269554422,13.494831896649153,25.70034572804933,13.494831896649153,0.015369519390445702,1.0
jaipur,2026-09-02,0.30000000000000004,0.0,26.91,75.79,Normal,-0.18542220900289985,Inland,0.30000000000000004,0.03951228745281712,0.09679051816463512,0.4652595463747875,0.0,0.4652595463747875,0.0009690678384691765,0.0
jodhpur,2026-09-02,0.0,0.0,26.24,73.02,Normal,-0.18542220900289985,Inland,0.0,0.0,0.0,0.006959156701052522,0.0,0.006959156701052522,0.00010938155543732859,0.0
kochi,2026-09-02,0.4,0.0,9.93,76.27,Normal,-0.18542220900289985,West-coast orographic,0.4,0.08461380749940875,0.08301346927881251,6.938830221277966,5.322759875191877,6.938830221277966,0.002702940374506474,0.0
kolkata,2026-09-02,12.1,23.50339126586914,22.57,88.36,Normal,-0.18542220900289985,East coast,12.1,14.142038687070213,18.815938104258638,7.316086968076247,14.768386815154118,7.316086968076247,0.06507475933140229,0.0
lucknow,2026-09-02,13.3,36.899864196777344,26.85,80.95,Normal,-0.18542220900289985,Inland,13.3,15.840645170211795,14.040537857595352,5.770672258173576,9.034618063922688,5.770672258173576,0.0020585823221338775,0.0
madurai,2026-09-02,0.2,0.0,9.93,78.12,Normal,-0.18542220900289985,Inland,0.2,0.0,0.0,0.7350798773049153,0.0,0.7350798773049153,0.0004660846818992192,0.0
mangaluru,2026-09-02,0.0,3.1209311485290527,12.91,74.86,Normal,-0.18542220900289985,West-coast orographic,0.0,0.0,0.0,2.6036932646731965,1.1142529791322355,2.6036932646731965,0.0019371340279604411,0.0
mumbai,2026-09-02,5.9,4.257719993591309,19.08,72.88,Normal,-0.18542220900289985,West-coast orographic,5.9,5.196389961242682,12.235295028686524,6.199399134508338,4.513166902245327,6.199399134508338,0.0019100847267527253,0.0
nagpur,2026-09-02,2.0,0.05490860715508461,21.15,79.09,Normal,-0.18542220900289985,Inland,2.0,1.3290973919810625,1.479791486241792,2.1779315919048163,1.2033876966184625,2.1779315919048163,0.0002421582468173624,0.0
panaji,2026-09-02,2.6,9.726802825927734,15.49,73.83,Normal,-0.18542220900289985,West-coast orographic,2.6,1.8803910613060002,4.956868267059327,5.199105733255549,3.259285289950347,5.199105733255549,0.0007264883680012733,0.0
patna,2026-09-02,13.6,17.318735122680664,25.59,85.14,Normal,-0.18542220900289985,Inland,13.6,16.316602303260982,14.432525489653774,4.598690764101677,5.948033144508656,4.598690764101677,0.0011776180850337846,0.0
pune,2026-09-02,0.1,0.0,18.52,73.86,Normal,-0.18542220900289985,Inland,0.1,0.0,0.0,0.9084651390358781,0.0,0.9084651390358781,0.0003427803573040679,0.0
raipur,2026-09-02,0.6000000000000001,1.062676191329956,21.25,81.63,Normal,-0.18542220900289985,Inland,0.6000000000000001,0.18623769134283066,0.3133258819580077,0.7613215296814438,0.0,0.7613215296814438,0.0003023236775052537,0.0
ranchi,2026-09-02,14.2,31.459543228149414,23.34,85.31,Normal,-0.18542220900289985,Inland,14.2,17.252849031001965,14.945569501905592,4.494388027101608,5.761497908785023,4.494388027101608,0.0016889922290587397,0.0
shillong,2026-09-02,8.5,39.243682861328125,25.58,91.89,Normal,-0.18542220900289985,Hill / Himalayan orographic,8.5,8.15640002886454,4.800668544769287,3.5946207583531056,1.6934614379085555,3.5946207583531056,0.0007976656989756223,0.0
shimla,2026-09-02,6.2,25.464706420898438,31.1,77.17,Normal,-0.18542220900289985,Hill / Himalayan orographic,6.2,5.578739356994629,2.648023676872254,2.1984938786912274,0.666423739709852,2.1984938786912274,0.0003934228584653116,0.0
srinagar,2026-09-02,5.5,4.00662899017334,34.08,74.8,Normal,-0.18542220900289985,Hill / Himalayan orographic,5.5,4.823671483993531,2.1314974892328653,0.018159501974327415,0.0,0.018159501974327415,0.0014586397745722723,0.0
surat,2026-09-02,0.0,0.5289862751960754,21.17,72.83,Normal,-0.18542220900289985,West-coast orographic,0.0,0.0,0.0,0.15173068420643934,0.0,0.15173068420643934,0.0014671783043710544,0.0
thiruvananthapuram,2026-09-02,0.0,0.0,8.52,76.94,Normal,-0.18542220900289985,West-coast orographic,0.0,0.0,0.0,0.8292007801885976,0.0,0.8292007801885976,0.0015476501955808124,0.0
varanasi,2026-09-02,42.3,16.01776695251465,25.32,82.97,Normal,-0.18542220900289985,Inland,42.3,61.37798144719693,49.601956784628264,20.089581091035008,34.51633185132583,20.089581091035008,0.06295041269996371,0.0
vijayawada,2026-09-02,0.0,0.0,16.51,80.65,Normal,-0.18542220900289985,Inland,0.0,0.0,0.0,0.4833394516181343,0.0,0.4833394516181343,0.0003443275983219958,0.0
visakhapatnam,2026-09-02,0.0,0.0,17.69,83.22,Normal,-0.18542220900289985,East coast,0.0,0.0,0.0,0.11558953321242907,0.0,0.11558953321242907,0.00040425673319624626,0.0
agartala,2026-09-03,18.7,4.037816524505615,23.83,91.29,Normal,0.26879759493749156,Inland,18.7,24.299719674246656,20.90499360891489,8.87435971414641,17.353518962093087,8.87435971414641,0.004978784508042919,0.0
ahmedabad,2026-09-03,0.0,0.0,23.02,72.57,Normal,0.26879759493749156,Inland,0.0,0.0,0.0,0.02026383872185599,0.0,0.02026383872185599,0.00041706262137126293,0.0
amritsar,2026-09-03,0.1,0.0,31.63,74.87,Normal,0.26879759493749156,Inland,0.1,0.0,0.0,0.6695208147280436,0.0,0.6695208147280436,0.00038613769649069253,0.0
bengaluru,2026-09-03,1.0,1.6505608558654785,12.97,77.59,Normal,0.26879759493749156,Inland,1.0,0.5180492579936982,0.678439199924469,0.9316659445144012,0.005225271400495259,0.9316659445144012,0.0004517379140324519,0.0
bhopal,2026-09-03,22.0,1.6026957035064697,23.26,77.41,Normal,0.26879759493749156,Inland,22.0,30.77607000014364,25.917742425392113,16.08715029374409,29.293166998149538,16.08715029374409,0.03960840309157716,0.0
bhubaneswar,2026-09-03,6.8,2.7432658672332764,20.3,85.82,Normal,0.26879759493749156,East coast,6.8,6.330676301320402,9.336091258295367,1.2395342909837164,0.10130010095702681,1.2395342909837164,0.001182071794549565,0.0
chandigarh,2026-09-03,2.5,6.835815906524658,30.73,76.78,Normal,0.26879759493749156,Inland,2.5,1.8227488716443383,1.861364932723396,1.2064897190270192,0.14257085000470712,1.2064897190270192,0.00038003975707276097,0.0
chennai,2026-09-03,0.2,0.0,13.08,80.27,Normal,0.26879759493749156,East coast,0.2,0.0,0.044418284110724945,0.5356781850394932,0.0,0.5356781850394932,0.0005428560185004276,0.0
dehradun,2026-09-03,20.8,32.28029251098633,30.32,78.03,Normal,0.26879759493749156,Hill / Himalayan orographic,20.8,28.574604924913537,36.63115978550995,16.763222850707397,25.220103553241493,16.763222850707397,0.12702579888560833,0.0
delhi,2026-09-03,1.1,1.1814205646514893,28.61,77.21,Normal,0.26879759493749156,Inland,1.1,0.6031225681304928,0.7359539449214936,0.9038636645344438,0.0,0.9038636645344438,0.0001956096572071757,0.0
gangtok,2026-09-03,4.4,11.660117149353027,27.33,88.61,Normal,0.26879759493749156,Hill / Himalayan orographic,4.4,3.748785698932149,1.5032955433608621,4.043151423547465,2.276725026289216,4.043151423547465,0.0004918312379609074,0.0
guwahati,2026-09-03,6.7,0.0,26.14,91.74,Normal,0.26879759493749156,Inland,6.7,6.139780728022268,5.5665234375,4.593021601428111,5.935260848596422,4.593021601428111,0.00030329298694412835,0.0
hyderabad,2026-09-03,2.9000000000000004,1.3207207918167114,17.39,78.49,Normal,0.26879759493749156,Inland,2.9000000000000004,2.171314001083375,2.1920541667938234,2.3690411736551003,1.4954904752221407,2.3690411736551003,0.0005410707048979335,0.0
jabalpur,2026-09-03,6.300000000000001,38.81059646606445,23.18,79.95,Normal,0.26879759493749156,Inland,6.300000000000001,5.671275806427006,5.197164564132689,4.26911897177875,5.448954883823317,4.26911897177875,0.001437919507745007,0.0
jaipur,2026-09-03,1.5,0.13749679923057556,26.91,75.79,Normal,0.26879759493749156,Inland,1.5,0.9489484429359437,0.959488925629474,0.7249455368182811,0.0,0.7249455368182811,0.00017663319209057515,0.0
jodhpur,2026-09-03,0.1,0.0,26.24,73.02,Normal,0.26879759493749156,Inland,0.1,0.0,0.0,0.13942056300858305,0.0,0.13942056300858305,0.00013661091670171135,0.0
kochi,2026-09-03,1.0,0.0,9.93,76.27,Normal,0.26879759493749156,West-coast orographic,1.0,0.5180492579936982,1.381698627471924,5.71852945977484,3.9386244373613764,5.71852945977484,0.00392406806136511,0.0
kolkata,2026-09-03,19.8,68.07449340820312,22.57,88.36,Normal,0.26879759493749156,East coast,19.8,26.43547909248603,38.57026208469289,11.697287619491552,21.689429436881852,11.697287619491552,0.19672720836411786,0.0
lucknow,2026-09-03,18.0,4.222838878631592,26.85,80.95,Normal,0.26879759493749156,Inland,18.0,22.795200347900387,19.869494910302105,10.286562911399526,20.98290346363125,10.286562911399526,0.008051251591213879,0.0
madurai,2026-09-03,3.6,20.40458106994629,9.93,78.12,Normal,0.26879759493749156,Inland,3.6,2.9118268410364783,2.6370297002792364,1.8160031094218334,0.7084004396175304,1.8160031094218334,0.0008346966164836647,0.0
mangaluru,2026-09-03,2.7,0.32342830300331116,12.91,74.86,Normal,0.26879759493749156,West-coast orographic,2.7,1.9756440818309795,5.098022727966309,8.917076698267476,7.76088157031885,8.917076698267476,0.00447110957434064,0.0
mumbai,2026-09-03,13.2,5.478837490081787,19.08,72.88,Normal,0.26879759493749156,West-coast orographic,13.2,15.699179921831407,22.118124464843902,18.707792536882653,22.236457538565052,18.707792536882653,0.03355348002105873,0.0
nagpur,2026-09-03,20.7,9.653395652770996,21.15,79.09,Normal,0.26879759493749156,Inland,20.7,28.370634316278736,23.808200785319013,9.68210511063592,19.408116338815248,9.68210511063592,0.03114216995105387,0.0
panaji,2026-09-03,2.9,12.989325523376465,15.49,73.83,Normal,0.26879759493749156,West-coast orographic,2.9,2.171314001083375,5.26228964522549,4.43004733242711,2.813738421123591,4.43004733242711,0.0011286779398852816,0.0
patna,2026-09-03,3.9,5.071717262268066,25.59,85.14,Normal,0.26879759493749156,Inland,3.9,3.2362297892570493,2.9193588829040595,4.016807315969422,4.9377931056966595,4.016807315969422,0.00012935257696054922,0.0
pune,2026-09-03,0.0,6.410261631011963,18.52,73.86,Normal,0.26879759493749156,Inland,0.0,0.0,0.0,0.27286262737479444,0.0,0.27286262737479444,0.00042808696340631815,0.0
raipur,2026-09-03,41.8,13.867542266845703,21.25,81.63,Normal,0.26879759493749156,Inland,41.8,60.58170093099761,48.934096644952035,18.83213479709333,32.705099071745394,18.83213479709333,0.06725566240152679,0.0
ranchi,2026-09-03,0.5,5.446104526519775,23.34,85.31,Normal,0.26879759493749156,Inland,0.5,0.11228836327791214,0.20351198464632048,1.4712882707903354,0.32720542382564666,1.4712882707903354,0.0002535074239529962,0.0
shillong,2026-09-03,6.4,3.7221784591674805,25.58,91.89,Normal,0.26879759493749156,Hill / Himalayan orographic,6.4,5.763812255859381,2.760991222063701,4.204450004172767,2.343704858907023,4.204450004172767,0.0010216250418383739,0.0
shimla,2026-09-03,4.1000000000000005,10.451937675476074,31.1,77.17,Normal,0.26879759493749156,Hill / Himalayan orographic,4.1000000000000005,3.451973311106364,1.3995554112496777,1.7788721226259763,0.37417968613295854,1.7788721226259763,0.00024414717082199273,0.0
srinagar,2026-09-03,7.8,0.0,34.08,74.8,Normal,0.26879759493749156,Hill / Himalayan orographic,7.8,7.424937963485718,3.7173422535606053,0.0,0.0,0.0,0.000748183412736387,0.0
surat,2026-09-03,0.0,0.8761691451072693,21.17,72.83,Normal,0.26879759493749156,West-coast orographic,0.0,0.0,0.0,0.05484671482742001,0.0,0.05484671482742001,0.0020777345848723115,0.0
thiruvananthapuram,2026-09-03,0.0,0.0,8.52,76.94,Normal,0.26879759493749156,West-coast orographic,0.0,0.0,0.0,0.48983000547668476,0.0,0.48983000547668476,0.0021003268242352946,0.0
varanasi,2026-09-03,17.9,4.0439629554748535,25.32,82.97,Normal,0.26879759493749156,Inland,17.9,22.647099240620925,19.728383377867864,12.005154581207613,23.54512095687903,12.005154581207613,0.03160046759475789,0.0
vijayawada,2026-09-03,2.2,0.09260683506727219,16.51,80.65,Normal,0.26879759493749156,Inland,2.2,1.5516915321350098,1.644066893603352,2.800207982726765,2.263614252414331,2.800207982726765,0.0013513857102522599,0.0
visakhapatnam,2026-09-03,0.1,0.0,17.69,83.22,Normal,0.26879759493749156,East coast,0.1,0.0,0.0062104324810206895,0.3762839207822973,0.0,0.3762839207822973,0.0004454964826245671,0.0
agartala,2026-09-04,1.8,2.4989821910858154,23.83,91.29,Normal,0.014522423168834862,Inland,1.8,1.1093505442142482,1.1319663286209114,7.598971594188954,14.348200654748835,7.598971594188954,0.0003284365205946609,0.0
ahmedabad,2026-09-04,0.0,0.0,23.02,72.57,Normal,0.014522423168834862,Inland,0.0,0.0,0.0,0.02026383872185599,0.0,0.02026383872185599,0.0004406989743207354,0.0
amritsar,2026-09-04,0.0,0.0,31.63,74.87,Normal,0.014522423168834862,Inland,0.0,0.0,0.0,0.7675354845059209,0.0,0.7675354845059209,0.00043024679361449163,0.0
bengaluru,2026-09-04,0.0,3.876821517944336,12.97,77.59,Normal,0.014522423168834862,Inland,0.0,0.0,0.0,0.28433443695557936,0.0,0.28433443695557936,0.00040854920970157275,0.0
bhopal,2026-09-04,27.0,9.755139350891113,23.26,77.41,Normal,0.014522423168834862,Inland,27.0,37.547224221418325,33.53317065661469,18.86178437391061,32.747806490496295,18.86178437391061,0.06908224337850481,0.0
bhubaneswar,2026-09-04,7.6000000000000005,0.042187366634607315,20.3,85.82,Normal,0.014522423168834862,East coast,7.6000000000000005,7.264673662185671,9.528448324117404,1.1428839151114554,0.08430443570676276,1.1428839151114554,0.001401335913100133,0.0
chandigarh,2026-09-04,3.6,43.63813018798828,30.73,76.78,Normal,0.014522423168834862,Inland,3.6,2.9118268410364783,2.6370297002792364,1.8457088879514318,0.7266179873855835,1.8457088879514318,0.0004234525723714504,0.0
chennai,2026-09-04,0.6000000000000001,10.962789535522461,13.08,80.27,Normal,0.014522423168834862,East coast,0.6000000000000001,0.18623769134283066,0.22471996724605564,0.758574631445046,0.0003429342120412382,0.758574631445046,0.0006628767787527044,0.0
dehradun,2026-09-04,10.2,3.812687635421753,30.32,78.03,Normal,0.014522423168834862,Hill / Himalayan orographic,10.2,10.982649254798892,7.980682225987532,4.162055605639975,2.326100428002232,4.162055605639975,0.002621965502771562,0.0
delhi,2026-09-04,1.9,0.7234600186347961,28.61,77.21,Normal,0.014522423168834862,Inland,1.9,1.2350111603736877,1.260149874687195,1.8589297949011403,0.7347259217948202,1.8589297949011403,0.00021795919180965477,0.0
gangtok,2026-09-04,11.1,7.357221603393555,27.33,88.61,Normal,0.014522423168834862,Hill / Himalayan orographic,11.1,12.333030738830562,9.315358170874324,8.166486037529403,7.808100190113831,8.166486037529403,0.0009714821945210612,0.0
guwahati,2026-09-04,21.8,10.65594482421875,26.14,91.74,Normal,0.014522423168834862,Inland,21.8,30.409159154271958,25.556986008726092,4.69838288846759,6.17263374001771,4.69838288846759,0.0020106821927609038,0.0
hyderabad,2026-09-04,1.2,0.0,17.39,78.49,Normal,0.014522423168834862,Inland,1.2,0.6829261332750318,0.7727201372385026,1.1111955847375674,0.10299030649652474,1.1111955847375674,0.0004507435142634638,0.0
jabalpur,2026-09-04,10.3,8.968439102172852,23.18,79.95,Normal,0.014522423168834862,Inland,10.3,11.192476093769079,9.702853248596195,5.009421220443913,7.230706478479187,5.009421220443913,0.0011422292917843996,0.0
jaipur,2026-09-04,5.3,0.0,26.91,75.79,Normal,0.014522423168834862,Inland,5.3,4.6092774868011475,4.317414283752442,2.3604435158363413,1.4761410360388374,2.3604435158363413,0.0010383104176511237,0.0
jodhpur,2026-09-04,0.1,0.0,26.24,73.02,Normal,0.014522423168834862,Inland,0.1,0.0,0.0,0.15058095559024506,0.0,0.15058095559024506,0.00014435541594199516,0.0
kochi,2026-09-04,0.1,0.0,9.93,76.27,Normal,0.014522423168834862,West-coast orographic,0.1,0.0,0.0,3.9609492999810545,2.191019995466781,3.9609492999810545,0.0038742982407588586,0.0
kolkata,2026-09-04,7.7,10.235962867736816,22.57,88.36,Normal,0.014522423168834862,East coast,7.7,7.344805812835695,9.569742216360845,3.5732584286356217,3.2195347682251887,3.5732584286356217,0.00361774564762319,0.0
lucknow,2026-09-04,8.5,10.0405855178833,26.85,80.95,Normal,0.014522423168834862,Inland,8.5,8.15640002886454,7.157466294894665,3.8604378311717245,4.52419168145255,3.8604378311717245,0.0005842223075598947,0.0
madurai,2026-09-04,1.0,7.147037982940674,9.93,78.12,Normal,0.014522423168834862,Inland,1.0,0.5180492579936982,0.678439199924469,0.7575254443511704,0.0,0.7575254443511704,0.0006885984157796835,0.0
mangaluru,2026-09-04,0.0,2.9966015815734863,12.91,74.86,Normal,0.014522423168834862,West-coast orographic,0.0,0.0,0.0,1.8774510177804857,0.7200759765749001,1.8774510177804857,0.0028977792709134398,0.0
mumbai,2026-09-04,8.0,1.5778412818908691,19.08,72.88,Normal,0.014522423168834862,West-coast orographic,8.0,7.597891154289245,15.432271058473656,6.486088922252596,4.820255532047313,6.486088922252596,0.004132439266798742,0.0
nagpur,2026-09-04,8.2,2.7731964588165283,21.15,79.09,Normal,0.014522423168834862,Inland,8.2,7.783533234596251,6.855943537275187,2.8583300114450023,2.407976350956726,2.8583300114450023,0.0011944758597160958,0.0
panaji,2026-09-04,16.4,8.12071418762207,15.49,73.83,Normal,0.014522423168834862,West-coast orographic,16.4,20.200712149483817,24.732638301034545,11.577646329869387,12.385320477180494,11.577646329869387,0.010168794320614913,0.0
patna,2026-09-04,12.8,0.6130241751670837,25.59,85.14,Normal,0.014522423168834862,Inland,12.8,15.133318928309864,13.018853698558733,7.382018703585338,13.768414176218213,7.382018703585338,0.001924034838646153,0.0
pune,2026-09-04,0.6,0.7981942296028137,18.52,73.86,Normal,0.014522423168834862,Inland,0.6,0.14588215947151184,0.26100295901298487,0.9942826683630914,0.03818508904872328,0.9942826683630914,0.0004585766177361948,0.0
raipur,2026-09-04,33.2,19.292327880859375,21.25,81.63,Normal,0.014522423168834862,Inland,33.2,47.25458801343481,39.58016557107538,16.29056602351965,29.520519847060847,16.29056602351965,0.06345568290285518,0.0
ranchi,2026-09-04,0.4,0.0529266856610775,23.34,85.31,Normal,0.014522423168834862,Inland,0.4,0.08461380749940875,0.14591092050075544,1.5070599796059048,0.372958501854571,1.5070599796059048,0.0002535074239529962,0.0
shillong,2026-09-04,15.3,4.059505462646484,25.58,91.89,Normal,0.014522423168834862,Hill / Himalayan orographic,15.3,18.580111846923828,19.968344826489588,2.738326200694232,1.292149761432397,2.738326200694232,0.00244175218776242,0.0
shimla,2026-09-04,2.5,0.0,31.1,77.17,Normal,0.014522423168834862,Hill / Himalayan orographic,2.5,1.8227488716443383,0.5834065723419188,1.584390388348748,0.3551766347452211,1.584390388348748,0.0002720408881112362,0.0
srinagar,2026-09-04,1.5,1.4874752759933472,34.08,74.8,Normal,0.014522423168834862,Hill / Himalayan orographic,1.5,0.9489484429359437,0.20792370977310032,0.42222991060219106,0.0,0.42222991060219106,0.0002586061248682604,0.0
surat,2026-09-04,0.7000000000000001,0.0,21.17,72.83,Normal,0.014522423168834862,West-coast orographic,0.7000000000000001,0.24373543262481695,0.6634572446346284,0.3208588657716914,0.0,0.3208588657716914,0.002649280001404705,0.0
thiruvananthapuram,2026-09-04,0.0,0.0,8.52,76.94,Normal,0.014522423168834862,West-coast orographic,0.0,0.0,0.0,0.48983000547668476,0.0,0.48983000547668476,0.0022191476804715804,0.0
varanasi,2026-09-04,7.5,9.614413261413574,25.32,82.97,Normal,0.014522423168834862,Inland,7.5,7.184541511535647,6.444105454500136,2.786539532484048,2.245646056979004,2.786539532484048,0.0026374397613046245,0.0
vijayawada,2026-09-04,0.2,0.0,16.51,80.65,Normal,0.014522423168834862,Inland,0.2,0.0,0.0,0.9278303868118347,0.003038801131598891,0.9278303868118347,0.00039460594720045795,0.0
visakhapatnam,2026-09-04,0.0,0.06204475462436676,17.69,83.22,Normal,0.014522423168834862,East coast,0.0,0.0,0.0,0.10412288721871288,0.0,0.10412288721871288,0.00047074352001318136,0.0
agartala,2026-09-05,8.4,11.566143989562988,23.83,91.29,Normal,0.14228786869167323,Inland,8.4,7.969175314903259,7.056958709021506,5.191517098452406,7.449537327144853,5.191517098452406,0.0009074628652098076,0.0
ahmedabad,2026-09-05,0.0,0.0,23.02,72.57,Normal,0.14228786869167323,Inland,0.0,0.0,0.0,0.02026383872185599,0.0,0.02026383872185599,0.0004406989743207354,0.0
amritsar,2026-09-05,4.3,5.6830878257751465,31.63,74.87,Normal,0.14228786869167323,Inland,4.3,3.6590314388275136,3.4452844734384547,2.826287946865663,2.324190677825532,2.826287946865663,0.000759019548453635,0.0
bengaluru,2026-09-05,0.2,8.548032760620117,12.97,77.59,Normal,0.14228786869167323,Inland,0.2,0.0,0.0,0.7360715760534888,0.0,0.7360715760534888,0.00040854920970157275,0.0
bhopal,2026-09-05,27.9,26.3914794921875,23.26,77.41,Normal,0.14228786869167323,Inland,27.9,38.42754181790943,34.499890968467646,19.24614780298303,33.3014457555385,19.24614780298303,0.06908224337850481,0.0
bhubaneswar,2026-09-05,0.2,0.0,20.3,85.82,Normal,0.14228786869167323,East coast,0.2,0.0,0.044418284110724945,0.3124886500711475,0.0,0.3124886500711475,0.00031652465690849184,0.0
chandigarh,2026-09-05,11.6,35.95228576660156,30.73,76.78,Normal,0.14228786869167323,Inland,11.6,13.086313371658324,11.829571124819887,5.629262017262378,8.650337555357341,5.629262017262378,0.006279829880945682,0.0
chennai,2026-09-05,0.0,0.2631383240222931,13.08,80.27,Normal,0.14228786869167323,East coast,0.0,0.0,0.0,0.18561503952834527,0.0,0.18561503952834527,0.0005736174187074307,0.0
dehradun,2026-09-05,11.6,4.15025520324707,30.32,78.03,Normal,0.14228786869167323,Hill / Himalayan orographic,11.6,13.086313371658324,10.97186577404247,6.058297644709288,4.204041618898183,6.058297644709288,0.0049210889311162255,0.0
delhi,2026-09-05,6.5,6.080350875854492,28.61,77.21,Normal,0.14228786869167323,Inland,6.5,5.856348705291757,5.3818440008163435,2.828412053077104,2.3297449288097996,2.828412053077104,0.0010623727896669872,0.0
gangtok,2026-09-05,10.8,4.640847682952881,27.33,88.61,Normal,0.14228786869167323,Hill / Himalayan orographic,10.8,11.935326671600341,8.855367752601362,6.123362458761442,4.2232971299852915,6.123362458761442,0.0005961177285446593,0.0
guwahati,2026-09-05,17.9,4.83929967880249,26.14,91.74,Normal,0.14228786869167323,Inland,17.9,22.647099240620925,19.728383377867864,1.7717825729820948,0.681281482471964,1.7717825729820948,0.0007349708123649216,0.0
hyderabad,2026-09-05,0.1,0.0,17.39,78.49,Normal,0.14228786869167323,Inland,0.1,0.0,0.0,0.823063896855888,0.0,0.823063896855888,0.0003857853543447091,0.0
jabalpur,2026-09-05,1.4,4.612009525299072,23.18,79.95,Normal,0.14228786869167323,Inland,1.4,0.8778063774108886,0.8774254941940308,1.6044889997132836,0.4734373943033237,1.6044889997132836,0.0003418982949635914,0.0
jaipur,2026-09-05,2.4,23.37516212463379,26.91,75.79,Normal,0.14228786869167323,Inland,2.4,1.7651066819826764,1.7910243688040275,1.4139807917592635,0.2833943989852098,1.4139807917592635,0.0001789017182290535,0.0
jodhpur,2026-09-05,0.0,0.0,26.24,73.02,Normal,0.14228786869167323,Inland,0.0,0.0,0.0,0.004998391545943948,0.0,0.004998391545943948,0.00014435541594199516,0.0
kochi,2026-09-05,0.5,0.0,9.93,76.27,Normal,0.14228786869167323,West-coast orographic,0.5,0.11228836327791214,0.3240606728196145,5.9790476777064585,4.240339549779559,5.9790476777064585,0.004145633999654179,0.0
kolkata,2026-09-05,8.8,0.0,22.57,88.36,Normal,0.14228786869167323,East coast,8.8,8.698265135288239,11.066133770593416,6.437303784061427,9.393923038248479,6.437303784061427,0.003462804008763224,0.0
lucknow,2026-09-05,3.0000000000000004,6.918900012969971,26.85,80.95,Normal,0.14228786869167323,Inland,3.0000000000000004,2.271730899810792,2.271317110061646,2.652257892414015,2.0710373097427484,2.652257892414015,0.00016064889187963124,0.0
madurai,2026-09-05,1.5000000000000002,0.0,9.93,78.12,Normal,0.14228786869167323,Inland,1.5000000000000002,0.9489484429359439,0.9594889256294741,1.3085969444177126,0.20693964768063683,1.3085969444177126,0.0006885984157796835,0.0
mangaluru,2026-09-05,0.0,0.0,12.91,74.86,Normal,0.14228786869167323,West-coast orographic,0.0,0.0,0.0,1.8774510177804857,0.7200759765749001,1.8774510177804857,0.0028977792709134398,0.0
mumbai,2026-09-05,6.7,2.456392526626587,19.08,72.88,Normal,0.14228786869167323,West-coast orographic,6.7,6.139780728022268,13.567643079303567,5.456839578519631,3.6639526957371418,5.456839578519631,0.003681848478271161,0.0
nagpur,2026-09-05,7.5,9.597953796386719,21.15,79.09,Normal,0.14228786869167323,Inland,7.5,7.184541511535647,6.444105454500136,2.8583300114450023,2.407976350956726,2.8583300114450023,0.0019750958305468857,0.0
panaji,2026-09-05,2.3,4.775257587432861,15.49,73.83,Normal,0.14228786869167323,West-coast orographic,2.3,1.707464492321014,4.379835805892943,4.806986794765104,3.0154546534518194,4.806986794765104,0.001192595828871155,0.0
patna,2026-09-05,7.6,0.0,25.59,85.14,Normal,0.14228786869167323,Inland,7.6,7.26467366218567,6.502579176059597,4.3900917477481665,5.632653481871677,4.3900917477481665,0.0003870732669725554,0.0
pune,2026-09-05,0.2,0.7936451435089111,18.52,73.86,Normal,0.14228786869167323,Inland,0.2,0.0,0.0,0.7918418018798012,0.0,0.7918418018798012,0.00045234782046190796,0.0
raipur,2026-09-05,0.1,0.4318348467350006,21.25,81.63,Normal,0.14228786869167323,Inland,0.1,0.0,0.0,0.4493587763277085,0.0,0.4493587763277085,0.0003304816346444477,0.0
ranchi,2026-09-05,0.8,0.0,23.34,85.31,Normal,0.14228786869167323,Inland,0.8,0.37076844871044184,0.46237456977367425,1.5070599796059048,0.372958501854571,1.5070599796059048,0.0002535074239529962,0.0
shillong,2026-09-05,9.7,5.84981107711792,25.58,91.89,Normal,0.14228786869167323,Hill / Himalayan orographic,9.7,9.58345413208008,7.162270374298094,4.881580863160823,2.9074923969912967,4.881580863160823,0.0008280400056681532,0.0
shimla,2026-09-05,5.8999999999999995,0.0,31.1,77.17,Normal,0.14228786869167323,Hill / Himalayan orographic,5.8999999999999995,5.196389961242681,2.3817524671554584,2.223500643834491,0.68896957032325,2.223500643834491,0.0006904322970717709,0.0
srinagar,2026-09-05,11.2,0.0,34.08,74.8,Normal,0.14228786869167323,Hill / Himalayan orographic,11.2,12.464222936630245,9.424699745178222,0.6577008767848853,0.0,0.6577008767848853,0.0023056087129666213,0.0
surat,2026-09-05,1.6,0.0,21.17,72.83,Normal,0.14228786869167323,West-coast orographic,1.6,1.0200905084609988,2.7633510989695793,1.062312801975833,0.0,1.062312801975833,0.0028385215897325307,0.0
thiruvananthapuram,2026-09-05,0.0,0.0,8.52,76.94,Normal,0.14228786869167323,West-coast orographic,0.0,0.0,0.0,0.48983000547668476,0.0,0.48983000547668476,0.0022191476804715804,0.0
varanasi,2026-09-05,6.300000000000001,1.2657215595245361,25.32,82.97,Normal,0.14228786869167323,Inland,6.300000000000001,5.671275806427006,5.197164564132689,2.8723828155864126,2.444722536629421,2.8723828155864126,0.0013783913558833832,0.0
vijayawada,2026-09-05,3.2,0.0,16.51,80.65,Normal,0.14228786869167323,Inland,3.2,2.5571620225906377,2.474975290298462,2.5178534792784664,1.8055810705745854,2.5178534792784664,0.0006401460294727673,0.0
visakhapatnam,2026-09-05,0.0,3.2987027168273926,17.69,83.22,Normal,0.14228786869167323,East coast,0.0,0.0,0.0,0.10412288721871288,0.0,0.10412288721871288,0.00047074352001318136,0.0
agartala,2026-09-06,14.5,11.739315032958984,23.83,91.29,Normal,-0.29887070160557544,Inland,14.5,17.611299626370695,15.2020915080315,8.136642275233312,15.62646035431447,8.136642275233312,0.002637240406098596,0.0
ahmedabad,2026-09-06,0.0,0.0,23.02,72.57,Normal,-0.29887070160557544,Inland,0.0,0.0,0.0,0.12849582726992345,0.0,0.12849582726992345,0.0003556053851002875,0.0
amritsar,2026-09-06,3.3,5.625783443450928,31.63,74.87,Normal,-0.29887070160557544,Inland,3.3,2.627680587768554,2.5044376341501873,0.5881622163096286,0.0,0.5881622163096286,0.0007735700949742567,0.0
bengaluru,2026-09-06,0.0,0.0,12.97,77.59,Normal,-0.29887070160557544,Inland,0.0,0.0,0.0,0.3657202503600723,0.0,0.3657202503600723,0.0003295547652401734,0.0
bhopal,2026-09-06,1.5,14.486809730529785,23.26,77.41,Normal,-0.29887070160557544,Inland,1.5,0.9489484429359437,0.959488925629474,1.461321608479745,0.3144577667110412,1.461321608479745,0.000254851446755503,0.0
bhubaneswar,2026-09-06,0.0,1.648492455482483,20.3,85.82,Normal,-0.29887070160557544,East coast,0.0,0.0,0.0,0.6523480460521812,0.0,0.6523480460521812,0.00030303642188756136,0.0
chandigarh,2026-09-06,1.7000000000000002,24.397220611572266,30.73,76.78,Normal,-0.29887070160557544,Inland,1.7000000000000002,1.0647205263376236,1.0846731289377758,0.8956745113493931,0.0,0.8956745113493931,0.00017932999242401554,0.0
chennai,2026-09-06,0.0,0.01406124234199524,13.08,80.27,Normal,-0.29887070160557544,East coast,0.0,0.0,0.0,0.18799065301789308,0.0,0.18799065301789308,0.0004078717096041419,0.0
dehradun,2026-09-06,11.7,31.24212646484375,30.32,78.03,Normal,-0.29887070160557544,Hill / Himalayan orographic,11.7,13.314827213287352,11.224977663825536,9.31159014255809,9.405165792061927,9.31159014255809,0.004824194636085984,0.0
delhi,2026-09-06,4.5,7.581384658813477,28.61,77.21,Normal,-0.29887070160557544,Inland,4.5,3.8385399590367837,3.6101083908659017,2.38395063085585,1.529044920100433,2.38395063085585,0.0007998914145899989,0.0
gangtok,2026-09-06,0.2,34.9663200378418,27.33,88.61,Normal,-0.29887070160557544,Hill / Himalayan orographic,0.2,0.0,0.0,4.035936570429859,2.273729031827852,4.035936570429859,0.00021314471654399348,0.0
guwahati,2026-09-06,13.2,0.030720427632331848,26.14,91.74,Normal,-0.29887070160557544,Inland,13.2,15.699179921831407,13.836201025788025,4.757876918588396,6.306670352030521,4.757876918588396,0.0005530711643963082,0.0
hyderabad,2026-09-06,0.8,0.0,17.39,78.49,Normal,-0.29887070160557544,Inland,0.8,0.37076844871044184,0.46237456977367425,1.5899090283674564,0.45877748512090044,1.5899090283674564,0.00036973082355370074,0.0
jabalpur,2026-09-06,0.0,5.602912425994873,23.18,79.95,Normal,-0.29887070160557544,Inland,0.0,0.0,0.0,0.3167570537451603,0.0,0.3167570537451603,0.0002505773150164205,0.0
jaipur,2026-09-06,0.8,44.495018005371094,26.91,75.79,Normal,-0.29887070160557544,Inland,0.8,0.37076844871044184,0.46237456977367425,0.3489513591950714,0.0,0.3489513591950714,0.00013918165683113237,0.0
jodhpur,2026-09-06,0.4,0.0,26.24,73.02,Normal,-0.29887070160557544,Inland,0.4,0.08461380749940875,0.14591092050075544,0.48401750849836317,0.0,0.48401750849836317,9.425151627409282e-05,0.0
kochi,2026-09-06,1.7000000000000002,0.0,9.93,76.27,Normal,-0.29887070160557544,West-coast orographic,1.7000000000000002,1.0647205263376236,2.851169898509983,8.236878997103096,6.990924812610077,8.236878997103096,0.002933265055601614,0.0
kolkata,2026-09-06,7.6000000000000005,0.71312415599823,22.57,88.36,Normal,-0.29887070160557544,East coast,7.6000000000000005,7.264673662185671,9.528448324117404,4.385292678804779,4.951762207982982,4.385292678804779,0.006918651373880808,0.0
lucknow,2026-09-06,0.30000000000000004,0.0,26.85,80.95,Normal,-0.29887070160557544,Inland,0.30000000000000004,0.03951228745281712,0.09679051816463512,1.0015672242835159,0.04154796953380526,1.0015672242835159,0.000797447130632378,0.0
madurai,2026-09-06,67.7,7.398043632507324,9.93,78.12,Normal,-0.29887070160557544,Inland,67.7,97.0801817819761,77.09179433464087,5.865507465444088,9.270465413830108,5.865507465444088,0.019326637633370673,1.0
mangaluru,2026-09-06,0.0,0.0,12.91,74.86,Normal,-0.29887070160557544,West-coast orographic,0.0,0.0,0.0,0.8745006111352913,0.0,0.8745006111352913,0.0019759574423151394,0.0
mumbai,2026-09-06,6.8,16.749969482421875,19.08,72.88,Normal,-0.29887070160557544,West-coast orographic,6.8,6.330676301320402,13.750065626416893,7.254978190395546,5.617988737780286,7.254978190395546,0.0023138460780100173,0.0
nagpur,2026-09-06,10.8,19.14730453491211,21.15,79.09,Normal,-0.29887070160557544,Inland,10.8,11.935326671600341,10.45898467876293,3.1260520794308575,2.7354288500650124,3.1260520794308575,0.0014648681126774696,0.0
panaji,2026-09-06,0.1,1.3635847568511963,15.49,73.83,Normal,-0.29887070160557544,West-coast orographic,0.1,0.0,0.0,1.5101558372899275,0.5049679996174653,1.5101558372899275,0.0006861676491551662,0.0
patna,2026-09-06,20.6,1.6832544803619385,25.59,85.14,Normal,-0.29887070160557544,Inland,20.6,28.15561706919066,23.67489759063721,17.59445786615166,30.977848272063632,17.59445786615166,0.010439831034067008,0.0
pune,2026-09-06,0.2,0.19449739158153534,18.52,73.86,Normal,-0.29887070160557544,Inland,0.2,0.0,0.0,0.6536505021897815,0.0,0.6536505021897815,0.0003496614450822648,0.0
raipur,2026-09-06,1.4,1.6550482511520386,21.25,81.63,Normal,-0.29887070160557544,Inland,1.4,0.8778063774108886,0.8774254941940308,1.0982087483053669,0.09726023422093867,1.0982087483053669,0.00039158425676543085,0.0
ranchi,2026-09-06,0.6000000000000001,0.0,23.34,85.31,Normal,-0.29887070160557544,Inland,0.6000000000000001,0.18623769134283066,0.3133258819580077,1.3642814655025106,0.24956261680795674,1.3642814655025106,0.000269918243617157,0.0
shillong,2026-09-06,6.2,3.0022623538970947,25.58,91.89,Normal,-0.29887070160557544,Hill / Himalayan orographic,6.2,5.578739356994629,2.648023676872254,4.910646580944203,2.931892109657391,4.910646580944203,0.0012194332905705678,0.0
shimla,2026-09-06,9.200000000000001,6.424335956573486,31.1,77.17,Normal,-0.29887070160557544,Hill / Himalayan orographic,9.200000000000001,9.264335831006369,6.210661177768887,3.045268629693409,1.3707278762197468,3.045268629693409,0.001133048630940846,0.0
srinagar,2026-09-06,4.2,0.6150340437889099,34.08,74.8,Normal,-0.29887070160557544,Hill / Himalayan orographic,4.2,3.5555023749669386,1.4397941392827258,0.007547495512622887,0.0,0.007547495512622887,0.00022482071667739997,0.0
surat,2026-09-06,0.4,0.0,21.17,72.83,Normal,-0.29887070160557544,West-coast orographic,0.4,0.08461380749940875,0.08301346927881251,1.0036399838554448,0.0,1.0036399838554448,0.0020213926176969694,0.0
thiruvananthapuram,2026-09-06,0.30000000000000004,0.0,8.52,76.94,Normal,-0.29887070160557544,West-coast orographic,0.30000000000000004,0.03951228745281712,0.0,1.1230668136301973,0.0,1.1230668136301973,0.012459640181136091,0.0
varanasi,2026-09-06,1.5,2.544677495956421,25.32,82.97,Normal,-0.29887070160557544,Inland,1.5,0.9489484429359437,0.959488925629474,0.5433249829285288,0.0,0.5433249829285288,0.0002753978775973919,0.0
vijayawada,2026-09-06,2.2,19.079368591308594,16.51,80.65,Normal,-0.29887070160557544,Inland,2.2,1.5516915321350098,1.644066893603352,3.915897786640827,4.658301033169885,3.915897786640827,0.0014408242069789971,0.0
visakhapatnam,2026-09-06,0.0,0.11011721193790436,17.69,83.22,Normal,-0.29887070160557544,East coast,0.0,0.0,0.0,0.641053842547471,0.0,0.641053842547471,0.0004123714092674444,0.0
agartala,2026-09-07,44.6,0.31215420365333557,23.83,91.29,Normal,-0.3838756481838144,Inland,44.6,65.0408718217138,52.67411342713892,27.998015136468524,42.24767017281306,27.998015136468524,0.011149675418261572,0.0
ahmedabad,2026-09-07,0.0,0.0,23.02,72.57,Normal,-0.3838756481838144,Inland,0.0,0.0,0.0,0.20452524603320207,0.0,0.20452524603320207,0.0005182198307695215,0.0
amritsar,2026-09-07,0.8,0.0,31.63,74.87,Normal,-0.3838756481838144,Inland,0.8,0.37076844871044184,0.46237456977367425,0.1659427339870934,0.0,0.1659427339870934,0.00041460727589713136,0.0
bengaluru,2026-09-07,0.0,0.0,12.97,77.59,Normal,-0.3838756481838144,Inland,0.0,0.0,0.0,0.4809378786921073,0.0,0.4809378786921073,0.0003878325359014477,0.0
bhopal,2026-09-07,6.7,2.2375056743621826,23.26,77.41,Normal,-0.3838756481838144,Inland,6.7,6.139780728022268,5.5665234375,3.6460704777682817,4.133583088400517,3.6460704777682817,0.0016496577553981979,0.0
bhubaneswar,2026-09-07,0.1,9.61803913116455,20.3,85.82,Normal,-0.3838756481838144,East coast,0.1,0.0,0.0062104324810206895,2.2291626653617516,0.8088417171152675,2.2291626653617516,0.0003198207083590141,0.0
chandigarh,2026-09-07,0.1,2.1350951194763184,30.73,76.78,Normal,-0.3838756481838144,Inland,0.1,0.0,0.0,0.8819567867029181,0.0,0.8819567867029181,0.00020063925250747022,0.0
chennai,2026-09-07,0.0,7.514907360076904,13.08,80.27,Normal,-0.3838756481838144,East coast,0.0,0.0,0.0,0.4791284576251782,0.0,0.4791284576251782,0.00048028020925681156,0.0
dehradun,2026-09-07,0.4,0.00991958286613226,30.32,78.03,Normal,-0.3838756481838144,Hill / Himalayan orographic,0.4,0.08461380749940875,0.0,1.132945494266431,0.18103352649189083,1.132945494266431,0.00029888732491286247,0.0
delhi,2026-09-07,0.0,0.8768049478530884,28.61,77.21,Normal,-0.3838756481838144,Inland,0.0,0.0,0.0,0.42730755343461224,0.0,0.42730755343461224,0.00020063925250747022,0.0
gangtok,2026-09-07,14.3,16.515077590942383,27.33,88.61,Normal,-0.3838756481838144,Hill / Himalayan orographic,14.3,17.37233256279154,17.95979708835218,6.287029752754512,4.271733407564667,6.287029752754512,0.002439338146709119,0.0
guwahati,2026-09-07,15.5,2.2371268272399902,26.14,91.74,Normal,-0.3838756481838144,Inland,15.5,18.8320228767395,16.548528996538003,1.0839436372745326,0.07729646628608092,1.0839436372745326,0.0007762261765851939,0.0
hyderabad,2026-09-07,0.2,13.77873706817627,17.39,78.49,Normal,-0.3838756481838144,Inland,0.2,0.0,0.0,1.5435140396921005,0.41512738171052666,1.5435140396921005,0.00036622256501352656,0.0
jabalpur,2026-09-07,1.9000000000000001,0.0,23.18,79.95,Normal,-0.3838756481838144,Inland,1.9000000000000001,1.235011160373688,1.2601498746871957,2.4644263830084703,1.6985600748344998,2.4644263830084703,0.00047430746906185423,0.0
jaipur,2026-09-07,1.4000000000000001,0.010025807656347752,26.91,75.79,Normal,-0.3838756481838144,Inland,1.4000000000000001,0.8778063774108888,0.877425494194031,0.7066598712581679,0.0,0.7066598712581679,0.0001716176844970046,0.0
jodhpur,2026-09-07,3.5,0.0,26.24,73.02,Normal,-0.3838756481838144,Inland,3.5,2.805732595920562,2.5633623218536385,1.9148270174299855,0.8042188959472334,1.9148270174299855,0.00011568850717715881,0.0
kochi,2026-09-07,0.30000000000000004,0.0,9.93,76.27,Normal,-0.3838756481838144,West-coast orographic,0.30000000000000004,0.03951228745281712,0.0,6.0318529832580206,4.312592386043158,6.0318529832580206,0.02298786117973607,0.0
kolkata,2026-09-07,2.4,0.0,22.57,88.36,Normal,-0.3838756481838144,East coast,2.4,1.7651066819826764,1.9413532817220114,3.0374787404534036,1.8629273957832169,3.0374787404534036,0.001686831805496247,0.0
lucknow,2026-09-07,9.4,3.8130574226379395,26.85,80.95,Normal,-0.3838756481838144,Inland,9.4,9.391983151435854,8.06347255706788,5.814847813842924,9.144479032598433,5.814847813842924,0.000618121171701656,0.0
madurai,2026-09-07,1.2000000000000002,0.0,9.93,78.12,Normal,-0.3838756481838144,Inland,1.2000000000000002,0.682926133275032,0.7727201372385026,1.0052614846954515,0.043253407227169215,1.0052614846954515,0.0006647208985749462,0.0
mangaluru,2026-09-07,0.0,0.0,12.91,74.86,Normal,-0.3838756481838144,West-coast orographic,0.0,0.0,0.0,1.140711544278195,0.0,1.140711544278195,0.0024222137555257083,0.0
mumbai,2026-09-07,5.5,9.334851264953613,19.08,72.88,Normal,-0.3838756481838144,West-coast orographic,5.5,4.823671483993531,11.393172756638023,9.395661188739838,8.407921668167926,9.395661188739838,0.019166278406686218,0.0
nagpur,2026-09-07,9.4,0.7412986159324646,21.15,79.09,Normal,-0.3838756481838144,Inland,9.4,9.391983151435854,8.06347255706788,2.895443373609441,2.4812079251547727,2.895443373609441,0.0015716839778943724,0.0
panaji,2026-09-07,0.4,0.296221524477005,15.49,73.83,Normal,-0.3838756481838144,West-coast orographic,0.4,0.08461380749940875,0.08301346927881251,2.177659968230563,0.9172161351122124,2.177659968230563,0.0009877953292372417,0.0
patna,2026-09-07,4.3,0.0,25.59,85.14,Normal,-0.3838756481838144,Inland,4.3,3.6590314388275136,3.4452844734384547,4.639998451048836,6.041096976245054,4.639998451048836,0.00015096426459232,0.0
pune,2026-09-07,0.7000000000000001,1.0853911638259888,18.52,73.86,Normal,-0.3838756481838144,Inland,0.7000000000000001,0.24373543262481695,0.4027283775806428,0.9026503741588525,0.0,0.9026503741588525,0.0004189616070125467,0.0
raipur,2026-09-07,10.9,0.24120186269283295,21.25,81.63,Normal,-0.3838756481838144,Inland,10.9,12.06858260631561,10.665484025743272,4.477040216821076,5.740066955661355,4.477040216821076,0.003175474241512196,0.0
ranchi,2026-09-07,11.2,1.2511769533157349,23.34,85.31,Normal,-0.3838756481838144,Inland,11.2,12.464222936630245,11.284982066684293,5.704251972520365,8.869436283840528,5.704251972520365,0.0021554033932657426,0.0
shillong,2026-09-07,12.5,0.8404953479766846,25.58,91.89,Normal,-0.3838756481838144,Hill / Himalayan orographic,12.5,14.708718482653316,12.94221122741699,5.798938319563392,3.6254065878300303,5.798938319563392,0.005447431894371421,0.0
shimla,2026-09-07,2.0,4.727609157562256,31.1,77.17,Normal,-0.3838756481838144,Hill / Himalayan orographic,2.0,1.3290973919810625,0.3651151553789775,1.1109888571511704,0.16874193755672917,1.1109888571511704,0.00020715846592983634,0.0
srinagar,2026-09-07,0.0,0.0,34.08,74.8,Normal,-0.3838756481838144,Hill / Himalayan orographic,0.0,0.0,0.0,0.18102839148915517,0.0,0.18102839148915517,0.0002481244464637572,0.0
surat,2026-09-07,0.4,0.11846493929624557,21.17,72.83,Normal,-0.3838756481838144,West-coast orographic,0.4,0.08461380749940875,0.08301346927881251,1.4091729197498475,0.32502814051877843,1.4091729197498475,0.003114248750627465,0.0
thiruvananthapuram,2026-09-07,0.0,0.0,8.52,76.94,Normal,-0.3838756481838144,West-coast orographic,0.0,0.0,0.0,0.6327385834914077,0.0,0.6327385834914077,0.0017565281630473537,0.0
varanasi,2026-09-07,0.7,0.0,25.32,82.97,Normal,-0.3838756481838144,Inland,0.7,0.2437354326248169,0.4027283775806427,0.30803551284636366,0.0,0.30803551284636366,0.00038539192528984665,0.0
vijayawada,2026-09-07,0.6,1.7272825241088867,16.51,80.65,Normal,-0.3838756481838144,Inland,0.6,0.14588215947151184,0.26100295901298487,2.557680505211076,1.903983804315316,2.557680505211076,0.0004910988118537272,0.0
visakhapatnam,2026-09-07,0.0,0.19576396048069,17.69,83.22,Normal,-0.3838756481838144,East coast,0.0,0.0,0.0,1.6490214045985379,0.26933467662194277,1.6490214045985379,0.00048557834190736713,0.0
agartala,2026-09-08,5.3,0.0,23.83,91.29,Normal,-0.791073856675267,Inland,5.3,4.6092774868011475,4.317414283752442,6.461678531242521,11.24799458267664,6.461678531242521,0.009880472926331308,0.0
ahmedabad,2026-09-08,0.0,0.0,23.02,72.57,Normal,-0.791073856675267,Inland,0.0,0.0,0.0,0.11493687491564149,0.0,0.11493687491564149,0.0004748139082791685,0.0
amritsar,2026-09-08,0.0,0.0,31.63,74.87,Normal,-0.791073856675267,Inland,0.0,0.0,0.0,0.027702265177419697,0.0,0.027702265177419697,0.0003176818469604609,0.0
bengaluru,2026-09-08,0.0,0.0,12.97,77.59,Normal,-0.791073856675267,Inland,0.0,0.0,0.0,0.38652963124816014,0.0,0.38652963124816014,0.00032622342379279496,0.0
bhopal,2026-09-08,3.8,0.852416455745697,23.26,77.41,Normal,-0.791073856675267,Inland,3.8,3.1240153312683105,2.8150279808044467,2.6213068604270804,2.032133652041033,2.6213068604270804,0.00043780504167998204,0.0
bhubaneswar,2026-09-08,0.0,0.0,20.3,85.82,Normal,-0.791073856675267,East coast,0.0,0.0,0.0,1.2695992896441617,0.110036688118566,1.2695992896441617,0.00027000836331772716,0.0
chandigarh,2026-09-08,0.0,0.3685079514980316,30.73,76.78,Normal,-0.791073856675267,Inland,0.0,0.0,0.0,0.27781207833234894,0.0,0.27781207833234894,0.0001833890056663712,0.0
chennai,2026-09-08,0.0,13.787450790405273,13.08,80.27,Normal,-0.791073856675267,East coast,0.0,0.0,0.0,0.3324270827861003,0.0,0.3324270827861003,0.00039220945880046135,0.0
dehradun,2026-09-08,0.6,4.423232555389404,30.32,78.03,Normal,-0.791073856675267,Hill / Himalayan orographic,0.6,0.14588215947151184,0.0,0.5204803951959754,0.0,0.5204803951959754,0.000241339679356587,0.0
delhi,2026-09-08,0.0,0.0,28.61,77.21,Normal,-0.791073856675267,Inland,0.0,0.0,0.0,0.2818269745554042,0.0,0.2818269745554042,0.0001833890056663712,0.0
gangtok,2026-09-08,15.3,0.7410343289375305,27.33,88.61,Normal,-0.791073856675267,Hill / Himalayan orographic,15.3,18.580111846923828,19.968344826489588,4.6569006582143775,2.7880738643662775,4.6569006582143775,0.0012931217575427043,0.0
guwahati,2026-09-08,5.4,10.586505889892578,26.14,91.74,Normal,-0.791073856675267,Inland,5.4,4.71647448539734,4.410369436249479,7.692022808962096,14.565972435239981,7.692022808962096,0.0028021212227419775,0.0
hyderabad,2026-09-08,2.1999999999999997,0.0,17.39,78.49,Normal,-0.791073856675267,Inland,2.1999999999999997,1.5516915321350093,1.6440668936033518,3.63418071421984,4.110828949388829,3.63418071421984,0.0010142837408600959,0.0
jabalpur,2026-09-08,6.9,1.7033116817474365,23.18,79.95,Normal,-0.791073856675267,Inland,6.9,6.521571874618537,5.693422379493714,3.0537237257237146,2.578034771442172,3.0537237257237146,0.003614387575257575,0.0
jaipur,2026-09-08,0.3,0.6023175716400146,26.91,75.79,Normal,-0.791073856675267,Inland,0.3,0.0,0.026538219675421495,0.37041566874687515,0.0,0.37041566874687515,0.0001711371333525737,0.0
jodhpur,2026-09-08,0.1,0.0,26.24,73.02,Normal,-0.791073856675267,Inland,0.1,0.0,0.0,0.3029036150835722,0.0,0.3029036150835722,0.00013951027150035258,0.0
kochi,2026-09-08,0.7000000000000001,0.0,9.93,76.27,Normal,-0.791073856675267,West-coast orographic,0.7000000000000001,0.24373543262481695,0.6634572446346284,5.061540720086875,3.1465407020905403,5.061540720086875,0.002263600067485375,0.0
kolkata,2026-09-08,1.0,0.05466032773256302,22.57,88.36,Normal,-0.791073856675267,East coast,1.0,0.5180492579936982,0.5142656666040414,1.0615452959729925,0.08122163582663211,1.0615452959729925,0.0008480116432585389,0.0
lucknow,2026-09-08,5.4,7.821637153625488,26.85,80.95,Normal,-0.791073856675267,Inland,5.4,4.71647448539734,4.410369436249479,5.133137285576131,7.3853328105920095,5.133137285576131,0.0029034236274847127,0.0
madurai,2026-09-08,0.0,0.0,9.93,78.12,Normal,-0.791073856675267,Inland,0.0,0.0,0.0,0.23578325208092824,0.0,0.23578325208092824,0.00045860466158850673,0.0
mangaluru,2026-09-08,0.0,0.642712414264679,12.91,74.86,Normal,-0.791073856675267,West-coast orographic,0.0,0.0,0.0,0.8988222735421775,0.0,0.8988222735421775,0.0015364283558908386,0.0
mumbai,2026-09-08,3.2,0.17561207711696625,19.08,72.88,Normal,-0.791073856675267,West-coast orographic,3.2,2.5571620225906377,5.911343981900555,6.031616542438858,4.312268867040388,6.031616542438858,0.002365954555349359,0.0
nagpur,2026-09-08,3.4,0.00425116578117013,21.15,79.09,Normal,-0.791073856675267,Inland,3.4,2.716706591844558,2.533899978001913,2.5594104132600335,1.9082579793798953,2.5594104132600335,0.00034854857354925427,0.0
panaji,2026-09-08,0.30000000000000004,18.15445327758789,15.49,73.83,Normal,-0.791073856675267,West-coast orographic,0.30000000000000004,0.03951228745281712,0.0,1.9613701222119246,0.7549106665027188,1.9613701222119246,0.005125646936933125,0.0
patna,2026-09-08,10.7,2.3171305656433105,25.59,85.14,Normal,-0.791073856675267,Inland,10.7,11.802070736885069,10.252485331782585,3.80249906887143,4.422928407239779,3.80249906887143,0.00039163871445107066,0.0
pune,2026-09-08,0.30000000000000004,0.0,18.52,73.86,Normal,-0.791073856675267,Inland,0.30000000000000004,0.03951228745281712,0.09679051816463512,0.894133561853973,0.0,0.894133561853973,0.0018100864283001374,0.0
raipur,2026-09-08,1.5,0.0,21.25,81.63,Normal,-0.791073856675267,Inland,1.5,0.9489484429359437,0.959488925629474,1.3730505511856703,0.25627479572351136,1.3730505511856703,0.0004032304035159816,0.0
ranchi,2026-09-08,20.6,17.052780151367188,23.34,85.31,Normal,-0.791073856675267,Inland,20.6,28.15561706919066,23.67489759063721,6.929323777308978,12.53022203336868,6.929323777308978,0.006446417590431016,0.0
shillong,2026-09-08,5.1000000000000005,1.0934584140777588,25.58,91.89,Normal,-0.791073856675267,Hill / Himalayan orographic,5.1000000000000005,4.411773093541464,1.8039520452548932,7.043224621468774,5.193488004979012,7.043224621468774,0.015486360678657989,0.0
shimla,2026-09-08,0.1,7.889294147491455,31.1,77.17,Normal,-0.791073856675267,Hill / Himalayan orographic,0.1,0.0,0.0,0.5089340328684596,0.0,0.5089340328684596,0.0001702980643233884,0.0
srinagar,2026-09-08,0.9,0.0,34.08,74.8,Normal,-0.791073856675267,Hill / Himalayan orographic,0.9,0.43724359571933746,0.006172246268006407,0.11625085161815629,0.0,0.11625085161815629,0.00017444955673744984,0.0
surat,2026-09-08,0.0,0.8031550645828247,21.17,72.83,Normal,-0.791073856675267,West-coast orographic,0.0,0.0,0.0,0.32644583685733913,0.0,0.32644583685733913,0.0016985304556784372,0.0
thiruvananthapuram,2026-09-08,0.1,0.0,8.52,76.94,Normal,-0.791073856675267,West-coast orographic,0.1,0.0,0.0,0.8475220476848666,0.0,0.8475220476848666,0.001440079211304457,0.0
varanasi,2026-09-08,9.7,5.386048316955566,25.32,82.97,Normal,-0.791073856675267,Inland,9.7,9.58345413208008,8.505303833197747,1.714860600453882,0.585981619219228,1.714860600453882,0.0012354712105139636,0.0
vijayawada,2026-09-08,6.0,0.0,16.51,80.65,Normal,-0.791073856675267,Inland,6.0,5.323839759826664,4.9193512411962645,5.595889784392733,8.537411711962928,5.595889784392733,0.002398226279526147,0.0
visakhapatnam,2026-09-08,0.0,0.3848040997982025,17.69,83.22,Normal,-0.791073856675267,East coast,0.0,0.0,0.0,1.3654299388858737,0.13214965716427685,1.3654299388858737,0.0003965364387935046,0.0
agartala,2026-09-09,0.0,13.960022926330566,23.83,91.29,Normal,-0.7904822506045349,Inland,0.0,0.0,0.0,1.6125766366711392,0.5488076550033868,1.6125766366711392,0.0002596232568834792,0.0
ahmedabad,2026-09-09,0.0,0.0,23.02,72.57,Normal,-0.7904822506045349,Inland,0.0,0.0,0.0,0.016782106885020014,0.0,0.016782106885020014,0.00025489861146984756,0.0
amritsar,2026-09-09,0.0,0.0,31.63,74.87,Normal,-0.7904822506045349,Inland,0.0,0.0,0.0,0.19561961017988055,0.0,0.19561961017988055,0.0001300228346008316,0.0
bengaluru,2026-09-09,0.0,6.019927501678467,12.97,77.59,Normal,-0.7904822506045349,Inland,0.0,0.0,0.0,0.31784924241327017,0.0,0.31784924241327017,0.0001272738264641916,0.0
bhopal,2026-09-09,3.6,0.0,23.26,77.41,Normal,-0.7904822506045349,Inland,3.6,3.0355585956573483,2.827325210571289,3.0047777008313146,2.525014996047416,3.0047777008313146,0.0003879427391891048,0.0
bhubaneswar,2026-09-09,1.2,0.0,20.3,85.82,Normal,-0.7904822506045349,East coast,1.2,0.707867658138275,0.7111438369750978,1.5586002949325606,0.28303770372636117,1.5586002949325606,0.0002094985683694923,0.0
chandigarh,2026-09-09,0.0,0.0,30.73,76.78,Normal,-0.7904822506045349,Inland,0.0,0.0,0.0,0.6213333698997499,0.0,0.6213333698997499,9.908321777199174e-05,0.0
chennai,2026-09-09,0.0,0.0,13.08,80.27,Normal,-0.7904822506045349,East coast,0.0,0.0,0.0,0.33247485080475125,0.0,0.33247485080475125,0.00019178991646461136,0.0
dehradun,2026-09-09,0.0,0.0,30.32,78.03,Normal,-0.7904822506045349,Hill / Himalayan orographic,0.0,0.0,0.0,1.5142248669528975,0.24139718889606104,1.5142248669528975,0.00017582167617136458,0.0
delhi,2026-09-09,0.0,0.0,28.61,77.21,Normal,-0.7904822506045349,Inland,0.0,0.0,0.0,0.19923820039520762,0.0,0.19923820039520762,9.908321777199174e-05,0.0
gangtok,2026-09-09,24.5,37.322147369384766,27.33,88.61,Normal,-0.7904822506045349,Hill / Himalayan orographic,24.5,34.51879038465038,39.68818322146087,10.834381556489985,15.301362402557443,10.834381556489985,0.0014922674798445155,0.0
guwahati,2026-09-09,11.0,0.5189805030822754,26.14,91.74,Normal,-0.7904822506045349,Inland,11.0,12.004459505098163,10.249475016797708,2.66291712464533,2.0138071563547237,2.66291712464533,0.00036581720444828057,0.0
hyderabad,2026-09-09,0.2,0.0,17.39,78.49,Normal,-0.7904822506045349,Inland,0.2,0.0,0.02892806015908715,0.8642136257403099,0.0,0.8642136257403099,0.00011357657957940262,0.0
jabalpur,2026-09-09,4.7,3.842559814453125,23.18,79.95,Normal,-0.7904822506045349,Inland,4.7,4.131487398147584,4.032855777643164,4.934859528504798,6.767318100453453,4.934859528504798,0.003711601794788861,0.0
jaipur,2026-09-09,0.0,0.0,26.91,75.79,Normal,-0.7904822506045349,Inland,0.0,0.0,0.0,0.08342054513717857,0.0,0.08342054513717857,7.031069947668409e-05,0.0
jodhpur,2026-09-09,0.0,0.0,26.24,73.02,Normal,-0.7904822506045349,Inland,0.0,0.0,0.0,0.006911636016623452,0.0,0.006911636016623452,8.032199874328955e-05,0.0
kochi,2026-09-09,1.7,0.9079473614692688,9.93,76.27,Normal,-0.7904822506045349,West-coast orographic,1.7,1.1731301152706146,2.9942373847961425,5.0707337707383,3.606737787226998,5.0707337707383,0.0012443249017331482,0.0
kolkata,2026-09-09,9.7,15.119041442871094,22.57,88.36,Normal,-0.7904822506045349,East coast,9.7,9.61418285369873,13.555493834791072,2.930263842528884,2.2255030596055234,2.930263842528884,0.0032880347991379546,0.0
lucknow,2026-09-09,2.3000000000000003,28.404176712036133,26.85,80.95,Normal,-0.7904822506045349,Inland,2.3000000000000003,1.7911495304107665,1.8875663932164508,3.111206905254644,2.65146251489749,3.111206905254644,0.00019819944558875055,0.0
madurai,2026-09-09,0.0,0.0,9.93,78.12,Normal,-0.7904822506045349,Inland,0.0,0.0,0.0,0.13395071132591643,0.0,0.13395071132591643,0.0004068606423352926,0.0
mangaluru,2026-09-09,0.1,8.815918922424316,12.91,74.86,Normal,-0.7904822506045349,West-coast orographic,0.1,0.0,0.0,2.7745269408348165,1.255679441710093,2.7745269408348165,0.0007707293009658274,0.0
mumbai,2026-09-09,2.4,1.2426164150238037,19.08,72.88,Normal,-0.7904822506045349,West-coast orographic,2.4,1.855579079786937,4.573155927658081,5.43996520034281,3.969876384279118,5.43996520034281,0.000709487928141211,0.0
nagpur,2026-09-09,2.0,0.07652097940444946,21.15,79.09,Normal,-0.7904822506045349,Inland,2.0,1.4434980535507198,1.66806329369545,1.7422702674621562,0.6759691390729924,1.7422702674621562,0.0001308877256418752,0.0
panaji,2026-09-09,0.0,6.168910503387451,15.49,73.83,Normal,-0.7904822506045349,West-coast orographic,0.0,0.0,0.0,0.7010859157894828,0.0,0.7010859157894828,0.0003640428296952484,0.0
patna,2026-09-09,4.9,7.812039375305176,25.59,85.14,Normal,-0.7904822506045349,Inland,4.9,4.2794973659515385,4.199434153206495,4.4082774106904665,5.401409323622353,4.4082774106904665,0.000659843588320704,0.0
pune,2026-09-09,0.6000000000000001,8.266138076782227,18.52,73.86,Normal,-0.7904822506045349,Inland,0.6000000000000001,0.2012956044077874,0.3748740166425706,1.2652268836021754,0.20603132137463864,1.2652268836021754,0.00013477878671650968,0.0
raipur,2026-09-09,4.3,0.15258102118968964,21.25,81.63,Normal,-0.7904822506045349,Inland,4.3,3.791802945137021,3.750130573470012,3.454023351952424,3.7515320264136447,3.454023351952424,0.00041784384601088823,0.0
ranchi,2026-09-09,12.6,13.110536575317383,23.34,85.31,Normal,-0.7904822506045349,Inland,12.6,14.581933016095844,12.3149210615531,3.2250930576075896,2.8491371866510127,3.2250930576075896,0.0004300243344212562,0.0
shillong,2026-09-09,6.4,4.030102252960205,25.58,91.89,Normal,-0.7904822506045349,Hill / Himalayan orographic,6.4,5.866532926559451,2.892099881172181,5.0281751793051415,2.7866440925848686,5.0281751793051415,0.0036726124546951925,0.0
shimla,2026-09-09,0.0,0.0,31.1,77.17,Normal,-0.7904822506045349,Hill / Himalayan orographic,0.0,0.0,0.0,0.3984841140138568,0.0,0.3984841140138568,9.893839812560992e-05,0.0
srinagar,2026-09-09,0.0,0.0,34.08,74.8,Normal,-0.7904822506045349,Hill / Himalayan orographic,0.0,0.0,0.0,0.20572520899995872,0.0,0.20572520899995872,0.00010025045763017556,0.0
surat,2026-09-09,0.0,0.0,21.17,72.83,Normal,-0.7904822506045349,West-coast orographic,0.0,0.0,0.0,0.06168021803479795,0.0,0.06168021803479795,0.0004747629833935238,0.0
thiruvananthapuram,2026-09-09,0.2,0.0,8.52,76.94,Normal,-0.7904822506045349,West-coast orographic,0.2,0.0,0.0,0.6798830484307923,0.0,0.6798830484307923,0.0007048512751336823,0.0
varanasi,2026-09-09,5.5,0.032558586448431015,25.32,82.97,Normal,-0.7904822506045349,Inland,5.5,4.843054270744323,4.575744760548412,4.771305418002393,6.163321967480809,4.771305418002393,0.009753596697098032,0.0
vijayawada,2026-09-09,4.9,10.526566505432129,16.51,80.65,Normal,-0.7904822506045349,Inland,4.9,4.2794973659515385,4.199434153206495,5.58489751362736,8.330081151338327,5.58489751362736,0.002582271392991757,0.0
visakhapatnam,2026-09-09,0.0,1.53921639919281,17.69,83.22,Normal,-0.7904822506045349,East coast,0.0,0.0,0.0,0.4230228170328609,0.0,0.4230228170328609,0.00023081589005303666,0.0
agartala,2026-09-10,7.7,6.097805023193359,23.83,91.29,Normal,-1.2339084290280853,Inland,7.7,7.387071563720703,6.515663261413572,4.905937557885011,6.654372472307475,4.905937557885011,0.0015113495040711942,0.0
ahmedabad,2026-09-10,1.3,0.0,23.02,72.57,Normal,-1.2339084290280853,Inland,1.3,0.810471240282059,0.9689447623188168,0.6230966083623439,0.0,0.6230966083623439,0.00031311365135569134,0.0
amritsar,2026-09-10,0.0,0.0,31.63,74.87,Normal,-1.2339084290280853,Inland,0.0,0.0,0.0,0.19822898404403713,0.0,0.19822898404403713,0.0001300228346008316,0.0
bengaluru,2026-09-10,0.0,0.0,12.97,77.59,Normal,-1.2339084290280853,Inland,0.0,0.0,0.0,0.3547782409408086,0.0,0.3547782409408086,0.00011724180350611415,0.0
bhopal,2026-09-10,1.8,0.0,23.26,77.41,Normal,-1.2339084290280853,Inland,1.8,1.240509073138237,1.3676455648506294,1.2886676785300932,0.22438680672199177,1.2886676785300932,0.00024173085546791472,0.0
bhubaneswar,2026-09-10,0.30000000000000004,9.383519172668457,20.3,85.82,Normal,-1.2339084290280853,East coast,0.30000000000000004,0.04033315103501084,0.08470359444618226,1.4455198437984282,0.2590074467488932,1.4455198437984282,0.0007401474217089599,0.0
chandigarh,2026-09-10,0.0,0.0,30.73,76.78,Normal,-1.2339084290280853,Inland,0.0,0.0,0.0,0.5610564256947665,0.0,0.5610564256947665,9.908321777199174e-05,0.0
chennai,2026-09-10,0.0,0.0,13.08,80.27,Normal,-1.2339084290280853,East coast,0.0,0.0,0.0,0.5121464114744794,0.0,0.5121464114744794,0.00017667348179642466,0.0
dehradun,2026-09-10,0.0,1.8664718866348267,30.32,78.03,Normal,-1.2339084290280853,Hill / Himalayan orographic,0.0,0.0,0.0,1.221722805286425,0.023077917595442844,1.221722805286425,0.00016556707867604518,0.0
delhi,2026-09-10,0.0,0.0,28.61,77.21,Normal,-1.2339084290280853,Inland,0.0,0.0,0.0,0.17840244579806824,0.0,0.17840244579806824,9.908321777199174e-05,0.0
gangtok,2026-09-10,13.4,5.786808967590332,27.33,88.61,Normal,-1.2339084290280853,Hill / Himalayan orographic,13.4,15.764177551269535,16.174053084682413,9.483989889943976,10.711526798462875,9.483989889943976,0.0007600658781960532,0.0
guwahati,2026-09-10,16.1,0.0,26.14,91.74,Normal,-1.2339084290280853,Inland,16.1,19.37430164527893,16.03283114499009,4.216733403650544,5.0619537186652686,4.216733403650544,0.0003185632003212739,0.0
hyderabad,2026-09-10,1.2999999999999998,0.0,17.39,78.49,Normal,-1.2339084290280853,Inland,1.2999999999999998,0.8104712402820587,0.9689447623188165,1.1267949679801834,0.12385252084878681,1.1267949679801834,0.00012841049518483693,0.0
jabalpur,2026-09-10,2.1999999999999997,2.3079473972320557,23.18,79.95,Normal,-1.2339084290280853,Inland,2.1999999999999997,1.6303930568695064,1.815689591566721,2.506865909523127,1.7166109182096294,2.506865909523127,0.002340611983200423,0.0
jaipur,2026-09-10,0.0,0.0,26.91,75.79,Normal,-1.2339084290280853,Inland,0.0,0.0,0.0,0.07014140268245546,0.0,0.07014140268245546,7.834426741840192e-05,0.0
jodhpur,2026-09-10,0.0,0.0,26.24,73.02,Normal,-1.2339084290280853,Inland,0.0,0.0,0.0,0.007178532245883576,0.0,0.007178532245883576,8.949933647852947e-05,0.0
kochi,2026-09-10,1.0,0.10044228285551071,9.93,76.27,Normal,-1.2339084290280853,West-coast orographic,1.0,0.6351022577285768,1.3581366252899167,4.265906563118884,2.636752298686855,4.265906563118884,0.0011706952275598458,0.0
kolkata,2026-09-10,6.2,33.856685638427734,22.57,88.36,Normal,-1.2339084290280853,East coast,6.2,5.620085105895999,6.19246793824274,1.8094890162162207,0.4953267115685641,1.8094890162162207,0.015282763935599509,0.0
lucknow,2026-09-10,0.0,0.0,26.85,80.95,Normal,-1.2339084290280853,Inland,0.0,0.0,0.0,0.3097139138703339,0.0,0.3097139138703339,8.716739722941882e-05,0.0
madurai,2026-09-10,0.0,0.0,9.93,78.12,Normal,-1.2339084290280853,Inland,0.0,0.0,0.0,0.1582800181210102,0.0,0.1582800181210102,0.0003747991883865249,0.0
mangaluru,2026-09-10,1.0,2.541001319885254,12.91,74.86,Normal,-1.2339084290280853,West-coast orographic,1.0,0.6351022577285768,1.3581366252899167,4.601977006978752,2.885584140877895,4.601977006978752,0.0007956657301543794,0.0
mumbai,2026-09-10,2.7,3.3762388229370117,19.08,72.88,Normal,-1.2339084290280853,West-coast orographic,2.7,2.0761314797401442,5.0991376113891596,4.374160050778923,2.6923701729180314,4.374160050778923,0.0006945625087775007,0.0
nagpur,2026-09-10,0.2,0.1225707083940506,21.15,79.09,Normal,-1.2339084290280853,Inland,0.2,0.0,0.02892806015908715,0.6845670840104126,0.0,0.6845670840104126,0.00010435860713094883,0.0
panaji,2026-09-10,0.2,0.0,15.49,73.83,Normal,-1.2339084290280853,West-coast orographic,0.2,0.0,0.0,1.6050259429435518,0.6623233809462561,1.6050259429435518,0.00035638190910356333,0.0
patna,2026-09-10,7.2,8.353129386901855,25.59,85.14,Normal,-1.2339084290280853,Inland,7.2,6.931619916915895,6.030456640070135,3.1471578369931597,2.699787668826205,3.1471578369931597,0.0006010294262952596,0.0
pune,2026-09-10,0.1,0.0,18.52,73.86,Normal,-1.2339084290280853,Inland,0.1,0.0,0.0,0.8253501437432325,0.0,0.8253501437432325,0.00012063919598230987,0.0
raipur,2026-09-10,0.30000000000000004,0.249508798122406,21.25,81.63,Normal,-1.2339084290280853,Inland,0.30000000000000004,0.04033315103501084,0.12816657423973082,0.9073375751959986,0.012367124853370303,0.9073375751959986,0.0008866985683036064,0.0
ranchi,2026-09-10,16.2,7.523141860961914,23.34,85.31,Normal,-1.2339084290280853,Inland,16.2,19.503221397399898,16.15606613480479,3.2659177806598176,2.929057050589836,3.2659177806598176,0.0006819632544133482,0.0
shillong,2026-09-10,19.2,0.0,25.58,91.89,Normal,-1.2339084290280853,Hill / Himalayan orographic,19.2,24.767197550106367,28.402060531742315,5.8262013353873225,3.504643798375747,5.8262013353873225,0.0020893172892404574,0.0
shimla,2026-09-10,0.0,0.0,31.1,77.17,Normal,-1.2339084290280853,Hill / Himalayan orographic,0.0,0.0,0.0,0.42364253848010935,0.0,0.42364253848010935,9.893839812560992e-05,0.0
srinagar,2026-09-10,0.0,0.0,34.08,74.8,Normal,-1.2339084290280853,Hill / Himalayan orographic,0.0,0.0,0.0,0.2485297595939097,0.0,0.2485297595939097,0.00010025045763017556,0.0
surat,2026-09-10,0.2,0.0,21.17,72.83,Normal,-1.2339084290280853,West-coast orographic,0.2,0.0,0.0,0.45559283193645594,0.0,0.45559283193645594,0.0004647731502026564,0.0
thiruvananthapuram,2026-09-10,0.0,0.0,8.52,76.94,Normal,-1.2339084290280853,West-coast orographic,0.0,0.0,0.0,0.3225259428005265,0.0,0.3225259428005265,0.0006631223484418484,0.0
varanasi,2026-09-10,1.6,2.4152419567108154,25.32,82.97,Normal,-1.2339084290280853,Inland,1.6,1.1149766939878463,1.1916285288333894,0.5808301591459888,0.0,0.5808301591459888,0.00014006795790950805,0.0
vijayawada,2026-09-10,0.0,0.0,16.51,80.65,Normal,-1.2339084290280853,Inland,0.0,0.0,0.0,0.5451420168312587,0.0,0.5451420168312587,0.00013134374449214203,0.0
visakhapatnam,2026-09-10,0.0,1.223524570465088,17.69,83.22,Normal,-1.2339084290280853,East coast,0.0,0.0,0.0,0.32714364469938295,0.0,0.32714364469938295,0.00021262417315529996,0.0
agartala,2026-09-11,0.7,9.180703163146973,23.83,91.29,Normal,-1.3402395205297954,Inland,0.7,0.2526319944858551,0.4318348467350006,4.729778451000617,6.0156957108214035,4.729778451000617,0.0002530125298387476,0.0
ahmedabad,2026-09-11,0.0,0.0,23.02,72.57,Normal,-1.3402395205297954,Inland,0.0,0.0,0.0,0.023187230707671543,0.0,0.023187230707671543,0.00025060429851039243,0.0
amritsar,2026-09-11,0.0,0.0,31.63,74.87,Normal,-1.3402395205297954,Inland,0.0,0.0,0.0,0.21749811771254718,0.0,0.21749811771254718,0.0001305970751649759,0.0
bengaluru,2026-09-11,0.0,0.0,12.97,77.59,Normal,-1.3402395205297954,Inland,0.0,0.0,0.0,0.38040577234514245,0.0,0.38040577234514245,0.00011724180350611415,0.0
bhopal,2026-09-11,0.8,0.4041897654533386,23.26,77.41,Normal,-1.3402395205297954,Inland,0.8,0.40280985891819004,0.5616892385482788,1.0606985872777344,0.08935385666357487,1.0606985872777344,0.00024279833016467865,0.0
bhubaneswar,2026-09-11,17.5,1.9721698760986328,20.3,85.82,Normal,-1.3402395205297954,East coast,17.5,21.67478277045729,32.692527226946694,15.236518120142339,26.845818344846123,15.236518120142339,0.024527159025392042,0.0
chandigarh,2026-09-11,0.0,0.0,30.73,76.78,Normal,-1.3402395205297954,Inland,0.0,0.0,0.0,0.5931692178510937,0.0,0.5931692178510937,9.95208283766228e-05,0.0
chennai,2026-09-11,4.1,9.805695533752441,13.08,80.27,Normal,-1.3402395205297954,East coast,4.1,3.572035822868346,3.5968753946528698,2.2410758405448252,1.2052073969248105,2.2410758405448252,0.0004575950834347825,0.0
dehradun,2026-09-11,0.9,0.6455590128898621,30.32,78.03,Normal,-1.3402395205297954,Hill / Himalayan orographic,0.9,0.5298249202966689,0.010387879770214319,2.519291573907904,0.6745158941727687,2.519291573907904,0.00019821062537214788,0.0
delhi,2026-09-11,0.0,0.0,28.61,77.21,Normal,-1.3402395205297954,Inland,0.0,0.0,0.0,0.1967054975592593,0.0,0.1967054975592593,9.95208283766228e-05,0.0
gangtok,2026-09-11,6.6,19.43700408935547,27.33,88.61,Normal,-1.3402395205297954,Hill / Himalayan orographic,6.6,6.112980747222902,3.229210882090559,9.725551135860275,11.56145549712944,9.725551135860275,0.002856392944663271,0.0
guwahati,2026-09-11,13.1,0.0,26.14,91.74,Normal,-1.3402395205297954,Inland,13.1,15.313267108372282,12.847872736200934,4.116797386911398,4.900298776591428,4.116797386911398,0.0002527872892721436,0.0
hyderabad,2026-09-11,0.1,0.0,17.39,78.49,Normal,-1.3402395205297954,Inland,0.1,0.0,0.0,0.723300180949075,0.0,0.723300180949075,0.00010384443955593979,0.0
jabalpur,2026-09-11,2.0,4.925325393676758,23.18,79.95,Normal,-1.3402395205297954,Inland,2.0,1.4434980535507198,1.66806329369545,1.9612867187201632,0.8294423852627878,1.9612867187201632,0.00027760412332390576,0.0
jaipur,2026-09-11,0.0,0.0,26.91,75.79,Normal,-1.3402395205297954,Inland,0.0,0.0,0.0,0.08178457201449488,0.0,0.08178457201449488,7.86902896534124e-05,0.0
jodhpur,2026-09-11,0.0,0.0,26.24,73.02,Normal,-1.3402395205297954,Inland,0.0,0.0,0.0,0.011207190183657473,0.0,0.011207190183657473,9.386116564973304e-05,0.0
kochi,2026-09-11,1.4,0.0,9.93,76.27,Normal,-1.3402395205297954,West-coast orographic,1.4,0.9148080837726594,2.5876821589469907,4.8886744597365706,3.428355184420725,4.8886744597365706,0.0011706952275598458,0.0
kolkata,2026-09-11,5.2,26.862060546875,22.57,88.36,Normal,-1.3402395205297954,East coast,5.2,4.547873093287151,4.933133095491279,2.613706515856865,1.7096499261908864,2.613706515856865,0.053373526979132446,0.0
lucknow,2026-09-11,0.1,7.70202112197876,26.85,80.95,Normal,-1.3402395205297954,Inland,0.1,0.0,0.0,0.4851213038467849,0.0,0.4851213038467849,8.755238506943516e-05,0.0
madurai,2026-09-11,0.0,0.5271830558776855,9.93,78.12,Normal,-1.3402395205297954,Inland,0.0,0.0,0.0,0.1755459259145856,0.0,0.1755459259145856,0.0003747991883865249,0.0
mangaluru,2026-09-11,1.7000000000000002,0.0,12.91,74.86,Normal,-1.3402395205297954,West-coast orographic,1.7000000000000002,1.1731301152706148,2.9942373847961434,7.240646879323064,5.259589819657449,7.240646879323064,0.0008307480998299106,0.0
mumbai,2026-09-11,0.0,13.202913284301758,19.08,72.88,Normal,-1.3402395205297954,West-coast orographic,0.0,0.0,0.0,0.6505166564837289,0.0,0.6505166564837289,0.00033843666553532315,0.0
nagpur,2026-09-11,0.4,0.0,21.15,79.09,Normal,-1.3402395205297954,Inland,0.4,0.08533890247344979,0.1832662367820739,1.0118395995111478,0.058039773659021694,1.0118395995111478,0.00012110338243436209,0.0
panaji,2026-09-11,0.2,0.0,15.49,73.83,Normal,-1.3402395205297954,West-coast orographic,0.2,0.0,0.0,1.6590315408927159,0.7009773680736939,1.6590315408927159,0.000372102657768399,0.0
patna,2026-09-11,2.4,12.113842010498047,25.59,85.14,Normal,-1.3402395205297954,Inland,2.4,1.855579079786937,1.95944319486618,2.62759531663403,1.9642893682812936,2.62759531663403,0.00012586888449669985,0.0
pune,2026-09-11,0.0,0.0,18.52,73.86,Normal,-1.3402395205297954,Inland,0.0,0.0,0.0,0.5107356440186229,0.0,0.5107356440186229,0.0001250235090547948,0.0
raipur,2026-09-11,58.199999999999996,7.63868522644043,21.25,81.63,Normal,-1.3402395205297954,Inland,58.199999999999996,84.32927532614379,66.55423492220773,4.987880135281898,6.952251312928709,4.987880135281898,0.004413566663923897,0.0
ranchi,2026-09-11,35.7,7.630092144012451,23.34,85.31,Normal,-1.3402395205297954,Inland,35.7,49.468528355336844,40.16403176510768,6.880668719680227,12.080041883756932,6.880668719680227,0.0016623354398341106,0.0
shillong,2026-09-11,17.7,1.649635672569275,25.58,91.89,Normal,-1.3402395205297954,Hill / Himalayan orographic,17.7,22.04085733951667,25.43504787747512,7.305166717660375,5.081293803887106,7.305166717660375,0.0012842159142401482,0.0
shimla,2026-09-11,0.0,0.0,31.1,77.17,Normal,-1.3402395205297954,Hill / Himalayan orographic,0.0,0.0,0.0,0.45160561238138264,0.0,0.45160561238138264,9.937536918384814e-05,0.0
srinagar,2026-09-11,0.7000000000000001,0.0,34.08,74.8,Normal,-1.3402395205297954,Hill / Himalayan orographic,0.7000000000000001,0.31415264606475835,0.0,0.6185061505490408,0.0,0.6185061505490408,0.00010617293064880903,0.0
surat,2026-09-11,0.1,0.0,21.17,72.83,Normal,-1.3402395205297954,West-coast orographic,0.1,0.0,0.0,0.31805583211633454,0.0,0.31805583211633454,0.0004667663136468418,0.0
thiruvananthapuram,2026-09-11,0.0,0.0,8.52,76.94,Normal,-1.3402395205297954,West-coast orographic,0.0,0.0,0.0,0.34698163848753805,0.0,0.34698163848753805,0.0006631223484418484,0.0
varanasi,2026-09-11,15.1,0.9638640880584717,25.32,82.97,Normal,-1.3402395205297954,Inland,15.1,18.092931829452514,14.904629906991223,2.9663424065306683,2.490785452755912,2.9663424065306683,0.0013650032175850793,0.0
vijayawada,2026-09-11,7.700000000000001,0.0,16.51,80.65,Normal,-1.3402395205297954,Inland,7.700000000000001,7.387071563720704,6.5156632614135725,3.5327358208932944,3.9006915870263144,3.5327358208932944,0.002170973117040273,0.0
visakhapatnam,2026-09-11,6.1,6.955589771270752,17.69,83.22,Normal,-1.3402395205297954,East coast,6.1,5.49869763851166,6.075730836713646,2.609311865727635,1.7057124683061113,2.609311865727635,0.007602490756651122,0.0
agartala,2026-09-13,4.1,1.6335874795913696,23.83,91.29,Normal,0.5616750514540039,Inland,4.1,3.572035822868346,3.497717478912647,4.582003790600123,5.698144387689748,4.582003790600123,0.00028249866076008223,0.0
ahmedabad,2026-09-13,8.5,13.190499305725098,23.02,72.57,Normal,0.5616750514540039,Inland,8.5,8.201198959350588,7.21948252916336,1.9974967705491922,0.8707984148956757,1.9974967705491922,0.001061221762596647,0.0
amritsar,2026-09-13,2.1999999999999997,0.0,31.63,74.87,Normal,0.5616750514540039,Inland,2.1999999999999997,1.6303930568695064,1.815689591566721,1.7245223904790608,0.6655153671976564,1.7245223904790608,0.0023519332740579023,0.0
bengaluru,2026-09-13,1.2,0.0,12.97,77.59,Normal,0.5616750514540039,Inland,1.2,0.707867658138275,0.8552124142646789,1.112221315300244,0.11769922120474477,1.112221315300244,0.0004148827467775735,0.0
bhopal,2026-09-13,8.6,1.4796513319015503,23.26,77.41,Normal,0.5616750514540039,Inland,8.6,8.38052798271179,7.31910680770874,4.04350306888267,4.7947968801961816,4.04350306888267,0.0008862073351304932,0.0
bhubaneswar,2026-09-13,2.2,9.403191566467285,20.3,85.82,Normal,0.5616750514540039,East coast,2.2,1.6303930568695069,1.7495709109306343,2.386792791158852,1.3865614670373054,2.386792791158852,0.00420749585695553,0.0
chandigarh,2026-09-13,1.6,1.0548095703125,30.73,76.78,Normal,0.5616750514540039,Inland,1.6,1.1149766939878463,1.1916285288333894,1.7330794810962793,0.6705556248754724,1.7330794810962793,0.00017901629460737725,0.0
chennai,2026-09-13,6.6,0.0,13.08,80.27,Normal,0.5616750514540039,East coast,6.6,6.112980747222902,6.9268395384346535,2.528653223411195,1.6202304661562241,2.528653223411195,0.006457646627151399,0.0
dehradun,2026-09-13,26.1,0.08927623927593231,30.32,78.03,Normal,0.5616750514540039,Hill / Himalayan orographic,26.1,36.318324392592615,40.13964018297445,10.209454122888319,12.82110843724225,10.209454122888319,0.0345080226948532,0.0
delhi,2026-09-13,0.30000000000000004,0.1182471513748169,28.61,77.21,Normal,0.5616750514540039,Inland,0.30000000000000004,0.04033315103501084,0.12816657423973082,0.8437547963805978,0.0,0.8437547963805978,0.0007507527669381167,0.0
gangtok,2026-09-13,13.0,38.20722579956055,27.33,88.61,Normal,0.5616750514540039,Hill / Himalayan orographic,13.0,15.162963627406532,14.856982928603442,7.211276190586576,4.933982473449811,7.211276190586576,0.0008291223895631094,0.0
guwahati,2026-09-13,15.0,3.4144692420959473,26.14,91.74,Normal,0.5616750514540039,Inland,15.0,17.97183978271484,14.827074154083602,3.372649856692038,3.493731231185943,3.372649856692038,0.0006358178275661806,0.0
hyderabad,2026-09-13,1.3,22.472219467163086,17.39,78.49,Normal,0.5616750514540039,Inland,1.3,0.810471240282059,0.9689447623188168,1.4430424861860673,0.4065383516719658,1.4430424861860673,0.00037024440420893454,0.0
jabalpur,2026-09-13,7.4,0.43464839458465576,23.18,79.95,Normal,0.5616750514540039,Inland,7.4,7.154497823715209,6.2245392886075095,5.269654741887409,7.600672585825624,5.269654741887409,0.0032098315067288145,0.0
jaipur,2026-09-13,8.3,0.03150968253612518,26.91,75.79,Normal,0.5616750514540039,Inland,8.3,7.925920093536381,7.020233972072603,3.3174329390878947,3.2329776295951476,3.3174329390878947,0.0006304029631203498,0.0
jodhpur,2026-09-13,0.1,6.857333183288574,26.24,73.02,Normal,0.5616750514540039,Inland,0.1,0.0,0.0,0.09426029732896633,0.0,0.09426029732896633,0.00010810042674305312,0.0
kochi,2026-09-13,0.0,0.0,9.93,76.27,Normal,0.5616750514540039,West-coast orographic,0.0,0.0,0.0,1.9875184785075402,0.8951494486441585,1.9875184785075402,0.004423921159247265,0.0
kolkata,2026-09-13,3.1,0.018440645188093185,22.57,88.36,Normal,0.5616750514540039,East coast,3.1,2.555993690490723,2.7107394361496016,2.354415851177946,1.337669263443495,2.354415851177946,0.001615699699016938,0.0
lucknow,2026-09-13,0.0,0.0,26.85,80.95,Normal,0.5616750514540039,Inland,0.0,0.0,0.0,0.30166639765016456,0.0,0.30166639765016456,0.00010899198007224252,0.0
madurai,2026-09-13,1.7999999999999998,27.67424964904785,9.93,78.12,Normal,0.5616750514540039,Inland,1.7999999999999998,1.2405090731382369,1.367645564850629,1.047080619376179,0.07649498956967904,1.047080619376179,0.0016221156128707437,0.0
mangaluru,2026-09-13,0.4,0.0,12.91,74.86,Normal,0.5616750514540039,West-coast orographic,0.4,0.08533890247344979,0.13528342723846432,4.5024430607918084,2.7582787036371506,4.5024430607918084,0.0026730536558318323,0.0
mumbai,2026-09-13,11.6,43.32622528076172,19.08,72.88,Normal,0.5616750514540039,West-coast orographic,11.6,12.823851203918457,19.724431777000426,16.992019919884083,20.896900450113776,16.992019919884083,0.006879689206368708,0.0
nagpur,2026-09-13,31.1,30.323631286621094,21.15,79.09,Normal,0.5616750514540039,Inland,31.1,41.48549421293953,36.74537506997885,9.909994017964104,18.39761227449806,9.909994017964104,0.02339932010855361,0.0
panaji,2026-09-13,2.2,0.0,15.49,73.83,Normal,0.5616750514540039,West-coast orographic,2.2,1.6303930568695069,3.8620181274414067,7.0211438912061865,5.0871455904896665,7.0211438912061865,0.009406135374945586,0.0
patna,2026-09-13,0.1,0.8768100738525391,25.59,85.14,Normal,0.5616750514540039,Inland,0.1,0.0,0.0,0.6217587450231888,0.0,0.6217587450231888,7.377118402689674e-05,0.0
pune,2026-09-13,8.7,0.2995738983154297,18.52,73.86,Normal,0.5616750514540039,Inland,8.7,8.559857006072994,7.422923347135133,2.7705320229135086,2.1974602753098305,2.7705320229135086,0.0015658242408655417,0.0
raipur,2026-09-13,16.6,7.8664469718933105,21.25,81.63,Normal,0.5616750514540039,Inland,16.6,20.13140887260437,16.64900609406359,12.248267613606929,22.67229529347632,12.248267613606929,0.028198456173421038,0.0
ranchi,2026-09-13,1.8,0.0,23.34,85.31,Normal,0.5616750514540039,Inland,1.8,1.240509073138237,1.3676455648506294,2.1483059387336048,1.124238794140031,2.1483059387336048,0.0001771462932719239,0.0
shillong,2026-09-13,18.6,0.18083585798740387,25.58,91.89,Normal,0.5616750514540039,Hill / Himalayan orographic,18.6,23.61745779079664,27.511405487060546,4.59297843253191,2.5937983532818456,4.59297843253191,0.0014550810618060162,0.0
shimla,2026-09-13,1.0,1.2577788829803467,31.1,77.17,Normal,0.5616750514540039,Hill / Himalayan orographic,1.0,0.6351022577285768,0.02497944210565859,1.0821059919119946,0.0,1.0821059919119946,0.00011633982216112537,0.0
srinagar,2026-09-13,4.8,0.0,34.08,74.8,Normal,0.5616750514540039,Hill / Himalayan orographic,4.8,4.205492382049561,1.836678529303538,0.4914929927002614,0.0,0.4914929927002614,0.0004227687001013389,0.0
surat,2026-09-13,20.9,126.85166931152344,21.17,72.83,Normal,0.5616750514540039,West-coast orographic,20.9,28.185860205710224,31.162254057222775,34.031477573082924,45.47294618183763,34.031477573082924,0.027446211089017535,0.0
thiruvananthapuram,2026-09-13,0.5,0.0,8.52,76.94,Normal,0.5616750514540039,West-coast orographic,0.5,0.11832021176815033,0.42865814566612204,0.979418520674581,0.0,0.979418520674581,0.003076224517391875,0.0
varanasi,2026-09-13,0.1,0.0,25.32,82.97,Normal,0.5616750514540039,Inland,0.1,0.0,0.0,0.30144738167148577,0.0,0.30144738167148577,0.00020178542985801117,0.0
vijayawada,2026-09-13,4.6,49.03411102294922,16.51,80.65,Normal,0.5616750514540039,Inland,4.6,4.046566284894943,3.950876500171979,3.5810639851401085,4.019537970978716,3.5810639851401085,0.004396576800280795,0.0
visakhapatnam,2026-09-13,2.2,9.216839790344238,17.69,83.22,Normal,0.5616750514540039,East coast,2.2,1.6303930568695069,1.7495709109306343,2.1455939901038064,1.07939551707829,2.1455939901038064,0.009780977411720864,0.0
agartala,2026-09-16,2.4,5.6551313400268555,23.83,91.29,Normal,0.22616381824255852,Inland,2.4,1.9082667052745816,2.010866975784302,4.4654230615858355,5.969700020147786,4.4654230615858355,0.0006012534022857538,0.0
ahmedabad,2026-09-16,8.700000000000001,0.7358980178833008,23.02,72.57,Normal,0.22616381824255852,Inland,8.700000000000001,8.459986991882326,7.436944975659127,1.4299910873933603,0.46443679353194717,1.4299910873933603,0.0015598937340694009,0.0
amritsar,2026-09-16,1.2999999999999998,0.0,31.63,74.87,Normal,0.22616381824255852,Inland,1.2999999999999998,0.8505528986454015,0.8933878350257872,0.806039268721651,0.0,0.806039268721651,0.001087723072740717,0.0
bengaluru,2026-09-16,4.1,20.641658782958984,12.97,77.59,Normal,0.22616381824255852,Inland,4.1,3.616650702953339,3.3767494297027594,1.7831990121213828,0.8321870484490576,1.7831990121213828,0.0002556817906239489,0.0
bhopal,2026-09-16,2.2,0.10684636980295181,23.26,77.41,Normal,0.22616381824255852,Inland,2.2,1.660663672685624,1.7986539840698237,2.0676514386848552,1.1853547201700163,2.0676514386848552,0.001208992160007142,0.0
bhubaneswar,2026-09-16,6.6,1.0828090906143188,20.3,85.82,Normal,0.22616381824255852,East coast,6.6,6.184152555465703,9.26861524581905,4.688468612967789,9.052711300070115,4.688468612967789,0.003582653513720291,0.0
chandigarh,2026-09-16,2.8,0.10625673830509186,30.73,76.78,Normal,0.22616381824255852,Inland,2.8,2.273161648511887,2.2815632438659668,3.303857414938661,3.593760077612935,3.303857414938661,0.0007552462066148035,0.0
chennai,2026-09-16,0.2,0.0,13.08,80.27,Normal,0.22616381824255852,East coast,0.2,0.0,0.08441626280546188,1.3859740833107046,0.2679165705898194,1.3859740833107046,0.0005536345102240635,0.0
dehradun,2026-09-16,4.0,2.8806095123291016,30.32,78.03,Normal,0.22616381824255852,Hill / Himalayan orographic,4.0,3.505862545967103,1.4902585570017493,4.542764006963969,2.5334744930308633,4.542764006963969,0.0010111763425737965,0.0
delhi,2026-09-16,0.2,0.0,28.61,77.21,Normal,0.22616381824255852,Inland,0.2,0.0,0.016730890125036136,0.8363076678980833,0.0,0.8363076678980833,0.0004039465664839216,0.0
gangtok,2026-09-16,9.2,5.3879313468933105,27.33,88.61,Normal,0.22616381824255852,Hill / Himalayan orographic,9.2,9.318211517333983,6.3898117656395055,6.966082406931511,4.605612071007282,6.966082406931511,0.0008346604819148531,0.0
guwahati,2026-09-16,1.4,1.0433100461959839,26.14,91.74,Normal,0.22616381824255852,Inland,1.4,0.9765564155578604,1.0395760107040406,4.335759884267082,5.698173018144642,4.335759884267082,0.0002812653202011113,0.0
hyderabad,2026-09-16,0.7000000000000001,0.0,17.39,78.49,Normal,0.22616381824255852,Inland,0.7000000000000001,0.3575930017232895,0.4755848073959352,0.5762752501772502,0.0,0.5762752501772502,0.00017490943256776451,0.0
jabalpur,2026-09-16,6.4,5.011163234710693,23.18,79.95,Normal,0.22616381824255852,Inland,6.4,5.937769010066993,5.410745603807511,4.679626569303952,6.422688461957935,4.679626569303952,0.002186646045282064,0.0
jaipur,2026-09-16,8.9,0.0,26.91,75.79,Normal,0.22616381824255852,Inland,8.9,8.766863813400269,7.593980614083707,3.273418997676573,3.4872262244113377,3.273418997676573,0.0009487779931744849,0.0
jodhpur,2026-09-16,6.9,0.0,26.24,73.02,Normal,0.22616381824255852,Inland,6.9,6.695080323219299,5.803189268112183,1.7854534236325894,0.8341038446852074,1.7854534236325894,0.0004209371360022259,0.0
kochi,2026-09-16,7.4,0.0,9.93,76.27,Normal,0.22616381824255852,West-coast orographic,7.4,7.271642723083493,15.466681434961503,8.055714639583018,7.269363182464091,8.055714639583018,0.003549009290898531,0.0
kolkata,2026-09-16,0.2,0.0,22.57,88.36,Normal,0.22616381824255852,East coast,0.2,0.0,0.08441626280546188,1.736683476417746,0.7070290724372419,1.736683476417746,0.0013280395865395646,0.0
lucknow,2026-09-16,3.2,0.0,26.85,80.95,Normal,0.22616381824255852,Inland,3.2,2.639287754297256,2.5259790763302123,3.2316007044926573,3.341812992390449,3.2316007044926573,0.00046399987434447365,0.0
madurai,2026-09-16,2.6,0.0,9.93,78.12,Normal,0.22616381824255852,Inland,2.6,2.09635451078415,2.094327007929484,1.6124932652884902,0.6793699479758325,1.6124932652884902,0.00036929094037552786,0.0
mangaluru,2026-09-16,0.0,0.0,12.91,74.86,Normal,0.22616381824255852,West-coast orographic,0.0,0.0,0.0,0.33321579440902344,0.0,0.33321579440902344,0.0018693884656793445,0.0
mumbai,2026-09-16,3.0,2.712364435195923,19.08,72.88,Normal,0.22616381824255852,West-coast orographic,3.0,2.457596901655197,5.543906650543215,2.7224685939188045,1.493789179169717,2.7224685939188045,0.001604881302431781,0.0
nagpur,2026-09-16,0.9,1.5518845319747925,21.15,79.09,Normal,0.22616381824255852,Inland,0.9,0.5928092670440676,0.6901991963386536,0.5237900447825754,0.0,0.5237900447825754,0.0002806576929811305,0.0
panaji,2026-09-16,0.4,0.15946489572525024,15.49,73.83,Normal,0.22616381824255852,West-coast orographic,0.4,0.10350158333778327,0.30359047830104846,0.6028633042706286,0.0,0.6028633042706286,0.0004921353504381939,0.0
patna,2026-09-16,0.5,24.33943748474121,25.59,85.14,Normal,0.22616381824255852,Inland,0.5,0.13398843824863435,0.20415714979171748,0.9650508666993578,0.04828434730287327,0.9650508666993578,0.0003502145343591323,0.0
pune,2026-09-16,0.0,0.0,18.52,73.86,Normal,0.22616381824255852,Inland,0.0,0.0,0.0,0.17177199028468523,0.0,0.17177199028468523,0.00019392365914654307,0.0
raipur,2026-09-16,0.0,0.0,21.25,81.63,Normal,0.22616381824255852,Inland,0.0,0.0,0.0,0.2743743983593558,0.0,0.2743743983593558,0.00027237948229399966,0.0
ranchi,2026-09-16,12.6,6.368195056915283,23.34,85.31,Normal,0.22616381824255852,Inland,12.6,14.593037887306833,12.390402863900874,4.888957756961162,6.981976712234416,4.888957756961162,0.0036350379768559857,0.0
shillong,2026-09-16,5.0,4.8180060386657715,25.58,91.89,Normal,0.22616381824255852,Hill / Himalayan orographic,5.0,4.379699492454529,1.8862950881861023,3.6464216252627923,1.8557036830140494,3.6464216252627923,0.0015723217539775458,0.0
shimla,2026-09-16,1.6,1.4797240495681763,31.1,77.17,Normal,0.22616381824255852,Hill / Himalayan orographic,1.6,1.1461696541309356,0.40730608291313297,1.0666458351315111,0.020330903550494422,1.0666458351315111,0.00043657815149150366,0.0
srinagar,2026-09-16,4.5,0.0,34.08,74.8,Normal,0.22616381824255852,Hill / Himalayan orographic,4.5,4.07792986949285,1.7378289512487557,0.12557093118878745,0.0,0.12557093118878745,0.0008793990218214484,0.0
surat,2026-09-16,10.0,6.334989547729492,21.17,72.83,Normal,0.22616381824255852,West-coast orographic,10.0,10.575892410278325,18.359418031612226,2.1403459223458454,1.3227205242141369,2.1403459223458454,0.0010027867603943288,0.0
thiruvananthapuram,2026-09-16,0.0,0.6704798936843872,8.52,76.94,Normal,0.22616381824255852,West-coast orographic,0.0,0.0,0.0,0.06679454796134011,0.0,0.06679454796134011,0.0020782025463197394,0.0
varanasi,2026-09-16,1.1,0.12377654761075974,25.32,82.97,Normal,0.22616381824255852,Inland,1.1,0.7043079030513764,0.8164165163040161,0.7887922260533271,0.0,0.7887922260533271,0.0005870897008071111,0.0
vijayawada,2026-09-16,0.4,0.2488577961921692,16.51,80.65,Normal,0.22616381824255852,Inland,0.4,0.10350158333778327,0.1735111755132675,0.6038777829807791,0.0,0.6038777829807791,0.00017490943256776451,0.0
visakhapatnam,2026-09-16,2.1,0.07881844788789749,17.69,83.22,Normal,0.22616381824255852,East coast,2.1,1.5744582015275963,1.8671523332595823,2.5486731122306265,1.7536752674224116,2.5486731122306265,0.0005479905743175627,0.0
agartala,2026-09-22,0.1,2.6266698837280273,23.83,91.29,Normal,-0.6587330858706862,Inland,0.1,0.0,0.0,4.495644191048305,6.032985934080934,4.495644191048305,0.0002025434620793138,0.0
ahmedabad,2026-09-22,0.0,0.280753493309021,23.02,72.57,Normal,-0.6587330858706862,Inland,0.0,0.0,0.0,0.00011230138965542007,0.0,0.00011230138965542007,0.000366728999268306,0.0
amritsar,2026-09-22,0.0,0.0,31.63,74.87,Normal,-0.6587330858706862,Inland,0.0,0.0,0.0,0.1758892520545804,0.0,0.1758892520545804,0.0005270875270460516,0.0
bengaluru,2026-09-22,6.0,14.048255920410156,12.97,77.59,Normal,-0.6587330858706862,Inland,6.0,5.457876537640891,5.123139190862677,3.0453891949077825,2.739626465910254,3.0453891949077825,0.000659484457618033,0.0
bhopal,2026-09-22,3.0,8.092562675476074,23.26,77.41,Normal,-0.6587330858706862,Inland,3.0,2.457596901655197,2.4501920216424113,2.1844483875197764,1.3348492595317574,2.1844483875197764,0.0004605254681158573,0.0
bhubaneswar,2026-09-22,11.0,15.584732055664062,20.3,85.82,Normal,-0.6587330858706862,East coast,11.0,11.920662368905942,18.120643292443226,8.032827884850038,17.12514858332694,8.032827884850038,0.0034464611675623395,0.0
chandigarh,2026-09-22,0.0,0.0,30.73,76.78,Normal,-0.6587330858706862,Inland,0.0,0.0,0.0,0.5418867910374704,0.0,0.5418867910374704,0.0002011241690581948,0.0
chennai,2026-09-22,36.0,3.6381514072418213,13.08,80.27,Normal,-0.6587330858706862,East coast,36.0,47.41792588826053,58.36004333233915,12.306050130345227,25.00883202528621,12.306050130345227,0.02134049484623772,0.0
dehradun,2026-09-22,0.0,0.03967833146452904,30.32,78.03,Normal,-0.6587330858706862,Hill / Himalayan orographic,0.0,0.0,0.0,1.318300197674126,0.2714329360300711,1.318300197674126,0.0002180354493473132,0.0
delhi,2026-09-22,0.0,0.0,28.61,77.21,Normal,-0.6587330858706862,Inland,0.0,0.0,0.0,0.3086325983286726,0.0,0.3086325983286726,0.0002064141042150073,0.0
gangtok,2026-09-22,1.3,5.383847236633301,27.33,88.61,Normal,-0.6587330858706862,Hill / Himalayan orographic,1.3,0.8505528986454017,0.3027023005485536,6.228272595306993,4.066238985955361,6.228272595306993,0.00016959920071558729,0.0
guwahati,2026-09-22,0.0,0.0,26.14,91.74,Normal,-0.6587330858706862,Inland,0.0,0.0,0.0,3.2772211270844016,3.500533601490093,3.2772211270844016,0.0001099443647415793,0.0
hyderabad,2026-09-22,12.9,0.0,17.39,78.49,Normal,-0.6587330858706862,Inland,12.9,15.065508518717472,12.774775553203769,1.6867516329246193,0.7313132798597177,1.6867516329246193,0.001211459469185229,0.0
jabalpur,2026-09-22,3.7,0.0,23.18,79.95,Normal,-0.6587330858706862,Inland,3.7,3.252187201976775,2.9742418835239945,3.3338791262950522,3.6988354684574545,3.3338791262950522,0.0007270492012787332,0.0
jaipur,2026-09-22,0.0,0.0,26.91,75.79,Normal,-0.6587330858706862,Inland,0.0,0.0,0.0,0.1031186811720971,0.0,0.1031186811720971,0.00018431538450599153,0.0
jodhpur,2026-09-22,0.0,0.0,26.24,73.02,Normal,-0.6587330858706862,Inland,0.0,0.0,0.0,0.0003750999037434923,0.0,0.0003750999037434923,0.0001069004869364367,0.0
kochi,2026-09-22,5.0,18.34548568725586,9.93,76.27,Normal,-0.6587330858706862,West-coast orographic,5.0,4.379699492454529,9.97884569168091,6.108896558762126,4.369541049804702,6.108896558762126,0.008381993248265268,0.0
kolkata,2026-09-22,12.6,0.3044423460960388,22.57,88.36,Normal,-0.6587330858706862,East coast,12.6,14.593037887306833,22.747446798509166,6.115455921282883,11.470235380297446,6.115455921282883,0.01961301905726501,0.0
lucknow,2026-09-22,0.0,0.0,26.85,80.95,Normal,-0.6587330858706862,Inland,0.0,0.0,0.0,0.5127922871133522,0.0,0.5127922871133522,0.00015180650339183155,0.0
madurai,2026-09-22,0.0,0.0,9.93,78.12,Normal,-0.6587330858706862,Inland,0.0,0.0,0.0,0.1897539585511097,0.0,0.1897539585511097,0.00046631465566486,0.0
mangaluru,2026-09-22,3.1,2.7490274906158447,12.91,74.86,Normal,-0.6587330858706862,West-coast orographic,3.1,2.5516599082946776,5.735684814453128,4.547242826828621,3.0043729689780574,4.547242826828621,0.004014612719026806,0.0
mumbai,2026-09-22,1.7,30.495620727539062,19.08,72.88,Normal,-0.6587330858706862,West-coast orographic,1.7,1.2076669335365293,2.945098700523374,0.7403535469886062,0.0,0.7403535469886062,0.001125938890594099,0.0
nagpur,2026-09-22,5.4,1.4865587949752808,21.15,79.09,Normal,-0.6587330858706862,Inland,5.4,4.7831370035807295,4.662018434446155,2.7086635450529775,2.2113124955955357,2.7086635450529775,0.006610899641669724,0.0
panaji,2026-09-22,1.4000000000000001,0.0,15.49,73.83,Normal,-0.6587330858706862,West-coast orographic,1.4000000000000001,0.9765564155578607,2.5239217758178714,1.1787592833986813,0.5755905053110252,1.1787592833986813,0.0007408128947335874,0.0
patna,2026-09-22,0.1,0.0,25.59,85.14,Normal,-0.6587330858706862,Inland,0.1,0.0,0.0,0.7542381101349713,0.0,0.7542381101349713,0.00012796478299100252,0.0
pune,2026-09-22,17.1,5.573447227478027,18.52,73.86,Normal,-0.6587330858706862,Inland,17.1,20.89419242477417,17.723015757411936,8.665332937024711,16.699310446521505,8.665332937024711,0.005285641564624499,0.0
raipur,2026-09-22,4.4,0.7368757724761963,21.25,81.63,Normal,-0.6587330858706862,Inland,4.4,3.9580784432093314,3.8452344107627887,3.0251559981276532,2.6942055470150406,3.0251559981276532,0.0014728173725177894,0.0
ranchi,2026-09-22,13.299999999999999,1.5303796529769897,23.34,85.31,Normal,-0.6587330858706862,Inland,13.299999999999999,15.717023356515075,13.427307222457157,4.621768598647033,6.299367150337924,4.621768598647033,0.0013856478212169174,0.0
shillong,2026-09-22,7.3,0.009353816509246826,25.58,91.89,Normal,-0.6587330858706862,Hill / Himalayan orographic,7.3,7.156330243110653,3.889468389888142,3.8785954779885845,1.9352251424532687,3.8785954779885845,0.0006034829613297923,0.0
shimla,2026-09-22,0.0,0.0,31.1,77.17,Normal,-0.6587330858706862,Hill / Himalayan orographic,0.0,0.0,0.0,0.4623753894170977,0.0,0.4623753894170977,0.0001747250409570615,0.0
srinagar,2026-09-22,0.0,0.0,34.08,74.8,Normal,-0.6587330858706862,Hill / Himalayan orographic,0.0,0.0,0.0,0.035018883731781004,0.0,0.035018883731781004,0.0001750833721249028,0.0
surat,2026-09-22,0.5,0.0,21.17,72.83,Normal,-0.6587330858706862,West-coast orographic,0.5,0.13398843824863435,0.4495521381497387,0.1390856691231316,0.0,0.1390856691231316,0.001412945520241775,0.0
thiruvananthapuram,2026-09-22,4.8,0.8124513626098633,8.52,76.94,Normal,-0.6587330858706862,West-coast orographic,4.8,4.288740394115449,9.610233052110901,4.2738553436403866,2.6473435474702365,4.2738553436403866,0.005333260816159291,0.0
varanasi,2026-09-22,0.5,0.0,25.32,82.97,Normal,-0.6587330858706862,Inland,0.5,0.13398843824863435,0.20415714979171748,0.6924921369235695,0.0,0.6924921369235695,0.0002690728094683311,0.0
vijayawada,2026-09-22,19.0,2.887570381164551,16.51,80.65,Normal,-0.6587330858706862,Inland,19.0,24.329590892791757,19.776285057533066,7.643741052489197,14.415277434148404,7.643741052489197,0.002082338421854237,0.0
visakhapatnam,2026-09-22,13.7,11.793558120727539,17.69,83.22,Normal,-0.6587330858706862,East coast,13.7,16.337156242794457,26.21971270912572,7.239630717154433,15.656690470675635,7.239630717154433,0.005638772033044361,0.0
agartala,2026-09-23,7.4,12.823485374450684,23.83,91.29,Normal,-0.45506279871127386,Inland,7.4,7.149049625396727,6.292284310874288,2.6903410841792796,2.1964742706546634,2.6903410841792796,0.000652812402937574,0.0
ahmedabad,2026-09-23,0.0,0.0,23.02,72.57,Normal,-0.45506279871127386,Inland,0.0,0.0,0.0,0.005260284145634795,0.0,0.005260284145634795,0.000705589723208178,0.0
amritsar,2026-09-23,0.0,0.0,31.63,74.87,Normal,-0.45506279871127386,Inland,0.0,0.0,0.0,0.014065721095835463,0.0,0.014065721095835463,0.000339032910846653,0.0
bengaluru,2026-09-23,0.0,0.0,12.97,77.59,Normal,-0.45506279871127386,Inland,0.0,0.0,0.0,0.21580230639919176,0.0,0.21580230639919176,0.00016999993289951818,0.0
bhopal,2026-09-23,0.4,0.4662516117095947,23.26,77.41,Normal,-0.45506279871127386,Inland,0.4,0.10112823039293282,0.14504362344741897,0.3426557200625982,0.0,0.3426557200625982,0.0004472296327744075,0.0
bhubaneswar,2026-09-23,18.3,48.131072998046875,20.3,85.82,Normal,-0.45506279871127386,East coast,18.3,23.401027069462152,36.8931077676233,6.987318271936528,15.193578259473387,6.987318271936528,0.024381834635752185,0.0
chandigarh,2026-09-23,0.0,0.0,30.73,76.78,Normal,-0.45506279871127386,Inland,0.0,0.0,0.0,0.14894403055079983,0.0,0.14894403055079983,0.0001297800067285859,0.0
chennai,2026-09-23,0.0,0.0,13.08,80.27,Normal,-0.45506279871127386,East coast,0.0,0.0,0.0,0.5692897210484201,0.0,0.5692897210484201,0.0003379699985411532,0.0
dehradun,2026-09-23,0.0,0.0,30.32,78.03,Normal,-0.45506279871127386,Hill / Himalayan orographic,0.0,0.0,0.0,0.6992019863256922,0.0,0.6992019863256922,0.00013159033968861738,0.0
delhi,2026-09-23,0.0,0.0,28.61,77.21,Normal,-0.45506279871127386,Inland,0.0,0.0,0.0,0.16875365015934105,0.0,0.16875365015934105,0.00012588591800518677,0.0
gangtok,2026-09-23,5.2,17.514638900756836,27.33,88.61,Normal,-0.45506279871127386,Hill / Himalayan orographic,5.2,4.5730009126663225,1.9367616565410912,5.989458699950294,3.7095402437976674,5.989458699950294,0.0007579114097431851,0.0
guwahati,2026-09-23,1.9,38.236087799072266,26.14,91.74,Normal,-0.45506279871127386,Inland,1.9,1.3143531310558318,1.4287261009216312,2.4579985179371833,1.7724795198243,2.4579985179371833,0.00012631535678861425,0.0
hyderabad,2026-09-23,20.0,8.850783348083496,17.39,78.49,Normal,-0.45506279871127386,Inland,20.0,26.520122829909205,21.438738475628746,5.032518468757211,7.418390575008178,5.032518468757211,0.002237304141456051,0.0
jabalpur,2026-09-23,4.8,0.0,23.18,79.95,Normal,-0.45506279871127386,Inland,4.8,4.258826425075533,4.114846372604375,3.9203701167707714,5.218379169797841,3.9203701167707714,0.0022369519084272037,0.0
jaipur,2026-09-23,0.0,0.0,26.91,75.79,Normal,-0.45506279871127386,Inland,0.0,0.0,0.0,0.01802926652380262,0.0,0.01802926652380262,0.00013303500057631608,0.0
jodhpur,2026-09-23,0.0,0.0,26.24,73.02,Normal,-0.45506279871127386,Inland,0.0,0.0,0.0,0.000613731264698445,0.0,0.000613731264698445,8.778403349476154e-05,0.0
kochi,2026-09-23,0.4,8.732856750488281,9.93,76.27,Normal,-0.45506279871127386,West-coast orographic,0.4,0.10112823039293282,0.18824832141399384,0.15055978968895328,0.0,0.15055978968895328,0.001509367288788812,0.0
kolkata,2026-09-23,5.5,0.3268974721431732,22.57,88.36,Normal,-0.45506279871127386,East coast,5.5,4.866437721252446,6.773563803794995,3.4712825183444864,4.807242892215616,3.4712825183444864,0.040826643981189736,0.0
lucknow,2026-09-23,0.1,0.0,26.85,80.95,Normal,-0.45506279871127386,Inland,0.1,0.0,0.0,0.6354143829890341,0.0,0.6354143829890341,0.0001045528952869685,0.0
madurai,2026-09-23,0.0,0.0,9.93,78.12,Normal,-0.45506279871127386,Inland,0.0,0.0,0.0,0.1074307056305227,0.0,0.1074307056305227,0.0002687822382724855,0.0
mangaluru,2026-09-23,2.1,0.07387930154800415,12.91,74.86,Normal,-0.45506279871127386,West-coast orographic,2.1,1.5401827794313436,3.515995996338981,1.762883700952288,1.0512966036038174,1.762883700952288,0.0015785257137887693,0.0
mumbai,2026-09-23,0.7000000000000001,0.0,19.08,72.88,Normal,-0.45506279871127386,West-coast orographic,0.7000000000000001,0.26185237169265785,0.7822265028953552,0.6065012254093665,0.0,0.6065012254093665,0.001392294537907198,0.0
nagpur,2026-09-23,2.2,9.605764389038086,21.15,79.09,Normal,-0.45506279871127386,Inland,2.2,1.6322945177555084,1.7425917863845821,1.8199438567875064,0.8142585641117408,1.8199438567875064,0.00045492380069642695,0.0
panaji,2026-09-23,6.3,37.158790588378906,15.49,73.83,Normal,-0.45506279871127386,West-coast orographic,6.3,5.752995710372925,12.436420917510986,4.8555738520222285,3.483825251152592,4.8555738520222285,0.0004334770362997501,0.0
patna,2026-09-23,0.0,0.0,25.59,85.14,Normal,-0.45506279871127386,Inland,0.0,0.0,0.0,0.3643646913361843,0.0,0.3643646913361843,0.00010154211813076271,0.0
pune,2026-09-23,19.7,7.438583850860596,18.52,73.86,Normal,-0.45506279871127386,Inland,19.7,25.947260824183836,20.8673190444263,5.985613058596101,10.643560290940488,5.985613058596101,0.011711687594633318,0.0
raipur,2026-09-23,16.5,2.344552755355835,21.25,81.63,Normal,-0.45506279871127386,Inland,16.5,20.280706171773783,17.376237106323238,6.889815936025255,13.293822012705316,6.889815936025255,0.008493795982566566,0.0
ranchi,2026-09-23,2.1,14.215798377990723,23.34,85.31,Normal,-0.45506279871127386,Inland,2.1,1.5401827794313436,1.6860756278038023,1.5267421186787746,0.5594333814057569,1.5267421186787746,0.00022634767974877962,0.0
shillong,2026-09-23,13.6,27.436208724975586,25.58,91.89,Normal,-0.45506279871127386,Hill / Himalayan orographic,13.6,16.311953837076814,16.632243424168344,2.7601721715028082,0.9747962091211617,2.7601721715028082,0.0005549791746122979,0.0
shimla,2026-09-23,0.0,0.0,31.1,77.17,Normal,-0.45506279871127386,Hill / Himalayan orographic,0.0,0.0,0.0,0.14261380221682543,0.0,0.14261380221682543,0.00010438588626880318,0.0
srinagar,2026-09-23,1.3,0.0,34.08,74.8,Normal,-0.45506279871127386,Hill / Himalayan orographic,1.3,0.8287836241722107,0.24464518487453435,0.18645944473999584,0.0,0.18645944473999584,0.00013537383862084192,0.0
surat,2026-09-23,0.30000000000000004,3.650704860687256,21.17,72.83,Normal,-0.45506279871127386,West-coast orographic,0.30000000000000004,0.05279541119933127,0.0,0.3459727538580301,0.0,0.3459727538580301,0.00687061149707689,0.0
thiruvananthapuram,2026-09-23,1.3,0.0,8.52,76.94,Normal,-0.45506279871127386,West-coast orographic,1.3,0.8287836241722107,1.8593190908432007,0.28482959583277095,0.0,0.28482959583277095,0.0005648246977253932,0.0
varanasi,2026-09-23,6.2,0.0,25.32,82.97,Normal,-0.45506279871127386,Inland,6.2,5.6295082473754885,5.19118050285008,2.2095425688477244,1.483741325624748,2.2095425688477244,0.0005824717603419048,0.0
vijayawada,2026-09-23,32.2,9.320562362670898,16.51,80.65,Normal,-0.45506279871127386,Inland,32.2,42.528007311719534,36.55140694086767,8.04866780764928,16.082275632574135,8.04866780764928,0.004563539689286872,0.0
visakhapatnam,2026-09-23,23.3,83.30240631103516,17.69,83.22,Normal,-0.45506279871127386,East coast,23.3,32.68719349773418,45.713918098969884,5.907379128660688,10.470979552420019,5.907379128660688,0.009604400442106285,0.0
agartala,2026-09-24,20.5,7.311337471008301,23.83,91.29,Normal,-0.5911280851293259,Inland,20.5,27.401330433616167,22.39110419429949,4.466159394972301,6.346961142244546,4.466159394972301,0.003809316997303398,0.0
ahmedabad,2026-09-24,0.0,0.0,23.02,72.57,Normal,-0.5911280851293259,Inland,0.0,0.0,0.0,0.005260284145634795,0.0,0.005260284145634795,0.0005022999650112764,0.0
amritsar,2026-09-24,0.0,0.0,31.63,74.87,Normal,-0.5911280851293259,Inland,0.0,0.0,0.0,0.045703773558511795,0.0,0.045703773558511795,0.000339032910846653,0.0
bengaluru,2026-09-24,0.0,0.0,12.97,77.59,Normal,-0.5911280851293259,Inland,0.0,0.0,0.0,0.2501800275384079,0.0,0.2501800275384079,0.00016999993289951818,0.0
bhopal,2026-09-24,4.0,3.689422607421875,23.26,77.41,Normal,-0.5911280851293259,Inland,4.0,3.432043952941894,3.247083648045862,2.096932995050214,1.2998857830784463,2.096932995050214,0.0005086398014190145,0.0
bhubaneswar,2026-09-24,33.5,45.258480072021484,20.3,85.82,Normal,-0.5911280851293259,East coast,33.5,44.40817563320728,56.447023218572305,9.332156589772728,20.803753776352014,9.332156589772728,0.03293287431453694,0.0
chandigarh,2026-09-24,0.0,0.0,30.73,76.78,Normal,-0.5911280851293259,Inland,0.0,0.0,0.0,0.23147461887456575,0.0,0.23147461887456575,0.00013546389121962826,0.0
chennai,2026-09-24,1.9000000000000001,0.0,13.08,80.27,Normal,-0.5911280851293259,East coast,1.9000000000000001,1.314353131055832,1.5709064555168144,1.9684356965937537,1.025705065774073,1.9684356965937537,0.0002277196624575525,0.0
dehradun,2026-09-24,0.0,0.0,30.32,78.03,Normal,-0.5911280851293259,Hill / Himalayan orographic,0.0,0.0,0.0,0.8674471009917063,0.0,0.8674471009917063,0.0001490888159427647,0.0
delhi,2026-09-24,0.0,0.0,28.61,77.21,Normal,-0.5911280851293259,Inland,0.0,0.0,0.0,0.16875365015934105,0.0,0.16875365015934105,0.0001313992782194204,0.0
gangtok,2026-09-24,25.5,14.764869689941406,27.33,88.61,Normal,-0.5911280851293259,Hill / Himalayan orographic,25.5,35.664395862262396,39.994585903270824,10.855628697650653,13.594248166221986,10.855628697650653,0.001914942978985059,0.0
guwahati,2026-09-24,12.9,0.7587709426879883,26.14,91.74,Normal,-0.5911280851293259,Inland,12.9,15.208136219297144,13.074880444376081,1.2086068899012177,0.17085735417326536,1.2086068899012177,0.0003788901958091059,0.0
hyderabad,2026-09-24,64.4,6.921657562255859,17.39,78.49,Normal,-0.5911280851293259,Inland,64.4,90.01442002706834,69.72848333593902,1.6413720763855588,0.6853331548120953,1.6413720763855588,0.0028199768331569172,0.0
jabalpur,2026-09-24,9.1,0.33142411708831787,23.18,79.95,Normal,-0.5911280851293259,Inland,9.1,9.071146160125734,7.963600526537214,3.552189771900092,4.439591988624321,3.552189771900092,0.0014019956707386355,0.0
jaipur,2026-09-24,0.0,0.0,26.91,75.79,Normal,-0.5911280851293259,Inland,0.0,0.0,0.0,0.01802926652380262,0.0,0.01802926652380262,0.00013886142196580659,0.0
jodhpur,2026-09-24,0.0,0.0,26.24,73.02,Normal,-0.5911280851293259,Inland,0.0,0.0,0.0,0.000613731264698445,0.0,0.000613731264698445,9.663007433152176e-05,0.0
kochi,2026-09-24,0.2,9.077841758728027,9.93,76.27,Normal,-0.5911280851293259,West-coast orographic,0.2,0.0,0.0,0.15887401599374068,0.0,0.15887401599374068,0.0019097197929357477,0.0
kolkata,2026-09-24,49.4,64.81671142578125,22.57,88.36,Normal,-0.5911280851293259,East coast,49.4,72.7676387575573,70.11171628103699,8.894028147797394,19.867977300797772,8.894028147797394,0.05909752606866073,0.0
lucknow,2026-09-24,3.0,6.298422336578369,26.85,80.95,Normal,-0.5911280851293259,Inland,3.0,2.33775509595871,2.3657621210271684,2.5654442142216447,2.016227879068404,2.5654442142216447,0.00016816197202733756,0.0
madurai,2026-09-24,0.0,0.0,9.93,78.12,Normal,-0.5911280851293259,Inland,0.0,0.0,0.0,0.1074307056305227,0.0,0.1074307056305227,0.0002687822382724855,0.0
mangaluru,2026-09-24,8.2,0.12760969996452332,12.91,74.86,Normal,-0.5911280851293259,West-coast orographic,8.2,7.814000167846677,15.647763252258299,6.5506901639866575,5.240750280930823,6.5506901639866575,0.0020215063656173473,0.0
mumbai,2026-09-24,0.39999999999999997,12.477252006530762,19.08,72.88,Normal,-0.5911280851293259,West-coast orographic,0.39999999999999997,0.07741339355707172,0.10494794696569437,0.6380813084772811,0.0,0.6380813084772811,0.0010637899604163817,0.0
nagpur,2026-09-24,18.0,0.00425116578117013,21.15,79.09,Normal,-0.5911280851293259,Inland,18.0,22.87464803073717,19.149423932713386,3.56571850066597,4.465690593087933,3.56571850066597,0.002449604181389064,0.0
panaji,2026-09-24,8.5,14.678901672363281,15.49,73.83,Normal,-0.5911280851293259,West-coast orographic,8.5,8.16409293492635,16.052532196044922,5.994083315386345,4.588818203662631,5.994083315386345,0.0004679613053489715,0.0
patna,2026-09-24,32.0,42.94392776489258,25.59,85.14,Normal,-0.5911280851293259,Inland,32.0,42.23875064687526,36.40106319769241,9.884710967462311,19.378852519111497,9.884710967462311,0.0030456709420453405,0.0
pune,2026-09-24,6.5,0.0,18.52,73.86,Normal,-0.5911280851293259,Inland,6.5,5.9999706363678005,5.4371757963429355,2.8512297648767913,2.4126370475691554,2.8512297648767913,0.0003967127170157232,0.0
raipur,2026-09-24,8.9,12.838841438293457,21.25,81.63,Normal,-0.5911280851293259,Inland,8.9,8.801524951934816,7.783311807192286,2.7438481025712367,2.2510237564110374,2.7438481025712367,0.0009477936373916238,0.0
ranchi,2026-09-24,7.0,45.683956146240234,23.34,85.31,Normal,-0.5911280851293259,Inland,7.0,6.700035140991209,5.82176559111651,2.0201031125092537,1.182952474391537,2.0201031125092537,0.0005220336548508581,0.0
shillong,2026-09-24,30.7,0.41654375195503235,25.58,91.89,Normal,-0.5911280851293259,Hill / Himalayan orographic,30.7,40.83659893035889,50.09056913089601,5.247208488886882,2.9474404430326024,5.247208488886882,0.0024213219447852073,0.0
shimla,2026-09-24,0.0,0.0,31.1,77.17,Normal,-0.5911280851293259,Hill / Himalayan orographic,0.0,0.0,0.0,0.22356616878638105,0.0,0.22356616878638105,0.00011826722636860879,0.0
srinagar,2026-09-24,5.8999999999999995,0.39124980568885803,34.08,74.8,Normal,-0.5911280851293259,Hill / Himalayan orographic,5.8999999999999995,5.278771553039549,2.6283530855178827,0.005079575848546486,0.0,0.005079575848546486,0.00035044216723545136,0.0
surat,2026-09-24,0.0,0.0,21.17,72.83,Normal,-0.5911280851293259,West-coast orographic,0.0,0.0,0.0,0.08723448139171835,0.0,0.08723448139171835,0.0013048660844502103,0.0
thiruvananthapuram,2026-09-24,1.0,4.4073028564453125,8.52,76.94,Normal,-0.5911280851293259,West-coast orographic,1.0,0.584871232509613,1.3444278240203857,0.15551851971267833,0.0,0.15551851971267833,0.0005648246977253932,0.0
varanasi,2026-09-24,2.7,4.097663879394531,25.32,82.97,Normal,-0.5911280851293259,Inland,2.7,2.0507680439949056,2.107742047309875,1.3082422134293137,0.27896272879838896,1.3082422134293137,0.0003521900265481048,0.0
vijayawada,2026-09-24,96.0,137.51397705078125,16.51,80.65,Normal,-0.5911280851293259,Inland,96.0,111.94254285255147,100.32721732675205,17.124640621453604,31.64719318070341,17.124640621453604,0.04204113079551056,1.0
visakhapatnam,2026-09-24,21.8,185.81861877441406,17.69,83.22,Normal,-0.5911280851293259,East coast,21.8,29.795441325124692,44.13552028726365,7.2285077129012985,15.82654466797935,7.2285077129012985,0.009604400442106285,0.0
agartala,2026-09-25,3.5,2.9711222648620605,23.83,91.29,Normal,0.6014936095733601,Inland,3.5,2.9306009292602533,2.6531403700510663,3.758382617220434,4.885486222590868,3.758382617220434,0.0005633920049164542,0.0
ahmedabad,2026-09-25,0.0,0.0,23.02,72.57,Normal,0.6014936095733601,Inland,0.0,0.0,0.0,0.06011898143521511,0.0,0.06011898143521511,0.0007983567504477303,0.0
amritsar,2026-09-25,0.0,11.29600715637207,31.63,74.87,Normal,0.6014936095733601,Inland,0.0,0.0,0.0,0.0,0.0,0.0,0.0003752827981327407,0.0
bengaluru,2026-09-25,1.2,0.11228836327791214,12.97,77.59,Normal,0.6014936095733601,Inland,1.2,0.7297820353507993,0.7770909100770951,0.5956104201357674,0.0,0.5956104201357674,0.00013684265037232905,0.0
bhopal,2026-09-25,4.8,9.081941604614258,23.26,77.41,Normal,0.6014936095733601,Inland,4.8,4.258826425075533,4.114846372604375,2.3202945671537805,1.641290036799454,2.3202945671537805,0.0009273057787665129,0.0
bhubaneswar,2026-09-25,40.2,38.06557846069336,20.3,85.82,Normal,0.6014936095733601,East coast,40.2,56.703899320638634,63.4704387464522,9.172731898281253,20.63803349339348,9.172731898281253,0.05390478319493257,0.0
chandigarh,2026-09-25,1.9000000000000001,0.0,30.73,76.78,Normal,0.6014936095733601,Inland,1.9000000000000001,1.314353131055832,1.4287261009216317,0.34768877585473645,0.0,0.34768877585473645,0.00020246002963212668,0.0
chennai,2026-09-25,7.3999999999999995,0.0,13.08,80.27,Normal,0.6014936095733601,East coast,7.3999999999999995,7.149049625396726,9.814725905920813,1.9625120287548972,1.020767579927543,1.9625120287548972,0.002989145984164818,0.0
dehradun,2026-09-25,3.5,14.565729141235352,30.32,78.03,Normal,0.6014936095733601,Hill / Himalayan orographic,3.5,2.9306009292602533,1.2565370621812455,1.8171213823065673,0.49443038991015187,1.8171213823065673,0.0003928245976014667,0.0
delhi,2026-09-25,0.0,0.0,28.61,77.21,Normal,0.6014936095733601,Inland,0.0,0.0,0.0,0.035260579765649315,0.0,0.035260579765649315,0.0001495421272302087,0.0
gangtok,2026-09-25,49.9,41.3140754699707,27.33,88.61,Normal,0.6014936095733601,Hill / Himalayan orographic,49.9,73.50022545397012,151.0776397705078,9.999278958384599,10.344746877725449,9.999278958384599,0.004304340233726956,0.0
guwahati,2026-09-25,7.1,0.0,26.14,91.74,Normal,0.6014936095733601,Inland,7.1,6.812288762092588,5.966718771878403,1.9540393854362805,0.9981146245062946,1.9540393854362805,0.0003309561969140857,0.0
hyderabad,2026-09-25,11.4,0.0,17.39,78.49,Normal,0.6014936095733601,Inland,11.4,12.580315373738609,11.362466373959103,4.529020781018579,6.510990164146753,4.529020781018579,0.0005741086447219497,0.0
jabalpur,2026-09-25,11.3,13.005768775939941,23.18,79.95,Normal,0.6014936095733601,Inland,11.3,12.453019695281986,11.236815980962804,6.69171254110484,12.717230883193915,6.69171254110484,0.0019133856160624795,0.0
jaipur,2026-09-25,0.0,0.0,26.91,75.79,Normal,0.6014936095733601,Inland,0.0,0.0,0.0,0.008190287775265903,0.0,0.008190287775265903,0.000183615154810147,0.0
jodhpur,2026-09-25,0.0,0.0,26.24,73.02,Normal,0.6014936095733601,Inland,0.0,0.0,0.0,0.004836817983939537,0.0,0.004836817983939537,0.00010778904729747419,0.0
kochi,2026-09-25,1.1,5.632175922393799,9.93,76.27,Normal,0.6014936095733601,West-coast orographic,1.1,0.6560915857553483,1.4626463055610657,0.25257549399710005,0.0,0.25257549399710005,0.006457321564163785,0.0
kolkata,2026-09-25,30.5,72.35855865478516,22.57,88.36,Normal,0.6014936095733601,East coast,30.5,40.627011699676515,53.290227595159834,12.883438635814901,26.6417796433867,12.883438635814901,0.2618040649869724,0.0
lucknow,2026-09-25,9.9,21.376798629760742,26.85,80.95,Normal,0.6014936095733601,Inland,9.9,10.105790993372608,8.9805687904358,4.1461602445481995,5.584961991603184,4.1461602445481995,0.0003620193412088316,0.0
madurai,2026-09-25,0.0,0.0,9.93,78.12,Normal,0.6014936095733601,Inland,0.0,0.0,0.0,0.10332147285349123,0.0,0.10332147285349123,0.0004676985108864752,0.0
mangaluru,2026-09-25,22.0,56.17428970336914,12.91,74.86,Normal,0.6014936095733601,West-coast orographic,22.0,30.20973633045669,34.69734424739689,9.129117751105941,9.470767468646685,9.129117751105941,0.012785774758807275,0.0
mumbai,2026-09-25,7.9,12.672209739685059,19.08,72.88,Normal,0.6014936095733601,West-coast orographic,7.9,7.564719123840329,15.39130899310112,5.805418267178991,4.3177637427353375,5.805418267178991,0.006564163230589641,0.0
nagpur,2026-09-25,9.1,7.256119251251221,21.15,79.09,Normal,0.6014936095733601,Inland,9.1,9.071146160125734,7.963600526537214,2.5175528116210333,1.9054155889840574,2.5175528116210333,0.0004939150693473866,0.0
panaji,2026-09-25,5.8,7.627769947052002,15.49,73.83,Normal,0.6014936095733601,West-coast orographic,5.8,5.173255812327068,11.55062460899353,6.54333532159956,5.2323506064133385,6.54333532159956,0.001232240803876308,0.0
patna,2026-09-25,15.8,48.87337112426758,25.59,85.14,Normal,0.6014936095733601,Inland,15.8,19.334364170074462,16.64290390014647,6.105607841096947,11.02916613960973,6.105607841096947,0.0029936671240388102,0.0
pune,2026-09-25,1.2,0.0,18.52,73.86,Normal,0.6014936095733601,Inland,1.2,0.7297820353507993,0.7770909100770951,0.5473376580765285,0.0,0.5473376580765285,0.0002763284805605024,0.0
raipur,2026-09-25,53.900000000000006,40.01985168457031,21.25,81.63,Normal,0.6014936095733601,Inland,53.900000000000006,79.36091902527275,59.56118248456127,8.524740153568692,17.184584253750653,8.524740153568692,0.008636540427782316,0.0
ranchi,2026-09-25,11.9,38.24895477294922,23.34,85.31,Normal,0.6014936095733601,Inland,11.9,13.602944679260258,11.932752155122301,5.417174970436411,8.252810889466687,5.417174970436411,0.0014753006556172915,0.0
shillong,2026-09-25,4.1,2.251842975616455,25.58,91.89,Normal,0.6014936095733601,Hill / Himalayan orographic,4.1,3.5592344784736625,1.4532986585686845,3.1463612925456497,1.3968092745883083,3.1463612925456497,0.0004871297981423592,0.0
shimla,2026-09-25,0.0,0.0,31.1,77.17,Normal,0.6014936095733601,Hill / Himalayan orographic,0.0,0.0,0.0,0.027605787207773822,0.0,0.027605787207773822,0.00015498115228615737,0.0
srinagar,2026-09-25,2.4,0.0,34.08,74.8,Normal,0.6014936095733601,Hill / Himalayan orographic,2.4,1.8357306146621704,0.6344888982434912,0.030199513539243664,0.0,0.030199513539243664,0.0002639710721194324,0.0
surat,2026-09-25,0.1,0.0,21.17,72.83,Normal,0.6014936095733601,West-coast orographic,0.1,0.0,0.0,0.40473101232018827,0.0,0.40473101232018827,0.0030238254579682674,0.0
thiruvananthapuram,2026-09-25,1.6,1.1428382396697998,8.52,76.94,Normal,0.6014936095733601,West-coast orographic,1.6,1.0586318743228913,2.546677350997925,0.3764623889972075,0.0,0.3764623889972075,0.001959249017485686,0.0
varanasi,2026-09-25,30.900000000000002,7.233534336090088,25.32,82.97,Normal,0.6014936095733601,Inland,30.900000000000002,41.04618616104126,35.24976238407751,17.42628528663348,32.16461423358557,17.42628528663348,0.02664433931156684,0.0
vijayawada,2026-09-25,26.0,81.50569915771484,16.51,80.65,Normal,0.6014936095733601,Inland,26.0,36.201739620340284,29.86961634196931,10.469057259165584,20.311328871874665,10.469057259165584,0.0028195995966234285,0.0
visakhapatnam,2026-09-25,5.6000000000000005,17.25351905822754,17.69,83.22,Normal,0.6014936095733601,East coast,5.6000000000000005,4.962224330902106,6.857892636005603,3.1007986522747153,3.146664878455331,3.1007986522747153,0.017532528964630666,0.0
agartala,2026-09-26,0.0,1.4620622396469116,23.83,91.29,Active,1.9980887157006657,Inland,0.0,0.0,0.0,3.328991742287724,2.630814013552575,3.328991742287724,0.00025952915739774505,0.0
ahmedabad,2026-09-26,0.0,0.0,23.02,72.57,Active,1.9980887157006657,Inland,0.0,0.0,0.0,0.09154396619139468,0.0,0.09154396619139468,0.0003359596822562814,0.0
amritsar,2026-09-26,0.0,0.0,31.63,74.87,Active,1.9980887157006657,Inland,0.0,0.0,0.0,0.00603006386747719,0.0,0.00603006386747719,0.0001387631674673333,0.0
bengaluru,2026-09-26,1.4,2.8513970375061035,12.97,77.59,Active,1.9980887157006657,Inland,1.4,0.9406294298171985,0.3119474685192108,0.4835291857066173,0.0,0.4835291857066173,8.197150813656244e-05,0.0
bhopal,2026-09-26,4.4,1.0684638023376465,23.26,77.41,Active,1.9980887157006657,Inland,4.4,3.925203391710918,3.826578865051269,1.6640557815834034,0.12087209141657387,1.6640557815834034,0.0004713828815774212,0.0
bhubaneswar,2026-09-26,7.8,21.173933029174805,20.3,85.82,Active,1.9980887157006657,East coast,7.8,7.481585224151608,6.171838790223799,1.2193795594461723,0.040003081027595394,1.2193795594461723,0.010475345641013406,0.0
chandigarh,2026-09-26,0.0,0.05488765612244606,30.73,76.78,Active,1.9980887157006657,Inland,0.0,0.0,0.0,0.14371149396875635,0.0,0.14371149396875635,9.306192600740717e-05,0.0
chennai,2026-09-26,1.0,0.24175752699375153,13.08,80.27,Active,1.9980887157006657,East coast,1.0,0.584871232509613,0.07047909051179883,0.0007735582836002333,0.0,0.0007735582836002333,0.0002897636472022046,0.0
dehradun,2026-09-26,1.5,1.0618386268615723,30.32,78.03,Active,1.9980887157006657,Hill / Himalayan orographic,1.5,0.999630652070045,0.2542176321148876,1.2326526415468329,0.0418350569610814,1.2326526415468329,0.00020705474678259288,0.0
delhi,2026-09-26,0.0,0.0,28.61,77.21,Active,1.9980887157006657,Inland,0.0,0.0,0.0,0.08004067247584093,0.0,0.08004067247584093,9.097289358487894e-05,0.0
gangtok,2026-09-26,24.1,1.6475553512573242,27.33,88.61,Active,1.9980887157006657,Hill / Himalayan orographic,24.1,33.76981253938081,30.321795313926927,12.84725813023881,11.6255295582317,12.84725813023881,0.007005286486854504,0.0
guwahati,2026-09-26,3.7,1.1060500144958496,26.14,91.74,Active,1.9980887157006657,Inland,3.7,3.126204562187194,2.9071498373280407,2.867715216143777,1.9009580213424921,2.867715216143777,0.00015686119910860593,0.0
hyderabad,2026-09-26,0.0,0.0,17.39,78.49,Active,1.9980887157006657,Inland,0.0,0.0,0.0,0.023514693148402776,0.0,0.023514693148402776,0.0001527883173423088,0.0
jabalpur,2026-09-26,78.9,76.9605484008789,23.18,79.95,Active,1.9980887157006657,Inland,78.9,100.07637512104003,94.78933292150556,33.310102184323384,38.990407219598964,33.310102184323384,0.2013041783738308,1.0
jaipur,2026-09-26,0.0,0.0,26.91,75.79,Active,1.9980887157006657,Inland,0.0,0.0,0.0,0.0,0.0,0.0,9.377917002308578e-05,0.0
jodhpur,2026-09-26,0.0,0.0,26.24,73.02,Active,1.9980887157006657,Inland,0.0,0.0,0.0,0.011922801651635062,0.0,0.011922801651635062,7.893142766531643e-05,0.0
kochi,2026-09-26,1.0,0.0,9.93,76.27,Active,1.9980887157006657,West-coast orographic,1.0,0.584871232509613,0.07047909051179883,0.008261262791956724,0.0,0.008261262791956724,0.001162578548138907,0.0
kolkata,2026-09-26,18.9,13.814167976379395,22.57,88.36,Active,1.9980887157006657,East coast,18.9,24.454855462602023,19.813115866978944,11.332927634369472,9.838849344514284,11.332927634369472,0.22959653175536285,0.0
lucknow,2026-09-26,128.6,71.39987182617188,26.85,80.95,Active,1.9980887157006657,Inland,128.6,134.56459361554988,156.054491410683,41.37852892439584,63.06195285555673,41.37852892439584,0.162046098847601,1.0
madurai,2026-09-26,0.0,5.815948009490967,9.93,78.12,Active,1.9980887157006657,Inland,0.0,0.0,0.0,0.0,0.0,0.0,0.0003916250614945637,0.0
mangaluru,2026-09-26,8.8,13.920968055725098,12.91,74.86,Active,1.9980887157006657,West-coast orographic,8.8,8.666714347839358,7.345686779022216,5.20862498090271,3.7116811338662696,5.20862498090271,0.0032366261767455638,0.0
mumbai,2026-09-26,0.1,0.0,19.08,72.88,Active,1.9980887157006657,West-coast orographic,0.1,0.0,0.0,0.19084597967737,0.0,0.19084597967737,0.0009691623985029668,0.0
nagpur,2026-09-26,5.6000000000000005,6.189473628997803,21.15,79.09,Active,1.9980887157006657,Inland,5.6000000000000005,4.962224330902106,6.1286963844299365,2.5706331146788792,1.245495153606127,2.5706331146788792,0.0017097209591925642,0.0
panaji,2026-09-26,6.8,0.4373069107532501,15.49,73.83,Active,1.9980887157006657,West-coast orographic,6.8,6.433007046381632,5.212760658877353,2.4972047646926057,0.855369248191132,2.4972047646926057,0.0005205915985851821,0.0
patna,2026-09-26,9.9,10.374160766601562,25.59,85.14,Active,1.9980887157006657,Inland,9.9,10.105790993372608,8.862193001111354,4.620516163660076,3.8694965710726117,4.620516163660076,0.0007366183133317828,0.0
pune,2026-09-26,1.5,0.0,18.52,73.86,Active,1.9980887157006657,Inland,1.5,0.999630652070045,0.4257401042796198,0.8686998654703979,0.0003469473378118254,0.8686998654703979,0.00015427883181300288,0.0
raipur,2026-09-26,91.7,61.42656707763672,21.25,81.63,Active,1.9980887157006657,Inland,91.7,108.95865272123574,97.16600176354606,30.246023647619804,36.789610352620976,30.246023647619804,0.22366653052338215,1.0
ranchi,2026-09-26,19.900000000000002,31.544069290161133,23.34,85.31,Active,1.9980887157006657,Inland,19.900000000000002,26.329168828000753,30.411376823050077,20.051806308998504,25.86388759859727,20.051806308998504,0.03688686468201055,0.0
shillong,2026-09-26,19.7,2.123757839202881,25.58,91.89,Active,1.9980887157006657,Hill / Himalayan orographic,19.7,25.947260824183836,22.04786795044741,8.706501936404354,8.079145680870072,8.706501936404354,0.008321996994193453,0.0
shimla,2026-09-26,0.0,0.0,31.1,77.17,Active,1.9980887157006657,Hill / Himalayan orographic,0.0,0.0,0.0,0.167456896271982,0.0,0.167456896271982,9.158129593618958e-05,0.0
srinagar,2026-09-26,0.0,0.0,34.08,74.8,Active,1.9980887157006657,Hill / Himalayan orographic,0.0,0.0,0.0,0.01240417803419949,0.0,0.01240417803419949,9.316149448404477e-05,0.0
surat,2026-09-26,0.9,0.0,21.17,72.83,Active,1.9980887157006657,West-coast orographic,0.9,0.4912691420316696,0.05033897053450336,0.6854674772540912,0.0,0.6854674772540912,0.001444143983603708,0.0
thiruvananthapuram,2026-09-26,1.2,0.5231020450592041,8.52,76.94,Active,1.9980887157006657,West-coast orographic,1.2,0.7297820353507993,0.09888826847076415,0.007293575189017508,0.0,0.007293575189017508,0.0007126940197643226,0.0
varanasi,2026-09-26,6.2,15.835923194885254,25.32,82.97,Active,1.9980887157006657,Inland,6.2,5.6295082473754885,7.153956979484373,4.335807772074098,3.8128181281665094,4.335807772074098,0.001669027946655176,0.0
vijayawada,2026-09-26,0.0,0.0,16.51,80.65,Active,1.9980887157006657,Inland,0.0,0.0,0.0,0.0,0.0,0.0,0.0001527883173423088,0.0
visakhapatnam,2026-09-26,0.5,2.360948085784912,17.69,83.22,Active,1.9980887157006657,East coast,0.5,0.12760862886905666,0.0,0.0,0.0,0.0,0.0002987987516687964,0.0
